Season,LocationID,EventID,ChannelType,TransectNumber,SampleLocation,ChannelUnit,PoolForm,Width_m,Depth_cm,Velocity_ms,DomSubstrate,DomSubstrateMidpoint,Embeddedness,EmbeddednessMidpoint,CanopyCover,CanopyCoverMidpoint,Comment,DETimeStamp
2006,BUFFRMFISHBM01,BUFFRMFISH2006MAY23,main,1,L,RI,N/A,16,20,0.100000001,17,109,2,25,0,0,,12/3/2018
2006,BUFFRMFISHBM01,BUFFRMFISH2006MAY23,main,1,M,RI,N/A,16,23,0.170000002,16,77,3,57.5,0,0,,12/3/2018
2006,BUFFRMFISHBM01,BUFFRMFISH2006MAY23,main,1,R,RI,N/A,16,22,0.189999998,14,38.5,2,25,0,0,,12/3/2018
2006,BUFFRMFISHBM01,BUFFRMFISH2006MAY23,main,2,L,GL,N/A,13.5,42,0.170000002,13,27.3,3,57.5,2,25,,12/3/2018
2006,BUFFRMFISHBM01,BUFFRMFISH2006MAY23,main,2,M,GL,N/A,13.5,30,0.25,15,54.5,3,57.5,0,0,,12/3/2018
2006,BUFFRMFISHBM01,BUFFRMFISH2006MAY23,main,2,R,GL,N/A,13.5,16,0.059999999,15,54.5,3,57.5,0,0,,12/3/2018
2006,BUFFRMFISHBM01,BUFFRMFISH2006MAY23,main,3,L,GL,N/A,15.7,33,0.209999993,13,27.3,3,57.5,0,0,,12/3/2018
2006,BUFFRMFISHBM01,BUFFRMFISH2006MAY23,main,3,M,GL,N/A,15.7,29,0.319999993,13,27.3,3,57.5,0,0,,12/3/2018
2006,BUFFRMFISHBM01,BUFFRMFISH2006MAY23,main,3,R,GL,N/A,15.7,15,0.119999997,13,27.3,3,57.5,0,0,,12/3/2018
2006,BUFFRMFISHBM01,BUFFRMFISH2006MAY23,main,4,L,RI,N/A,15.5,22,0.449999988,12,19.3,3,57.5,0,0,,12/3/2018
2006,BUFFRMFISHBM01,BUFFRMFISH2006MAY23,main,4,M,RI,N/A,15.5,25,0.360000014,14,38.5,2,25,0,0,,12/3/2018
2006,BUFFRMFISHBM01,BUFFRMFISH2006MAY23,main,4,R,RI,N/A,15.5,6,0.050000001,14,38.5,2,25,0,0,,12/3/2018
2006,BUFFRMFISHBM01,BUFFRMFISH2006MAY23,main,5,L,GL,N/A,20,42,0.050000001,12,19.3,3,57.5,0,0,,12/3/2018
2006,BUFFRMFISHBM01,BUFFRMFISH2006MAY23,main,5,M,GL,N/A,20,38,0.140000001,13,27.3,2,25,0,0,,12/3/2018
2006,BUFFRMFISHBM01,BUFFRMFISH2006MAY23,main,5,R,GL,N/A,20,40,0.07,13,27.3,2,25,0,0,,12/3/2018
2006,BUFFRMFISHBM01,BUFFRMFISH2006MAY23,main,6,L,GL,N/A,33,32,0.050000001,12,19.3,3,57.5,0,0,,12/3/2018
2006,BUFFRMFISHBM01,BUFFRMFISH2006MAY23,main,6,M,GL,N/A,33,54,0.050000001,17,109,2,25,0,0,,12/3/2018
2006,BUFFRMFISHBM01,BUFFRMFISH2006MAY23,main,6,R,GL,N/A,33,67,0.039999999,17,109,3,57.5,0,0,,12/3/2018
2006,BUFFRMFISHBM01,BUFFRMFISH2006MAY23,main,7,L,PGX,M,31,60,0.01,10,9.65,4,87.5,0,0,,12/3/2018
2006,BUFFRMFISHBM01,BUFFRMFISH2006MAY23,main,7,M,PGX,M,31,92,0.039999999,15,54.5,3,57.5,0,0,,12/3/2018
2006,BUFFRMFISHBM01,BUFFRMFISH2006MAY23,main,7,R,PGX,M,31,78,0.02,18,154,1,5,2,25,,12/3/2018
2006,BUFFRMFISHBM01,BUFFRMFISH2006MAY23,main,8,L,PO,M,28,120,0,8,4.85,4,87.5,0,0,,12/3/2018
2006,BUFFRMFISHBM01,BUFFRMFISH2006MAY23,main,8,M,PO,M,28,107,0.029999999,14,38.5,2,25,0,0,,12/3/2018
2006,BUFFRMFISHBM01,BUFFRMFISH2006MAY23,main,8,R,PO,M,28,150,0,15,54.5,2,25,1,5,,12/3/2018
2006,BUFFRMFISHBM01,BUFFRMFISH2006MAY23,main,9,L,PO,M,30,96,0.01,6,1.5,4,87.5,0,0,,12/3/2018
2006,BUFFRMFISHBM01,BUFFRMFISH2006MAY23,main,9,M,PO,M,30,120,0.02,13,27.3,2,25,0,0,,12/3/2018
2006,BUFFRMFISHBM01,BUFFRMFISH2006MAY23,main,9,R,PO,M,30,150,0.029999999,14,38.5,2,25,0,0,,12/3/2018
2006,BUFFRMFISHBM01,BUFFRMFISH2006MAY23,main,10,L,PO,M,30,75,0.029999999,6,1.5,4,87.5,1,5,,12/3/2018
2006,BUFFRMFISHBM01,BUFFRMFISH2006MAY23,main,10,M,PO,M,30,76,0.02,12,19.3,3,57.5,0,0,,12/3/2018
2006,BUFFRMFISHBM01,BUFFRMFISH2006MAY23,main,10,R,PO,M,30,122,0.029999999,9,6.85,3,57.5,2,25,,12/3/2018
2006,BUFFRMFISHBM01,BUFFRMFISH2006MAY23,main,11,L,PO,M,33,40,0.050000001,5,0.75,4,87.5,0,0,,12/3/2018
2006,BUFFRMFISHBM01,BUFFRMFISH2006MAY23,main,11,M,PO,M,33,40,0.02,13,27.3,3,57.5,0,0,,12/3/2018
2006,BUFFRMFISHBM01,BUFFRMFISH2006MAY23,main,11,R,PO,M,33,85,0.029999999,15,54.5,2,25,2,25,,12/3/2018
2006,BUFFRMFISHBM02,BUFFRMFISH2006MAY30,main,1,L,GL,N/A,40,35,0.360000014,12,19.3,3,57.5,1,5,,12/3/2018
2006,BUFFRMFISHBM02,BUFFRMFISH2006MAY30,main,1,M,GL,N/A,40,18,0.050000001,12,19.3,3,57.5,0,0,,12/3/2018
2006,BUFFRMFISHBM02,BUFFRMFISH2006MAY30,main,1,R,GL,N/A,40,16,0.01,16,77,2,25,1,5,,12/3/2018
2006,BUFFRMFISHBM02,BUFFRMFISH2006MAY30,main,2,L,PGX,M,38,27,0,12,19.3,3,57.5,0,0,,12/3/2018
2006,BUFFRMFISHBM02,BUFFRMFISH2006MAY30,main,2,M,PGX,M,38,29,0.039999999,14,38.5,3,57.5,0,0,,12/3/2018
2006,BUFFRMFISHBM02,BUFFRMFISH2006MAY30,main,2,R,PGX,M,38,61,0.109999999,16,77,2,25,0,0,,12/3/2018
2006,BUFFRMFISHBM02,BUFFRMFISH2006MAY30,main,3,L,GL,N/A,33,50,0.050000001,11,13.65,3,57.5,0,0,,12/3/2018
2006,BUFFRMFISHBM02,BUFFRMFISH2006MAY30,main,3,M,GL,N/A,33,43,0.079999998,12,19.3,3,57.5,0,0,,12/3/2018
2006,BUFFRMFISHBM02,BUFFRMFISH2006MAY30,main,3,R,GL,N/A,33,36,0.050000001,15,54.5,2,25,1,5,,12/3/2018
2006,BUFFRMFISHBM02,BUFFRMFISH2006MAY30,main,4,L,PO,L,32,47,0.02,7,3,4,87.5,0,0,,12/3/2018
2006,BUFFRMFISHBM02,BUFFRMFISH2006MAY30,main,4,M,PO,L,32,54,0.039999999,13,27.3,3,57.5,0,0,,12/3/2018
2006,BUFFRMFISHBM02,BUFFRMFISH2006MAY30,main,4,R,PO,L,32,108,0,24,10000,0,0,0,0,,12/3/2018
2006,BUFFRMFISHBM02,BUFFRMFISH2006MAY30,main,5,L,PO,L,29,100,0,6,1.5,3,57.5,0,0,,12/3/2018
2006,BUFFRMFISHBM02,BUFFRMFISH2006MAY30,main,5,M,PO,L,29,78,0,13,27.3,3,57.5,0,0,,12/3/2018
2006,BUFFRMFISHBM02,BUFFRMFISH2006MAY30,main,5,R,PO,L,29,110,0.050000001,24,10000,0,0,1,5,,12/3/2018
2006,BUFFRMFISHBM02,BUFFRMFISH2006MAY30,main,6,L,PO,M,22,106,0,24,10000,0,0,0,0,,12/3/2018
2006,BUFFRMFISHBM02,BUFFRMFISH2006MAY30,main,6,M,PO,M,22,96,0.029999999,24,10000,0,0,0,0,,12/3/2018
2006,BUFFRMFISHBM02,BUFFRMFISH2006MAY30,main,6,R,PO,M,22,90,0.02,24,10000,0,0,1,5,,12/3/2018
2006,BUFFRMFISHBM02,BUFFRMFISH2006MAY30,main,7,L,GL,N/A,30,20,0.01,14,38.5,2,25,0,0,,12/3/2018
2006,BUFFRMFISHBM02,BUFFRMFISH2006MAY30,main,7,M,GL,N/A,30,26,0.189999998,14,38.5,2,25,0,0,,12/3/2018
2006,BUFFRMFISHBM02,BUFFRMFISH2006MAY30,main,7,R,GL,N/A,30,44,0.140000001,11,13.65,3,57.5,2,25,,12/3/2018
2006,BUFFRMFISHBM02,BUFFRMFISH2006MAY30,main,8,L,PO,M,33,270,,,,,,0,0,,12/3/2018
2006,BUFFRMFISHBM02,BUFFRMFISH2006MAY30,main,8,M,PO,M,33,230,,,,,,0,0,,12/3/2018
2006,BUFFRMFISHBM02,BUFFRMFISH2006MAY30,main,8,R,PO,M,33,160,0.01,4,0.375,4,87.5,4,87.5,,12/3/2018
2006,BUFFRMFISHBM02,BUFFRMFISH2006MAY30,main,9,L,PO,F,26,230,,,,,,0,0,,12/3/2018
2006,BUFFRMFISHBM02,BUFFRMFISH2006MAY30,main,9,M,PO,F,26,90,0.02,10,9.65,3,57.5,0,0,,12/3/2018
2006,BUFFRMFISHBM02,BUFFRMFISH2006MAY30,main,9,R,PO,F,26,74,0.02,10,9.65,3,57.5,2,25,,12/3/2018
2006,BUFFRMFISHBM02,BUFFRMFISH2006MAY30,main,10,L,PO,F,21,230,,,,,,2,25,,12/3/2018
2006,BUFFRMFISHBM02,BUFFRMFISH2006MAY30,main,10,M,PO,F,21,196,0.07,11,13.65,3,57.5,0,0,,12/3/2018
2006,BUFFRMFISHBM02,BUFFRMFISH2006MAY30,main,10,R,PO,F,21,44,0.02,12,19.3,3,57.5,2,25,,12/3/2018
2006,BUFFRMFISHBM02,BUFFRMFISH2006MAY30,main,11,L,GL,N/A,26,66,0.119999997,15,54.5,2,25,2,25,,12/3/2018
2006,BUFFRMFISHBM02,BUFFRMFISH2006MAY30,main,11,M,GL,N/A,26,50,0.129999995,12,19.3,3,57.5,0,0,,12/3/2018
2006,BUFFRMFISHBM02,BUFFRMFISH2006MAY30,main,11,R,GL,N/A,26,28,0.059999999,12,19.3,3,57.5,0,0,,12/3/2018
2006,BUFFRMFISHBM03,BUFFRMFISH2006JUN01,main,1,L,RG,N/A,44,9,0,15,54.5,2,25,0,0,,12/3/2018
2006,BUFFRMFISHBM03,BUFFRMFISH2006JUN01,main,1,M,RG,N/A,44,19,0.100000001,15,54.5,2,25,0,0,,12/3/2018
2006,BUFFRMFISHBM03,BUFFRMFISH2006JUN01,main,1,R,RG,N/A,44,20,0.560000002,15,54.5,2,25,0,0,,12/3/2018
2006,BUFFRMFISHBM03,BUFFRMFISH2006JUN01,main,2,L,PO,M,52,47,0.059999999,14,38.5,3,57.5,0,0,,12/3/2018
2006,BUFFRMFISHBM03,BUFFRMFISH2006JUN01,main,2,M,PO,M,52,75,0.059999999,16,77,3,57.5,0,0,,12/3/2018
2006,BUFFRMFISHBM03,BUFFRMFISH2006JUN01,main,2,R,PO,M,52,68,0.050000001,7,3,3,57.5,0,0,,12/3/2018
2006,BUFFRMFISHBM03,BUFFRMFISH2006JUN01,main,3,L,PO,M,53,130,0.01,24,10000,0,0,0,0,,12/3/2018
2006,BUFFRMFISHBM03,BUFFRMFISH2006JUN01,main,3,M,PO,M,53,76,0.100000001,13,27.3,3,57.5,0,0,,12/3/2018
2006,BUFFRMFISHBM03,BUFFRMFISH2006JUN01,main,3,R,PO,M,53,31,0.050000001,11,13.65,3,57.5,1,5,,12/3/2018
2006,BUFFRMFISHBM03,BUFFRMFISH2006JUN01,main,4,L,PO,L,33,116,0.02,24,10000,0,0,0,0,,12/3/2018
2006,BUFFRMFISHBM03,BUFFRMFISH2006JUN01,main,4,M,PO,L,33,154,0.02,24,10000,0,0,0,0,,12/3/2018
2006,BUFFRMFISHBM03,BUFFRMFISH2006JUN01,main,4,R,PO,L,33,78,0.150000006,14,38.5,3,57.5,0,0,,12/3/2018
2006,BUFFRMFISHBM03,BUFFRMFISH2006JUN01,main,5,L,PO,L,29,123,0.039999999,24,10000,0,0,0,0,,12/3/2018
2006,BUFFRMFISHBM03,BUFFRMFISH2006JUN01,main,5,M,PO,L,29,122,0.07,24,10000,0,0,0,0,,12/3/2018
2006,BUFFRMFISHBM03,BUFFRMFISH2006JUN01,main,5,R,PO,L,29,100,0.059999999,15,54.5,2,25,0,0,,12/3/2018
2006,BUFFRMFISHBM03,BUFFRMFISH2006JUN01,main,6,L,PO,L,55,110,0.050000001,24,10000,0,0,0,0,,12/3/2018
2006,BUFFRMFISHBM03,BUFFRMFISH2006JUN01,main,6,M,PO,L,55,86,0.07,14,38.5,2,25,0,0,,12/3/2018
2006,BUFFRMFISHBM03,BUFFRMFISH2006JUN01,main,6,R,PO,L,55,10,0,10,9.65,4,87.5,0,0,,12/3/2018
2006,BUFFRMFISHBM03,BUFFRMFISH2006JUN01,main,7,L,PO,M,32,89,0.039999999,21,437,1,5,0,0,,12/3/2018
2006,BUFFRMFISHBM03,BUFFRMFISH2006JUN01,main,7,M,PO,M,32,130,0.090000004,15,54.5,2,25,0,0,,12/3/2018
2006,BUFFRMFISHBM03,BUFFRMFISH2006JUN01,main,7,R,PO,M,32,96,0.029999999,14,38.5,2,25,0,0,,12/3/2018
2006,BUFFRMFISHBM03,BUFFRMFISH2006JUN01,main,8,L,PO,L,37,152,0.079999998,24,10000,0,0,0,0,,12/3/2018
2006,BUFFRMFISHBM03,BUFFRMFISH2006JUN01,main,8,M,PO,L,37,154,0,24,10000,0,0,0,0,,12/3/2018
2006,BUFFRMFISHBM03,BUFFRMFISH2006JUN01,main,8,R,PO,L,37,190,0,24,10000,0,0,0,0,,12/3/2018
2006,BUFFRMFISHBM03,BUFFRMFISH2006JUN01,main,9,L,PO,L,37,120,0.039999999,24,10000,0,0,0,0,,12/3/2018
2006,BUFFRMFISHBM03,BUFFRMFISH2006JUN01,main,9,M,PO,L,37,120,0.310000002,14,38.5,2,25,0,0,,12/3/2018
2006,BUFFRMFISHBM03,BUFFRMFISH2006JUN01,main,9,R,PO,L,37,61,0.090000004,13,27.3,3,57.5,0,0,,12/3/2018
2006,BUFFRMFISHBM03,BUFFRMFISH2006JUN01,main,10,L,RRX,N/A,38,66,0.01,14,38.5,2,25,0,0,,12/3/2018
2006,BUFFRMFISHBM03,BUFFRMFISH2006JUN01,main,10,M,RRX,N/A,38,80,0.050000001,14,38.5,2,25,0,0,,12/3/2018
2006,BUFFRMFISHBM03,BUFFRMFISH2006JUN01,main,10,R,RRX,N/A,38,76,0.109999999,14,38.5,2,25,0,0,,12/3/2018
2006,BUFFRMFISHBM03,BUFFRMFISH2006JUN01,main,11,L,RI,N/A,11,42,0.670000017,24,10000,0,0,1,5,,12/3/2018
2006,BUFFRMFISHBM03,BUFFRMFISH2006JUN01,main,11,M,RI,N/A,11,24,0.709999979,15,54.5,2,25,0,0,,12/3/2018
2006,BUFFRMFISHBM03,BUFFRMFISH2006JUN01,main,11,R,RI,N/A,11,38,0.5,15,54.5,2,25,0,0,,12/3/2018
2006,BUFFRMFISHBM04,BUFFRMFISH2006JUN02,main,1,L,RI,N/A,19,22,0.779999971,16,77,2,25,0,0,,12/3/2018
2006,BUFFRMFISHBM04,BUFFRMFISH2006JUN02,main,1,M,RI,N/A,19,30,0.769999981,15,54.5,2,25,0,0,,12/3/2018
2006,BUFFRMFISHBM04,BUFFRMFISH2006JUN02,main,1,R,RI,N/A,19,35,0.810000002,13,27.3,2,25,0,0,,12/3/2018
2006,BUFFRMFISHBM04,BUFFRMFISH2006JUN02,main,2,L,RRX,N/A,25,44,0.439999998,14,38.5,2,25,0,0,,12/3/2018
2006,BUFFRMFISHBM04,BUFFRMFISH2006JUN02,main,2,M,RRX,N/A,25,50,0.439999998,14,38.5,2,25,0,0,,12/3/2018
2006,BUFFRMFISHBM04,BUFFRMFISH2006JUN02,main,2,R,RRX,N/A,25,30,0.289999992,15,54.5,2,25,0,0,,12/3/2018
2006,BUFFRMFISHBM04,BUFFRMFISH2006JUN02,main,3,L,PGX,L,38,65,0.050000001,11,13.65,3,57.5,0,0,,12/3/2018
2006,BUFFRMFISHBM04,BUFFRMFISH2006JUN02,main,3,M,PGX,L,38,50,0.170000002,15,54.5,3,57.5,0,0,,12/3/2018
2006,BUFFRMFISHBM04,BUFFRMFISH2006JUN02,main,3,R,PGX,L,38,54,0.300000012,16,77,3,57.5,0,0,,12/3/2018
2006,BUFFRMFISHBM04,BUFFRMFISH2006JUN02,main,4,L,PO,M,59,47,0.079999998,24,10000,0,0,0,0,,12/3/2018
2006,BUFFRMFISHBM04,BUFFRMFISH2006JUN02,main,4,M,PO,M,59,47,0.059999999,11,13.65,3,57.5,0,0,,12/3/2018
2006,BUFFRMFISHBM04,BUFFRMFISH2006JUN02,main,4,R,PO,M,59,92,0.119999997,24,10000,0,0,0,0,,12/3/2018
2006,BUFFRMFISHBM04,BUFFRMFISH2006JUN02,main,5,L,PO,M,45,56,0.07,6,1.5,3,57.5,0,0,,12/3/2018
2006,BUFFRMFISHBM04,BUFFRMFISH2006JUN02,main,5,M,PO,M,45,71,0.100000001,10,9.65,3,57.5,0,0,,12/3/2018
2006,BUFFRMFISHBM04,BUFFRMFISH2006JUN02,main,5,R,PO,M,45,100,0.100000001,24,10000,0,0,0,0,,12/3/2018
2006,BUFFRMFISHBM04,BUFFRMFISH2006JUN02,main,6,L,GL,N/A,61,41,0.100000001,8,4.85,3,57.5,0,0,,12/3/2018
2006,BUFFRMFISHBM04,BUFFRMFISH2006JUN02,main,6,M,GL,N/A,61,54,0.150000006,24,10000,0,0,0,0,,12/3/2018
2006,BUFFRMFISHBM04,BUFFRMFISH2006JUN02,main,6,R,GL,N/A,61,79,0.079999998,24,10000,0,0,0,0,,12/3/2018
2006,BUFFRMFISHBM04,BUFFRMFISH2006JUN02,main,7,L,GL,N/A,60,40,0.209999993,14,38.5,3,57.5,0,0,,12/3/2018
2006,BUFFRMFISHBM04,BUFFRMFISH2006JUN02,main,7,M,GL,N/A,60,36,0.180000007,12,19.3,3,57.5,0,0,,12/3/2018
2006,BUFFRMFISHBM04,BUFFRMFISH2006JUN02,main,7,R,GL,N/A,60,57,0.119999997,24,10000,0,0,0,0,,12/3/2018
2006,BUFFRMFISHBM04,BUFFRMFISH2006JUN02,main,8,L,GL,N/A,58,74,0.059999999,16,77,3,57.5,0,0,,12/3/2018
2006,BUFFRMFISHBM04,BUFFRMFISH2006JUN02,main,8,M,GL,N/A,58,70,0.119999997,24,10000,0,0,0,0,,12/3/2018
2006,BUFFRMFISHBM04,BUFFRMFISH2006JUN02,main,8,R,GL,N/A,58,42,0.090000004,24,10000,0,0,0,0,,12/3/2018
2006,BUFFRMFISHBM04,BUFFRMFISH2006JUN02,main,9,L,PO,M,57,104,0.079999998,24,10000,0,0,0,0,,12/3/2018
2006,BUFFRMFISHBM04,BUFFRMFISH2006JUN02,main,9,M,PO,M,57,87,0.090000004,11,13.65,3,57.5,0,0,,12/3/2018
2006,BUFFRMFISHBM04,BUFFRMFISH2006JUN02,main,9,R,PO,M,57,63,0,24,10000,0,0,0,0,,12/3/2018
2006,BUFFRMFISHBM04,BUFFRMFISH2006JUN02,main,10,L,PO,M,60,105,0.159999996,24,10000,0,0,0,0,,12/3/2018
2006,BUFFRMFISHBM04,BUFFRMFISH2006JUN02,main,10,M,PO,M,60,86,0.059999999,6,1.5,4,87.5,0,0,,12/3/2018
2006,BUFFRMFISHBM04,BUFFRMFISH2006JUN02,main,10,R,PO,M,60,44,0,24,10000,0,0,0,0,,12/3/2018
2006,BUFFRMFISHBM04,BUFFRMFISH2006JUN02,main,11,L,PGX,M,67,64,0.029999999,4,0.375,4,87.5,0,0,,12/3/2018
2006,BUFFRMFISHBM04,BUFFRMFISH2006JUN02,main,11,M,PGX,M,67,46,-0.01,12,19.3,3,57.5,0,0,,12/3/2018
2006,BUFFRMFISHBM04,BUFFRMFISH2006JUN02,main,11,R,PGX,M,67,60,0.379999995,14,38.5,2,25,0,0,,12/3/2018
2006,BUFFRMFISHBM05,BUFFRMFISH2006JUN12,main,1,L,RI,N/A,33,20,0.680000007,13,27.3,2,25,0,0,,12/3/2018
2006,BUFFRMFISHBM05,BUFFRMFISH2006JUN12,main,1,M,RI,N/A,33,20,0.800000012,12,19.3,2,25,0,0,,12/3/2018
2006,BUFFRMFISHBM05,BUFFRMFISH2006JUN12,main,1,R,RI,N/A,33,16,0,13,27.3,3,57.5,0,0,,12/3/2018
2006,BUFFRMFISHBM05,BUFFRMFISH2006JUN12,main,2,L,GL,N/A,35,29,0.349999994,14,38.5,2,25,0,0,,12/3/2018
2006,BUFFRMFISHBM05,BUFFRMFISH2006JUN12,main,2,M,GL,N/A,35,40,0.400000006,12,19.3,2,25,0,0,,12/3/2018
2006,BUFFRMFISHBM05,BUFFRMFISH2006JUN12,main,2,R,GL,N/A,35,30,0.330000013,13,27.3,2,25,0,0,,12/3/2018
2006,BUFFRMFISHBM05,BUFFRMFISH2006JUN12,main,3,L,GL,N/A,26,50,0.389999986,12,19.3,2,25,0,0,,12/3/2018
2006,BUFFRMFISHBM05,BUFFRMFISH2006JUN12,main,3,M,GL,N/A,26,52,0.360000014,13,27.3,2,25,0,0,,12/3/2018
2006,BUFFRMFISHBM05,BUFFRMFISH2006JUN12,main,3,R,GL,N/A,26,27,0.289999992,12,19.3,2,25,0,0,,12/3/2018
2006,BUFFRMFISHBM05,BUFFRMFISH2006JUN12,main,4,L,PGX,N/A,32,90,0.180000007,12,19.3,3,57.5,0,0,,12/3/2018
2006,BUFFRMFISHBM05,BUFFRMFISH2006JUN12,main,4,M,PGX,N/A,32,70,0.189999998,14,38.5,2,25,0,0,,12/3/2018
2006,BUFFRMFISHBM05,BUFFRMFISH2006JUN12,main,4,R,PGX,N/A,32,42,0.140000001,14,38.5,2,25,0,0,,12/3/2018
2006,BUFFRMFISHBM05,BUFFRMFISH2006JUN12,main,5,L,PO,M,40,74,0.109999999,12,19.3,4,87.5,0,0,,12/3/2018
2006,BUFFRMFISHBM05,BUFFRMFISH2006JUN12,main,5,M,PO,M,40,98,0.129999995,10,9.65,4,87.5,0,0,,12/3/2018
2006,BUFFRMFISHBM05,BUFFRMFISH2006JUN12,main,5,R,PO,M,40,86,0.090000004,15,54.5,3,57.5,0,0,,12/3/2018
2006,BUFFRMFISHBM05,BUFFRMFISH2006JUN12,main,6,L,PO,M,39,97,0.039999999,15,54.5,2,25,0,0,,12/3/2018
2006,BUFFRMFISHBM05,BUFFRMFISH2006JUN12,main,6,M,PO,M,39,108,0.140000001,8,4.85,4,87.5,0,0,,12/3/2018
2006,BUFFRMFISHBM05,BUFFRMFISH2006JUN12,main,6,R,PO,M,39,64,0.109999999,12,19.3,2,25,0,0,,12/3/2018
2006,BUFFRMFISHBM05,BUFFRMFISH2006JUN12,main,7,L,PO,M,38,36,0.119999997,12,19.3,3,57.5,0,0,,12/3/2018
2006,BUFFRMFISHBM05,BUFFRMFISH2006JUN12,main,7,M,PO,M,38,74,0.090000004,14,38.5,2,25,0,0,,12/3/2018
2006,BUFFRMFISHBM05,BUFFRMFISH2006JUN12,main,7,R,PO,M,38,90,0.079999998,24,10000,0,0,0,0,,12/3/2018
2006,BUFFRMFISHBM05,BUFFRMFISH2006JUN12,main,8,L,PO,M,31,102,0.100000001,4,0.375,4,87.5,0,0,,12/3/2018
2006,BUFFRMFISHBM05,BUFFRMFISH2006JUN12,main,8,M,PO,M,31,120,0.159999996,12,19.3,3,57.5,0,0,,12/3/2018
2006,BUFFRMFISHBM05,BUFFRMFISH2006JUN12,main,8,R,PO,M,31,104,0.119999997,24,10000,0,0,1,5,,12/3/2018
2006,BUFFRMFISHBM05,BUFFRMFISH2006JUN12,main,9,L,PO,M,26,103,0.119999997,9,6.85,3,57.5,0,0,,12/3/2018
2006,BUFFRMFISHBM05,BUFFRMFISH2006JUN12,main,9,M,PO,M,26,108,0.189999998,12,19.3,3,57.5,0,0,,12/3/2018
2006,BUFFRMFISHBM05,BUFFRMFISH2006JUN12,main,9,R,PO,M,26,102,0.100000001,24,10000,0,0,1,5,,12/3/2018
2006,BUFFRMFISHBM05,BUFFRMFISH2006JUN12,main,10,L,RU,N/A,24,74,0.170000002,11,13.65,4,87.5,0,0,,12/3/2018
2006,BUFFRMFISHBM05,BUFFRMFISH2006JUN12,main,10,M,RU,N/A,24,94,0.170000002,24,10000,0,0,0,0,,12/3/2018
2006,BUFFRMFISHBM05,BUFFRMFISH2006JUN12,main,10,R,RU,N/A,24,69,0.140000001,24,10000,0,0,0,0,,12/3/2018
2006,BUFFRMFISHBM05,BUFFRMFISH2006JUN12,main,11,L,RU,N/A,23,90,0.140000001,15,54.5,3,57.5,0,0,,12/3/2018
2006,BUFFRMFISHBM05,BUFFRMFISH2006JUN12,main,11,M,RU,N/A,23,84,0.340000004,24,10000,0,0,0,0,,12/3/2018
2006,BUFFRMFISHBM05,BUFFRMFISH2006JUN12,main,11,R,RU,N/A,23,55,0.310000002,24,10000,0,0,0,0,,12/3/2018
2006,BUFFRMFISHBM06,BUFFRMFISH2006JUN05,main,1,L,RU,N/A,37,62,0.389999986,11,13.65,3,57.5,0,0,,12/3/2018
2006,BUFFRMFISHBM06,BUFFRMFISH2006JUN05,main,1,M,RU,N/A,37,76,0.479999989,12,19.3,3,57.5,0,0,,12/3/2018
2006,BUFFRMFISHBM06,BUFFRMFISH2006JUN05,main,1,R,RU,N/A,37,58,0.379999995,10,9.65,3,57.5,0,0,,12/3/2018
2006,BUFFRMFISHBM06,BUFFRMFISH2006JUN05,main,2,L,GL,N/A,54,34,0.5,11,13.65,3,57.5,0,0,,12/3/2018
2006,BUFFRMFISHBM06,BUFFRMFISH2006JUN05,main,2,M,GL,N/A,54,35,0.379999995,14,38.5,3,57.5,0,0,,12/3/2018
2006,BUFFRMFISHBM06,BUFFRMFISH2006JUN05,main,2,R,GL,N/A,54,94,0.280000001,16,77,4,87.5,0,0,,12/3/2018
2006,BUFFRMFISHBM06,BUFFRMFISH2006JUN05,main,3,L,GL,N/A,67,40,0.159999996,7,3,4,87.5,0,0,,12/3/2018
2006,BUFFRMFISHBM06,BUFFRMFISH2006JUN05,main,3,M,GL,N/A,67,48,0.189999998,8,4.85,4,87.5,0,0,,12/3/2018
2006,BUFFRMFISHBM06,BUFFRMFISH2006JUN05,main,3,R,GL,N/A,67,80,0.239999995,11,13.65,4,87.5,0,0,,12/3/2018
2006,BUFFRMFISHBM06,BUFFRMFISH2006JUN05,main,4,L,GL,N/A,58,61,0.159999996,6,1.5,3,57.5,0,0,,12/3/2018
2006,BUFFRMFISHBM06,BUFFRMFISH2006JUN05,main,4,M,GL,N/A,58,73,0.180000007,10,9.65,3,57.5,0,0,,12/3/2018
2006,BUFFRMFISHBM06,BUFFRMFISH2006JUN05,main,4,R,GL,N/A,58,77,0.189999998,,,,,0,0,,12/3/2018
2006,BUFFRMFISHBM06,BUFFRMFISH2006JUN05,main,5,L,RU,N/A,53,51,0.170000002,9,6.85,3,57.5,0,0,,12/3/2018
2006,BUFFRMFISHBM06,BUFFRMFISH2006JUN05,main,5,M,RU,N/A,53,71,0.230000004,10,9.65,3,57.5,0,0,,12/3/2018
2006,BUFFRMFISHBM06,BUFFRMFISH2006JUN05,main,5,R,RU,N/A,53,99,0.239999995,18,154,3,57.5,0,0,,12/3/2018
2006,BUFFRMFISHBM06,BUFFRMFISH2006JUN05,main,6,L,RU,N/A,44,59,0.289999992,11,13.65,2,25,0,0,,12/3/2018
2006,BUFFRMFISHBM06,BUFFRMFISH2006JUN05,main,6,M,RU,N/A,44,102,0.25,9,6.85,2,25,0,0,,12/3/2018
2006,BUFFRMFISHBM06,BUFFRMFISH2006JUN05,main,6,R,RU,N/A,44,117,0.25,19,218,2,25,0,0,,12/3/2018
2006,BUFFRMFISHBM06,BUFFRMFISH2006JUN05,main,7,L,RU,N/A,51,54,0.200000003,9,6.85,2,25,0,0,,12/3/2018
2006,BUFFRMFISHBM06,BUFFRMFISH2006JUN05,main,7,M,RU,N/A,51,79,0.219999999,12,19.3,2,25,0,0,,12/3/2018
2006,BUFFRMFISHBM06,BUFFRMFISH2006JUN05,main,7,R,RU,N/A,51,96,0.219999999,12,19.3,,,0,0,,12/3/2018
2006,BUFFRMFISHBM06,BUFFRMFISH2006JUN05,main,8,L,RRX,N/A,49,22,0.209999993,11,13.65,2,25,0,0,,12/3/2018
2006,BUFFRMFISHBM06,BUFFRMFISH2006JUN05,main,8,M,RRX,N/A,49,16,0.779999971,11,13.65,2,25,0,0,,12/3/2018
2006,BUFFRMFISHBM06,BUFFRMFISH2006JUN05,main,8,R,RRX,N/A,49,50,0.07,12,19.3,2,25,0,0,,12/3/2018
2006,BUFFRMFISHBM06,BUFFRMFISH2006JUN05,main,9,L,RRX,N/A,66,8,0.460000008,13,27.3,2,25,0,0,,12/3/2018
2006,BUFFRMFISHBM06,BUFFRMFISH2006JUN05,main,9,M,RRX,N/A,66,30,0.449999988,12,19.3,2,25,0,0,,12/3/2018
2006,BUFFRMFISHBM06,BUFFRMFISH2006JUN05,main,9,R,RRX,N/A,66,36,0.589999974,12,19.3,2,25,0,0,,12/3/2018
2006,BUFFRMFISHBM06,BUFFRMFISH2006JUN05,main,10,L,GL,N/A,58,98,0.25999999,13,27.3,2,25,0,0,,12/3/2018
2006,BUFFRMFISHBM06,BUFFRMFISH2006JUN05,main,10,M,GL,N/A,58,62,0.239999995,15,54.5,2,25,0,0,,12/3/2018
2006,BUFFRMFISHBM06,BUFFRMFISH2006JUN05,main,10,R,GL,N/A,58,49,0.230000004,14,38.5,2,25,0,0,,12/3/2018
2006,BUFFRMFISHBM06,BUFFRMFISH2006JUN05,main,11,L,PO,F,51,108,0.07,16,77,2,25,0,0,,12/3/2018
2006,BUFFRMFISHBM06,BUFFRMFISH2006JUN05,main,11,M,PO,F,51,186,0.209999993,16,77,2,25,0,0,,12/3/2018
2006,BUFFRMFISHBM06,BUFFRMFISH2006JUN05,main,11,R,PO,F,51,152,0.170000002,19,218,2,25,0,0,,12/3/2018
2006,BUFFRMFISHBT03,BUFFRMFISH2006MAY22,main,1,L,RI,N/A,2.4,8,0.07,16,77,2,25,4,87.5,,12/3/2018
2006,BUFFRMFISHBT03,BUFFRMFISH2006MAY22,main,1,M,RI,N/A,2.4,9,0.090000004,17,109,2,25,4,87.5,,12/3/2018
2006,BUFFRMFISHBT03,BUFFRMFISH2006MAY22,main,1,R,RI,N/A,2.4,6,0.129999995,17,109,2,25,4,87.5,,12/3/2018
2006,BUFFRMFISHBT03,BUFFRMFISH2006MAY22,main,2,L,PO,F,5.7,41,0,11,13.65,4,87.5,4,87.5,,12/3/2018
2006,BUFFRMFISHBT03,BUFFRMFISH2006MAY22,main,2,M,PO,F,5.7,78,0,10,9.65,4,87.5,3,57.5,,12/3/2018
2006,BUFFRMFISHBT03,BUFFRMFISH2006MAY22,main,2,R,PO,F,5.7,124,0.02,12,19.3,4,87.5,4,87.5,,12/3/2018
2006,BUFFRMFISHBT03,BUFFRMFISH2006MAY22,main,3,L,PO,F,4.4,32,0.02,15,54.5,3,57.5,3,57.5,,12/3/2018
2006,BUFFRMFISHBT03,BUFFRMFISH2006MAY22,main,3,M,PO,F,4.4,22,0.039999999,24,10000,0,0,4,87.5,,12/3/2018
2006,BUFFRMFISHBT03,BUFFRMFISH2006MAY22,main,3,R,PO,F,4.4,58,0.02,22,768,1,5,4,87.5,,12/3/2018
2006,BUFFRMFISHBT03,BUFFRMFISH2006MAY22,main,4,L,RI,N/A,6.4,0,0,14,38.5,2,25,2,25,,12/3/2018
2006,BUFFRMFISHBT03,BUFFRMFISH2006MAY22,main,4,M,RI,N/A,6.4,4,0.090000004,14,38.5,2,25,3,57.5,,12/3/2018
2006,BUFFRMFISHBT03,BUFFRMFISH2006MAY22,main,4,R,RI,N/A,6.4,4,0.029999999,15,54.5,2,25,4,87.5,,12/3/2018
2006,BUFFRMFISHBT03,BUFFRMFISH2006MAY22,main,5,L,RI,N/A,4.2,2,0.01,16,77,2,25,0,0,,12/3/2018
2006,BUFFRMFISHBT03,BUFFRMFISH2006MAY22,main,5,M,RI,N/A,4.2,0,0.050000001,15,54.5,2,25,0,0,,12/3/2018
2006,BUFFRMFISHBT03,BUFFRMFISH2006MAY22,main,5,R,RI,N/A,4.2,1,0.180000007,14,38.5,2,25,0,0,,12/3/2018
2006,BUFFRMFISHBT03,BUFFRMFISH2006MAY22,main,6,L,RI,N/A,4.5,10,0.109999999,15,54.5,2,25,4,87.5,,12/3/2018
2006,BUFFRMFISHBT03,BUFFRMFISH2006MAY22,main,6,M,RI,N/A,4.5,4,0.289999992,16,77,2,25,2,25,,12/3/2018
2006,BUFFRMFISHBT03,BUFFRMFISH2006MAY22,main,6,R,RI,N/A,4.5,6,0.079999998,16,77,2,25,0,0,,12/3/2018
2006,BUFFRMFISHBT03,BUFFRMFISH2006MAY22,main,7,L,PO,F,8.5,62,0.029999999,24,10000,0,0,3,57.5,,12/3/2018
2006,BUFFRMFISHBT03,BUFFRMFISH2006MAY22,main,7,M,PO,F,8.5,70,0.01,24,10000,0,0,2,25,,12/3/2018
2006,BUFFRMFISHBT03,BUFFRMFISH2006MAY22,main,7,R,PO,F,8.5,34,0.050000001,1,0.031,4,87.5,0,0,,12/3/2018
2006,BUFFRMFISHBT03,BUFFRMFISH2006MAY22,main,8,L,PO,M,8.5,34,0.01,24,10000,0,0,2,25,,12/3/2018
2006,BUFFRMFISHBT03,BUFFRMFISH2006MAY22,main,8,M,PO,M,8.5,84,0.02,10,9.65,2,25,2,25,,12/3/2018
2006,BUFFRMFISHBT03,BUFFRMFISH2006MAY22,main,8,R,PO,M,8.5,46,0.02,1,0.031,4,87.5,3,57.5,,12/3/2018
2006,BUFFRMFISHBT03,BUFFRMFISH2006MAY22,main,9,L,PO,M,7.9,24,0,24,10000,0,0,2,25,,12/3/2018
2006,BUFFRMFISHBT03,BUFFRMFISH2006MAY22,main,9,M,PO,M,7.9,60,0,24,10000,0,0,2,25,,12/3/2018
2006,BUFFRMFISHBT03,BUFFRMFISH2006MAY22,main,9,R,PO,M,7.9,58,0.01,14,38.5,2,25,2,25,,12/3/2018
2006,BUFFRMFISHBT03,BUFFRMFISH2006MAY22,main,10,L,GL,N/A,8.2,14,0.01,14,38.5,2,25,3,57.5,,12/3/2018
2006,BUFFRMFISHBT03,BUFFRMFISH2006MAY22,main,10,M,GL,N/A,8.2,24,0.02,18,154,2,25,2,25,,12/3/2018
2006,BUFFRMFISHBT03,BUFFRMFISH2006MAY22,main,10,R,GL,N/A,8.2,38,0.01,12,19.3,4,87.5,3,57.5,,12/3/2018
2006,BUFFRMFISHBT03,BUFFRMFISH2006MAY22,main,11,L,RI,N/A,4,5,0,17,109,2,25,2,25,,12/3/2018
2006,BUFFRMFISHBT03,BUFFRMFISH2006MAY22,main,11,M,RI,N/A,4,5,0.100000001,16,77,2,25,2,25,,12/3/2018
2006,BUFFRMFISHBT03,BUFFRMFISH2006MAY22,main,11,R,RI,N/A,4,8,0.059999999,16,77,3,57.5,2,25,,12/3/2018
2006,BUFFRMFISHBT09,BUFFRMFISH2006MAY30,main,1,L,RI,N/A,5.5,16,0.680000007,13,27.3,2,25,0,0,,12/3/2018
2006,BUFFRMFISHBT09,BUFFRMFISH2006MAY30,main,1,M,RI,N/A,5.5,20,0.839999974,12,19.3,2,25,0,0,,12/3/2018
2006,BUFFRMFISHBT09,BUFFRMFISH2006MAY30,main,1,R,RI,N/A,5.5,16,0.680000007,13,27.3,2,25,0,0,,12/3/2018
2006,BUFFRMFISHBT09,BUFFRMFISH2006MAY30,main,2,L,PO,F,26,58,0.029999999,16,77,3,57.5,0,0,,12/3/2018
2006,BUFFRMFISHBT09,BUFFRMFISH2006MAY30,main,2,M,PO,F,26,69,0.039999999,14,38.5,3,57.5,0,0,,12/3/2018
2006,BUFFRMFISHBT09,BUFFRMFISH2006MAY30,main,2,R,PO,F,26,22,0.039999999,12,19.3,3,57.5,1,5,,12/3/2018
2006,BUFFRMFISHBT09,BUFFRMFISH2006MAY30,main,3,L,PO,F,23,100,0.01,10,9.65,4,87.5,0,0,,12/3/2018
2006,BUFFRMFISHBT09,BUFFRMFISH2006MAY30,main,3,M,PO,F,23,116,0.039999999,15,54.5,4,87.5,0,0,,12/3/2018
2006,BUFFRMFISHBT09,BUFFRMFISH2006MAY30,main,3,R,PO,F,23,76,0.029999999,12,19.3,4,87.5,3,57.5,,12/3/2018
2006,BUFFRMFISHBT09,BUFFRMFISH2006MAY30,main,4,L,PO,F,20,120,0.01,22,768,0,0,2,25,,12/3/2018
2006,BUFFRMFISHBT09,BUFFRMFISH2006MAY30,main,4,M,PO,F,20,118,0.039999999,12,19.3,4,87.5,0,0,,12/3/2018
2006,BUFFRMFISHBT09,BUFFRMFISH2006MAY30,main,4,R,PO,F,20,70,0.029999999,13,27.3,4,87.5,0,0,,12/3/2018
2006,BUFFRMFISHBT09,BUFFRMFISH2006MAY30,main,5,L,PO,F,21,106,0.100000001,20,309,1,5,4,87.5,,12/3/2018
2006,BUFFRMFISHBT09,BUFFRMFISH2006MAY30,main,5,M,PO,F,21,80,0.119999997,12,19.3,4,87.5,2,25,,12/3/2018
2006,BUFFRMFISHBT09,BUFFRMFISH2006MAY30,main,5,R,PO,F,21,50,0.100000001,13,27.3,4,87.5,0,0,,12/3/2018
2006,BUFFRMFISHBT09,BUFFRMFISH2006MAY30,main,6,L,RU,N/A,15.5,39,-0.01,13,27.3,3,57.5,3,57.5,,12/3/2018
2006,BUFFRMFISHBT09,BUFFRMFISH2006MAY30,main,6,M,RU,N/A,15.5,20,0.209999993,12,19.3,2,25,2,25,,12/3/2018
2006,BUFFRMFISHBT09,BUFFRMFISH2006MAY30,main,6,R,RU,N/A,15.5,20,0.07,12,19.3,3,57.5,1,5,,12/3/2018
2006,BUFFRMFISHBT09,BUFFRMFISH2006MAY30,main,7,L,RU,N/A,23,10,0.219999999,12,19.3,3,57.5,2,25,,12/3/2018
2006,BUFFRMFISHBT09,BUFFRMFISH2006MAY30,main,7,M,RU,N/A,23,18,0.200000003,11,13.65,3,57.5,0,0,,12/3/2018
2006,BUFFRMFISHBT09,BUFFRMFISH2006MAY30,main,7,R,RU,N/A,23,6,0.02,14,38.5,2,25,0,0,,12/3/2018
2006,BUFFRMFISHBT09,BUFFRMFISH2006MAY30,main,8,L,RU,N/A,17.5,78,0.059999999,13,27.3,2,25,3,57.5,,12/3/2018
2006,BUFFRMFISHBT09,BUFFRMFISH2006MAY30,main,8,M,RU,N/A,17.5,60,0.090000004,14,38.5,2,25,0,0,,12/3/2018
2006,BUFFRMFISHBT09,BUFFRMFISH2006MAY30,main,8,R,RU,N/A,17.5,34,-0.01,12,19.3,2,25,0,0,,12/3/2018
2006,BUFFRMFISHBT09,BUFFRMFISH2006MAY30,main,9,L,RI,N/A,18.5,30,0.02,10,9.65,4,87.5,2,25,,12/3/2018
2006,BUFFRMFISHBT09,BUFFRMFISH2006MAY30,main,9,M,RI,N/A,18.5,2,0.050000001,14,38.5,2,25,0,0,,12/3/2018
2006,BUFFRMFISHBT09,BUFFRMFISH2006MAY30,main,9,R,RI,N/A,18.5,16,0.50999999,13,27.3,2,25,0,0,,12/3/2018
2006,BUFFRMFISHBT09,BUFFRMFISH2006MAY30,main,10,L,GL,N/A,24,16,0.01,11,13.65,3,57.5,0,0,,12/3/2018
2006,BUFFRMFISHBT09,BUFFRMFISH2006MAY30,main,10,M,GL,N/A,24,60,0.079999998,13,27.3,3,57.5,0,0,,12/3/2018
2006,BUFFRMFISHBT09,BUFFRMFISH2006MAY30,main,10,R,GL,N/A,24,26,0.050000001,15,54.5,3,57.5,0,0,,12/3/2018
2006,BUFFRMFISHBT09,BUFFRMFISH2006MAY30,main,11,L,GL,N/A,20,64,0.059999999,14,38.5,2,25,1,5,,12/3/2018
2006,BUFFRMFISHBT09,BUFFRMFISH2006MAY30,main,11,M,GL,N/A,20,60,0.059999999,12,19.3,2,25,0,0,,12/3/2018
2006,BUFFRMFISHBT09,BUFFRMFISH2006MAY30,main,11,R,GL,N/A,20,20,0,16,77,2,25,0,0,,12/3/2018
2006,BUFFRMFISHBT22,BUFFRMFISH2006MAY25,main,1,L,RU,N/A,2.3,28,0.02,13,27.3,2,25,3,57.5,,12/3/2018
2006,BUFFRMFISHBT22,BUFFRMFISH2006MAY25,main,1,M,RU,N/A,2.3,40,0.180000007,12,19.3,2,25,4,87.5,,12/3/2018
2006,BUFFRMFISHBT22,BUFFRMFISH2006MAY25,main,1,R,RU,N/A,2.3,42,0.209999993,12,19.3,2,25,4,87.5,,12/3/2018
2006,BUFFRMFISHBT22,BUFFRMFISH2006MAY25,main,2,L,RU,N/A,5.3,42,0.239999995,14,38.5,2,25,0,0,,12/3/2018
2006,BUFFRMFISHBT22,BUFFRMFISH2006MAY25,main,2,M,RU,N/A,5.3,48,0.129999995,14,38.5,2,25,0,0,,12/3/2018
2006,BUFFRMFISHBT22,BUFFRMFISH2006MAY25,main,2,R,RU,N/A,5.3,26,0.01,12,19.3,2,25,2,25,,12/3/2018
2006,BUFFRMFISHBT22,BUFFRMFISH2006MAY25,main,3,L,RU,N/A,4.6,37,0.280000001,2,0.0935,4,87.5,4,87.5,,12/3/2018
2006,BUFFRMFISHBT22,BUFFRMFISH2006MAY25,main,3,M,RU,N/A,4.6,22,0.200000003,10,9.65,4,87.5,3,57.5,,12/3/2018
2006,BUFFRMFISHBT22,BUFFRMFISH2006MAY25,main,3,R,RU,N/A,4.6,7,0.029999999,13,27.3,3,57.5,3,57.5,,12/3/2018
2006,BUFFRMFISHBT22,BUFFRMFISH2006MAY25,main,4,L,RU,N/A,6,6,-0.059999999,11,13.65,3,57.5,2,25,,12/3/2018
2006,BUFFRMFISHBT22,BUFFRMFISH2006MAY25,main,4,M,RU,N/A,6,18,-0.050000001,12,19.3,2,25,3,57.5,,12/3/2018
2006,BUFFRMFISHBT22,BUFFRMFISH2006MAY25,main,4,R,RU,N/A,6,50,0.310000002,15,54.5,3,57.5,3,57.5,,12/3/2018
2006,BUFFRMFISHBT22,BUFFRMFISH2006MAY25,main,5,L,RU,N/A,3.6,10,0.289999992,12,19.3,2,25,3,57.5,,12/3/2018
2006,BUFFRMFISHBT22,BUFFRMFISH2006MAY25,main,5,M,RU,N/A,3.6,16,0.560000002,13,27.3,2,25,3,57.5,,12/3/2018
2006,BUFFRMFISHBT22,BUFFRMFISH2006MAY25,main,5,R,RU,N/A,3.6,16,0.419999987,14,38.5,2,25,3,57.5,,12/3/2018
2006,BUFFRMFISHBT22,BUFFRMFISH2006MAY25,main,6,L,RU,N/A,3,10,0.370000005,14,38.5,2,25,1,5,,12/3/2018
2006,BUFFRMFISHBT22,BUFFRMFISH2006MAY25,main,6,M,RU,N/A,3,18,0.709999979,14,38.5,2,25,1,5,,12/3/2018
2006,BUFFRMFISHBT22,BUFFRMFISH2006MAY25,main,6,R,RU,N/A,3,9,0.529999971,24,10000,0,0,1,5,,12/3/2018
2006,BUFFRMFISHBT22,BUFFRMFISH2006MAY25,main,7,L,RI,N/A,9.6,6,-0.039999999,12,19.3,3,57.5,3,57.5,,12/3/2018
2006,BUFFRMFISHBT22,BUFFRMFISH2006MAY25,main,7,M,RI,N/A,9.6,10,0.389999986,12,19.3,2,25,3,57.5,,12/3/2018
2006,BUFFRMFISHBT22,BUFFRMFISH2006MAY25,main,7,R,RI,N/A,9.6,2,0.07,14,38.5,2,25,3,57.5,,12/3/2018
2006,BUFFRMFISHBT22,BUFFRMFISH2006MAY25,main,8,L,RRX,N/A,7.1,4,0.109999999,12,19.3,3,57.5,0,0,,12/3/2018
2006,BUFFRMFISHBT22,BUFFRMFISH2006MAY25,main,8,M,RRX,N/A,7.1,14,0.439999998,14,38.5,2,25,0,0,,12/3/2018
2006,BUFFRMFISHBT22,BUFFRMFISH2006MAY25,main,8,R,RRX,N/A,7.1,10,0.25999999,13,27.3,2,25,0,0,,12/3/2018
2006,BUFFRMFISHBT22,BUFFRMFISH2006MAY25,main,9,L,RI,N/A,9.5,6,0.170000002,11,13.65,2,25,4,87.5,,12/3/2018
2006,BUFFRMFISHBT22,BUFFRMFISH2006MAY25,main,9,M,RI,N/A,9.5,10,0.059999999,13,27.3,2,25,2,25,,12/3/2018
2006,BUFFRMFISHBT22,BUFFRMFISH2006MAY25,main,9,R,RI,N/A,9.5,4,0.01,13,27.3,2,25,0,0,,12/3/2018
2006,BUFFRMFISHBT22,BUFFRMFISH2006MAY25,main,10,L,RU,N/A,9.6,15,0.370000005,12,19.3,2,25,3,57.5,,12/3/2018
2006,BUFFRMFISHBT22,BUFFRMFISH2006MAY25,main,10,M,RU,N/A,9.6,6,0.289999992,12,19.3,2,25,4,87.5,,12/3/2018
2006,BUFFRMFISHBT22,BUFFRMFISH2006MAY25,main,10,R,RU,N/A,9.6,6,0.050000001,15,54.5,2,25,3,57.5,,12/3/2018
2006,BUFFRMFISHBT22,BUFFRMFISH2006MAY25,main,11,L,RI,N/A,9.9,16,0.670000017,14,38.5,2,25,4,87.5,,12/3/2018
2006,BUFFRMFISHBT22,BUFFRMFISH2006MAY25,main,11,M,RI,N/A,9.9,4,0.150000006,13,27.3,2,25,2,25,,12/3/2018
2006,BUFFRMFISHBT22,BUFFRMFISH2006MAY25,main,11,R,RI,N/A,9.9,8,-0.029999999,14,38.5,4,87.5,0,0,,12/3/2018
2006,BUFFRMFISHBT24,BUFFRMFISH2006MAY24,main,1,L,RI,N/A,3.2,6,0.239999995,13,27.3,3,57.5,4,87.5,,12/3/2018
2006,BUFFRMFISHBT24,BUFFRMFISH2006MAY24,main,1,M,RI,N/A,3.2,4,0.059999999,11,13.65,3,57.5,4,87.5,,12/3/2018
2006,BUFFRMFISHBT24,BUFFRMFISH2006MAY24,main,1,R,RI,N/A,3.2,16,0.02,11,13.65,3,57.5,4,87.5,,12/3/2018
2006,BUFFRMFISHBT24,BUFFRMFISH2006MAY24,main,2,L,RI,N/A,2,10,0.25999999,12,19.3,3,57.5,3,57.5,,12/3/2018
2006,BUFFRMFISHBT24,BUFFRMFISH2006MAY24,main,2,M,RI,N/A,2,6,0.029999999,12,19.3,3,57.5,3,57.5,,12/3/2018
2006,BUFFRMFISHBT24,BUFFRMFISH2006MAY24,main,2,R,RI,N/A,2,8,0.140000001,11,13.65,3,57.5,3,57.5,,12/3/2018
2006,BUFFRMFISHBT24,BUFFRMFISH2006MAY24,main,3,L,GL,N/A,7,18,0.119999997,13,27.3,2,25,4,87.5,,12/3/2018
2006,BUFFRMFISHBT24,BUFFRMFISH2006MAY24,main,3,M,GL,N/A,7,8,0.050000001,12,19.3,3,57.5,4,87.5,,12/3/2018
2006,BUFFRMFISHBT24,BUFFRMFISH2006MAY24,main,3,R,GL,N/A,7,12,0.01,14,38.5,2,25,4,87.5,,12/3/2018
2006,BUFFRMFISHBT24,BUFFRMFISH2006MAY24,main,4,L,PO,M,3.5,18,0.01,11,13.65,3,57.5,3,57.5,,12/3/2018
2006,BUFFRMFISHBT24,BUFFRMFISH2006MAY24,main,4,M,PO,M,3.5,38,0.01,13,27.3,2,25,4,87.5,,12/3/2018
2006,BUFFRMFISHBT24,BUFFRMFISH2006MAY24,main,4,R,PO,M,3.5,66,0.01,24,10000,0,0,4,87.5,,12/3/2018
2006,BUFFRMFISHBT24,BUFFRMFISH2006MAY24,main,5,L,RI,N/A,5,4,0.01,13,27.3,2,25,3,57.5,,12/3/2018
2006,BUFFRMFISHBT24,BUFFRMFISH2006MAY24,main,5,M,RI,N/A,5,2,0.029999999,12,19.3,2,25,3,57.5,,12/3/2018
2006,BUFFRMFISHBT24,BUFFRMFISH2006MAY24,main,5,R,RI,N/A,5,4,0.02,12,19.3,3,57.5,4,87.5,,12/3/2018
2006,BUFFRMFISHBT24,BUFFRMFISH2006MAY24,main,6,L,GL,N/A,3.7,4,0.140000001,13,27.3,2,25,4,87.5,,12/3/2018
2006,BUFFRMFISHBT24,BUFFRMFISH2006MAY24,main,6,M,GL,N/A,3.7,8,0.079999998,13,27.3,2,25,4,87.5,,12/3/2018
2006,BUFFRMFISHBT24,BUFFRMFISH2006MAY24,main,6,R,GL,N/A,3.7,6,0.050000001,13,27.3,2,25,4,87.5,,12/3/2018
2006,BUFFRMFISHBT24,BUFFRMFISH2006MAY24,main,7,L,GL,N/A,5.3,8,0.090000004,14,38.5,2,25,3,57.5,,12/3/2018
2006,BUFFRMFISHBT24,BUFFRMFISH2006MAY24,main,7,M,GL,N/A,5.3,8,0.02,14,38.5,2,25,3,57.5,,12/3/2018
2006,BUFFRMFISHBT24,BUFFRMFISH2006MAY24,main,7,R,GL,N/A,5.3,4,0.02,14,38.5,2,25,3,57.5,,12/3/2018
2006,BUFFRMFISHBT24,BUFFRMFISH2006MAY24,main,8,L,PO,M,5,12,0.050000001,12,19.3,2,25,3,57.5,,12/3/2018
2006,BUFFRMFISHBT24,BUFFRMFISH2006MAY24,main,8,M,PO,M,5,11,0.07,12,19.3,2,25,2,25,,12/3/2018
2006,BUFFRMFISHBT24,BUFFRMFISH2006MAY24,main,8,R,PO,M,5,7,0.07,14,38.5,2,25,4,87.5,,12/3/2018
2006,BUFFRMFISHBT24,BUFFRMFISH2006MAY24,main,9,L,RI,N/A,5.2,4,0.01,13,27.3,2,25,3,57.5,,12/3/2018
2006,BUFFRMFISHBT24,BUFFRMFISH2006MAY24,main,9,M,RI,N/A,5.2,10,0.129999995,16,77,2,25,3,57.5,,12/3/2018
2006,BUFFRMFISHBT24,BUFFRMFISH2006MAY24,main,9,R,RI,N/A,5.2,5,0.170000002,15,54.5,2,25,3,57.5,,12/3/2018
2006,BUFFRMFISHBT24,BUFFRMFISH2006MAY24,main,10,L,GL,N/A,5.9,4,0.059999999,15,54.5,2,25,4,87.5,,12/3/2018
2006,BUFFRMFISHBT24,BUFFRMFISH2006MAY24,main,10,M,GL,N/A,5.9,10,0.079999998,13,27.3,2,25,3,57.5,,12/3/2018
2006,BUFFRMFISHBT24,BUFFRMFISH2006MAY24,main,10,R,GL,N/A,5.9,4,0.039999999,14,38.5,2,25,4,87.5,,12/3/2018
2006,BUFFRMFISHBT24,BUFFRMFISH2006MAY24,main,11,L,RI,N/A,6.5,9,0.029999999,15,54.5,2,25,3,57.5,,12/3/2018
2006,BUFFRMFISHBT24,BUFFRMFISH2006MAY24,main,11,M,RI,N/A,6.5,6,0.079999998,14,38.5,2,25,3,57.5,,12/3/2018
2006,BUFFRMFISHBT24,BUFFRMFISH2006MAY24,main,11,R,RI,N/A,6.5,9,0.119999997,13,27.3,2,25,4,87.5,,12/3/2018
2006,BUFFRMFISHBT30,BUFFRMFISH2006JUN06,main,1,L,GL,N/A,6.9,2,0,14,38.5,2,25,3,57.5,,12/3/2018
2006,BUFFRMFISHBT30,BUFFRMFISH2006JUN06,main,1,M,GL,N/A,6.9,2,0,4,0.375,3,57.5,3,57.5,,12/3/2018
2006,BUFFRMFISHBT30,BUFFRMFISH2006JUN06,main,1,R,GL,N/A,6.9,17,0.100000001,13,27.3,2,25,3,57.5,,12/3/2018
2006,BUFFRMFISHBT30,BUFFRMFISH2006JUN06,main,2,L,GL,N/A,4,7,0,12,19.3,2,25,2,25,,12/3/2018
2006,BUFFRMFISHBT30,BUFFRMFISH2006JUN06,main,2,M,GL,N/A,4,17,0.100000001,12,19.3,2,25,2,25,,12/3/2018
2006,BUFFRMFISHBT30,BUFFRMFISH2006JUN06,main,2,R,GL,N/A,4,16,0.140000001,16,77,2,25,2,25,,12/3/2018
2006,BUFFRMFISHBT30,BUFFRMFISH2006JUN06,main,3,L,GL,N/A,6.1,7,0.159999996,15,54.5,2,25,4,87.5,,12/3/2018
2006,BUFFRMFISHBT30,BUFFRMFISH2006JUN06,main,3,M,GL,N/A,6.1,12,0.02,12,19.3,3,57.5,4,87.5,,12/3/2018
2006,BUFFRMFISHBT30,BUFFRMFISH2006JUN06,main,3,R,GL,N/A,6.1,27,0.079999998,12,19.3,3,57.5,4,87.5,,12/3/2018
2006,BUFFRMFISHBT30,BUFFRMFISH2006JUN06,main,4,L,RI,N/A,5.3,2,0.209999993,12,19.3,3,57.5,2,25,,12/3/2018
2006,BUFFRMFISHBT30,BUFFRMFISH2006JUN06,main,4,M,RI,N/A,5.3,12,0.159999996,16,77,3,57.5,2,25,,12/3/2018
2006,BUFFRMFISHBT30,BUFFRMFISH2006JUN06,main,4,R,RI,N/A,5.3,12,0.180000007,16,77,3,57.5,2,25,,12/3/2018
2006,BUFFRMFISHBT30,BUFFRMFISH2006JUN06,main,5,L,PO,M,6.9,48,0,9,6.85,3,57.5,3,57.5,,12/3/2018
2006,BUFFRMFISHBT30,BUFFRMFISH2006JUN06,main,5,M,PO,M,6.9,56,0.02,14,38.5,3,57.5,3,57.5,,12/3/2018
2006,BUFFRMFISHBT30,BUFFRMFISH2006JUN06,main,5,R,PO,M,6.9,27,0.029999999,12,19.3,3,57.5,2,25,,12/3/2018
2006,BUFFRMFISHBT30,BUFFRMFISH2006JUN06,main,6,L,RI,N/A,3.8,5,0.039999999,15,54.5,2,25,4,87.5,,12/3/2018
2006,BUFFRMFISHBT30,BUFFRMFISH2006JUN06,main,6,M,RI,N/A,3.8,14,0.289999992,15,54.5,2,25,4,87.5,,12/3/2018
2006,BUFFRMFISHBT30,BUFFRMFISH2006JUN06,main,6,R,RI,N/A,3.8,5,0.050000001,14,38.5,2,25,1,5,,12/3/2018
2006,BUFFRMFISHBT30,BUFFRMFISH2006JUN06,main,7,L,RU,N/A,3.4,34,0.129999995,14,38.5,3,57.5,4,87.5,,12/3/2018
2006,BUFFRMFISHBT30,BUFFRMFISH2006JUN06,main,7,M,RU,N/A,3.4,19,0,18,154,0,0,4,87.5,,12/3/2018
2006,BUFFRMFISHBT30,BUFFRMFISH2006JUN06,main,7,R,RU,N/A,3.4,12,0.01,15,54.5,2,25,4,87.5,,12/3/2018
2006,BUFFRMFISHBT30,BUFFRMFISH2006JUN06,main,8,L,PO,F,9,61,0,7,3,4,87.5,0,0,,12/3/2018
2006,BUFFRMFISHBT30,BUFFRMFISH2006JUN06,main,8,M,PO,F,9,92,0,24,10000,0,0,0,0,,12/3/2018
2006,BUFFRMFISHBT30,BUFFRMFISH2006JUN06,main,8,R,PO,F,9,84,0,24,10000,0,0,1,5,,12/3/2018
2006,BUFFRMFISHBT30,BUFFRMFISH2006JUN06,main,9,L,PO,F,7.9,48,0,6,1.5,4,87.5,2,25,,12/3/2018
2006,BUFFRMFISHBT30,BUFFRMFISH2006JUN06,main,9,M,PO,F,7.9,66,0,8,4.85,4,87.5,0,0,,12/3/2018
2006,BUFFRMFISHBT30,BUFFRMFISH2006JUN06,main,9,R,PO,F,7.9,84,0,10,9.65,3,57.5,1,5,,12/3/2018
2006,BUFFRMFISHBT30,BUFFRMFISH2006JUN06,main,10,L,RU,N/A,11.8,5,0.200000003,17,109,1,5,2,25,,12/3/2018
2006,BUFFRMFISHBT30,BUFFRMFISH2006JUN06,main,10,M,RU,N/A,11.8,4,0.100000001,14,38.5,2,25,2,25,,12/3/2018
2006,BUFFRMFISHBT30,BUFFRMFISH2006JUN06,main,10,R,RU,N/A,11.8,24,0.059999999,13,27.3,2,25,2,25,,12/3/2018
2006,BUFFRMFISHBT30,BUFFRMFISH2006JUN06,main,11,L,RI,N/A,12,10,0.029999999,21,437,1,5,3,57.5,,12/3/2018
2006,BUFFRMFISHBT30,BUFFRMFISH2006JUN06,main,11,M,RI,N/A,12,8,0.150000006,13,27.3,2,25,1,5,,12/3/2018
2006,BUFFRMFISHBT30,BUFFRMFISH2006JUN06,main,11,R,RI,N/A,12,5,0.050000001,13,27.3,2,25,2,25,,12/3/2018
2006,BUFFRMFISHBT31,BUFFRMFISH2006JUN06,main,1,L,RI,N/A,11.1,4,0.029999999,13,27.3,3,57.5,3,57.5,,12/3/2018
2006,BUFFRMFISHBT31,BUFFRMFISH2006JUN06,main,1,M,RI,N/A,11.1,5,0.01,12,19.3,3,57.5,1,5,,12/3/2018
2006,BUFFRMFISHBT31,BUFFRMFISH2006JUN06,main,1,R,RI,N/A,11.1,4,0.159999996,13,27.3,2,25,0,0,,12/3/2018
2006,BUFFRMFISHBT31,BUFFRMFISH2006JUN06,main,2,L,RU,N/A,4.6,26,0.02,13,27.3,2,25,3,57.5,,12/3/2018
2006,BUFFRMFISHBT31,BUFFRMFISH2006JUN06,main,2,M,RU,N/A,4.6,14,0.029999999,10,9.65,3,57.5,3,57.5,,12/3/2018
2006,BUFFRMFISHBT31,BUFFRMFISH2006JUN06,main,2,R,RU,N/A,4.6,4,0,14,38.5,3,57.5,3,57.5,,12/3/2018
2006,BUFFRMFISHBT31,BUFFRMFISH2006JUN06,main,3,L,RU,N/A,5.1,5,0.01,13,27.3,3,57.5,4,87.5,,12/3/2018
2006,BUFFRMFISHBT31,BUFFRMFISH2006JUN06,main,3,M,RU,N/A,5.1,6,0.050000001,13,27.3,3,57.5,3,57.5,,12/3/2018
2006,BUFFRMFISHBT31,BUFFRMFISH2006JUN06,main,3,R,RU,N/A,5.1,7,0.150000006,12,19.3,3,57.5,3,57.5,,12/3/2018
2006,BUFFRMFISHBT31,BUFFRMFISH2006JUN06,main,4,L,RU,N/A,4.2,12,0.02,4,0.375,4,87.5,4,87.5,,12/3/2018
2006,BUFFRMFISHBT31,BUFFRMFISH2006JUN06,main,4,M,RU,N/A,4.2,20,0.039999999,13,27.3,3,57.5,4,87.5,,12/3/2018
2006,BUFFRMFISHBT31,BUFFRMFISH2006JUN06,main,4,R,RU,N/A,4.2,13,0.07,4,0.375,4,87.5,2,25,,12/3/2018
2006,BUFFRMFISHBT31,BUFFRMFISH2006JUN06,main,5,L,RI,N/A,4.5,2,0.090000004,10,9.65,3,57.5,4,87.5,,12/3/2018
2006,BUFFRMFISHBT31,BUFFRMFISH2006JUN06,main,5,M,RI,N/A,4.5,2,0.150000006,10,9.65,3,57.5,4,87.5,,12/3/2018
2006,BUFFRMFISHBT31,BUFFRMFISH2006JUN06,main,5,R,RI,N/A,4.5,2,0.079999998,10,9.65,3,57.5,4,87.5,,12/3/2018
2006,BUFFRMFISHBT31,BUFFRMFISH2006JUN06,main,6,L,PO,L,7.3,4,0,10,9.65,3,57.5,2,25,,12/3/2018
2006,BUFFRMFISHBT31,BUFFRMFISH2006JUN06,main,6,M,PO,L,7.3,26,0.01,14,38.5,3,57.5,2,25,,12/3/2018
2006,BUFFRMFISHBT31,BUFFRMFISH2006JUN06,main,6,R,PO,L,7.3,48,0.02,10,9.65,3,57.5,2,25,,12/3/2018
2006,BUFFRMFISHBT31,BUFFRMFISH2006JUN06,main,7,L,GL,N/A,6.1,2,0,11,13.65,3,57.5,2,25,,12/3/2018
2006,BUFFRMFISHBT31,BUFFRMFISH2006JUN06,main,7,M,GL,N/A,6.1,8,0.050000001,12,19.3,3,57.5,2,25,,12/3/2018
2006,BUFFRMFISHBT31,BUFFRMFISH2006JUN06,main,7,R,GL,N/A,6.1,16,0.090000004,13,27.3,2,25,3,57.5,,12/3/2018
2006,BUFFRMFISHBT31,BUFFRMFISH2006JUN06,main,8,L,RI,N/A,5,6,0.01,13,27.3,3,57.5,2,25,,12/3/2018
2006,BUFFRMFISHBT31,BUFFRMFISH2006JUN06,main,8,M,RI,N/A,5,9,0.189999998,13,27.3,3,57.5,3,57.5,,12/3/2018
2006,BUFFRMFISHBT31,BUFFRMFISH2006JUN06,main,8,R,RI,N/A,5,7,0.050000001,6,1.5,4,87.5,4,87.5,,12/3/2018
2006,BUFFRMFISHBT31,BUFFRMFISH2006JUN06,main,9,L,RI,N/A,5.8,9,0.170000002,13,27.3,3,57.5,2,25,,12/3/2018
2006,BUFFRMFISHBT31,BUFFRMFISH2006JUN06,main,9,M,RI,N/A,5.8,7,0.039999999,11,13.65,3,57.5,2,25,,12/3/2018
2006,BUFFRMFISHBT31,BUFFRMFISH2006JUN06,main,9,R,RI,N/A,5.8,10,0.029999999,14,38.5,3,57.5,4,87.5,,12/3/2018
2006,BUFFRMFISHBT31,BUFFRMFISH2006JUN06,main,10,L,RI,N/A,8.3,8,0.400000006,15,54.5,2,25,2,25,,12/3/2018
2006,BUFFRMFISHBT31,BUFFRMFISH2006JUN06,main,10,M,RI,N/A,8.3,6,0.119999997,14,38.5,2,25,2,25,,12/3/2018
2006,BUFFRMFISHBT31,BUFFRMFISH2006JUN06,main,10,R,RI,N/A,8.3,4,0.209999993,13,27.3,2,25,3,57.5,,12/3/2018
2006,BUFFRMFISHBT31,BUFFRMFISH2006JUN06,main,11,L,PGX,L,7.7,37,0.01,14,38.5,3,57.5,1,5,,12/3/2018
2006,BUFFRMFISHBT31,BUFFRMFISH2006JUN06,main,11,M,PGX,L,7.7,28,0,14,38.5,2,25,1,5,,12/3/2018
2006,BUFFRMFISHBT31,BUFFRMFISH2006JUN06,main,11,R,PGX,L,7.7,6,0.01,14,38.5,2,25,0,0,,12/3/2018
2007,BUFFRMFISHBM01,BUFFRMFish2007May22,main,1,L,RI,N/A,21,30,0.270000011,21,437,2,25,0,0,,12/3/2018
2007,BUFFRMFISHBM01,BUFFRMFish2007May22,main,1,M,RI,N/A,21,58,0.730000019,15,54.5,2,25,0,0,,12/3/2018
2007,BUFFRMFISHBM01,BUFFRMFish2007May22,main,1,R,RI,N/A,21,22,0.209999993,14,38.5,2,25,0,0,,12/3/2018
2007,BUFFRMFISHBM01,BUFFRMFish2007May22,main,2,L,RI,N/A,20,42,0.449999988,18,154,2,25,2,25,,12/3/2018
2007,BUFFRMFISHBM01,BUFFRMFish2007May22,main,2,M,RI,N/A,20,48,0.439999998,16,77,2,25,0,0,,12/3/2018
2007,BUFFRMFISHBM01,BUFFRMFish2007May22,main,2,R,RI,N/A,20,24,0.280000001,17,109,2,25,0,0,,12/3/2018
2007,BUFFRMFISHBM01,BUFFRMFish2007May22,main,3,L,RU,N/A,21,44,0.370000005,17,109,2,25,0,0,,12/3/2018
2007,BUFFRMFISHBM01,BUFFRMFish2007May22,main,3,M,RU,N/A,21,36,0.5,16,77,2,25,0,0,,12/3/2018
2007,BUFFRMFISHBM01,BUFFRMFish2007May22,main,3,R,RU,N/A,21,24,0.180000007,14,38.5,2,25,0,0,,12/3/2018
2007,BUFFRMFISHBM01,BUFFRMFish2007May22,main,4,L,RU,N/A,20,36,0.430000007,16,77,2,25,0,0,,12/3/2018
2007,BUFFRMFISHBM01,BUFFRMFish2007May22,main,4,M,RU,N/A,20,30,0.150000006,15,54.5,2,25,0,0,,12/3/2018
2007,BUFFRMFISHBM01,BUFFRMFish2007May22,main,4,R,RU,N/A,20,26,0.189999998,14,38.5,2,25,0,0,,12/3/2018
2007,BUFFRMFISHBM01,BUFFRMFish2007May22,main,5,L,GL,N/A,24,48,0.119999997,13,27.3,3,57.5,0,0,,12/3/2018
2007,BUFFRMFISHBM01,BUFFRMFish2007May22,main,5,M,GL,N/A,24,78,0.189999998,15,54.5,3,57.5,0,0,,12/3/2018
2007,BUFFRMFISHBM01,BUFFRMFish2007May22,main,5,R,GL,N/A,24,58,0.07,19,218,2,25,0,0,,12/3/2018
2007,BUFFRMFISHBM01,BUFFRMFish2007May22,main,6,L,PO,M,35,64,0.039999999,10,9.65,4,87.5,0,0,,12/3/2018
2007,BUFFRMFISHBM01,BUFFRMFish2007May22,main,6,M,PO,M,35,72,0.100000001,15,54.5,2,25,0,0,,12/3/2018
2007,BUFFRMFISHBM01,BUFFRMFish2007May22,main,6,R,PO,M,35,82,0.07,15,54.5,3,57.5,0,0,,12/3/2018
2007,BUFFRMFISHBM01,BUFFRMFish2007May22,main,7,L,PO,M,27,100,0.01,18,154,3,57.5,0,0,,12/3/2018
2007,BUFFRMFISHBM01,BUFFRMFish2007May22,main,7,M,PO,M,27,168,0.059999999,16,77,3,57.5,0,0,,12/3/2018
2007,BUFFRMFISHBM01,BUFFRMFish2007May22,main,7,R,PO,M,27,118,0.07,21,437,3,57.5,0,0,,12/3/2018
2007,BUFFRMFISHBM01,BUFFRMFish2007May22,main,8,L,PO,M,30,122,0.02,12,19.3,3,57.5,0,0,,12/3/2018
2007,BUFFRMFISHBM01,BUFFRMFish2007May22,main,8,M,PO,M,30,180,0.050000001,22,768,3,57.5,0,0,,12/3/2018
2007,BUFFRMFISHBM01,BUFFRMFish2007May22,main,8,R,PO,M,30,192,0.059999999,17,109,3,57.5,0,0,,12/3/2018
2007,BUFFRMFISHBM01,BUFFRMFish2007May22,main,9,L,PO,M,30,102,0.079999998,13,27.3,3,57.5,0,0,,12/3/2018
2007,BUFFRMFISHBM01,BUFFRMFish2007May22,main,9,M,PO,M,30,104,0.050000001,18,154,2,25,0,0,,12/3/2018
2007,BUFFRMFISHBM01,BUFFRMFish2007May22,main,9,R,PO,M,30,164,0.01,20,309,3,57.5,0,0,,12/3/2018
2007,BUFFRMFISHBM01,BUFFRMFish2007May22,main,10,L,PO,M,29,102,0.059999999,13,27.3,3,57.5,0,0,,12/3/2018
2007,BUFFRMFISHBM01,BUFFRMFish2007May22,main,10,M,PO,M,29,100,0.059999999,15,54.5,3,57.5,0,0,,12/3/2018
2007,BUFFRMFISHBM01,BUFFRMFish2007May22,main,10,R,PO,M,29,80,0.07,19,218,2,25,0,0,,12/3/2018
2007,BUFFRMFISHBM01,BUFFRMFish2007May22,main,11,L,PO,M,34,56,0.119999997,14,38.5,3,57.5,0,0,,12/3/2018
2007,BUFFRMFISHBM01,BUFFRMFish2007May22,main,11,M,PO,M,34,50,0.07,13,27.3,3,57.5,0,0,,12/3/2018
2007,BUFFRMFISHBM01,BUFFRMFish2007May22,main,11,R,PO,M,34,80,0.07,24,10000,0,0,0,0,,12/3/2018
2007,BUFFRMFISHBM01,BUFFRMFish2007May22,side channel,1,L,GL,N/A,15,12,-0.02,10,9.65,3,57.5,0,0,,12/3/2018
2007,BUFFRMFISHBM01,BUFFRMFish2007May22,side channel,1,M,GL,N/A,15,14,0,16,77,2,25,0,0,,12/3/2018
2007,BUFFRMFISHBM01,BUFFRMFish2007May22,side channel,1,R,GL,N/A,15,18,0.029999999,14,38.5,2,25,0,0,,12/3/2018
2007,BUFFRMFISHBM01,BUFFRMFish2007May22,side channel,2,L,GL,N/A,13,4,-0.039999999,14,38.5,3,57.5,0,0,,12/3/2018
2007,BUFFRMFISHBM01,BUFFRMFish2007May22,side channel,2,M,GL,N/A,13,14,0.07,20,309,3,57.5,0,0,,12/3/2018
2007,BUFFRMFISHBM01,BUFFRMFish2007May22,side channel,2,R,GL,N/A,13,10,0.039999999,18,154,2,25,0,0,,12/3/2018
2007,BUFFRMFISHBM01,BUFFRMFish2007May22,side channel,3,L,RI,N/A,8.2,12,0.079999998,15,54.5,2,25,,,,12/3/2018
2007,BUFFRMFISHBM01,BUFFRMFish2007May22,side channel,3,M,RI,N/A,8.2,8,0.029999999,16,77,2,25,0,0,,12/3/2018
2007,BUFFRMFISHBM01,BUFFRMFish2007May22,side channel,3,R,RI,N/A,8.2,6,0.050000001,15,54.5,2,25,0,0,,12/3/2018
2007,BUFFRMFISHBM01,BUFFRMFish2007May22,side channel,4,L,GL,N/A,6,12,0.050000001,16,77,2,25,3,57.5,,12/3/2018
2007,BUFFRMFISHBM01,BUFFRMFish2007May22,side channel,4,M,GL,N/A,6,4,0.01,15,54.5,2,25,0,0,,12/3/2018
2007,BUFFRMFISHBM01,BUFFRMFish2007May22,side channel,4,R,GL,N/A,6,8,0.01,15,54.5,2,25,0,0,,12/3/2018
2007,BUFFRMFISHBM01,BUFFRMFish2007May22,side channel,5,L,RI,N/A,5,2,0.039999999,16,77,2,25,3,57.5,,12/3/2018
2007,BUFFRMFISHBM01,BUFFRMFish2007May22,side channel,5,M,RI,N/A,5,2,0.039999999,16,77,2,25,2,25,,12/3/2018
2007,BUFFRMFISHBM01,BUFFRMFish2007May22,side channel,5,R,RI,N/A,5,6,0.090000004,15,54.5,2,25,1,5,,12/3/2018
2007,BUFFRMFISHBM02,BUFFRMFish2007May23,main,1,L,GL,N/A,31,38,0.400000006,13,27.3,2,25,0,0,,12/3/2018
2007,BUFFRMFISHBM02,BUFFRMFish2007May23,main,1,M,GL,N/A,31,38,0.189999998,14,38.5,2,25,0,0,,12/3/2018
2007,BUFFRMFISHBM02,BUFFRMFish2007May23,main,1,R,GL,N/A,31,28,0.100000001,15,54.5,2,25,3,57.5,,12/3/2018
2007,BUFFRMFISHBM02,BUFFRMFish2007May23,main,2,L,GL,N/A,33,28,0.129999995,12,19.3,2,25,0,0,,12/3/2018
2007,BUFFRMFISHBM02,BUFFRMFish2007May23,main,2,M,GL,N/A,33,30,0.200000003,13,27.3,3,57.5,0,0,,12/3/2018
2007,BUFFRMFISHBM02,BUFFRMFish2007May23,main,2,R,GL,N/A,33,84,0.209999993,16,77,3,57.5,4,87.5,,12/3/2018
2007,BUFFRMFISHBM02,BUFFRMFish2007May23,main,3,L,PGX,N/A,33,50,0.100000001,10,9.65,4,87.5,0,0,,12/3/2018
2007,BUFFRMFISHBM02,BUFFRMFish2007May23,main,3,M,PGX,N/A,33,62,0.129999995,13,27.3,3,57.5,0,0,,12/3/2018
2007,BUFFRMFISHBM02,BUFFRMFish2007May23,main,3,R,PGX,N/A,33,86,0.180000007,24,10000,0,0,3,57.5,,12/3/2018
2007,BUFFRMFISHBM02,BUFFRMFish2007May23,main,4,L,PO,L,30,100,-0.01,9,6.85,4,87.5,0,0,,12/3/2018
2007,BUFFRMFISHBM02,BUFFRMFish2007May23,main,4,M,PO,L,30,120,0.050000001,14,38.5,3,57.5,0,0,,12/3/2018
2007,BUFFRMFISHBM02,BUFFRMFish2007May23,main,4,R,PO,L,30,188,0.289999992,24,10000,0,0,0,0,,12/3/2018
2007,BUFFRMFISHBM02,BUFFRMFish2007May23,main,5,L,RU,N/A,22,180,0.029999999,12,19.3,3,57.5,0,0,,12/3/2018
2007,BUFFRMFISHBM02,BUFFRMFish2007May23,main,5,M,RU,N/A,22,170,0.200000003,24,10000,0,0,0,0,,12/3/2018
2007,BUFFRMFISHBM02,BUFFRMFish2007May23,main,5,R,RU,N/A,22,140,0.360000014,24,10000,0,0,1,5,,12/3/2018
2007,BUFFRMFISHBM02,BUFFRMFish2007May23,main,6,L,RRX,N/A,18,24,0.629999995,14,38.5,2,25,0,0,,12/3/2018
2007,BUFFRMFISHBM02,BUFFRMFish2007May23,main,6,M,RRX,N/A,18,30,0.850000024,12,19.3,2,25,0,0,,12/3/2018
2007,BUFFRMFISHBM02,BUFFRMFish2007May23,main,6,R,RRX,N/A,18,64,0.639999986,12,19.3,2,25,4,87.5,,12/3/2018
2007,BUFFRMFISHBM02,BUFFRMFish2007May23,main,7,L,PO,M,31,146,0.02,14,38.5,3,57.5,2,25,,12/3/2018
2007,BUFFRMFISHBM02,BUFFRMFish2007May23,main,7,M,PO,M,31,170,0.059999999,14,38.5,3,57.5,0,0,,12/3/2018
2007,BUFFRMFISHBM02,BUFFRMFish2007May23,main,7,R,PO,M,31,154,0.07,1,0.031,4,87.5,4,87.5,,12/3/2018
2007,BUFFRMFISHBM02,BUFFRMFish2007May23,main,8,L,PO,F,27,194,0.07,24,10000,0,0,1,5,,12/3/2018
2007,BUFFRMFISHBM02,BUFFRMFish2007May23,main,8,M,PO,F,27,210,0.07,12,19.3,3,57.5,1,5,,12/3/2018
2007,BUFFRMFISHBM02,BUFFRMFish2007May23,main,8,R,PO,F,27,40,0.01,1,0.031,4,87.5,2,25,,12/3/2018
2007,BUFFRMFISHBM02,BUFFRMFish2007May23,main,9,L,PO,F,20,220,0.059999999,12,19.3,3,57.5,3,57.5,,12/3/2018
2007,BUFFRMFISHBM02,BUFFRMFish2007May23,main,9,M,PO,F,20,138,0.079999998,13,27.3,3,57.5,0,0,,12/3/2018
2007,BUFFRMFISHBM02,BUFFRMFish2007May23,main,9,R,PO,F,20,60,-0.02,11,13.65,4,87.5,1,5,,12/3/2018
2007,BUFFRMFISHBM02,BUFFRMFish2007May23,main,10,L,PO,F,24,110,0.140000001,23,2560,0,0,0,0,,12/3/2018
2007,BUFFRMFISHBM02,BUFFRMFish2007May23,main,10,M,PO,F,24,102,0.119999997,12,19.3,3,57.5,0,0,,12/3/2018
2007,BUFFRMFISHBM02,BUFFRMFish2007May23,main,10,R,PO,F,24,60,0.02,12,19.3,3,57.5,0,0,,12/3/2018
2007,BUFFRMFISHBM02,BUFFRMFish2007May23,main,11,L,RU,N/A,26,64,0.389999986,13,27.3,2,25,2,25,,12/3/2018
2007,BUFFRMFISHBM02,BUFFRMFish2007May23,main,11,M,RU,N/A,26,80,0.230000004,11,13.65,3,57.5,0,0,,12/3/2018
2007,BUFFRMFISHBM02,BUFFRMFish2007May23,main,11,R,RU,N/A,26,60,0.189999998,12,19.3,2,25,0,0,,12/3/2018
2007,BUFFRMFISHBM03,BUFFRMFish2007May30,main,1,L,GL,N/A,48,36,0.039999999,13,27.3,2,25,0,0,,12/3/2018
2007,BUFFRMFISHBM03,BUFFRMFish2007May30,main,1,M,GL,N/A,48,42,0.079999998,15,54.5,2,25,0,0,,12/3/2018
2007,BUFFRMFISHBM03,BUFFRMFish2007May30,main,1,R,GL,N/A,48,40,0.529999971,13,27.3,2,25,0,0,,12/3/2018
2007,BUFFRMFISHBM03,BUFFRMFish2007May30,main,2,L,GL,N/A,49,70,0.090000004,16,77,2,25,0,0,,12/3/2018
2007,BUFFRMFISHBM03,BUFFRMFish2007May30,main,2,M,GL,N/A,49,88,0.109999999,16,77,2,25,0,0,,12/3/2018
2007,BUFFRMFISHBM03,BUFFRMFish2007May30,main,2,R,GL,N/A,49,60,0.129999995,9,6.85,4,87.5,0,0,,12/3/2018
2007,BUFFRMFISHBM03,BUFFRMFish2007May30,main,3,L,PGX,N/A,49,110,0,18,154,3,57.5,0,0,,12/3/2018
2007,BUFFRMFISHBM03,BUFFRMFish2007May30,main,3,M,PGX,N/A,49,142,0.090000004,16,77,2,25,0,0,,12/3/2018
2007,BUFFRMFISHBM03,BUFFRMFish2007May30,main,3,R,PGX,N/A,49,50,0.100000001,9,6.85,4,87.5,2,25,,12/3/2018
2007,BUFFRMFISHBM03,BUFFRMFish2007May30,main,4,L,PO,M,30,138,-0.039999999,24,10000,0,0,0,0,,12/3/2018
2007,BUFFRMFISHBM03,BUFFRMFish2007May30,main,4,M,PO,M,30,134,0.159999996,15,54.5,2,25,0,0,,12/3/2018
2007,BUFFRMFISHBM03,BUFFRMFish2007May30,main,4,R,PO,M,30,58,0.119999997,13,27.3,3,57.5,0,0,,12/3/2018
2007,BUFFRMFISHBM03,BUFFRMFish2007May30,main,5,L,PO,M,25,138,0.01,21,437,2,25,1,5,,12/3/2018
2007,BUFFRMFISHBM03,BUFFRMFish2007May30,main,5,M,PO,M,25,136,0.140000001,24,10000,0,0,0,0,,12/3/2018
2007,BUFFRMFISHBM03,BUFFRMFish2007May30,main,5,R,PO,M,25,88,0.01,15,54.5,1,5,0,0,,12/3/2018
2007,BUFFRMFISHBM03,BUFFRMFish2007May30,main,6,L,PO,L,27,136,0.079999998,24,10000,0,0,1,5,,12/3/2018
2007,BUFFRMFISHBM03,BUFFRMFish2007May30,main,6,M,PO,L,27,90,0.200000003,15,54.5,2,25,0,0,,12/3/2018
2007,BUFFRMFISHBM03,BUFFRMFish2007May30,main,6,R,PO,L,27,52,0.129999995,14,38.5,2,25,0,0,,12/3/2018
2007,BUFFRMFISHBM03,BUFFRMFish2007May30,main,7,L,PO,F,33,102,0.100000001,19,218,2,25,0,0,,12/3/2018
2007,BUFFRMFISHBM03,BUFFRMFish2007May30,main,7,M,PO,F,33,178,0.129999995,24,10000,0,0,0,0,,12/3/2018
2007,BUFFRMFISHBM03,BUFFRMFish2007May30,main,7,R,PO,F,33,130,0.100000001,14,38.5,2,25,0,0,,12/3/2018
2007,BUFFRMFISHBM03,BUFFRMFish2007May30,main,8,L,PO,F,30,140,0.159999996,24,10000,0,0,0,0,,12/3/2018
2007,BUFFRMFISHBM03,BUFFRMFish2007May30,main,8,M,PO,F,30,184,0.129999995,24,10000,0,0,0,0,,12/3/2018
2007,BUFFRMFISHBM03,BUFFRMFish2007May30,main,8,R,PO,F,30,50,0.02,11,13.65,3,57.5,0,0,,12/3/2018
2007,BUFFRMFISHBM03,BUFFRMFish2007May30,main,9,L,PO,F,37,130,0.039999999,10,9.65,3,57.5,0,0,,12/3/2018
2007,BUFFRMFISHBM03,BUFFRMFish2007May30,main,9,M,PO,F,37,120,0.150000006,14,38.5,3,57.5,0,0,,12/3/2018
2007,BUFFRMFISHBM03,BUFFRMFish2007May30,main,9,R,PO,F,37,62,0.090000004,11,13.65,3,57.5,0,0,,12/3/2018
2007,BUFFRMFISHBM03,BUFFRMFish2007May30,main,10,L,RU,N/A,42,138,0.02,24,10000,0,0,0,0,,12/3/2018
2007,BUFFRMFISHBM03,BUFFRMFish2007May30,main,10,M,RU,N/A,42,80,0.200000003,13,27.3,2,25,0,0,,12/3/2018
2007,BUFFRMFISHBM03,BUFFRMFish2007May30,main,10,R,RU,N/A,42,70,0.280000001,11,13.65,3,57.5,0,0,,12/3/2018
2007,BUFFRMFISHBM03,BUFFRMFish2007May30,main,11,L,RRX,N/A,32,40,0.469999999,14,38.5,1,5,0,0,,12/3/2018
2007,BUFFRMFISHBM03,BUFFRMFish2007May30,main,11,M,RRX,N/A,32,54,0.370000005,14,38.5,2,25,0,0,,12/3/2018
2007,BUFFRMFISHBM03,BUFFRMFish2007May30,main,11,R,RRX,N/A,32,52,0.569999993,12,19.3,2,25,0,0,,12/3/2018
2007,BUFFRMFISHBM04,BUFFRMFish2007May31,main,1,L,RU,N/A,33,4,0,12,19.3,2,25,0,0,,12/3/2018
2007,BUFFRMFISHBM04,BUFFRMFish2007May31,main,1,M,RU,N/A,33,28,0.74000001,15,54.5,2,25,0,0,,12/3/2018
2007,BUFFRMFISHBM04,BUFFRMFish2007May31,main,1,R,RU,N/A,33,60,1.080000043,16,77,2,25,0,0,,12/3/2018
2007,BUFFRMFISHBM04,BUFFRMFish2007May31,main,2,L,RU,N/A,25,52,0.540000021,14,38.5,2,25,0,0,,12/3/2018
2007,BUFFRMFISHBM04,BUFFRMFish2007May31,main,2,M,RU,N/A,25,58,0.709999979,17,109,3,57.5,0,0,,12/3/2018
2007,BUFFRMFISHBM04,BUFFRMFish2007May31,main,2,R,RU,N/A,25,50,0.639999986,16,77,2,25,0,0,,12/3/2018
2007,BUFFRMFISHBM04,BUFFRMFish2007May31,main,3,L,RU,N/A,44,8,0.129999995,12,19.3,2,25,0,0,,12/3/2018
2007,BUFFRMFISHBM04,BUFFRMFish2007May31,main,3,M,RU,N/A,44,50,0.639999986,17,109,2,25,0,0,,12/3/2018
2007,BUFFRMFISHBM04,BUFFRMFish2007May31,main,3,R,RU,N/A,44,8,0,13,27.3,3,57.5,0,0,,12/3/2018
2007,BUFFRMFISHBM04,BUFFRMFish2007May31,main,4,L,PO,M,60,86,0.07,24,10000,0,0,0,0,,12/3/2018
2007,BUFFRMFISHBM04,BUFFRMFish2007May31,main,4,M,PO,M,60,106,0.090000004,24,10000,0,0,0,0,,12/3/2018
2007,BUFFRMFISHBM04,BUFFRMFish2007May31,main,4,R,PO,M,60,146,0.07,24,10000,0,0,0,0,,12/3/2018
2007,BUFFRMFISHBM04,BUFFRMFish2007May31,main,5,L,PO,L,56,60,0.079999998,7,3,4,87.5,0,0,,12/3/2018
2007,BUFFRMFISHBM04,BUFFRMFish2007May31,main,5,M,PO,L,56,52,0.159999996,24,10000,0,0,0,0,,12/3/2018
2007,BUFFRMFISHBM04,BUFFRMFish2007May31,main,5,R,PO,L,56,102,0.180000007,24,10000,0,0,0,0,,12/3/2018
2007,BUFFRMFISHBM04,BUFFRMFish2007May31,main,6,L,PO,L,59,70,0.119999997,24,10000,0,0,0,0,,12/3/2018
2007,BUFFRMFISHBM04,BUFFRMFish2007May31,main,6,M,PO,L,59,78,0.159999996,11,13.65,3,57.5,0,0,,12/3/2018
2007,BUFFRMFISHBM04,BUFFRMFish2007May31,main,6,R,PO,L,59,100,0.140000001,24,10000,0,0,0,0,,12/3/2018
2007,BUFFRMFISHBM04,BUFFRMFish2007May31,main,7,L,GL,N/A,55,74,0.180000007,12,19.3,3,57.5,0,0,,12/3/2018
2007,BUFFRMFISHBM04,BUFFRMFish2007May31,main,7,M,GL,N/A,55,62,0.170000002,11,13.65,2,25,0,0,,12/3/2018
2007,BUFFRMFISHBM04,BUFFRMFish2007May31,main,7,R,GL,N/A,55,84,0.170000002,10,9.65,3,57.5,0,0,,12/3/2018
2007,BUFFRMFISHBM04,BUFFRMFish2007May31,main,8,L,PGX,N/A,50,12,0.059999999,19,218,0,0,0,0,,12/3/2018
2007,BUFFRMFISHBM04,BUFFRMFish2007May31,main,8,M,PGX,N/A,50,68,0.200000003,24,10000,0,0,0,0,,12/3/2018
2007,BUFFRMFISHBM04,BUFFRMFish2007May31,main,8,R,PGX,N/A,50,104,0.180000007,24,10000,0,0,0,0,,12/3/2018
2007,BUFFRMFISHBM04,BUFFRMFish2007May31,main,9,L,PGX,N/A,57,116,0.109999999,5,0.75,4,87.5,0,0,,12/3/2018
2007,BUFFRMFISHBM04,BUFFRMFish2007May31,main,9,M,PGX,N/A,57,80,0.239999995,24,10000,0,0,0,0,,12/3/2018
2007,BUFFRMFISHBM04,BUFFRMFish2007May31,main,9,R,PGX,N/A,57,57,0.109999999,24,10000,0,0,1,5,,12/3/2018
2007,BUFFRMFISHBM04,BUFFRMFish2007May31,main,10,L,PGX,N/A,54,112,0.25,24,10000,0,0,0,0,,12/3/2018
2007,BUFFRMFISHBM04,BUFFRMFish2007May31,main,10,M,PGX,N/A,54,88,0.059999999,24,10000,0,0,0,0,,12/3/2018
2007,BUFFRMFISHBM04,BUFFRMFish2007May31,main,10,R,PGX,N/A,54,63,-0.050000001,24,10000,0,0,0,0,,12/3/2018
2007,BUFFRMFISHBM04,BUFFRMFish2007May31,main,11,L,PO,L,53,109,0.129999995,22,768,0,0,0,0,,12/3/2018
2007,BUFFRMFISHBM04,BUFFRMFish2007May31,main,11,M,PO,L,53,98,0.119999997,24,10000,0,0,0,0,,12/3/2018
2007,BUFFRMFISHBM04,BUFFRMFish2007May31,main,11,R,PO,L,53,62,-0.039999999,24,10000,0,0,0,0,,12/3/2018
2007,BUFFRMFISHBM05,BUFFRMFish2007Jun20,main,1,L,GL,N/A,46,38,0.150000006,14,38.5,3,57.5,0,0,,12/3/2018
2007,BUFFRMFISHBM05,BUFFRMFish2007Jun20,main,1,M,GL,N/A,46,75,0.270000011,13,27.3,3,57.5,0,0,,12/3/2018
2007,BUFFRMFISHBM05,BUFFRMFish2007Jun20,main,1,R,GL,N/A,46,128,0.319999993,10,9.65,3,57.5,0,0,,12/3/2018
2007,BUFFRMFISHBM05,BUFFRMFish2007Jun20,main,2,L,GL,N/A,53,43,0.100000001,13,27.3,3,57.5,0,0,,12/3/2018
2007,BUFFRMFISHBM05,BUFFRMFish2007Jun20,main,2,M,GL,N/A,53,88,0.289999992,11,13.65,3,57.5,0,0,,12/3/2018
2007,BUFFRMFISHBM05,BUFFRMFish2007Jun20,main,2,R,GL,N/A,53,98,0.289999992,24,10000,0,0,0,0,,12/3/2018
2007,BUFFRMFISHBM05,BUFFRMFish2007Jun20,main,3,L,GL,N/A,48,66,0.150000006,10,9.65,3,57.5,0,0,,12/3/2018
2007,BUFFRMFISHBM05,BUFFRMFish2007Jun20,main,3,M,GL,N/A,48,112,0.310000002,9,6.85,3,57.5,0,0,,12/3/2018
2007,BUFFRMFISHBM05,BUFFRMFish2007Jun20,main,3,R,GL,N/A,48,91,0.319999993,24,10000,0,0,0,0,,12/3/2018
2007,BUFFRMFISHBM05,BUFFRMFish2007Jun20,main,4,L,GL,N/A,50,66,0.310000002,11,13.65,3,57.5,0,0,,12/3/2018
2007,BUFFRMFISHBM05,BUFFRMFish2007Jun20,main,4,M,GL,N/A,50,84,0.300000012,12,19.3,3,57.5,0,0,,12/3/2018
2007,BUFFRMFISHBM05,BUFFRMFish2007Jun20,main,4,R,GL,N/A,50,106,0.340000004,9,6.85,3,57.5,0,0,,12/3/2018
2007,BUFFRMFISHBM05,BUFFRMFish2007Jun20,main,5,L,RU,N/A,54,50,0.419999987,11,13.65,2,25,0,0,,12/3/2018
2007,BUFFRMFISHBM05,BUFFRMFish2007Jun20,main,5,M,RU,N/A,54,76,0.319999993,11,13.65,3,57.5,0,0,,12/3/2018
2007,BUFFRMFISHBM05,BUFFRMFish2007Jun20,main,5,R,RU,N/A,54,28,0.209999993,8,4.85,4,87.5,0,0,,12/3/2018
2007,BUFFRMFISHBM05,BUFFRMFish2007Jun20,main,6,L,RU,N/A,51,88,0.379999995,11,13.65,2,25,0,0,,12/3/2018
2007,BUFFRMFISHBM05,BUFFRMFish2007Jun20,main,6,M,RU,N/A,51,92,0.270000011,11,13.65,3,57.5,0,0,,12/3/2018
2007,BUFFRMFISHBM05,BUFFRMFish2007Jun20,main,6,R,RU,N/A,51,73,0.200000003,7,3,4,87.5,0,0,,12/3/2018
2007,BUFFRMFISHBM05,BUFFRMFish2007Jun20,main,7,L,RU,N/A,54,111,0.340000004,11,13.65,3,57.5,0,0,,12/3/2018
2007,BUFFRMFISHBM05,BUFFRMFish2007Jun20,main,7,M,RU,N/A,54,110,0.090000004,8,4.85,4,87.5,0,0,,12/3/2018
2007,BUFFRMFISHBM05,BUFFRMFish2007Jun20,main,7,R,RU,N/A,54,81,0.01,10,9.65,4,87.5,0,0,,12/3/2018
2007,BUFFRMFISHBM05,BUFFRMFish2007Jun20,main,8,L,RU,N/A,37,79,0.300000012,24,10000,0,0,0,0,,12/3/2018
2007,BUFFRMFISHBM05,BUFFRMFish2007Jun20,main,8,M,RU,N/A,37,73,0.270000011,11,13.65,3,57.5,0,0,,12/3/2018
2007,BUFFRMFISHBM05,BUFFRMFish2007Jun20,main,8,R,RU,N/A,37,48,0.310000002,11,13.65,3,57.5,0,0,,12/3/2018
2007,BUFFRMFISHBM05,BUFFRMFish2007Jun20,main,9,L,RU,N/A,37,66,0.360000014,10,9.65,3,57.5,0,0,,12/3/2018
2007,BUFFRMFISHBM05,BUFFRMFish2007Jun20,main,9,M,RU,N/A,37,78,0.310000002,13,27.3,2,25,0,0,,12/3/2018
2007,BUFFRMFISHBM05,BUFFRMFish2007Jun20,main,9,R,RU,N/A,37,96,0.079999998,24,10000,0,0,0,0,,12/3/2018
2007,BUFFRMFISHBM05,BUFFRMFish2007Jun20,main,10,L,RU,N/A,39,60,0.379999995,10,9.65,3,57.5,0,0,,12/3/2018
2007,BUFFRMFISHBM05,BUFFRMFish2007Jun20,main,10,M,RU,N/A,39,104,0.360000014,11,13.65,3,57.5,0,0,,12/3/2018
2007,BUFFRMFISHBM05,BUFFRMFish2007Jun20,main,10,R,RU,N/A,39,133,0.340000004,24,10000,0,0,0,0,,12/3/2018
2007,BUFFRMFISHBM05,BUFFRMFish2007Jun20,main,11,L,RU,N/A,30,75,0.289999992,11,13.65,2,25,0,0,,12/3/2018
2007,BUFFRMFISHBM05,BUFFRMFish2007Jun20,main,11,M,RU,N/A,30,113,0.330000013,11,13.65,2,25,0,0,,12/3/2018
2007,BUFFRMFISHBM05,BUFFRMFish2007Jun20,main,11,R,RU,N/A,30,115,0.200000003,24,10000,0,0,2,25,,12/3/2018
2007,BUFFRMFISHBM06,BUFFRMFish2007Jun04,main,1,L,RRX,N/A,43,32,0.790000021,12,19.3,2,25,0,0,,12/3/2018
2007,BUFFRMFISHBM06,BUFFRMFish2007Jun04,main,1,M,RRX,N/A,43,60,0.519999981,12,19.3,2,25,0,0,,12/3/2018
2007,BUFFRMFISHBM06,BUFFRMFish2007Jun04,main,1,R,RRX,N/A,43,46,0.579999983,12,19.3,2,25,0,0,,12/3/2018
2007,BUFFRMFISHBM06,BUFFRMFish2007Jun04,main,2,L,RU,N/A,60,40,0.569999993,13,27.3,2,25,0,0,,12/3/2018
2007,BUFFRMFISHBM06,BUFFRMFish2007Jun04,main,2,M,RU,N/A,60,40,0.50999999,12,19.3,2,25,0,0,,12/3/2018
2007,BUFFRMFISHBM06,BUFFRMFish2007Jun04,main,2,R,RU,N/A,60,58,0.379999995,11,13.65,2,25,0,0,,12/3/2018
2007,BUFFRMFISHBM06,BUFFRMFish2007Jun04,main,3,L,RU,N/A,59,96,0.280000001,6,1.5,4,87.5,0,0,,12/3/2018
2007,BUFFRMFISHBM06,BUFFRMFish2007Jun04,main,3,M,RU,N/A,59,104,0.300000012,10,9.65,3,57.5,0,0,,12/3/2018
2007,BUFFRMFISHBM06,BUFFRMFish2007Jun04,main,3,R,RU,N/A,59,96,0.159999996,9,6.85,2,25,0,0,,12/3/2018
2007,BUFFRMFISHBM06,BUFFRMFish2007Jun04,main,4,L,RU,N/A,60,68,0.289999992,9,6.85,4,87.5,0,0,,12/3/2018
2007,BUFFRMFISHBM06,BUFFRMFish2007Jun04,main,4,M,RU,N/A,60,80,0.379999995,12,19.3,2,25,0,0,,12/3/2018
2007,BUFFRMFISHBM06,BUFFRMFish2007Jun04,main,4,R,RU,N/A,60,86,0.289999992,12,19.3,2,25,0,0,,12/3/2018
2007,BUFFRMFISHBM06,BUFFRMFish2007Jun04,main,5,L,RU,N/A,56,50,0.280000001,8,4.85,4,87.5,0,0,,12/3/2018
2007,BUFFRMFISHBM06,BUFFRMFish2007Jun04,main,5,M,RU,N/A,56,82,0.300000012,11,13.65,2,25,0,0,,12/3/2018
2007,BUFFRMFISHBM06,BUFFRMFish2007Jun04,main,5,R,RU,N/A,56,112,0.310000002,12,19.3,3,57.5,0,0,,12/3/2018
2007,BUFFRMFISHBM06,BUFFRMFish2007Jun04,main,6,L,PO,L,55,58,0.119999997,5,0.75,4,87.5,0,0,,12/3/2018
2007,BUFFRMFISHBM06,BUFFRMFish2007Jun04,main,6,M,PO,L,55,124,0.239999995,10,9.65,2,25,0,0,,12/3/2018
2007,BUFFRMFISHBM06,BUFFRMFish2007Jun04,main,6,R,PO,L,55,128,0.059999999,11,13.65,3,57.5,0,0,,12/3/2018
2007,BUFFRMFISHBM06,BUFFRMFish2007Jun04,main,7,L,RU,N/A,51,88,0.189999998,4,0.375,4,87.5,0,0,,12/3/2018
2007,BUFFRMFISHBM06,BUFFRMFish2007Jun04,main,7,M,RU,N/A,51,96,0.370000005,11,13.65,3,57.5,0,0,,12/3/2018
2007,BUFFRMFISHBM06,BUFFRMFish2007Jun04,main,7,R,RU,N/A,51,102,0.209999993,13,27.3,2,25,0,0,,12/3/2018
2007,BUFFRMFISHBM06,BUFFRMFish2007Jun04,main,8,L,RU,N/A,52,48,0.419999987,13,27.3,2,25,0,0,,12/3/2018
2007,BUFFRMFISHBM06,BUFFRMFish2007Jun04,main,8,M,RU,N/A,52,74,0.550000012,11,13.65,2,25,0,0,,12/3/2018
2007,BUFFRMFISHBM06,BUFFRMFish2007Jun04,main,8,R,RU,N/A,52,40,0.419999987,11,13.65,2,25,0,0,,12/3/2018
2007,BUFFRMFISHBM06,BUFFRMFish2007Jun04,main,9,L,RU,N/A,63,36,0.270000011,11,13.65,3,57.5,0,0,,12/3/2018
2007,BUFFRMFISHBM06,BUFFRMFish2007Jun04,main,9,M,RU,N/A,63,42,0.319999993,11,13.65,2,25,0,0,,12/3/2018
2007,BUFFRMFISHBM06,BUFFRMFish2007Jun04,main,9,R,RU,N/A,63,64,0.540000021,13,27.3,2,25,0,0,,12/3/2018
2007,BUFFRMFISHBM06,BUFFRMFish2007Jun04,main,10,L,RU,N/A,57,42,0.319999993,11,13.65,3,57.5,0,0,,12/3/2018
2007,BUFFRMFISHBM06,BUFFRMFish2007Jun04,main,10,M,RU,N/A,57,68,0.400000006,13,27.3,2,25,0,0,,12/3/2018
2007,BUFFRMFISHBM06,BUFFRMFish2007Jun04,main,10,R,RU,N/A,57,104,0.419999987,11,13.65,2,25,0,0,,12/3/2018
2007,BUFFRMFISHBM06,BUFFRMFish2007Jun04,main,11,L,PO,F,51,72,0.02,4,0.375,4,87.5,0,0,,12/3/2018
2007,BUFFRMFISHBM06,BUFFRMFish2007Jun04,main,11,M,PO,F,51,140,0.039999999,4,0.375,4,87.5,0,0,,12/3/2018
2007,BUFFRMFISHBM06,BUFFRMFish2007Jun04,main,11,R,PO,F,51,176,,11,13.65,3,57.5,0,0,,12/3/2018
2007,BUFFRMFISHBT05,BUFFRMFish2007May21,main,1,L,RRX,N/A,9.1,16,0.140000001,13,27.3,2,25,0,0,,12/3/2018
2007,BUFFRMFISHBT05,BUFFRMFish2007May21,main,1,M,RRX,N/A,9.1,14,0.25999999,24,10000,0,0,2,25,,12/3/2018
2007,BUFFRMFISHBT05,BUFFRMFish2007May21,main,1,R,RRX,N/A,9.1,18,-0.01,24,10000,0,0,3,57.5,,12/3/2018
2007,BUFFRMFISHBT05,BUFFRMFish2007May21,main,2,L,RI,N/A,7.3,11,0.239999995,17,109,2,25,2,25,,12/3/2018
2007,BUFFRMFISHBT05,BUFFRMFish2007May21,main,2,M,RI,N/A,7.3,20,0.189999998,16,77,2,25,2,25,,12/3/2018
2007,BUFFRMFISHBT05,BUFFRMFish2007May21,main,2,R,RI,N/A,7.3,32,0.330000013,18,154,2,25,3,57.5,,12/3/2018
2007,BUFFRMFISHBT05,BUFFRMFish2007May21,main,3,L,RI,N/A,11.5,9,0.079999998,15,54.5,2,25,2,25,,12/3/2018
2007,BUFFRMFISHBT05,BUFFRMFish2007May21,main,3,M,RI,N/A,11.5,14,0.379999995,16,77,2,25,0,0,,12/3/2018
2007,BUFFRMFISHBT05,BUFFRMFish2007May21,main,3,R,RI,N/A,11.5,16,0.810000002,12,19.3,2,25,3,57.5,,12/3/2018
2007,BUFFRMFISHBT05,BUFFRMFish2007May21,main,4,L,RU,N/A,13.2,12,0.129999995,16,77,3,57.5,3,57.5,,12/3/2018
2007,BUFFRMFISHBT05,BUFFRMFish2007May21,main,4,M,RU,N/A,13.2,10,0.02,14,38.5,2,25,2,25,,12/3/2018
2007,BUFFRMFISHBT05,BUFFRMFish2007May21,main,4,R,RU,N/A,13.2,32,0.180000007,16,77,2,25,3,57.5,,12/3/2018
2007,BUFFRMFISHBT05,BUFFRMFish2007May21,main,5,L,RU,N/A,17.3,12,-0.02,15,54.5,3,57.5,4,87.5,,12/3/2018
2007,BUFFRMFISHBT05,BUFFRMFish2007May21,main,5,M,RU,N/A,17.3,20,0.039999999,13,27.3,2,25,0,0,,12/3/2018
2007,BUFFRMFISHBT05,BUFFRMFish2007May21,main,5,R,RU,N/A,17.3,36,0.129999995,16,77,2,25,0,0,,12/3/2018
2007,BUFFRMFISHBT05,BUFFRMFish2007May21,main,6,L,PO,M,14.7,34,0.029999999,16,77,2,25,3,57.5,,12/3/2018
2007,BUFFRMFISHBT05,BUFFRMFish2007May21,main,6,M,PO,M,14.7,52,0.029999999,9,6.85,3,57.5,0,0,,12/3/2018
2007,BUFFRMFISHBT05,BUFFRMFish2007May21,main,6,R,PO,M,14.7,51,0.02,24,10000,0,0,2,25,,12/3/2018
2007,BUFFRMFISHBT05,BUFFRMFish2007May21,main,7,L,PO,M,14.4,61,0.02,13,27.3,2,25,0,0,,12/3/2018
2007,BUFFRMFISHBT05,BUFFRMFish2007May21,main,7,M,PO,M,14.4,70,0.02,10,9.65,3,57.5,2,25,,12/3/2018
2007,BUFFRMFISHBT05,BUFFRMFish2007May21,main,7,R,PO,M,14.4,64,0,15,54.5,3,57.5,4,87.5,,12/3/2018
2007,BUFFRMFISHBT05,BUFFRMFish2007May21,main,8,L,PO,M,13,99,0.01,15,54.5,3,57.5,0,0,,12/3/2018
2007,BUFFRMFISHBT05,BUFFRMFish2007May21,main,8,M,PO,M,13,98,0.01,16,77,2,25,0,0,,12/3/2018
2007,BUFFRMFISHBT05,BUFFRMFish2007May21,main,8,R,PO,M,13,85,0.029999999,11,13.65,3,57.5,2,25,,12/3/2018
2007,BUFFRMFISHBT05,BUFFRMFish2007May21,main,9,L,PO,M,14,120,0.01,24,10000,0,0,2,25,,12/3/2018
2007,BUFFRMFISHBT05,BUFFRMFish2007May21,main,9,M,PO,M,14,98,0.02,10,9.65,3,57.5,0,0,,12/3/2018
2007,BUFFRMFISHBT05,BUFFRMFish2007May21,main,9,R,PO,M,14,82,0.02,9,6.85,3,57.5,2,25,,12/3/2018
2007,BUFFRMFISHBT05,BUFFRMFish2007May21,main,10,L,PO,M,14,92,0.039999999,24,10000,0,0,3,57.5,,12/3/2018
2007,BUFFRMFISHBT05,BUFFRMFish2007May21,main,10,M,PO,M,14,99,0.01,24,10000,0,0,0,0,,12/3/2018
2007,BUFFRMFISHBT05,BUFFRMFish2007May21,main,10,R,PO,M,14,84,-0.01,24,10000,0,0,2,25,,12/3/2018
2007,BUFFRMFISHBT05,BUFFRMFish2007May21,main,11,L,RI,N/A,11.7,22,0.239999995,12,19.3,2,25,1,5,,12/3/2018
2007,BUFFRMFISHBT05,BUFFRMFish2007May21,main,11,M,RI,N/A,11.7,26,0.280000001,14,38.5,2,25,0,0,,12/3/2018
2007,BUFFRMFISHBT05,BUFFRMFish2007May21,main,11,R,RI,N/A,11.7,14,0.050000001,14,38.5,2,25,0,0,,12/3/2018
2007,BUFFRMFISHBT07,BUFFRMFish2007May25,main,1,L,RI,N/A,6.4,8,0.419999987,11,13.65,2,25,0,0,,12/3/2018
2007,BUFFRMFISHBT07,BUFFRMFish2007May25,main,1,M,RI,N/A,6.4,17,0.50999999,13,27.3,2,25,2,25,,12/3/2018
2007,BUFFRMFISHBT07,BUFFRMFish2007May25,main,1,R,RI,N/A,6.4,8,0.170000002,11,13.65,2,25,3,57.5,,12/3/2018
2007,BUFFRMFISHBT07,BUFFRMFish2007May25,main,2,L,RU,N/A,4.4,12,0.059999999,12,19.3,2,25,0,0,,12/3/2018
2007,BUFFRMFISHBT07,BUFFRMFish2007May25,main,2,M,RU,N/A,4.4,26,0.519999981,12,19.3,2,25,3,57.5,,12/3/2018
2007,BUFFRMFISHBT07,BUFFRMFish2007May25,main,2,R,RU,N/A,4.4,22,0.180000007,12,19.3,2,25,3,57.5,,12/3/2018
2007,BUFFRMFISHBT07,BUFFRMFish2007May25,main,3,L,RRX,N/A,6.4,6,0.389999986,12,19.3,2,25,3,57.5,,12/3/2018
2007,BUFFRMFISHBT07,BUFFRMFish2007May25,main,3,M,RRX,N/A,6.4,14,0.209999993,10,9.65,2,25,4,87.5,,12/3/2018
2007,BUFFRMFISHBT07,BUFFRMFish2007May25,main,3,R,RRX,N/A,6.4,34,0.460000008,11,13.65,2,25,4,87.5,,12/3/2018
2007,BUFFRMFISHBT07,BUFFRMFish2007May25,main,4,L,GL,N/A,16.1,28,0.100000001,12,19.3,3,57.5,1,5,,12/3/2018
2007,BUFFRMFISHBT07,BUFFRMFish2007May25,main,4,M,GL,N/A,16.1,22,0.100000001,10,9.65,3,57.5,0,0,,12/3/2018
2007,BUFFRMFISHBT07,BUFFRMFish2007May25,main,4,R,GL,N/A,16.1,6,0.01,12,19.3,2,25,3,57.5,,12/3/2018
2007,BUFFRMFISHBT07,BUFFRMFish2007May25,main,5,L,PO,M,12.1,64,0.029999999,8,4.85,3,57.5,2,25,,12/3/2018
2007,BUFFRMFISHBT07,BUFFRMFish2007May25,main,5,M,PO,M,12.1,52,0.059999999,10,9.65,3,57.5,1,5,,12/3/2018
2007,BUFFRMFISHBT07,BUFFRMFish2007May25,main,5,R,PO,M,12.1,26,0.01,10,9.65,3,57.5,1,5,,12/3/2018
2007,BUFFRMFISHBT07,BUFFRMFish2007May25,main,6,L,PO,M,13.2,50,0.090000004,10,9.65,2,25,0,0,,12/3/2018
2007,BUFFRMFISHBT07,BUFFRMFish2007May25,main,6,M,PO,M,13.2,50,0.07,10,9.65,2,25,0,0,,12/3/2018
2007,BUFFRMFISHBT07,BUFFRMFish2007May25,main,6,R,PO,M,13.2,52,0.039999999,8,4.85,2,25,0,0,,12/3/2018
2007,BUFFRMFISHBT07,BUFFRMFish2007May25,main,7,L,PO,L,9.9,48,0.059999999,12,19.3,2,25,1,5,,12/3/2018
2007,BUFFRMFISHBT07,BUFFRMFish2007May25,main,7,M,PO,L,9.9,34,0.090000004,11,13.65,3,57.5,0,0,,12/3/2018
2007,BUFFRMFISHBT07,BUFFRMFish2007May25,main,7,R,PO,L,9.9,30,0.059999999,10,9.65,3,57.5,0,0,,12/3/2018
2007,BUFFRMFISHBT07,BUFFRMFish2007May25,main,8,L,PO,M,10.1,36,0.059999999,10,9.65,2,25,3,57.5,,12/3/2018
2007,BUFFRMFISHBT07,BUFFRMFish2007May25,main,8,M,PO,M,10.1,31,0.050000001,10,9.65,2,25,2,25,,12/3/2018
2007,BUFFRMFISHBT07,BUFFRMFish2007May25,main,8,R,PO,M,10.1,42,0.050000001,8,4.85,4,87.5,2,25,,12/3/2018
2007,BUFFRMFISHBT07,BUFFRMFish2007May25,main,9,L,PO,L,10.5,64,0.140000001,13,27.3,2,25,4,87.5,,12/3/2018
2007,BUFFRMFISHBT07,BUFFRMFish2007May25,main,9,M,PO,L,10.5,48,0.039999999,12,19.3,2,25,2,25,,12/3/2018
2007,BUFFRMFISHBT07,BUFFRMFish2007May25,main,9,R,PO,L,10.5,24,0.029999999,12,19.3,2,25,2,25,,12/3/2018
2007,BUFFRMFISHBT07,BUFFRMFish2007May25,main,10,L,GL,N/A,9,36,0.230000004,11,13.65,2,25,3,57.5,,12/3/2018
2007,BUFFRMFISHBT07,BUFFRMFish2007May25,main,10,M,GL,N/A,9,12,0.029999999,11,13.65,2,25,3,57.5,,12/3/2018
2007,BUFFRMFISHBT07,BUFFRMFish2007May25,main,10,R,GL,N/A,9,29,0.059999999,12,19.3,3,57.5,0,0,,12/3/2018
2007,BUFFRMFISHBT07,BUFFRMFish2007May25,main,11,L,RU,N/A,6.9,36,0.140000001,11,13.65,2,25,2,25,,12/3/2018
2007,BUFFRMFISHBT07,BUFFRMFish2007May25,main,11,M,RU,N/A,6.9,74,0.029999999,12,19.3,3,57.5,1,5,,12/3/2018
2007,BUFFRMFISHBT07,BUFFRMFish2007May25,main,11,R,RU,N/A,6.9,50,0,12,19.3,2,25,0,0,,12/3/2018
2007,BUFFRMFISHBT12,BUFFRMFish2007May29,main,1,L,RI,N/A,1.7,6,0.079999998,12,19.3,2,25,3,57.5,,12/3/2018
2007,BUFFRMFISHBT12,BUFFRMFish2007May29,main,1,M,RI,N/A,1.7,5,0.109999999,11,13.65,2,25,3,57.5,,12/3/2018
2007,BUFFRMFISHBT12,BUFFRMFish2007May29,main,1,R,RI,N/A,1.7,4,0.039999999,9,6.85,2,25,3,57.5,,12/3/2018
2007,BUFFRMFISHBT12,BUFFRMFish2007May29,main,2,L,GL,N/A,1.9,6,0.02,10,9.65,2,25,3,57.5,,12/3/2018
2007,BUFFRMFISHBT12,BUFFRMFish2007May29,main,2,M,GL,N/A,1.9,6,0.029999999,10,9.65,3,57.5,3,57.5,,12/3/2018
2007,BUFFRMFISHBT12,BUFFRMFish2007May29,main,2,R,GL,N/A,1.9,5,0,10,9.65,3,57.5,3,57.5,,12/3/2018
2007,BUFFRMFISHBT12,BUFFRMFish2007May29,main,3,L,GL,N/A,4.3,5,0,9,6.85,3,57.5,3,57.5,,12/3/2018
2007,BUFFRMFISHBT12,BUFFRMFish2007May29,main,3,M,GL,N/A,4.3,8,0.02,8,4.85,3,57.5,3,57.5,,12/3/2018
2007,BUFFRMFISHBT12,BUFFRMFish2007May29,main,3,R,GL,N/A,4.3,10,0,9,6.85,3,57.5,4,87.5,,12/3/2018
2007,BUFFRMFISHBT12,BUFFRMFish2007May29,main,4,L,PO,F,3.7,16,0.02,8,4.85,3,57.5,4,87.5,,12/3/2018
2007,BUFFRMFISHBT12,BUFFRMFish2007May29,main,4,M,PO,F,3.7,18,0.01,11,13.65,3,57.5,4,87.5,,12/3/2018
2007,BUFFRMFISHBT12,BUFFRMFish2007May29,main,4,R,PO,F,3.7,24,0,10,9.65,3,57.5,4,87.5,,12/3/2018
2007,BUFFRMFISHBT12,BUFFRMFish2007May29,main,5,L,PO,F,2.9,20,0,9,6.85,2,25,3,57.5,,12/3/2018
2007,BUFFRMFISHBT12,BUFFRMFish2007May29,main,5,M,PO,F,2.9,36,0.02,10,9.65,3,57.5,4,87.5,,12/3/2018
2007,BUFFRMFISHBT12,BUFFRMFish2007May29,main,5,R,PO,F,2.9,44,0,24,10000,0,0,4,87.5,,12/3/2018
2007,BUFFRMFISHBT12,BUFFRMFish2007May29,main,6,L,GL,N/A,5.2,6,0.029999999,14,38.5,2,25,3,57.5,,12/3/2018
2007,BUFFRMFISHBT12,BUFFRMFish2007May29,main,6,M,GL,N/A,5.2,6,0.090000004,10,9.65,3,57.5,3,57.5,,12/3/2018
2007,BUFFRMFISHBT12,BUFFRMFish2007May29,main,6,R,GL,N/A,5.2,6,0.039999999,11,13.65,3,57.5,3,57.5,,12/3/2018
2007,BUFFRMFISHBT12,BUFFRMFish2007May29,main,7,L,PO,M,3.2,50,0.01,24,10000,0,0,2,25,,12/3/2018
2007,BUFFRMFISHBT12,BUFFRMFish2007May29,main,7,M,PO,M,3.2,44,0,11,13.65,3,57.5,2,25,,12/3/2018
2007,BUFFRMFISHBT12,BUFFRMFish2007May29,main,7,R,PO,M,3.2,18,0,13,27.3,2,25,2,25,,12/3/2018
2007,BUFFRMFISHBT12,BUFFRMFish2007May29,main,8,L,PGX,N/A,3.2,12,0.01,13,27.3,3,57.5,3,57.5,,12/3/2018
2007,BUFFRMFISHBT12,BUFFRMFish2007May29,main,8,M,PGX,N/A,3.2,18,0.01,13,27.3,3,57.5,2,25,,12/3/2018
2007,BUFFRMFISHBT12,BUFFRMFish2007May29,main,8,R,PGX,N/A,3.2,14,0.01,13,27.3,2,25,2,25,,12/3/2018
2007,BUFFRMFISHBT12,BUFFRMFish2007May29,main,9,L,GL,N/A,1.2,4,0.07,14,38.5,2,25,4,87.5,,12/3/2018
2007,BUFFRMFISHBT12,BUFFRMFish2007May29,main,9,M,GL,N/A,1.2,7,0.109999999,14,38.5,2,25,4,87.5,,12/3/2018
2007,BUFFRMFISHBT12,BUFFRMFish2007May29,main,9,R,GL,N/A,1.2,5,0.029999999,13,27.3,2,25,4,87.5,,12/3/2018
2007,BUFFRMFISHBT12,BUFFRMFish2007May29,main,10,L,GL,N/A,3,5,0.01,8,4.85,2,25,3,57.5,,12/3/2018
2007,BUFFRMFISHBT12,BUFFRMFish2007May29,main,10,M,GL,N/A,3,14,0.029999999,11,13.65,2,25,3,57.5,,12/3/2018
2007,BUFFRMFISHBT12,BUFFRMFish2007May29,main,10,R,GL,N/A,3,13,0.02,8,4.85,2,25,3,57.5,,12/3/2018
2007,BUFFRMFISHBT12,BUFFRMFish2007May29,main,11,L,GL,N/A,4.4,10,0.01,13,27.3,2,25,3,57.5,,12/3/2018
2007,BUFFRMFISHBT12,BUFFRMFish2007May29,main,11,M,GL,N/A,4.4,4,0,12,19.3,2,25,3,57.5,,12/3/2018
2007,BUFFRMFISHBT12,BUFFRMFish2007May29,main,11,R,GL,N/A,4.4,18,0,10,9.65,3,57.5,3,57.5,,12/3/2018
2007,BUFFRMFISHBT21,BUFFRMFish2007Jun01,main,1,L,GL,N/A,2.5,10,0.029999999,14,38.5,2,25,4,87.5,,12/3/2018
2007,BUFFRMFISHBT21,BUFFRMFish2007Jun01,main,1,M,GL,N/A,2.5,10,0.050000001,13,27.3,2,25,4,87.5,,12/3/2018
2007,BUFFRMFISHBT21,BUFFRMFish2007Jun01,main,1,R,GL,N/A,2.5,6,0.02,13,27.3,2,25,4,87.5,,12/3/2018
2007,BUFFRMFISHBT21,BUFFRMFish2007Jun01,main,2,L,RU,N/A,2.3,6,0,13,27.3,2,25,4,87.5,,12/3/2018
2007,BUFFRMFISHBT21,BUFFRMFish2007Jun01,main,2,M,RU,N/A,2.3,12,0.100000001,15,54.5,2,25,4,87.5,,12/3/2018
2007,BUFFRMFISHBT21,BUFFRMFish2007Jun01,main,2,R,RU,N/A,2.3,5,0.07,13,27.3,3,57.5,4,87.5,,12/3/2018
2007,BUFFRMFISHBT21,BUFFRMFish2007Jun01,main,3,L,GL,N/A,2.1,6,0.119999997,12,19.3,3,57.5,4,87.5,,12/3/2018
2007,BUFFRMFISHBT21,BUFFRMFish2007Jun01,main,3,M,GL,N/A,2.1,6,0.07,14,38.5,3,57.5,4,87.5,,12/3/2018
2007,BUFFRMFISHBT21,BUFFRMFish2007Jun01,main,3,R,GL,N/A,2.1,8,0.109999999,14,38.5,3,57.5,4,87.5,,12/3/2018
2007,BUFFRMFISHBT21,BUFFRMFish2007Jun01,main,4,L,RI,N/A,1.3,4,0.330000013,13,27.3,2,25,4,87.5,,12/3/2018
2007,BUFFRMFISHBT21,BUFFRMFish2007Jun01,main,4,M,RI,N/A,1.3,6,0.340000004,14,38.5,3,57.5,4,87.5,,12/3/2018
2007,BUFFRMFISHBT21,BUFFRMFish2007Jun01,main,4,R,RI,N/A,1.3,6,0.07,13,27.3,3,57.5,4,87.5,,12/3/2018
2007,BUFFRMFISHBT21,BUFFRMFish2007Jun01,main,5,L,RU,N/A,2,10,0.090000004,13,27.3,2,25,4,87.5,,12/3/2018
2007,BUFFRMFISHBT21,BUFFRMFish2007Jun01,main,5,M,RU,N/A,2,14,0.200000003,11,13.65,2,25,4,87.5,,12/3/2018
2007,BUFFRMFISHBT21,BUFFRMFish2007Jun01,main,5,R,RU,N/A,2,18,0.029999999,13,27.3,2,25,4,87.5,,12/3/2018
2007,BUFFRMFISHBT21,BUFFRMFish2007Jun01,main,6,L,RRX,N/A,9.8,8,0.02,12,19.3,2,25,1,5,,12/3/2018
2007,BUFFRMFISHBT21,BUFFRMFish2007Jun01,main,6,M,RRX,N/A,9.8,10,0.050000001,12,19.3,3,57.5,1,5,,12/3/2018
2007,BUFFRMFISHBT21,BUFFRMFish2007Jun01,main,6,R,RRX,N/A,9.8,12,0.330000013,24,10000,0,0,2,25,,12/3/2018
2007,BUFFRMFISHBT21,BUFFRMFish2007Jun01,main,7,L,PO,F,6.7,31,0.050000001,12,19.3,3,57.5,4,87.5,,12/3/2018
2007,BUFFRMFISHBT21,BUFFRMFish2007Jun01,main,7,M,PO,F,6.7,50,0,14,38.5,2,25,0,0,,12/3/2018
2007,BUFFRMFISHBT21,BUFFRMFish2007Jun01,main,7,R,PO,F,6.7,50,-0.01,24,10000,0,0,3,57.5,,12/3/2018
2007,BUFFRMFISHBT21,BUFFRMFish2007Jun01,main,8,L,PO,F,4.4,32,0.039999999,13,27.3,2,25,2,25,,12/3/2018
2007,BUFFRMFISHBT21,BUFFRMFish2007Jun01,main,8,M,PO,F,4.4,46,0.029999999,12,19.3,2,25,3,57.5,,12/3/2018
2007,BUFFRMFISHBT21,BUFFRMFish2007Jun01,main,8,R,PO,F,4.4,34,-0.01,18,154,0,0,4,87.5,,12/3/2018
2007,BUFFRMFISHBT21,BUFFRMFish2007Jun01,main,9,L,RU,F,4,8,0.02,12,19.3,2,25,3,57.5,,12/3/2018
2007,BUFFRMFISHBT21,BUFFRMFish2007Jun01,main,9,M,RU,F,4,16,0.150000006,12,19.3,2,25,3,57.5,,12/3/2018
2007,BUFFRMFISHBT21,BUFFRMFish2007Jun01,main,9,R,RU,F,4,33,0,16,77,0,0,4,87.5,,12/3/2018
2007,BUFFRMFISHBT21,BUFFRMFish2007Jun01,main,10,L,RRX,N/A,9,3,0.059999999,12,19.3,3,57.5,4,87.5,,12/3/2018
2007,BUFFRMFISHBT21,BUFFRMFish2007Jun01,main,10,M,RRX,N/A,9,16,0,13,27.3,2,25,3,57.5,,12/3/2018
2007,BUFFRMFISHBT21,BUFFRMFish2007Jun01,main,10,R,RRX,N/A,9,32,0.140000001,14,38.5,2,25,3,57.5,,12/3/2018
2007,BUFFRMFISHBT21,BUFFRMFish2007Jun01,main,11,L,GL,N/A,8,6,0.07,13,27.3,3,57.5,2,25,,12/3/2018
2007,BUFFRMFISHBT21,BUFFRMFish2007Jun01,main,11,M,GL,N/A,8,4,0.109999999,12,19.3,3,57.5,2,25,,12/3/2018
2007,BUFFRMFISHBT21,BUFFRMFish2007Jun01,main,11,R,GL,N/A,8,6,0.109999999,13,27.3,3,57.5,3,57.5,,12/3/2018
2007,BUFFRMFISHBT25,BUFFRMFish2007Jun06,main,1,L,RI,N/A,1.4,4,0.100000001,11,13.65,3,57.5,3,57.5,,12/3/2018
2007,BUFFRMFISHBT25,BUFFRMFish2007Jun06,main,1,M,RI,N/A,1.4,4,0.239999995,12,19.3,2,25,3,57.5,,12/3/2018
2007,BUFFRMFISHBT25,BUFFRMFish2007Jun06,main,1,R,RI,N/A,1.4,2,0.050000001,12,19.3,2,25,3,57.5,,12/3/2018
2007,BUFFRMFISHBT25,BUFFRMFish2007Jun06,main,2,L,RRX,N/A,7.1,2,0.050000001,11,13.65,3,57.5,2,25,,12/3/2018
2007,BUFFRMFISHBT25,BUFFRMFish2007Jun06,main,2,M,RRX,N/A,7.1,1,0,12,19.3,2,25,2,25,,12/3/2018
2007,BUFFRMFISHBT25,BUFFRMFish2007Jun06,main,2,R,RRX,N/A,7.1,4,0,12,19.3,3,57.5,3,57.5,,12/3/2018
2007,BUFFRMFISHBT25,BUFFRMFish2007Jun06,main,3,L,RU,N/A,4.4,18,0,2,0.0935,4,87.5,2,25,,12/3/2018
2007,BUFFRMFISHBT25,BUFFRMFish2007Jun06,main,3,M,RU,N/A,4.4,4,-0.029999999,11,13.65,3,57.5,2,25,,12/3/2018
2007,BUFFRMFISHBT25,BUFFRMFish2007Jun06,main,3,R,RU,N/A,4.4,11,0.02,13,27.3,2,25,3,57.5,,12/3/2018
2007,BUFFRMFISHBT25,BUFFRMFish2007Jun06,main,4,L,PO,L,5.1,4,-0.039999999,11,13.65,3,57.5,4,87.5,,12/3/2018
2007,BUFFRMFISHBT25,BUFFRMFish2007Jun06,main,4,M,PO,L,5.1,10,0.01,13,27.3,2,25,4,87.5,,12/3/2018
2007,BUFFRMFISHBT25,BUFFRMFish2007Jun06,main,4,R,PO,L,5.1,27,0.039999999,12,19.3,3,57.5,4,87.5,,12/3/2018
2007,BUFFRMFISHBT25,BUFFRMFish2007Jun06,main,5,L,RU,N/A,4.8,10,0.059999999,14,38.5,2,25,4,87.5,,12/3/2018
2007,BUFFRMFISHBT25,BUFFRMFish2007Jun06,main,5,M,RU,N/A,4.8,4,-0.01,13,27.3,2,25,4,87.5,,12/3/2018
2007,BUFFRMFISHBT25,BUFFRMFish2007Jun06,main,5,R,RU,N/A,4.8,13,0.01,24,10000,0,0,3,57.5,,12/3/2018
2007,BUFFRMFISHBT25,BUFFRMFish2007Jun06,main,6,L,PO,F,5,63,0,12,19.3,2,25,4,87.5,,12/3/2018
2007,BUFFRMFISHBT25,BUFFRMFish2007Jun06,main,6,M,PO,F,5,67,0,11,13.65,2,25,4,87.5,,12/3/2018
2007,BUFFRMFISHBT25,BUFFRMFish2007Jun06,main,6,R,PO,F,5,68,-0.01,10,9.65,3,57.5,3,57.5,,12/3/2018
2007,BUFFRMFISHBT25,BUFFRMFish2007Jun06,main,7,L,RRX,N/A,3.1,4,0.119999997,11,13.65,2,25,4,87.5,,12/3/2018
2007,BUFFRMFISHBT25,BUFFRMFish2007Jun06,main,7,M,RRX,N/A,3.1,4,0.050000001,12,19.3,2,25,4,87.5,,12/3/2018
2007,BUFFRMFISHBT25,BUFFRMFish2007Jun06,main,7,R,RRX,N/A,3.1,4,0.01,12,19.3,2,25,4,87.5,,12/3/2018
2007,BUFFRMFISHBT25,BUFFRMFish2007Jun06,main,8,L,RI,N/A,4.7,13,0.050000001,13,27.3,2,25,4,87.5,,12/3/2018
2007,BUFFRMFISHBT25,BUFFRMFish2007Jun06,main,8,M,RI,N/A,4.7,1,0.029999999,11,13.65,2,25,4,87.5,,12/3/2018
2007,BUFFRMFISHBT25,BUFFRMFish2007Jun06,main,8,R,RI,N/A,4.7,2,0.029999999,12,19.3,2,25,3,57.5,,12/3/2018
2007,BUFFRMFISHBT25,BUFFRMFish2007Jun06,main,9,L,PO,L,5.1,3,0,13,27.3,2,25,3,57.5,,12/3/2018
2007,BUFFRMFISHBT25,BUFFRMFish2007Jun06,main,9,M,PO,L,5.1,5,-0.029999999,11,13.65,2,25,3,57.5,,12/3/2018
2007,BUFFRMFISHBT25,BUFFRMFish2007Jun06,main,9,R,PO,L,5.1,13,0.02,11,13.65,2,25,3,57.5,,12/3/2018
2007,BUFFRMFISHBT25,BUFFRMFish2007Jun06,main,10,L,RI,N/A,2.8,1,0,12,19.3,2,25,2,25,,12/3/2018
2007,BUFFRMFISHBT25,BUFFRMFish2007Jun06,main,10,M,RI,N/A,2.8,2,0.029999999,3,0.1875,4,87.5,1,5,,12/3/2018
2007,BUFFRMFISHBT25,BUFFRMFish2007Jun06,main,10,R,RI,N/A,2.8,8,0.289999992,12,19.3,2,25,1,5,,12/3/2018
2007,BUFFRMFISHBT25,BUFFRMFish2007Jun06,main,11,L,PO,L,2.5,3,-0.039999999,15,54.5,3,57.5,4,87.5,,12/3/2018
2007,BUFFRMFISHBT25,BUFFRMFish2007Jun06,main,11,M,PO,L,2.5,2,-0.059999999,11,13.65,4,87.5,4,87.5,,12/3/2018
2007,BUFFRMFISHBT25,BUFFRMFish2007Jun06,main,11,R,PO,L,2.5,2,-0.039999999,10,9.65,3,57.5,4,87.5,,12/3/2018
2007,BUFFRMFISHBT33,BUFFRMFish2007Jun05,main,1,L,RU,N/A,4.9,14,0,24,10000,0,0,3,57.5,,12/3/2018
2007,BUFFRMFISHBT33,BUFFRMFish2007Jun05,main,1,M,RU,N/A,4.9,22,-0.02,24,10000,0,0,3,57.5,,12/3/2018
2007,BUFFRMFISHBT33,BUFFRMFish2007Jun05,main,1,R,RU,N/A,4.9,4,0.310000002,24,10000,0,0,4,87.5,,12/3/2018
2007,BUFFRMFISHBT33,BUFFRMFish2007Jun05,main,2,L,RU,N/A,4.3,3,0,24,10000,0,0,2,25,,12/3/2018
2007,BUFFRMFISHBT33,BUFFRMFish2007Jun05,main,2,M,RU,N/A,4.3,20,0.159999996,24,10000,0,0,1,5,,12/3/2018
2007,BUFFRMFISHBT33,BUFFRMFish2007Jun05,main,2,R,RU,N/A,4.3,6,0.029999999,24,10000,0,0,3,57.5,,12/3/2018
2007,BUFFRMFISHBT33,BUFFRMFish2007Jun05,main,3,L,RI,N/A,5.9,7,0.270000011,24,10000,0,0,2,25,,12/3/2018
2007,BUFFRMFISHBT33,BUFFRMFish2007Jun05,main,3,M,RI,N/A,5.9,7,0.090000004,24,10000,0,0,3,57.5,,12/3/2018
2007,BUFFRMFISHBT33,BUFFRMFish2007Jun05,main,3,R,RI,N/A,5.9,6,0.349999994,24,10000,0,0,4,87.5,,12/3/2018
2007,BUFFRMFISHBT33,BUFFRMFish2007Jun05,main,4,L,RI,N/A,7.2,4,0.170000002,24,10000,0,0,0,0,,12/3/2018
2007,BUFFRMFISHBT33,BUFFRMFish2007Jun05,main,4,M,RI,N/A,7.2,2,0.140000001,24,10000,0,0,0,0,,12/3/2018
2007,BUFFRMFISHBT33,BUFFRMFish2007Jun05,main,4,R,RI,N/A,7.2,4,0.029999999,24,10000,0,0,0,0,,12/3/2018
2007,BUFFRMFISHBT33,BUFFRMFish2007Jun05,main,5,L,PO,M,6.3,24,0,24,10000,0,0,1,5,,12/3/2018
2007,BUFFRMFISHBT33,BUFFRMFish2007Jun05,main,5,M,PO,M,6.3,24,0.02,24,10000,0,0,1,5,,12/3/2018
2007,BUFFRMFISHBT33,BUFFRMFish2007Jun05,main,5,R,PO,M,6.3,24,0,24,10000,0,0,2,25,,12/3/2018
2007,BUFFRMFISHBT33,BUFFRMFish2007Jun05,main,6,L,PO,M,4.6,16,0.01,1,0.031,4,87.5,0,0,,12/3/2018
2007,BUFFRMFISHBT33,BUFFRMFish2007Jun05,main,6,M,PO,M,4.6,22,0.029999999,24,10000,0,0,0,0,,12/3/2018
2007,BUFFRMFISHBT33,BUFFRMFish2007Jun05,main,6,R,PO,M,4.6,18,0.01,24,10000,0,0,1,5,,12/3/2018
2007,BUFFRMFISHBT33,BUFFRMFish2007Jun05,main,7,L,PO,L,4.2,8,0,1,0.031,4,87.5,2,25,,12/3/2018
2007,BUFFRMFISHBT33,BUFFRMFish2007Jun05,main,7,M,PO,L,4.2,20,0.02,24,10000,0,0,2,25,,12/3/2018
2007,BUFFRMFISHBT33,BUFFRMFish2007Jun05,main,7,R,PO,L,4.2,11,0.02,24,10000,0,0,3,57.5,,12/3/2018
2007,BUFFRMFISHBT33,BUFFRMFish2007Jun05,main,8,L,RI,N/A,6.3,7,0.129999995,15,54.5,2,25,2,25,,12/3/2018
2007,BUFFRMFISHBT33,BUFFRMFish2007Jun05,main,8,M,RI,N/A,6.3,8,0.180000007,15,54.5,2,25,0,0,,12/3/2018
2007,BUFFRMFISHBT33,BUFFRMFish2007Jun05,main,8,R,RI,N/A,6.3,10,0,12,19.3,3,57.5,0,0,,12/3/2018
2007,BUFFRMFISHBT33,BUFFRMFish2007Jun05,main,9,L,RU,N/A,2.3,11,0.01,18,154,2,25,1,5,,12/3/2018
2007,BUFFRMFISHBT33,BUFFRMFish2007Jun05,main,9,M,RU,N/A,2.3,22,0.079999998,24,10000,0,0,1,5,,12/3/2018
2007,BUFFRMFISHBT33,BUFFRMFish2007Jun05,main,9,R,RU,N/A,2.3,12,0.07,24,10000,0,0,3,57.5,,12/3/2018
2007,BUFFRMFISHBT33,BUFFRMFish2007Jun05,main,10,L,RI,N/A,3.2,6,0.150000006,13,27.3,2,25,3,57.5,,12/3/2018
2007,BUFFRMFISHBT33,BUFFRMFish2007Jun05,main,10,M,RI,N/A,3.2,5,0.180000007,14,38.5,3,57.5,0,0,,12/3/2018
2007,BUFFRMFISHBT33,BUFFRMFish2007Jun05,main,10,R,RI,N/A,3.2,4,0.109999999,13,27.3,3,57.5,0,0,,12/3/2018
2007,BUFFRMFISHBT33,BUFFRMFish2007Jun05,main,11,L,RU,N/A,2.3,6,0.059999999,13,27.3,2,25,2,25,,12/3/2018
2007,BUFFRMFISHBT33,BUFFRMFish2007Jun05,main,11,M,RU,N/A,2.3,6,0.079999998,15,54.5,2,25,2,25,,12/3/2018
2007,BUFFRMFISHBT33,BUFFRMFish2007Jun05,main,11,R,RU,N/A,2.3,9,0.300000012,13,27.3,2,25,2,25,,12/3/2018
2008,BUFFRMFISHBM01,BUFFRMFish2008May20,main,1,L,RRX,N/A,24,50,0.349999994,14,38.5,2,25,2,25,,12/3/2018
2008,BUFFRMFISHBM01,BUFFRMFish2008May20,main,1,M,RRX,N/A,24,36,0.219999999,14,38.5,2,25,0,0,,12/3/2018
2008,BUFFRMFISHBM01,BUFFRMFish2008May20,main,1,R,RRX,N/A,24,17,0.100000001,15,54.5,2,25,0,0,,12/3/2018
2008,BUFFRMFISHBM01,BUFFRMFish2008May20,main,2,L,RRX,N/A,19,33,0.140000001,14,38.5,2,25,0,0,,12/3/2018
2008,BUFFRMFISHBM01,BUFFRMFish2008May20,main,2,M,RRX,N/A,19,36,0.280000001,13,27.3,2,25,0,0,,12/3/2018
2008,BUFFRMFISHBM01,BUFFRMFish2008May20,main,2,R,RRX,N/A,19,20,0.219999999,15,54.5,2,25,0,0,,12/3/2018
2008,BUFFRMFISHBM01,BUFFRMFish2008May20,main,3,L,RRX,N/A,20,29,0.289999992,13,27.3,2,25,0,0,,12/3/2018
2008,BUFFRMFISHBM01,BUFFRMFish2008May20,main,3,M,RRX,N/A,20,47,0.639999986,16,77,2,25,0,0,,12/3/2018
2008,BUFFRMFISHBM01,BUFFRMFish2008May20,main,3,R,RRX,N/A,20,20,0.349999994,15,54.5,2,25,0,0,,12/3/2018
2008,BUFFRMFISHBM01,BUFFRMFish2008May20,main,4,L,RU,N/A,22,30,0.100000001,16,77,2,25,0,0,,12/3/2018
2008,BUFFRMFISHBM01,BUFFRMFish2008May20,main,4,M,RU,N/A,22,56,0.180000007,17,109,2,25,0,0,,12/3/2018
2008,BUFFRMFISHBM01,BUFFRMFish2008May20,main,4,R,RU,N/A,22,49,0.109999999,17,109,2,25,0,0,,12/3/2018
2008,BUFFRMFISHBM01,BUFFRMFish2008May20,main,5,L,GL,N/A,28,50,0.059999999,16,77,2,25,0,0,,12/3/2018
2008,BUFFRMFISHBM01,BUFFRMFish2008May20,main,5,M,GL,N/A,28,86,0.07,18,154,2,25,0,0,,12/3/2018
2008,BUFFRMFISHBM01,BUFFRMFish2008May20,main,5,R,GL,N/A,28,72,0.079999998,17,109,2,25,0,0,,12/3/2018
2008,BUFFRMFISHBM01,BUFFRMFish2008May20,main,6,L,GL,N/A,36,71,0.01,16,77,2,25,1,5,,12/3/2018
2008,BUFFRMFISHBM01,BUFFRMFish2008May20,main,6,M,GL,N/A,36,87,0.059999999,17,109,2,25,0,0,,12/3/2018
2008,BUFFRMFISHBM01,BUFFRMFish2008May20,main,6,R,GL,N/A,36,52,0.039999999,14,38.5,2,25,2,25,,12/3/2018
2008,BUFFRMFISHBM01,BUFFRMFish2008May20,main,7,L,PO,M,29,62,0.029999999,16,77,2,25,0,0,,12/3/2018
2008,BUFFRMFISHBM01,BUFFRMFish2008May20,main,7,M,PO,M,29,176,0.050000001,20,309,2,25,0,0,,12/3/2018
2008,BUFFRMFISHBM01,BUFFRMFish2008May20,main,7,R,PO,M,29,92,0.02,20,309,2,25,2,25,,12/3/2018
2008,BUFFRMFISHBM01,BUFFRMFish2008May20,main,8,L,PO,M,28,96,0.02,18,154,2,25,0,0,,12/3/2018
2008,BUFFRMFISHBM01,BUFFRMFish2008May20,main,8,M,PO,M,28,142,0.039999999,18,154,2,25,0,0,,12/3/2018
2008,BUFFRMFISHBM01,BUFFRMFish2008May20,main,8,R,PO,M,28,98,0.090000004,21,437,2,25,3,57.5,,12/3/2018
2008,BUFFRMFISHBM01,BUFFRMFish2008May20,main,9,L,PO,M,29,76,-0.01,18,154,2,25,0,0,,12/3/2018
2008,BUFFRMFISHBM01,BUFFRMFish2008May20,main,9,M,PO,M,29,140,0.050000001,5,0.75,2,25,0,0,,12/3/2018
2008,BUFFRMFISHBM01,BUFFRMFish2008May20,main,9,R,PO,M,29,154,0.050000001,18,154,2,25,1,5,,12/3/2018
2008,BUFFRMFISHBM01,BUFFRMFish2008May20,main,10,L,PO,M,33,70,0.100000001,18,154,2,25,0,0,,12/3/2018
2008,BUFFRMFISHBM01,BUFFRMFish2008May20,main,10,M,PO,M,33,103,0.050000001,14,38.5,2,25,0,0,,12/3/2018
2008,BUFFRMFISHBM01,BUFFRMFish2008May20,main,10,R,PO,M,33,96,0.07,24,10000,0,0,0,0,,12/3/2018
2008,BUFFRMFISHBM01,BUFFRMFish2008May20,side channel,1,L,PO,B,21,12,0.01,12,19.3,2,25,0,0,,12/3/2018
2008,BUFFRMFISHBM01,BUFFRMFish2008May20,side channel,1,M,PO,B,21,26,0.029999999,11,13.65,2,25,0,0,,12/3/2018
2008,BUFFRMFISHBM01,BUFFRMFish2008May20,side channel,1,R,PO,B,21,20,0.01,11,13.65,2,25,1,5,,12/3/2018
2008,BUFFRMFISHBM01,BUFFRMFish2008May20,side channel,2,L,RI,N/A,11.3,22,0.01,14,38.5,2,25,0,0,,12/3/2018
2008,BUFFRMFISHBM01,BUFFRMFish2008May20,side channel,2,M,RI,N/A,11.3,11,0.050000001,13,27.3,2,25,0,0,,12/3/2018
2008,BUFFRMFISHBM01,BUFFRMFish2008May20,side channel,2,R,RI,N/A,11.3,11,0.180000007,13,27.3,2,25,0,0,,12/3/2018
2008,BUFFRMFISHBM01,BUFFRMFish2008May20,side channel,3,L,RRX,N/A,3.2,9,0.189999998,15,54.5,2,25,0,0,,12/3/2018
2008,BUFFRMFISHBM01,BUFFRMFish2008May20,side channel,3,M,RRX,N/A,3.2,12,0.129999995,15,54.5,2,25,0,0,,12/3/2018
2008,BUFFRMFISHBM01,BUFFRMFish2008May20,side channel,3,R,RRX,N/A,3.2,9,0.129999995,13,27.3,2,25,0,0,,12/3/2018
2008,BUFFRMFISHBM01,BUFFRMFish2008May20,side channel,4,L,RI,N/A,3.4,11,0.079999998,16,77,2,25,2,25,,12/3/2018
2008,BUFFRMFISHBM01,BUFFRMFish2008May20,side channel,4,M,RI,N/A,3.4,10,0.01,15,54.5,2,25,2,25,,12/3/2018
2008,BUFFRMFISHBM01,BUFFRMFish2008May20,side channel,4,R,RI,N/A,3.4,4,0.039999999,14,38.5,2,25,2,25,,12/3/2018
2008,BUFFRMFISHBM01,BUFFRMFish2008May20,side channel,5,L,RI,N/A,4.2,4,0.02,15,54.5,2,25,2,25,,12/3/2018
2008,BUFFRMFISHBM01,BUFFRMFish2008May20,side channel,5,M,RI,N/A,4.2,6,0.050000001,16,77,2,25,2,25,,12/3/2018
2008,BUFFRMFISHBM01,BUFFRMFish2008May20,side channel,5,R,RI,N/A,4.2,6,0.079999998,16,77,2,25,2,25,,12/3/2018
2008,BUFFRMFISHBM02,BUFFRMFish2008May22,main,1,L,RI,N/A,46,22,0.920000017,11,13.65,2,25,1,5,,12/3/2018
2008,BUFFRMFISHBM02,BUFFRMFish2008May22,main,1,M,RI,N/A,46,18,0.180000007,13,27.3,2,25,0,0,,12/3/2018
2008,BUFFRMFISHBM02,BUFFRMFish2008May22,main,1,R,RI,N/A,46,52,0.129999995,14,38.5,2,25,2,25,,12/3/2018
2008,BUFFRMFISHBM02,BUFFRMFish2008May22,main,2,L,GL,N/A,38,50,0.140000001,12,19.3,2,25,0,0,,12/3/2018
2008,BUFFRMFISHBM02,BUFFRMFish2008May22,main,2,M,GL,N/A,38,60,0.129999995,12,19.3,2,25,0,0,,12/3/2018
2008,BUFFRMFISHBM02,BUFFRMFish2008May22,main,2,R,GL,N/A,38,46,0.100000001,13,27.3,2,25,2,25,,12/3/2018
2008,BUFFRMFISHBM02,BUFFRMFish2008May22,main,3,L,GL,N/A,35,36,0.100000001,11,13.65,3,57.5,1,5,,12/3/2018
2008,BUFFRMFISHBM02,BUFFRMFish2008May22,main,3,M,GL,N/A,35,40,0.150000006,14,38.5,2,25,0,0,,12/3/2018
2008,BUFFRMFISHBM02,BUFFRMFish2008May22,main,3,R,GL,N/A,35,91,0.129999995,14,38.5,2,25,1,5,,12/3/2018
2008,BUFFRMFISHBM02,BUFFRMFish2008May22,main,4,L,GL,N/A,31,32,0.01,13,27.3,3,57.5,0,0,,12/3/2018
2008,BUFFRMFISHBM02,BUFFRMFish2008May22,main,4,M,GL,N/A,31,108,0.100000001,12,19.3,2,25,0,0,,12/3/2018
2008,BUFFRMFISHBM02,BUFFRMFish2008May22,main,4,R,GL,N/A,31,80,0.059999999,24,10000,0,0,1,5,,12/3/2018
2008,BUFFRMFISHBM02,BUFFRMFish2008May22,main,5,L,PO,L,26,44,0.02,13,27.3,2,25,0,0,,12/3/2018
2008,BUFFRMFISHBM02,BUFFRMFish2008May22,main,5,M,PO,L,26,115,0.090000004,14,38.5,2,25,0,0,,12/3/2018
2008,BUFFRMFISHBM02,BUFFRMFish2008May22,main,5,R,PO,L,26,97,0.059999999,24,10000,0,0,1,5,,12/3/2018
2008,BUFFRMFISHBM02,BUFFRMFish2008May22,main,6,L,PO,L,16,18,-0.02,14,38.5,2,25,0,0,,12/3/2018
2008,BUFFRMFISHBM02,BUFFRMFish2008May22,main,6,M,PO,L,16,122,0.409999996,14,38.5,2,25,0,0,,12/3/2018
2008,BUFFRMFISHBM02,BUFFRMFish2008May22,main,6,R,PO,L,16,128,0.119999997,12,19.3,2,25,0,0,,12/3/2018
2008,BUFFRMFISHBM02,BUFFRMFish2008May22,main,7,L,PO,M,32,70,0.050000001,14,38.5,2,25,0,0,,12/3/2018
2008,BUFFRMFISHBM02,BUFFRMFish2008May22,main,7,M,PO,M,32,184,0.109999999,13,27.3,2,25,0,0,,12/3/2018
2008,BUFFRMFISHBM02,BUFFRMFish2008May22,main,7,R,PO,M,32,90,0.100000001,12,19.3,3,57.5,2,25,,12/3/2018
2008,BUFFRMFISHBM02,BUFFRMFish2008May22,main,8,L,PO,M,26,186,0.029999999,20,309,1,5,0,0,,12/3/2018
2008,BUFFRMFISHBM02,BUFFRMFish2008May22,main,8,M,PO,M,26,200,0.039999999,14,38.5,2,25,0,0,,12/3/2018
2008,BUFFRMFISHBM02,BUFFRMFish2008May22,main,8,R,PO,M,26,140,0.050000001,1,0.031,4,87.5,0,0,,12/3/2018
2008,BUFFRMFISHBM02,BUFFRMFish2008May22,main,9,L,PO,F,27,177,0.039999999,18,154,2,25,0,0,,12/3/2018
2008,BUFFRMFISHBM02,BUFFRMFish2008May22,main,9,M,PO,F,27,154,0.07,8,4.85,3,57.5,1,5,,12/3/2018
2008,BUFFRMFISHBM02,BUFFRMFish2008May22,main,9,R,PO,F,27,98,0.059999999,1,0.031,4,87.5,1,5,,12/3/2018
2008,BUFFRMFISHBM02,BUFFRMFish2008May22,main,10,L,PO,F,24,200,0.01,16,77,2,25,1,5,,12/3/2018
2008,BUFFRMFISHBM02,BUFFRMFish2008May22,main,10,M,PO,F,24,180,0.059999999,11,13.65,2,25,1,5,,12/3/2018
2008,BUFFRMFISHBM02,BUFFRMFish2008May22,main,10,R,PO,F,24,68,0.02,1,0.031,4,87.5,2,25,,12/3/2018
2008,BUFFRMFISHBM02,BUFFRMFish2008May22,main,11,L,RU,N/A,24,74,0.150000006,13,27.3,2,25,2,25,,12/3/2018
2008,BUFFRMFISHBM02,BUFFRMFish2008May22,main,11,M,RU,N/A,24,76,0.119999997,12,19.3,2,25,0,0,,12/3/2018
2008,BUFFRMFISHBM02,BUFFRMFish2008May22,main,11,R,RU,N/A,24,28,0.050000001,13,27.3,2,25,0,0,,12/3/2018
2008,BUFFRMFISHBM03,BUFFRMFish2008Jun03,backwater_main,1,L,PO,B,21,20,-0.01,14,38.5,2,25,0,0,,12/3/2018
2008,BUFFRMFISHBM03,BUFFRMFish2008Jun03,backwater_main,1,M,PO,B,21,36,-0.01,13,27.3,2,25,0,0,,12/3/2018
2008,BUFFRMFISHBM03,BUFFRMFish2008Jun03,backwater_main,1,R,PO,B,21,44,-0.01,14,38.5,2,25,0,0,,12/3/2018
2008,BUFFRMFISHBM03,BUFFRMFish2008Jun03,backwater_main,2,L,PO,B,20,44,0,12,19.3,2,25,0,0,,12/3/2018
2008,BUFFRMFISHBM03,BUFFRMFish2008Jun03,backwater_main,2,M,PO,B,20,56,0,14,38.5,2,25,0,0,,12/3/2018
2008,BUFFRMFISHBM03,BUFFRMFish2008Jun03,backwater_main,2,R,PO,B,20,68,-0.02,14,38.5,2,25,0,0,,12/3/2018
2008,BUFFRMFISHBM03,BUFFRMFish2008Jun03,backwater_main,3,L,PO,B,20,48,-0.01,12,19.3,2,25,0,0,,12/3/2018
2008,BUFFRMFISHBM03,BUFFRMFish2008Jun03,backwater_main,3,M,PO,B,20,60,0.029999999,12,19.3,2,25,0,0,,12/3/2018
2008,BUFFRMFISHBM03,BUFFRMFish2008Jun03,backwater_main,3,R,PO,B,20,70,0.029999999,13,27.3,2,25,0,0,,12/3/2018
2008,BUFFRMFISHBM03,BUFFRMFish2008Jun03,main,1,L,RI,N/A,63,52,0.029999999,13,27.3,2,25,0,0,,12/3/2018
2008,BUFFRMFISHBM03,BUFFRMFish2008Jun03,main,1,M,RI,N/A,63,30,0.720000029,12,19.3,2,25,0,0,,12/3/2018
2008,BUFFRMFISHBM03,BUFFRMFish2008Jun03,main,1,R,RI,N/A,63,46,1.460000038,12,19.3,2,25,0,0,,12/3/2018
2008,BUFFRMFISHBM03,BUFFRMFish2008Jun03,main,2,L,GL,N/A,53,122,0.289999992,17,109,2,25,0,0,,12/3/2018
2008,BUFFRMFISHBM03,BUFFRMFish2008Jun03,main,2,M,GL,N/A,53,82,0.330000013,14,38.5,2,25,0,0,,12/3/2018
2008,BUFFRMFISHBM03,BUFFRMFish2008Jun03,main,2,R,GL,N/A,53,72,0.439999998,12,19.3,3,57.5,0,0,,12/3/2018
2008,BUFFRMFISHBM03,BUFFRMFish2008Jun03,main,3,L,PO,L,56,134,0.079999998,16,77,2,25,0,0,,12/3/2018
2008,BUFFRMFISHBM03,BUFFRMFish2008Jun03,main,3,M,PO,L,56,98,0.389999986,14,38.5,2,25,0,0,,12/3/2018
2008,BUFFRMFISHBM03,BUFFRMFish2008Jun03,main,3,R,PO,L,56,75,0.280000001,13,27.3,2,25,0,0,,12/3/2018
2008,BUFFRMFISHBM03,BUFFRMFish2008Jun03,main,4,L,PO,L,52,166,0.059999999,,,2,25,0,0,,12/3/2018
2008,BUFFRMFISHBM03,BUFFRMFish2008Jun03,main,4,M,PO,L,52,198,0.270000011,,,2,25,0,0,,12/3/2018
2008,BUFFRMFISHBM03,BUFFRMFish2008Jun03,main,4,R,PO,L,52,112,0.270000011,15,54.5,2,25,3,57.5,,12/3/2018
2008,BUFFRMFISHBM03,BUFFRMFish2008Jun03,main,5,L,PO,L,40,196,0.180000007,17,109,2,25,0,0,,12/3/2018
2008,BUFFRMFISHBM03,BUFFRMFish2008Jun03,main,5,M,PO,L,40,168,0.449999988,14,38.5,2,25,0,0,,12/3/2018
2008,BUFFRMFISHBM03,BUFFRMFish2008Jun03,main,5,R,PO,L,40,36,0.200000003,8,4.85,3,57.5,0,0,,12/3/2018
2008,BUFFRMFISHBM03,BUFFRMFish2008Jun03,main,6,L,PO,F,30,184,0.319999993,24,10000,0,0,0,0,,12/3/2018
2008,BUFFRMFISHBM03,BUFFRMFish2008Jun03,main,6,M,PO,F,30,120,0.430000007,14,38.5,2,25,0,0,,12/3/2018
2008,BUFFRMFISHBM03,BUFFRMFish2008Jun03,main,6,R,PO,F,30,50,0.370000005,14,38.5,2,25,0,0,,12/3/2018
2008,BUFFRMFISHBM03,BUFFRMFish2008Jun03,main,7,L,PO,F,49,160,0.400000006,22,768,1,5,0,0,,12/3/2018
2008,BUFFRMFISHBM03,BUFFRMFish2008Jun03,main,7,M,PO,F,49,150,0.469999999,17,109,3,57.5,0,0,,12/3/2018
2008,BUFFRMFISHBM03,BUFFRMFish2008Jun03,main,7,R,PO,F,49,66,0.209999993,12,19.3,3,57.5,0,0,,12/3/2018
2008,BUFFRMFISHBM03,BUFFRMFish2008Jun03,main,8,L,PO,F,46,200,0.550000012,,,,,0,0,,12/3/2018
2008,BUFFRMFISHBM03,BUFFRMFish2008Jun03,main,8,M,PO,F,46,190,0.25,2,0.0935,3,57.5,0,0,,12/3/2018
2008,BUFFRMFISHBM03,BUFFRMFish2008Jun03,main,8,R,PO,F,46,40,0.01,2,0.0935,3,57.5,0,0,,12/3/2018
2008,BUFFRMFISHBM03,BUFFRMFish2008Jun03,main,9,L,PO,F,39,200,0.300000012,22,768,2,25,0,0,,12/3/2018
2008,BUFFRMFISHBM03,BUFFRMFish2008Jun03,main,9,M,PO,F,39,150,0.319999993,5,0.75,3,57.5,0,0,,12/3/2018
2008,BUFFRMFISHBM03,BUFFRMFish2008Jun03,main,9,R,PO,F,39,110,-0.050000001,11,13.65,3,57.5,0,0,,12/3/2018
2008,BUFFRMFISHBM03,BUFFRMFish2008Jun03,main,10,L,PO,L,38,198,0.289999992,5,0.75,3,57.5,0,0,,12/3/2018
2008,BUFFRMFISHBM03,BUFFRMFish2008Jun03,main,10,M,PO,L,38,200,0.370000005,18,154,2,25,0,0,,12/3/2018
2008,BUFFRMFISHBM03,BUFFRMFish2008Jun03,main,10,R,PO,L,38,88,-0.039999999,12,19.3,2,25,0,0,,12/3/2018
2008,BUFFRMFISHBM03,BUFFRMFish2008Jun03,main,11,L,PO,F,40,140,0.200000003,14,38.5,2,25,0,0,,12/3/2018
2008,BUFFRMFISHBM03,BUFFRMFish2008Jun03,main,11,M,PO,F,40,128,0.479999989,14,38.5,2,25,0,0,,12/3/2018
2008,BUFFRMFISHBM03,BUFFRMFish2008Jun03,main,11,R,PO,F,40,64,0.409999996,14,38.5,2,25,0,0,,12/3/2018
2008,BUFFRMFISHBM04,BUFFRMFish2008Jun04,main,1,L,RRX,N/A,59,38,0.980000019,12,19.3,2,25,0,0,,12/3/2018
2008,BUFFRMFISHBM04,BUFFRMFish2008Jun04,main,1,M,RRX,N/A,59,74,1.139999986,14,38.5,2,25,0,0,,12/3/2018
2008,BUFFRMFISHBM04,BUFFRMFish2008Jun04,main,1,R,RRX,N/A,59,26,0.059999999,10,9.65,2,25,4,87.5,,12/3/2018
2008,BUFFRMFISHBM04,BUFFRMFish2008Jun04,main,2,L,RRX,N/A,59,62,0.670000017,15,54.5,2,25,0,0,,12/3/2018
2008,BUFFRMFISHBM04,BUFFRMFish2008Jun04,main,2,M,RRX,N/A,59,78,0.930000007,16,77,2,25,0,0,,12/3/2018
2008,BUFFRMFISHBM04,BUFFRMFish2008Jun04,main,2,R,RRX,N/A,59,11,0.100000001,14,38.5,2,25,0,0,,12/3/2018
2008,BUFFRMFISHBM04,BUFFRMFish2008Jun04,main,3,L,RU,N/A,49,90,0.230000004,15,54.5,3,57.5,0,0,,12/3/2018
2008,BUFFRMFISHBM04,BUFFRMFish2008Jun04,main,3,M,RU,N/A,49,116,0.430000007,17,109,2,25,0,0,,12/3/2018
2008,BUFFRMFISHBM04,BUFFRMFish2008Jun04,main,3,R,RU,N/A,49,84,0.460000008,15,54.5,2,25,0,0,,12/3/2018
2008,BUFFRMFISHBM04,BUFFRMFish2008Jun04,main,4,L,RU,N/A,56,104,0.219999999,12,19.3,2,25,0,0,,12/3/2018
2008,BUFFRMFISHBM04,BUFFRMFish2008Jun04,main,4,M,RU,N/A,56,114,0.25,24,10000,0,0,0,0,,12/3/2018
2008,BUFFRMFISHBM04,BUFFRMFish2008Jun04,main,4,R,RU,N/A,56,118,0.25999999,14,38.5,2,25,0,0,,12/3/2018
2008,BUFFRMFISHBM04,BUFFRMFish2008Jun04,main,5,L,RU,N/A,54,80,0.370000005,13,27.3,2,25,0,0,,12/3/2018
2008,BUFFRMFISHBM04,BUFFRMFish2008Jun04,main,5,M,RU,N/A,54,108,0.449999988,24,10000,0,0,0,0,,12/3/2018
2008,BUFFRMFISHBM04,BUFFRMFish2008Jun04,main,5,R,RU,N/A,54,142,0.360000014,24,10000,0,0,0,0,,12/3/2018
2008,BUFFRMFISHBM04,BUFFRMFish2008Jun04,main,6,L,RU,N/A,62,94,0.370000005,10,9.65,2,25,0,0,,12/3/2018
2008,BUFFRMFISHBM04,BUFFRMFish2008Jun04,main,6,M,RU,N/A,62,123,0.219999999,24,10000,0,0,0,0,,12/3/2018
2008,BUFFRMFISHBM04,BUFFRMFish2008Jun04,main,6,R,RU,N/A,62,123,0.360000014,16,77,2,25,0,0,,12/3/2018
2008,BUFFRMFISHBM04,BUFFRMFish2008Jun04,main,7,L,RU,N/A,57,80,0.400000006,18,154,2,25,0,0,,12/3/2018
2008,BUFFRMFISHBM04,BUFFRMFish2008Jun04,main,7,M,RU,N/A,57,94,0.439999998,24,10000,0,0,0,0,,12/3/2018
2008,BUFFRMFISHBM04,BUFFRMFish2008Jun04,main,7,R,RU,N/A,57,80,0.540000021,24,10000,0,0,0,0,,12/3/2018
2008,BUFFRMFISHBM04,BUFFRMFish2008Jun04,main,8,L,RU,N/A,56,122,0.289999992,24,10000,0,0,0,0,,12/3/2018
2008,BUFFRMFISHBM04,BUFFRMFish2008Jun04,main,8,M,RU,N/A,56,110,0.479999989,12,19.3,2,25,0,0,,12/3/2018
2008,BUFFRMFISHBM04,BUFFRMFish2008Jun04,main,8,R,RU,N/A,56,108,0.349999994,24,10000,0,0,1,5,,12/3/2018
2008,BUFFRMFISHBM04,BUFFRMFish2008Jun04,main,9,L,PO,M,60,106,0.230000004,22,768,2,25,0,0,,12/3/2018
2008,BUFFRMFISHBM04,BUFFRMFish2008Jun04,main,9,M,PO,M,60,158,0.170000002,22,768,2,25,0,0,,12/3/2018
2008,BUFFRMFISHBM04,BUFFRMFish2008Jun04,main,9,R,PO,M,60,97,0.340000004,24,10000,0,0,0,0,,12/3/2018
2008,BUFFRMFISHBM04,BUFFRMFish2008Jun04,main,10,L,PO,L,57,143,0.129999995,24,10000,0,0,0,0,,12/3/2018
2008,BUFFRMFISHBM04,BUFFRMFish2008Jun04,main,10,M,PO,L,57,128,0.629999995,24,10000,0,0,0,0,,12/3/2018
2008,BUFFRMFISHBM04,BUFFRMFish2008Jun04,main,10,R,PO,L,57,86,0.029999999,24,10000,0,0,0,0,,12/3/2018
2008,BUFFRMFISHBM04,BUFFRMFish2008Jun04,main,11,L,PO,L,62,130,0.01,24,10000,0,0,0,0,,12/3/2018
2008,BUFFRMFISHBM04,BUFFRMFish2008Jun04,main,11,M,PO,L,62,120,0.370000005,18,154,2,25,0,0,,12/3/2018
2008,BUFFRMFISHBM04,BUFFRMFish2008Jun04,main,11,R,PO,L,62,92,0.620000005,24,10000,0,0,0,0,,12/3/2018
2008,BUFFRMFISHBM05,BUFFRMFish2008Jun05,main,1,L,RU,N/A,42,44,0.379999995,14,38.5,2,25,0,0,,12/3/2018
2008,BUFFRMFISHBM05,BUFFRMFish2008Jun05,main,1,M,RU,N/A,42,56,0.629999995,12,19.3,2,25,0,0,,12/3/2018
2008,BUFFRMFISHBM05,BUFFRMFish2008Jun05,main,1,R,RU,N/A,42,100,0.870000005,12,19.3,2,25,0,0,,12/3/2018
2008,BUFFRMFISHBM05,BUFFRMFish2008Jun05,main,2,L,RRX,N/A,56,68,1.220000029,12,19.3,2,25,0,0,,12/3/2018
2008,BUFFRMFISHBM05,BUFFRMFish2008Jun05,main,2,M,RRX,N/A,56,40,0.970000029,15,54.5,2,25,0,0,,12/3/2018
2008,BUFFRMFISHBM05,BUFFRMFish2008Jun05,main,2,R,RRX,N/A,56,44,1,12,19.3,2,25,0,0,,12/3/2018
2008,BUFFRMFISHBM05,BUFFRMFish2008Jun05,main,3,L,RRX,N/A,58,92,0.899999976,15,54.5,2,25,0,0,,12/3/2018
2008,BUFFRMFISHBM05,BUFFRMFish2008Jun05,main,3,M,RRX,N/A,58,53,0.360000014,14,38.5,2,25,0,0,,12/3/2018
2008,BUFFRMFISHBM05,BUFFRMFish2008Jun05,main,3,R,RRX,N/A,58,36,0.330000013,11,13.65,2,25,0,0,,12/3/2018
2008,BUFFRMFISHBM05,BUFFRMFish2008Jun05,main,4,L,PO,L,49,86,0.620000005,15,54.5,2,25,0,0,,12/3/2018
2008,BUFFRMFISHBM05,BUFFRMFish2008Jun05,main,4,M,PO,L,49,16,0.360000014,14,38.5,2,25,0,0,,12/3/2018
2008,BUFFRMFISHBM05,BUFFRMFish2008Jun05,main,4,R,PO,L,49,130,0.109999999,13,27.3,2,25,0,0,,12/3/2018
2008,BUFFRMFISHBM05,BUFFRMFish2008Jun05,main,5,L,RRX,N/A,52,78,0.649999976,14,38.5,2,25,0,0,,12/3/2018
2008,BUFFRMFISHBM05,BUFFRMFish2008Jun05,main,5,M,RRX,N/A,52,53,0.610000014,14,38.5,2,25,0,0,,12/3/2018
2008,BUFFRMFISHBM05,BUFFRMFish2008Jun05,main,5,R,RRX,N/A,52,20,0.460000008,14,38.5,2,25,0,0,,12/3/2018
2008,BUFFRMFISHBM05,BUFFRMFish2008Jun05,main,6,L,RU,N/A,45,20,0.25,14,38.5,2,25,0,0,,12/3/2018
2008,BUFFRMFISHBM05,BUFFRMFish2008Jun05,main,6,M,RU,N/A,45,75,0.649999976,13,27.3,2,25,0,0,,12/3/2018
2008,BUFFRMFISHBM05,BUFFRMFish2008Jun05,main,6,R,RU,N/A,45,80,0.519999981,15,54.5,2,25,0,0,,12/3/2018
2008,BUFFRMFISHBM05,BUFFRMFish2008Jun05,main,7,L,PO,F,30,86,0.349999994,15,54.5,2,25,0,0,,12/3/2018
2008,BUFFRMFISHBM05,BUFFRMFish2008Jun05,main,7,M,PO,F,30,104,0.579999983,15,54.5,2,25,0,0,,12/3/2018
2008,BUFFRMFISHBM05,BUFFRMFish2008Jun05,main,7,R,PO,F,30,150,0.550000012,24,10000,0,0,0,0,,12/3/2018
2008,BUFFRMFISHBM05,BUFFRMFish2008Jun05,main,8,L,PO,F,30,86,0.180000007,14,38.5,2,25,0,0,,12/3/2018
2008,BUFFRMFISHBM05,BUFFRMFish2008Jun05,main,8,M,PO,F,30,166,0.550000012,15,54.5,2,25,0,0,,12/3/2018
2008,BUFFRMFISHBM05,BUFFRMFish2008Jun05,main,8,R,PO,F,30,140,0.610000014,22,768,2,25,0,0,,12/3/2018
2008,BUFFRMFISHBM05,BUFFRMFish2008Jun05,main,9,L,PO,F,25,58,0.090000004,14,38.5,2,25,0,0,,12/3/2018
2008,BUFFRMFISHBM05,BUFFRMFish2008Jun05,main,9,M,PO,F,25,160,0.379999995,16,77,2,25,0,0,,12/3/2018
2008,BUFFRMFISHBM05,BUFFRMFish2008Jun05,main,9,R,PO,F,25,172,0.899999976,22,768,2,25,0,0,,12/3/2018
2008,BUFFRMFISHBM05,BUFFRMFish2008Jun05,main,10,L,PO,L,27,42,-0.109999999,16,77,2,25,0,0,,12/3/2018
2008,BUFFRMFISHBM05,BUFFRMFish2008Jun05,main,10,M,PO,L,27,174,0.649999976,22,768,2,25,0,0,,12/3/2018
2008,BUFFRMFISHBM05,BUFFRMFish2008Jun05,main,10,R,PO,L,27,134,1.279999971,22,768,2,25,2,25,,12/3/2018
2008,BUFFRMFISHBM05,BUFFRMFish2008Jun05,main,11,L,RU,N/A,24,88,-0.02,15,54.5,2,25,0,0,,12/3/2018
2008,BUFFRMFISHBM05,BUFFRMFish2008Jun05,main,11,M,RU,N/A,24,138,1.549999952,22,768,2,25,0,0,,12/3/2018
2008,BUFFRMFISHBM05,BUFFRMFish2008Jun05,main,11,R,RU,N/A,24,110,1.460000038,15,54.5,2,25,0,0,,12/3/2018
2008,BUFFRMFISHBM06,BUFFRMFish2008Jun18,main,1,L,RU,N/A,44,28,0.349999994,14,38.5,2,25,0,0,,12/3/2018
2008,BUFFRMFISHBM06,BUFFRMFish2008Jun18,main,1,M,RU,N/A,44,65,0.75999999,14,38.5,2,25,0,0,,12/3/2018
2008,BUFFRMFISHBM06,BUFFRMFish2008Jun18,main,1,R,RU,N/A,44,196,0.270000011,22,768,2,25,0,0,,12/3/2018
2008,BUFFRMFISHBM06,BUFFRMFish2008Jun18,main,2,L,RU,N/A,58,19,0.330000013,13,27.3,2,25,0,0,,12/3/2018
2008,BUFFRMFISHBM06,BUFFRMFish2008Jun18,main,2,M,RU,N/A,58,50,0.779999971,14,38.5,2,25,0,0,,12/3/2018
2008,BUFFRMFISHBM06,BUFFRMFish2008Jun18,main,2,R,RU,N/A,58,118,1.129999995,15,54.5,2,25,0,0,,12/3/2018
2008,BUFFRMFISHBM06,BUFFRMFish2008Jun18,main,3,L,RU,N/A,66,36,0.330000013,13,27.3,3,57.5,0,0,,12/3/2018
2008,BUFFRMFISHBM06,BUFFRMFish2008Jun18,main,3,M,RU,N/A,66,61,0.370000005,14,38.5,2,25,0,0,,12/3/2018
2008,BUFFRMFISHBM06,BUFFRMFish2008Jun18,main,3,R,RU,N/A,66,132,0.660000026,14,38.5,2,25,0,0,,12/3/2018
2008,BUFFRMFISHBM06,BUFFRMFish2008Jun18,main,4,L,RU,N/A,51,27,0.109999999,12,19.3,3,57.5,0,0,,12/3/2018
2008,BUFFRMFISHBM06,BUFFRMFish2008Jun18,main,4,M,RU,N/A,51,120,0.360000014,14,38.5,2,25,0,0,,12/3/2018
2008,BUFFRMFISHBM06,BUFFRMFish2008Jun18,main,4,R,RU,N/A,51,112,0.589999974,15,54.5,2,25,0,0,,12/3/2018
2008,BUFFRMFISHBM06,BUFFRMFish2008Jun18,main,5,L,RU,N/A,52,46,0.219999999,12,19.3,3,57.5,0,0,,12/3/2018
2008,BUFFRMFISHBM06,BUFFRMFish2008Jun18,main,5,M,RU,N/A,52,68,0.400000006,12,19.3,2,25,0,0,,12/3/2018
2008,BUFFRMFISHBM06,BUFFRMFish2008Jun18,main,5,R,RU,N/A,52,136,0.569999993,15,54.5,2,25,0,0,,12/3/2018
2008,BUFFRMFISHBM06,BUFFRMFish2008Jun18,main,6,L,RU,N/A,56,58,0.180000007,3,0.1875,4,87.5,0,0,,12/3/2018
2008,BUFFRMFISHBM06,BUFFRMFish2008Jun18,main,6,M,RU,N/A,56,122,0.600000024,12,19.3,2,25,0,0,,12/3/2018
2008,BUFFRMFISHBM06,BUFFRMFish2008Jun18,main,6,R,RU,N/A,56,142,0.180000007,20,309,2,25,0,0,,12/3/2018
2008,BUFFRMFISHBM06,BUFFRMFish2008Jun18,main,7,L,RU,N/A,56,86,0.289999992,3,0.1875,4,87.5,0,0,,12/3/2018
2008,BUFFRMFISHBM06,BUFFRMFish2008Jun18,main,7,M,RU,N/A,56,110,0.349999994,11,13.65,3,57.5,0,0,,12/3/2018
2008,BUFFRMFISHBM06,BUFFRMFish2008Jun18,main,7,R,RU,N/A,56,118,0.289999992,17,109,2,25,0,0,,12/3/2018
2008,BUFFRMFISHBM06,BUFFRMFish2008Jun18,main,8,L,RU,N/A,60,136,0.25999999,3,0.1875,4,87.5,0,0,,12/3/2018
2008,BUFFRMFISHBM06,BUFFRMFish2008Jun18,main,8,M,RU,N/A,60,138,0.370000005,11,13.65,2,25,0,0,,12/3/2018
2008,BUFFRMFISHBM06,BUFFRMFish2008Jun18,main,8,R,RU,N/A,60,140,0.090000004,19,218,2,25,0,0,,12/3/2018
2008,BUFFRMFISHBM06,BUFFRMFish2008Jun18,main,9,L,RU,N/A,66,66,0.219999999,3,0.1875,4,87.5,0,0,,12/3/2018
2008,BUFFRMFISHBM06,BUFFRMFish2008Jun18,main,9,M,RU,N/A,66,142,0.300000012,12,19.3,2,25,0,0,,12/3/2018
2008,BUFFRMFISHBM06,BUFFRMFish2008Jun18,main,9,R,RU,N/A,66,124,0.230000004,18,154,2,25,0,0,,12/3/2018
2008,BUFFRMFISHBM06,BUFFRMFish2008Jun18,main,10,L,RU,N/A,71,18,0.270000011,12,19.3,3,57.5,0,0,,12/3/2018
2008,BUFFRMFISHBM06,BUFFRMFish2008Jun18,main,10,M,RU,N/A,71,97,0.50999999,11,13.65,3,57.5,0,0,,12/3/2018
2008,BUFFRMFISHBM06,BUFFRMFish2008Jun18,main,10,R,RU,N/A,71,116,0.370000005,17,109,2,25,0,0,,12/3/2018
2008,BUFFRMFISHBT04,BUFFRMFish2008May21,main,1,L,RI,N/A,6.4,12,0.379999995,12,19.3,2,25,3,57.5,,12/3/2018
2008,BUFFRMFISHBT04,BUFFRMFish2008May21,main,1,M,RI,N/A,6.4,11,0.209999993,14,38.5,2,25,3,57.5,,12/3/2018
2008,BUFFRMFISHBT04,BUFFRMFish2008May21,main,1,R,RI,N/A,6.4,4,0.270000011,11,13.65,2,25,3,57.5,,12/3/2018
2008,BUFFRMFISHBT04,BUFFRMFish2008May21,main,2,L,RU,N/A,5.9,23,0.49000001,13,27.3,2,25,2,25,,12/3/2018
2008,BUFFRMFISHBT04,BUFFRMFish2008May21,main,2,M,RU,N/A,5.9,9,0.25,11,13.65,2,25,2,25,,12/3/2018
2008,BUFFRMFISHBT04,BUFFRMFish2008May21,main,2,R,RU,N/A,5.9,5,0.319999993,12,19.3,2,25,0,0,,12/3/2018
2008,BUFFRMFISHBT04,BUFFRMFish2008May21,main,3,L,GL,N/A,7.6,11,0.050000001,10,9.65,2,25,3,57.5,,12/3/2018
2008,BUFFRMFISHBT04,BUFFRMFish2008May21,main,3,M,GL,N/A,7.6,16,0.119999997,12,19.3,2,25,4,87.5,,12/3/2018
2008,BUFFRMFISHBT04,BUFFRMFish2008May21,main,3,R,GL,N/A,7.6,28,0.239999995,11,13.65,3,57.5,4,87.5,,12/3/2018
2008,BUFFRMFISHBT04,BUFFRMFish2008May21,main,4,L,PGX,N/A,6.8,24,0.029999999,14,38.5,2,25,2,25,,12/3/2018
2008,BUFFRMFISHBT04,BUFFRMFish2008May21,main,4,M,PGX,N/A,6.8,30,0.059999999,14,38.5,2,25,3,57.5,,12/3/2018
2008,BUFFRMFISHBT04,BUFFRMFish2008May21,main,4,R,PGX,N/A,6.8,18,0.090000004,24,10000,0,0,4,87.5,,12/3/2018
2008,BUFFRMFISHBT04,BUFFRMFish2008May21,main,5,L,RU,N/A,5,34,0.050000001,16,77,2,25,2,25,,12/3/2018
2008,BUFFRMFISHBT04,BUFFRMFish2008May21,main,5,M,RU,N/A,5,35,0.180000007,14,38.5,2,25,2,25,,12/3/2018
2008,BUFFRMFISHBT04,BUFFRMFish2008May21,main,5,R,RU,N/A,5,10,0.100000001,13,27.3,2,25,3,57.5,,12/3/2018
2008,BUFFRMFISHBT04,BUFFRMFish2008May21,main,6,L,RI,N/A,4.5,22,0.550000012,18,154,1,5,1,5,,12/3/2018
2008,BUFFRMFISHBT04,BUFFRMFish2008May21,main,6,M,RI,N/A,4.5,7,0.119999997,17,109,1,5,1,5,,12/3/2018
2008,BUFFRMFISHBT04,BUFFRMFish2008May21,main,6,R,RI,N/A,4.5,16,0.239999995,16,77,2,25,2,25,,12/3/2018
2008,BUFFRMFISHBT04,BUFFRMFish2008May21,main,7,L,RI,N/A,2.7,16,0.239999995,13,27.3,2,25,1,5,,12/3/2018
2008,BUFFRMFISHBT04,BUFFRMFish2008May21,main,7,M,RI,N/A,2.7,22,0.560000002,14,38.5,2,25,1,5,,12/3/2018
2008,BUFFRMFISHBT04,BUFFRMFish2008May21,main,7,R,RI,N/A,2.7,18,0.620000005,16,77,1,5,2,25,,12/3/2018
2008,BUFFRMFISHBT04,BUFFRMFish2008May21,main,8,L,RI,N/A,6.7,10,0.360000014,16,77,2,25,3,57.5,,12/3/2018
2008,BUFFRMFISHBT04,BUFFRMFish2008May21,main,8,M,RI,N/A,6.7,11,0.100000001,15,54.5,2,25,3,57.5,,12/3/2018
2008,BUFFRMFISHBT04,BUFFRMFish2008May21,main,8,R,RI,N/A,6.7,10,0.07,16,77,2,25,3,57.5,,12/3/2018
2008,BUFFRMFISHBT04,BUFFRMFish2008May21,main,9,L,PO,M,5.1,20,0.02,14,38.5,2,25,2,25,,12/3/2018
2008,BUFFRMFISHBT04,BUFFRMFish2008May21,main,9,M,PO,M,5.1,27,0.02,16,77,2,25,1,5,,12/3/2018
2008,BUFFRMFISHBT04,BUFFRMFish2008May21,main,9,R,PO,M,5.1,38,0.090000004,12,19.3,2,25,2,25,,12/3/2018
2008,BUFFRMFISHBT04,BUFFRMFish2008May21,main,10,L,GL,N/A,6.2,10,0.389999986,13,27.3,2,25,1,5,,12/3/2018
2008,BUFFRMFISHBT04,BUFFRMFish2008May21,main,10,M,GL,N/A,6.2,12,0.029999999,13,27.3,2,25,2,25,,12/3/2018
2008,BUFFRMFISHBT04,BUFFRMFish2008May21,main,10,R,GL,N/A,6.2,18,0.289999992,13,27.3,2,25,2,25,,12/3/2018
2008,BUFFRMFISHBT04,BUFFRMFish2008May21,main,11,L,PO,F,6.6,20,0.01,3,0.1875,4,87.5,2,25,,12/3/2018
2008,BUFFRMFISHBT04,BUFFRMFish2008May21,main,11,M,PO,F,6.6,10,-0.01,11,13.65,3,57.5,0,0,,12/3/2018
2008,BUFFRMFISHBT04,BUFFRMFish2008May21,main,11,R,PO,F,6.6,88,0.029999999,12,19.3,3,57.5,2,25,,12/3/2018
2008,BUFFRMFISHBT13,BUFFRMFish2008May23,main,1,L,RI,N/A,11.6,14,0.699999988,13,27.3,2,25,0,0,,12/3/2018
2008,BUFFRMFISHBT13,BUFFRMFish2008May23,main,1,M,RI,N/A,11.6,16,0.419999987,15,54.5,2,25,0,0,,12/3/2018
2008,BUFFRMFISHBT13,BUFFRMFish2008May23,main,1,R,RI,N/A,11.6,19,0.400000006,14,38.5,2,25,0,0,,12/3/2018
2008,BUFFRMFISHBT13,BUFFRMFish2008May23,main,2,L,RU,N/A,10.1,23,0.189999998,13,27.3,3,57.5,1,5,,12/3/2018
2008,BUFFRMFISHBT13,BUFFRMFish2008May23,main,2,M,RU,N/A,10.1,34,0.310000002,12,19.3,2,25,2,25,,12/3/2018
2008,BUFFRMFISHBT13,BUFFRMFish2008May23,main,2,R,RU,N/A,10.1,42,0.579999983,14,38.5,2,25,2,25,,12/3/2018
2008,BUFFRMFISHBT13,BUFFRMFish2008May23,main,3,L,RU,N/A,8.8,60,0.150000006,18,154,2,25,0,0,,12/3/2018
2008,BUFFRMFISHBT13,BUFFRMFish2008May23,main,3,M,RU,N/A,8.8,40,0.439999998,14,38.5,2,25,0,0,,12/3/2018
2008,BUFFRMFISHBT13,BUFFRMFish2008May23,main,3,R,RU,N/A,8.8,14,0.280000001,14,38.5,2,25,0,0,,12/3/2018
2008,BUFFRMFISHBT13,BUFFRMFish2008May23,main,4,L,RI,N/A,9,28,0.340000004,14,38.5,2,25,0,0,,12/3/2018
2008,BUFFRMFISHBT13,BUFFRMFish2008May23,main,4,M,RI,N/A,9,22,0.810000002,14,38.5,2,25,0,0,,12/3/2018
2008,BUFFRMFISHBT13,BUFFRMFish2008May23,main,4,R,RI,N/A,9,26,0.829999983,12,19.3,2,25,0,0,,12/3/2018
2008,BUFFRMFISHBT13,BUFFRMFish2008May23,main,5,L,RI,N/A,12.3,18,0.649999976,15,54.5,2,25,0,0,,12/3/2018
2008,BUFFRMFISHBT13,BUFFRMFish2008May23,main,5,M,RI,N/A,12.3,26,0.660000026,13,27.3,2,25,0,0,,12/3/2018
2008,BUFFRMFISHBT13,BUFFRMFish2008May23,main,5,R,RI,N/A,12.3,12,0.360000014,14,38.5,2,25,0,0,,12/3/2018
2008,BUFFRMFISHBT13,BUFFRMFish2008May23,main,6,L,RU,N/A,19.8,24,0.159999996,13,27.3,3,57.5,0,0,,12/3/2018
2008,BUFFRMFISHBT13,BUFFRMFish2008May23,main,6,M,RU,N/A,19.8,16,0.50999999,13,27.3,2,25,0,0,,12/3/2018
2008,BUFFRMFISHBT13,BUFFRMFish2008May23,main,6,R,RU,N/A,19.8,12,0.209999993,14,38.5,2,25,0,0,,12/3/2018
2008,BUFFRMFISHBT13,BUFFRMFish2008May23,main,7,L,RI,N/A,13.5,6,0.01,12,19.3,2,25,0,0,,12/3/2018
2008,BUFFRMFISHBT13,BUFFRMFish2008May23,main,7,M,RI,N/A,13.5,14,0.730000019,14,38.5,2,25,0,0,,12/3/2018
2008,BUFFRMFISHBT13,BUFFRMFish2008May23,main,7,R,RI,N/A,13.5,26,0.920000017,12,19.3,2,25,0,0,,12/3/2018
2008,BUFFRMFISHBT13,BUFFRMFish2008May23,main,8,L,PGX,N/A,31,44,0.029999999,12,19.3,3,57.5,0,0,,12/3/2018
2008,BUFFRMFISHBT13,BUFFRMFish2008May23,main,8,M,PGX,N/A,31,71,0.07,13,27.3,3,57.5,0,0,,12/3/2018
2008,BUFFRMFISHBT13,BUFFRMFish2008May23,main,8,R,PGX,N/A,31,32,0.01,13,27.3,3,57.5,1,5,,12/3/2018
2008,BUFFRMFISHBT13,BUFFRMFish2008May23,main,9,L,PO,L,38,56,0.02,10,9.65,4,87.5,0,0,,12/3/2018
2008,BUFFRMFISHBT13,BUFFRMFish2008May23,main,9,M,PO,L,38,50,0.050000001,12,19.3,4,87.5,0,0,,12/3/2018
2008,BUFFRMFISHBT13,BUFFRMFish2008May23,main,9,R,PO,L,38,68,0.059999999,12,19.3,3,57.5,0,0,,12/3/2018
2008,BUFFRMFISHBT13,BUFFRMFish2008May23,main,10,L,PO,L,39,30,0.050000001,13,27.3,3,57.5,0,0,,12/3/2018
2008,BUFFRMFISHBT13,BUFFRMFish2008May23,main,10,M,PO,L,39,42,0.07,12,19.3,3,57.5,0,0,,12/3/2018
2008,BUFFRMFISHBT13,BUFFRMFish2008May23,main,10,R,PO,L,39,62,0.07,12,19.3,3,57.5,0,0,,12/3/2018
2008,BUFFRMFISHBT13,BUFFRMFish2008May23,main,11,L,PO,L,42,36,0.090000004,10,9.65,4,87.5,0,0,,12/3/2018
2008,BUFFRMFISHBT13,BUFFRMFish2008May23,main,11,M,PO,L,42,38,0.07,14,38.5,3,57.5,0,0,,12/3/2018
2008,BUFFRMFISHBT13,BUFFRMFish2008May23,main,11,R,PO,L,42,78,-0.02,11,13.65,4,87.5,0,0,,12/3/2018
2008,BUFFRMFISHBT15,BUFFRMFish2008May28,main,1,L,GL,N/A,13.5,5,0.07,11,13.65,2,25,4,87.5,,12/3/2018
2008,BUFFRMFISHBT15,BUFFRMFish2008May28,main,1,M,GL,N/A,13.5,19,0.090000004,3,0.1875,4,87.5,3,57.5,,12/3/2018
2008,BUFFRMFISHBT15,BUFFRMFish2008May28,main,1,R,GL,N/A,13.5,28,0.059999999,3,0.1875,4,87.5,4,87.5,,12/3/2018
2008,BUFFRMFISHBT15,BUFFRMFish2008May28,main,2,L,PO,L,10.9,82,0.02,13,27.3,3,57.5,2,25,,12/3/2018
2008,BUFFRMFISHBT15,BUFFRMFish2008May28,main,2,M,PO,L,10.9,62,0.180000007,3,0.1875,4,87.5,0,0,,12/3/2018
2008,BUFFRMFISHBT15,BUFFRMFish2008May28,main,2,R,PO,L,10.9,12,-0.02,3,0.1875,4,87.5,1,5,,12/3/2018
2008,BUFFRMFISHBT15,BUFFRMFish2008May28,main,3,L,RU,N/A,7.2,52,0.389999986,12,19.3,2,25,4,87.5,,12/3/2018
2008,BUFFRMFISHBT15,BUFFRMFish2008May28,main,3,M,RU,N/A,7.2,32,0.200000003,11,13.65,3,57.5,1,5,,12/3/2018
2008,BUFFRMFISHBT15,BUFFRMFish2008May28,main,3,R,RU,N/A,7.2,6,-0.029999999,13,27.3,4,87.5,0,0,,12/3/2018
2008,BUFFRMFISHBT15,BUFFRMFish2008May28,main,4,L,RI,N/A,8.2,24,0.649999976,12,19.3,2,25,3,57.5,,12/3/2018
2008,BUFFRMFISHBT15,BUFFRMFish2008May28,main,4,M,RI,N/A,8.2,10,0.629999995,14,38.5,2,25,1,5,,12/3/2018
2008,BUFFRMFISHBT15,BUFFRMFish2008May28,main,4,R,RI,N/A,8.2,6,0.340000004,13,27.3,2,25,0,0,,12/3/2018
2008,BUFFRMFISHBT15,BUFFRMFish2008May28,main,5,L,RU,N/A,10.4,10,0.029999999,14,38.5,3,57.5,3,57.5,,12/3/2018
2008,BUFFRMFISHBT15,BUFFRMFish2008May28,main,5,M,RU,N/A,10.4,24,0.5,14,38.5,2,25,2,25,,12/3/2018
2008,BUFFRMFISHBT15,BUFFRMFish2008May28,main,5,R,RU,N/A,10.4,8,0.150000006,11,13.65,3,57.5,3,57.5,,12/3/2018
2008,BUFFRMFISHBT15,BUFFRMFish2008May28,main,6,L,RI,N/A,13.3,4,0.039999999,13,27.3,3,57.5,2,25,,12/3/2018
2008,BUFFRMFISHBT15,BUFFRMFish2008May28,main,6,M,RI,N/A,13.3,10,0.579999983,12,19.3,2,25,0,0,,12/3/2018
2008,BUFFRMFISHBT15,BUFFRMFish2008May28,main,6,R,RI,N/A,13.3,12,0.469999999,12,19.3,2,25,2,25,,12/3/2018
2008,BUFFRMFISHBT15,BUFFRMFish2008May28,main,7,L,RI,N/A,13.5,6,0.07,13,27.3,3,57.5,2,25,,12/3/2018
2008,BUFFRMFISHBT15,BUFFRMFish2008May28,main,7,M,RI,N/A,13.5,5,0.109999999,12,19.3,3,57.5,0,0,,12/3/2018
2008,BUFFRMFISHBT15,BUFFRMFish2008May28,main,7,R,RI,N/A,13.5,18,0.569999993,14,38.5,2,25,0,0,,12/3/2018
2008,BUFFRMFISHBT15,BUFFRMFish2008May28,main,8,L,RRX,N/A,14.6,8,0.319999993,14,38.5,2,25,1,5,,12/3/2018
2008,BUFFRMFISHBT15,BUFFRMFish2008May28,main,8,M,RRX,N/A,14.6,10,0.330000013,13,27.3,2,25,0,0,,12/3/2018
2008,BUFFRMFISHBT15,BUFFRMFish2008May28,main,8,R,RRX,N/A,14.6,20,0.340000004,13,27.3,2,25,1,5,,12/3/2018
2008,BUFFRMFISHBT15,BUFFRMFish2008May28,main,9,L,RU,N/A,13.7,20,0.519999981,12,19.3,2,25,3,57.5,,12/3/2018
2008,BUFFRMFISHBT15,BUFFRMFish2008May28,main,9,M,RU,N/A,13.7,9,-0.02,12,19.3,4,87.5,4,87.5,,12/3/2018
2008,BUFFRMFISHBT15,BUFFRMFish2008May28,main,9,R,RU,N/A,13.7,14,0.610000014,12,19.3,2,25,4,87.5,,12/3/2018
2008,BUFFRMFISHBT15,BUFFRMFish2008May28,main,10,L,RU,N/A,13.6,20,0.270000011,13,27.3,2,25,4,87.5,,12/3/2018
2008,BUFFRMFISHBT15,BUFFRMFish2008May28,main,10,M,RU,N/A,13.6,12,0.270000011,13,27.3,2,25,0,0,,12/3/2018
2008,BUFFRMFISHBT15,BUFFRMFish2008May28,main,10,R,RU,N/A,13.6,18,0.059999999,12,19.3,3,57.5,2,25,,12/3/2018
2008,BUFFRMFISHBT15,BUFFRMFish2008May28,main,11,L,RU,N/A,10.9,26,0.07,12,19.3,3,57.5,3,57.5,,12/3/2018
2008,BUFFRMFISHBT15,BUFFRMFish2008May28,main,11,M,RU,N/A,10.9,32,0.25999999,12,19.3,2,25,2,25,,12/3/2018
2008,BUFFRMFISHBT15,BUFFRMFish2008May28,main,11,R,RU,N/A,10.9,24,0.02,10,9.65,4,87.5,3,57.5,,12/3/2018
2008,BUFFRMFISHBT16,BUFFRMFish2008May27,main,1,L,RI,N/A,10.2,18,0.670000017,11,13.65,2,25,4,87.5,,12/3/2018
2008,BUFFRMFISHBT16,BUFFRMFish2008May27,main,1,M,RI,N/A,10.2,16,1.230000019,13,27.3,2,25,4,87.5,,12/3/2018
2008,BUFFRMFISHBT16,BUFFRMFish2008May27,main,1,R,RI,N/A,10.2,12,0.479999989,11,13.65,2,25,4,87.5,,12/3/2018
2008,BUFFRMFISHBT16,BUFFRMFish2008May27,main,2,L,RRX,N/A,10.5,28,0.99000001,12,19.3,2,25,2,25,,12/3/2018
2008,BUFFRMFISHBT16,BUFFRMFish2008May27,main,2,M,RRX,N/A,10.5,10,0.469999999,12,19.3,2,25,2,25,,12/3/2018
2008,BUFFRMFISHBT16,BUFFRMFish2008May27,main,2,R,RRX,N/A,10.5,18,0.579999983,12,19.3,2,25,4,87.5,,12/3/2018
2008,BUFFRMFISHBT16,BUFFRMFish2008May27,main,3,L,RRX,N/A,10.5,16,0.810000002,12,19.3,2,25,4,87.5,,12/3/2018
2008,BUFFRMFISHBT16,BUFFRMFish2008May27,main,3,M,RRX,N/A,10.5,6,0.319999993,11,13.65,2,25,2,25,,12/3/2018
2008,BUFFRMFISHBT16,BUFFRMFish2008May27,main,3,R,RRX,N/A,10.5,28,0.460000008,12,19.3,2,25,3,57.5,,12/3/2018
2008,BUFFRMFISHBT16,BUFFRMFish2008May27,main,4,L,RU,N/A,8.9,18,0.460000008,11,13.65,2,25,3,57.5,,12/3/2018
2008,BUFFRMFISHBT16,BUFFRMFish2008May27,main,4,M,RU,N/A,8.9,12,0.330000013,12,19.3,2,25,3,57.5,,12/3/2018
2008,BUFFRMFISHBT16,BUFFRMFish2008May27,main,4,R,RU,N/A,8.9,16,0.430000007,24,10000,0,0,3,57.5,,12/3/2018
2008,BUFFRMFISHBT16,BUFFRMFish2008May27,main,5,L,RU,N/A,7.9,8,0.300000012,24,10000,0,0,4,87.5,,12/3/2018
2008,BUFFRMFISHBT16,BUFFRMFish2008May27,main,5,M,RU,N/A,7.9,20,0.460000008,24,10000,0,0,1,5,,12/3/2018
2008,BUFFRMFISHBT16,BUFFRMFish2008May27,main,5,R,RU,N/A,7.9,6,0.150000006,13,27.3,3,57.5,3,57.5,,12/3/2018
2008,BUFFRMFISHBT16,BUFFRMFish2008May27,main,6,L,RU,N/A,11.9,9,0.200000003,24,10000,0,0,4,87.5,,12/3/2018
2008,BUFFRMFISHBT16,BUFFRMFish2008May27,main,6,M,RU,N/A,11.9,14,0.460000008,24,10000,0,0,4,87.5,,12/3/2018
2008,BUFFRMFISHBT16,BUFFRMFish2008May27,main,6,R,RU,N/A,11.9,12,0.270000011,24,10000,0,0,3,57.5,,12/3/2018
2008,BUFFRMFISHBT16,BUFFRMFish2008May27,main,7,L,RU,N/A,7.6,14,0.49000001,13,27.3,2,25,4,87.5,,12/3/2018
2008,BUFFRMFISHBT16,BUFFRMFish2008May27,main,7,M,RU,N/A,7.6,19,0.349999994,12,19.3,2,25,4,87.5,,12/3/2018
2008,BUFFRMFISHBT16,BUFFRMFish2008May27,main,7,R,RU,N/A,7.6,16,0.5,12,19.3,3,57.5,3,57.5,,12/3/2018
2008,BUFFRMFISHBT16,BUFFRMFish2008May27,main,8,L,RRX,N/A,10.8,8,0.469999999,24,10000,0,0,2,25,,12/3/2018
2008,BUFFRMFISHBT16,BUFFRMFish2008May27,main,8,M,RRX,N/A,10.8,9,0.540000021,13,27.3,2,25,0,0,,12/3/2018
2008,BUFFRMFISHBT16,BUFFRMFish2008May27,main,8,R,RRX,N/A,10.8,28,0.889999986,13,27.3,2,25,1,5,,12/3/2018
2008,BUFFRMFISHBT16,BUFFRMFish2008May27,main,9,L,RU,N/A,9.5,9,0.360000014,11,13.65,2,25,3,57.5,,12/3/2018
2008,BUFFRMFISHBT16,BUFFRMFish2008May27,main,9,M,RU,N/A,9.5,8,0.230000004,12,19.3,2,25,3,57.5,,12/3/2018
2008,BUFFRMFISHBT16,BUFFRMFish2008May27,main,9,R,RU,N/A,9.5,14,0.400000006,24,10000,0,0,4,87.5,,12/3/2018
2008,BUFFRMFISHBT16,BUFFRMFish2008May27,main,10,L,RU,N/A,6.2,16,0.209999993,24,10000,0,0,2,25,,12/3/2018
2008,BUFFRMFISHBT16,BUFFRMFish2008May27,main,10,M,RU,N/A,6.2,37,0.620000005,12,19.3,2,25,1,5,,12/3/2018
2008,BUFFRMFISHBT16,BUFFRMFish2008May27,main,10,R,RU,N/A,6.2,17,0.519999981,12,19.3,2,25,3,57.5,,12/3/2018
2008,BUFFRMFISHBT16,BUFFRMFish2008May27,main,11,L,RRX,N/A,6.1,16,0.620000005,24,10000,0,0,3,57.5,,12/3/2018
2008,BUFFRMFISHBT16,BUFFRMFish2008May27,main,11,M,RRX,N/A,6.1,22,0.850000024,24,10000,0,0,3,57.5,,12/3/2018
2008,BUFFRMFISHBT16,BUFFRMFish2008May27,main,11,R,RRX,N/A,6.1,20,0.800000012,24,10000,0,0,3,57.5,,12/3/2018
2008,BUFFRMFISHBT19,BUFFRMFish2008May19,main,1,L,RRX,N/A,8.7,18,0.589999974,24,10000,0,0,3,57.5,,12/3/2018
2008,BUFFRMFISHBT19,BUFFRMFish2008May19,main,1,M,RRX,N/A,8.7,26,0.330000013,24,10000,0,0,3,57.5,,12/3/2018
2008,BUFFRMFISHBT19,BUFFRMFish2008May19,main,1,R,RRX,N/A,8.7,10,0.239999995,12,19.3,2,25,2,25,,12/3/2018
2008,BUFFRMFISHBT19,BUFFRMFish2008May19,main,2,L,RU,N/A,8.4,14,0.349999994,24,10000,0,0,0,0,,12/3/2018
2008,BUFFRMFISHBT19,BUFFRMFish2008May19,main,2,M,RU,N/A,8.4,50,0.340000004,24,10000,0,0,0,0,,12/3/2018
2008,BUFFRMFISHBT19,BUFFRMFish2008May19,main,2,R,RU,N/A,8.4,10,0.140000001,11,13.65,2,25,0,0,,12/3/2018
2008,BUFFRMFISHBT19,BUFFRMFish2008May19,main,3,L,RU,N/A,6,65,0.230000004,24,10000,0,0,4,87.5,,12/3/2018
2008,BUFFRMFISHBT19,BUFFRMFish2008May19,main,3,M,RU,N/A,6,64,0.370000005,24,10000,0,0,4,87.5,,12/3/2018
2008,BUFFRMFISHBT19,BUFFRMFish2008May19,main,3,R,RU,N/A,6,20,0.01,13,27.3,2,25,2,25,,12/3/2018
2008,BUFFRMFISHBT19,BUFFRMFish2008May19,main,4,L,RU,N/A,7.3,70,0.230000004,24,10000,0,0,3,57.5,,12/3/2018
2008,BUFFRMFISHBT19,BUFFRMFish2008May19,main,4,M,RU,N/A,7.3,54,0.479999989,15,54.5,2,25,2,25,,12/3/2018
2008,BUFFRMFISHBT19,BUFFRMFish2008May19,main,4,R,RU,N/A,7.3,12,0.270000011,13,27.3,2,25,2,25,,12/3/2018
2008,BUFFRMFISHBT19,BUFFRMFish2008May19,main,5,L,RU,N/A,6.4,31,-0.050000001,24,10000,0,0,4,87.5,,12/3/2018
2008,BUFFRMFISHBT19,BUFFRMFish2008May19,main,5,M,RU,N/A,6.4,72,0.379999995,24,10000,0,0,3,57.5,,12/3/2018
2008,BUFFRMFISHBT19,BUFFRMFish2008May19,main,5,R,RU,N/A,6.4,24,0.360000014,13,27.3,2,25,2,25,,12/3/2018
2008,BUFFRMFISHBT19,BUFFRMFish2008May19,main,6,L,RI,N/A,7.4,22,0.300000012,14,38.5,2,25,2,25,,12/3/2018
2008,BUFFRMFISHBT19,BUFFRMFish2008May19,main,6,M,RI,N/A,7.4,7,0.620000005,15,54.5,2,25,0,0,,12/3/2018
2008,BUFFRMFISHBT19,BUFFRMFish2008May19,main,6,R,RI,N/A,7.4,30,0.879999995,16,77,2,25,0,0,,12/3/2018
2008,BUFFRMFISHBT19,BUFFRMFish2008May19,main,7,L,RRX,N/A,9.4,36,0.649999976,14,38.5,2,25,1,5,,12/3/2018
2008,BUFFRMFISHBT19,BUFFRMFish2008May19,main,7,M,RRX,N/A,9.4,2,0.140000001,14,38.5,2,25,0,0,,12/3/2018
2008,BUFFRMFISHBT19,BUFFRMFish2008May19,main,7,R,RRX,N/A,9.4,10,0.209999993,12,19.3,2,25,0,0,,12/3/2018
2008,BUFFRMFISHBT19,BUFFRMFish2008May19,main,8,L,RI,N/A,13.1,8,0.550000012,14,38.5,2,25,1,5,,12/3/2018
2008,BUFFRMFISHBT19,BUFFRMFish2008May19,main,8,M,RI,N/A,13.1,2,0.050000001,13,27.3,2,25,0,0,,12/3/2018
2008,BUFFRMFISHBT19,BUFFRMFish2008May19,main,8,R,RI,N/A,13.1,14,0.300000012,15,54.5,2,25,0,0,,12/3/2018
2008,BUFFRMFISHBT19,BUFFRMFish2008May19,main,9,L,RU,N/A,12.5,33,0.129999995,11,13.65,3,57.5,3,57.5,,12/3/2018
2008,BUFFRMFISHBT19,BUFFRMFish2008May19,main,9,M,RU,N/A,12.5,26,0.200000003,12,19.3,2,25,1,5,,12/3/2018
2008,BUFFRMFISHBT19,BUFFRMFish2008May19,main,9,R,RU,N/A,12.5,15,0.100000001,13,27.3,2,25,0,0,,12/3/2018
2008,BUFFRMFISHBT19,BUFFRMFish2008May19,main,10,L,RU,N/A,14.1,32,0.039999999,11,13.65,3,57.5,3,57.5,,12/3/2018
2008,BUFFRMFISHBT19,BUFFRMFish2008May19,main,10,M,RU,N/A,14.1,14,0.159999996,12,19.3,2,25,0,0,,12/3/2018
2008,BUFFRMFISHBT19,BUFFRMFish2008May19,main,10,R,RU,N/A,14.1,23,0.150000006,12,19.3,2,25,0,0,,12/3/2018
2008,BUFFRMFISHBT19,BUFFRMFish2008May19,main,11,L,RU,N/A,15,14,-0.01,12,19.3,3,57.5,0,0,,12/3/2018
2008,BUFFRMFISHBT19,BUFFRMFish2008May19,main,11,M,RU,N/A,15,50,0.270000011,13,27.3,2,25,0,0,,12/3/2018
2008,BUFFRMFISHBT19,BUFFRMFish2008May19,main,11,R,RU,N/A,15,28,0.07,12,19.3,2,25,0,0,,12/3/2018
2008,BUFFRMFISHBT28,BUFFRMFish2008Jun18,main,1,L,RI,N/A,2.9,3,0.100000001,12,19.3,2,25,4,87.5,,12/3/2018
2008,BUFFRMFISHBT28,BUFFRMFish2008Jun18,main,1,M,RI,N/A,2.9,10,0.280000001,12,19.3,2,25,4,87.5,,12/3/2018
2008,BUFFRMFISHBT28,BUFFRMFish2008Jun18,main,1,R,RI,N/A,2.9,9,0.239999995,12,19.3,2,25,4,87.5,,12/3/2018
2008,BUFFRMFISHBT28,BUFFRMFish2008Jun18,main,2,L,RU,N/A,2.2,8,0.109999999,11,13.65,2,25,1,5,,12/3/2018
2008,BUFFRMFISHBT28,BUFFRMFish2008Jun18,main,2,M,RU,N/A,2.2,11,0.209999993,12,19.3,2,25,1,5,,12/3/2018
2008,BUFFRMFISHBT28,BUFFRMFish2008Jun18,main,2,R,RU,N/A,2.2,5,0.170000002,12,19.3,2,25,2,25,,12/3/2018
2008,BUFFRMFISHBT28,BUFFRMFish2008Jun18,main,3,L,RI,N/A,2.9,11,0.200000003,14,38.5,2,25,4,87.5,,12/3/2018
2008,BUFFRMFISHBT28,BUFFRMFish2008Jun18,main,3,M,RI,N/A,2.9,4,0.670000017,17,109,2,25,4,87.5,,12/3/2018
2008,BUFFRMFISHBT28,BUFFRMFish2008Jun18,main,3,R,RI,N/A,2.9,5,0.479999989,14,38.5,2,25,4,87.5,,12/3/2018
2008,BUFFRMFISHBT28,BUFFRMFish2008Jun18,main,4,L,RRX,N/A,2.3,10,0.159999996,9,6.85,2,25,4,87.5,,12/3/2018
2008,BUFFRMFISHBT28,BUFFRMFish2008Jun18,main,4,M,RRX,N/A,2.3,5,0.150000006,14,38.5,2,25,4,87.5,,12/3/2018
2008,BUFFRMFISHBT28,BUFFRMFish2008Jun18,main,4,R,RRX,N/A,2.3,4,0.280000001,15,54.5,2,25,3,57.5,,12/3/2018
2008,BUFFRMFISHBT28,BUFFRMFish2008Jun18,main,5,L,RU,N/A,1.9,10,0.219999999,11,13.65,2,25,4,87.5,,12/3/2018
2008,BUFFRMFISHBT28,BUFFRMFish2008Jun18,main,5,M,RU,N/A,1.9,8,0.230000004,11,13.65,2,25,4,87.5,,12/3/2018
2008,BUFFRMFISHBT28,BUFFRMFish2008Jun18,main,5,R,RU,N/A,1.9,6,0.079999998,11,13.65,2,25,4,87.5,,12/3/2018
2008,BUFFRMFISHBT28,BUFFRMFish2008Jun18,main,6,L,PO,L,2,16,-0.029999999,11,13.65,2,25,1,5,,12/3/2018
2008,BUFFRMFISHBT28,BUFFRMFish2008Jun18,main,6,M,PO,L,2,30,0.090000004,11,13.65,2,25,3,57.5,,12/3/2018
2008,BUFFRMFISHBT28,BUFFRMFish2008Jun18,main,6,R,PO,L,2,33,0.100000001,24,10000,0,0,3,57.5,,12/3/2018
2008,BUFFRMFISHBT28,BUFFRMFish2008Jun18,main,7,L,RRX,N/A,3.9,4,0.209999993,12,19.3,2,25,4,87.5,,12/3/2018
2008,BUFFRMFISHBT28,BUFFRMFish2008Jun18,main,7,M,RRX,N/A,3.9,4,0.25,12,19.3,2,25,3,57.5,,12/3/2018
2008,BUFFRMFISHBT28,BUFFRMFish2008Jun18,main,7,R,RRX,N/A,3.9,10,0.090000004,11,13.65,2,25,4,87.5,,12/3/2018
2008,BUFFRMFISHBT28,BUFFRMFish2008Jun18,main,8,L,RI,N/A,6.9,6,0.349999994,15,54.5,2,25,0,0,,12/3/2018
2008,BUFFRMFISHBT28,BUFFRMFish2008Jun18,main,8,M,RI,N/A,6.9,4,0.270000011,15,54.5,2,25,3,57.5,,12/3/2018
2008,BUFFRMFISHBT28,BUFFRMFish2008Jun18,main,8,R,RI,N/A,6.9,4,0.340000004,13,27.3,2,25,4,87.5,,12/3/2018
2008,BUFFRMFISHBT28,BUFFRMFish2008Jun18,main,9,L,RU,N/A,5.2,3,0.059999999,12,19.3,2,25,4,87.5,,12/3/2018
2008,BUFFRMFISHBT28,BUFFRMFish2008Jun18,main,9,M,RU,N/A,5.2,4,0.07,10,9.65,2,25,3,57.5,,12/3/2018
2008,BUFFRMFISHBT28,BUFFRMFish2008Jun18,main,9,R,RU,N/A,5.2,12,0.140000001,11,13.65,2,25,4,87.5,,12/3/2018
2008,BUFFRMFISHBT28,BUFFRMFish2008Jun18,main,10,L,RI,N/A,4.5,3,0.039999999,11,13.65,2,25,3,57.5,,12/3/2018
2008,BUFFRMFISHBT28,BUFFRMFish2008Jun18,main,10,M,RI,N/A,4.5,11,0.300000012,12,19.3,2,25,3,57.5,,12/3/2018
2008,BUFFRMFISHBT28,BUFFRMFish2008Jun18,main,10,R,RI,N/A,4.5,4,0.039999999,15,54.5,2,25,4,87.5,,12/3/2018
2008,BUFFRMFISHBT28,BUFFRMFish2008Jun18,main,11,L,RU,N/A,3.9,12,0.25,10,9.65,2,25,4,87.5,,12/3/2018
2008,BUFFRMFISHBT28,BUFFRMFish2008Jun18,main,11,M,RU,N/A,3.9,11,0.200000003,9,6.85,2,25,4,87.5,,12/3/2018
2008,BUFFRMFISHBT28,BUFFRMFish2008Jun18,main,11,R,RU,N/A,3.9,8,0.280000001,11,13.65,2,25,4,87.5,,12/3/2018
2009,BUFFRMFISHBM01,BUFFRMFish2009May27,main,1,L,RRX,N/A,28,32,0.75,17,109,2,25,0,0,,12/3/2018
2009,BUFFRMFISHBM01,BUFFRMFish2009May27,main,1,M,RRX,N/A,28,28,0.620000005,17,109,2,25,0,0,,12/3/2018
2009,BUFFRMFISHBM01,BUFFRMFish2009May27,main,1,R,RRX,N/A,28,18,0.159999996,17,109,2,25,0,0,,12/3/2018
2009,BUFFRMFISHBM01,BUFFRMFish2009May27,main,2,L,RRX,N/A,22,52,0.579999983,16,77,2,25,0,0,,12/3/2018
2009,BUFFRMFISHBM01,BUFFRMFish2009May27,main,2,M,RRX,N/A,22,52,0.519999981,15,54.5,2,25,0,0,,12/3/2018
2009,BUFFRMFISHBM01,BUFFRMFish2009May27,main,2,R,RRX,N/A,22,26,0.200000003,17,109,2,25,0,0,,12/3/2018
2009,BUFFRMFISHBM01,BUFFRMFish2009May27,main,3,L,RU,N/A,19.8,40,0.5,18,154,2,25,0,0,,12/3/2018
2009,BUFFRMFISHBM01,BUFFRMFish2009May27,main,3,M,RU,N/A,19.8,32,0.629999995,15,54.5,2,25,0,0,,12/3/2018
2009,BUFFRMFISHBM01,BUFFRMFish2009May27,main,3,R,RU,N/A,19.8,30,0.270000011,16,77,2,25,0,0,,12/3/2018
2009,BUFFRMFISHBM01,BUFFRMFish2009May27,main,4,L,RU,N/A,19.7,42,0.150000006,16,77,2,25,0,0,,12/3/2018
2009,BUFFRMFISHBM01,BUFFRMFish2009May27,main,4,M,RU,N/A,19.7,40,0.74000001,15,54.5,2,25,0,0,,12/3/2018
2009,BUFFRMFISHBM01,BUFFRMFish2009May27,main,4,R,RU,N/A,19.7,38,0.419999987,13,27.3,2,25,0,0,,12/3/2018
2009,BUFFRMFISHBM01,BUFFRMFish2009May27,main,5,L,GL,N/A,26,28,0.100000001,13,27.3,2,25,0,0,,12/3/2018
2009,BUFFRMFISHBM01,BUFFRMFish2009May27,main,5,M,GL,N/A,26,72,0.209999993,14,38.5,2,25,0,0,,12/3/2018
2009,BUFFRMFISHBM01,BUFFRMFish2009May27,main,5,R,GL,N/A,26,52,0.079999998,12,19.3,2,25,0,0,,12/3/2018
2009,BUFFRMFISHBM01,BUFFRMFish2009May27,main,6,L,GL,N/A,37,57,0.100000001,14,38.5,2,25,0,0,,12/3/2018
2009,BUFFRMFISHBM01,BUFFRMFish2009May27,main,6,M,GL,N/A,37,86,0.140000001,12,19.3,2,25,0,0,,12/3/2018
2009,BUFFRMFISHBM01,BUFFRMFish2009May27,main,6,R,GL,N/A,37,62,0.129999995,16,77,2,25,0,0,,12/3/2018
2009,BUFFRMFISHBM01,BUFFRMFish2009May27,main,7,L,GL,N/A,33,62,0.059999999,17,109,2,25,0,0,,12/3/2018
2009,BUFFRMFISHBM01,BUFFRMFish2009May27,main,7,M,GL,N/A,33,97,0.079999998,11,13.65,2,25,0,0,,12/3/2018
2009,BUFFRMFISHBM01,BUFFRMFish2009May27,main,7,R,GL,N/A,33,86,0.07,14,38.5,2,25,3,57.5,,12/3/2018
2009,BUFFRMFISHBM01,BUFFRMFish2009May27,main,8,L,GL,N/A,31,70,0.050000001,18,154,2,25,1,5,,12/3/2018
2009,BUFFRMFISHBM01,BUFFRMFish2009May27,main,8,M,GL,N/A,31,130,0.039999999,14,38.5,2,25,0,0,,12/3/2018
2009,BUFFRMFISHBM01,BUFFRMFish2009May27,main,8,R,GL,N/A,31,95,0.01,17,109,2,25,3,57.5,,12/3/2018
2009,BUFFRMFISHBM01,BUFFRMFish2009May27,main,9,L,GL,N/A,30,58,0.039999999,7,3,2,25,1,5,,12/3/2018
2009,BUFFRMFISHBM01,BUFFRMFish2009May27,main,9,M,GL,N/A,30,140,0.029999999,14,38.5,2,25,0,0,,12/3/2018
2009,BUFFRMFISHBM01,BUFFRMFish2009May27,main,9,R,GL,N/A,30,163,0.059999999,13,27.3,2,25,0,0,,12/3/2018
2009,BUFFRMFISHBM01,BUFFRMFish2009May27,main,10,L,GL,N/A,29,72,0.01,18,154,2,25,0,0,,12/3/2018
2009,BUFFRMFISHBM01,BUFFRMFish2009May27,main,10,M,GL,N/A,29,128,0.129999995,13,27.3,2,25,0,0,,12/3/2018
2009,BUFFRMFISHBM01,BUFFRMFish2009May27,main,10,R,GL,N/A,29,92,0.039999999,16,77,2,25,0,0,,12/3/2018
2009,BUFFRMFISHBM01,BUFFRMFish2009May27,main,11,L,GL,N/A,30,72,0.07,18,154,2,25,3,57.5,,12/3/2018
2009,BUFFRMFISHBM01,BUFFRMFish2009May27,main,11,M,GL,N/A,30,102,0.100000001,15,54.5,2,25,0,0,,12/3/2018
2009,BUFFRMFISHBM01,BUFFRMFish2009May27,main,11,R,GL,N/A,30,76,0.039999999,16,77,2,25,4,87.5,,12/3/2018
2009,BUFFRMFISHBM01,BUFFRMFish2009May27,side channel,1,L,RU,N/A,19.5,13,0.039999999,11,13.65,2,25,0,0,,12/3/2018
2009,BUFFRMFISHBM01,BUFFRMFish2009May27,side channel,1,M,RU,N/A,19.5,15,0.109999999,14,38.5,2,25,0,0,,12/3/2018
2009,BUFFRMFISHBM01,BUFFRMFish2009May27,side channel,1,R,RU,N/A,19.5,28,0.050000001,17,109,2,25,0,0,,12/3/2018
2009,BUFFRMFISHBM01,BUFFRMFish2009May27,side channel,2,L,RU,N/A,13.6,18,0.150000006,15,54.5,2,25,0,0,,12/3/2018
2009,BUFFRMFISHBM01,BUFFRMFish2009May27,side channel,2,M,RU,N/A,13.6,8,0.059999999,16,77,2,25,0,0,,12/3/2018
2009,BUFFRMFISHBM01,BUFFRMFish2009May27,side channel,2,R,RU,N/A,13.6,20,0.219999999,15,54.5,2,25,0,0,,12/3/2018
2009,BUFFRMFISHBM01,BUFFRMFish2009May27,side channel,3,L,RU,N/A,13.1,10,0.02,17,109,2,25,0,0,,12/3/2018
2009,BUFFRMFISHBM01,BUFFRMFish2009May27,side channel,3,M,RU,N/A,13.1,11,0.569999993,13,27.3,2,25,0,0,,12/3/2018
2009,BUFFRMFISHBM01,BUFFRMFish2009May27,side channel,3,R,RU,N/A,13.1,13,0.310000002,13,27.3,2,25,0,0,,12/3/2018
2009,BUFFRMFISHBM01,BUFFRMFish2009May27,side channel,4,L,RU,N/A,10.6,33,0.059999999,17,109,2,25,3,57.5,,12/3/2018
2009,BUFFRMFISHBM01,BUFFRMFish2009May27,side channel,4,M,RU,N/A,10.6,22,0.02,15,54.5,2,25,2,25,,12/3/2018
2009,BUFFRMFISHBM01,BUFFRMFish2009May27,side channel,4,R,RU,N/A,10.6,16,0.090000004,16,77,2,25,0,0,,12/3/2018
2009,BUFFRMFISHBM01,BUFFRMFish2009May27,side channel,5,L,RI,N/A,10.9,12,0.519999981,15,54.5,2,25,3,57.5,,12/3/2018
2009,BUFFRMFISHBM01,BUFFRMFish2009May27,side channel,5,M,RI,N/A,10.9,10,0.449999988,16,77,2,25,3,57.5,,12/3/2018
2009,BUFFRMFISHBM01,BUFFRMFish2009May27,side channel,5,R,RI,N/A,10.9,18,0.319999993,15,54.5,2,25,2,25,,12/3/2018
2009,BUFFRMFISHBM02,BUFFRMFish2009May28,main,1,L,GL,N/A,38,49,0.449999988,13,27.3,2,25,0,0,,12/3/2018
2009,BUFFRMFISHBM02,BUFFRMFish2009May28,main,1,M,GL,N/A,38,61,0.330000013,11,13.65,2,25,0,0,,12/3/2018
2009,BUFFRMFISHBM02,BUFFRMFish2009May28,main,1,R,GL,N/A,38,28,0.109999999,12,19.3,2,25,3,57.5,,12/3/2018
2009,BUFFRMFISHBM02,BUFFRMFish2009May28,main,2,L,GL,N/A,35,93,0.319999993,12,19.3,2,25,0,0,,12/3/2018
2009,BUFFRMFISHBM02,BUFFRMFish2009May28,main,2,M,GL,N/A,35,76,0.270000011,13,27.3,2,25,0,0,,12/3/2018
2009,BUFFRMFISHBM02,BUFFRMFish2009May28,main,2,R,GL,N/A,35,78,0.100000001,14,38.5,2,25,1,5,,12/3/2018
2009,BUFFRMFISHBM02,BUFFRMFish2009May28,main,3,L,PO,M,34,84,0.280000001,12,19.3,2,25,0,0,,12/3/2018
2009,BUFFRMFISHBM02,BUFFRMFish2009May28,main,3,M,PO,M,34,150,0.109999999,24,10000,0,0,0,0,,12/3/2018
2009,BUFFRMFISHBM02,BUFFRMFish2009May28,main,3,R,PO,M,34,55,0.379999995,24,10000,0,0,3,57.5,,12/3/2018
2009,BUFFRMFISHBM02,BUFFRMFish2009May28,main,4,L,PO,M,31,76,0,4,0.375,4,87.5,0,0,,12/3/2018
2009,BUFFRMFISHBM02,BUFFRMFish2009May28,main,4,M,PO,M,31,165,0.430000007,4,0.375,4,87.5,0,0,,12/3/2018
2009,BUFFRMFISHBM02,BUFFRMFish2009May28,main,4,R,PO,M,31,91,0.079999998,24,10000,0,0,0,0,,12/3/2018
2009,BUFFRMFISHBM02,BUFFRMFish2009May28,main,5,L,PO,M,28,108,0.02,15,54.5,2,25,0,0,,12/3/2018
2009,BUFFRMFISHBM02,BUFFRMFish2009May28,main,5,M,PO,M,28,153,0.449999988,24,10000,0,0,0,0,,12/3/2018
2009,BUFFRMFISHBM02,BUFFRMFish2009May28,main,5,R,PO,M,28,66,0.150000006,24,10000,0,0,1,5,,12/3/2018
2009,BUFFRMFISHBM02,BUFFRMFish2009May28,main,6,L,RU,M,38.5,44,0.349999994,14,38.5,2,25,0,0,,12/3/2018
2009,BUFFRMFISHBM02,BUFFRMFish2009May28,main,6,M,RU,M,38.5,91,0.769999981,15,54.5,2,25,0,0,,12/3/2018
2009,BUFFRMFISHBM02,BUFFRMFish2009May28,main,6,R,RU,M,38.5,98,0,4,0.375,4,87.5,4,87.5,,12/3/2018
2009,BUFFRMFISHBM02,BUFFRMFish2009May28,main,7,L,GL,M,33,78,0.119999997,14,38.5,2,25,0,0,,12/3/2018
2009,BUFFRMFISHBM02,BUFFRMFish2009May28,main,7,M,GL,M,33,152,0.270000011,13,27.3,2,25,0,0,,12/3/2018
2009,BUFFRMFISHBM02,BUFFRMFish2009May28,main,7,R,GL,M,33,112,0.319999993,10,9.65,2,25,4,87.5,,12/3/2018
2009,BUFFRMFISHBM02,BUFFRMFish2009May28,main,8,L,PO,F,27,200,0,24,10000,0,0,0,0,,12/3/2018
2009,BUFFRMFISHBM02,BUFFRMFish2009May28,main,8,M,PO,F,27,180,0.239999995,13,27.3,2,25,0,0,,12/3/2018
2009,BUFFRMFISHBM02,BUFFRMFish2009May28,main,8,R,PO,F,27,156,0.02,4,0.375,4,87.5,1,5,,12/3/2018
2009,BUFFRMFISHBM02,BUFFRMFish2009May28,main,9,L,PO,F,23,158,0.200000003,24,10000,0,0,3,57.5,,12/3/2018
2009,BUFFRMFISHBM02,BUFFRMFish2009May28,main,9,M,PO,F,23,200,0,,,,,0,0,,12/3/2018
2009,BUFFRMFISHBM02,BUFFRMFish2009May28,main,9,R,PO,F,23,66,0,4,0.375,4,87.5,0,0,,12/3/2018
2009,BUFFRMFISHBM02,BUFFRMFish2009May28,main,10,L,PO,F,26,62,0.119999997,24,10000,0,0,4,87.5,,12/3/2018
2009,BUFFRMFISHBM02,BUFFRMFish2009May28,main,10,M,PO,F,26,166,0.360000014,13,27.3,2,25,0,0,,12/3/2018
2009,BUFFRMFISHBM02,BUFFRMFish2009May28,main,10,R,PO,F,26,83,0,4,0.375,4,87.5,3,57.5,,12/3/2018
2009,BUFFRMFISHBM02,BUFFRMFish2009May28,main,11,L,RU,N/A,27,68,0.360000014,21,437,1,5,0,0,,12/3/2018
2009,BUFFRMFISHBM02,BUFFRMFish2009May28,main,11,M,RU,N/A,27,100,0.400000006,12,19.3,2,25,0,0,,12/3/2018
2009,BUFFRMFISHBM02,BUFFRMFish2009May28,main,11,R,RU,N/A,27,72,0,11,13.65,3,57.5,0,0,,12/3/2018
2009,BUFFRMFISHBM03,BUFFRMFish2009Jun03,main,1,L,RRX,N/A,63.2,26,-0.090000004,16,77,3,57.5,0,0,,12/3/2018
2009,BUFFRMFISHBM03,BUFFRMFish2009Jun03,main,1,M,RRX,N/A,63.2,14,1.179999948,14,38.5,2,25,0,0,,12/3/2018
2009,BUFFRMFISHBM03,BUFFRMFish2009Jun03,main,1,R,RRX,N/A,63.2,22,1.220000029,15,54.5,2,25,0,0,,12/3/2018
2009,BUFFRMFISHBM03,BUFFRMFish2009Jun03,main,2,L,RU,N/A,54,90,0.150000006,16,77,2,25,0,0,,12/3/2018
2009,BUFFRMFISHBM03,BUFFRMFish2009Jun03,main,2,M,RU,N/A,54,80,0.769999981,1,0.031,4,87.5,0,0,,12/3/2018
2009,BUFFRMFISHBM03,BUFFRMFish2009Jun03,main,2,R,RU,N/A,54,70,0.49000001,1,0.031,4,87.5,0,0,,12/3/2018
2009,BUFFRMFISHBM03,BUFFRMFish2009Jun03,main,3,L,RU,N/A,52.12,76,-0.039999999,18,154,2,25,2,25,,12/3/2018
2009,BUFFRMFISHBM03,BUFFRMFish2009Jun03,main,3,M,RU,N/A,52.12,98,0.270000011,15,54.5,2,25,0,0,,12/3/2018
2009,BUFFRMFISHBM03,BUFFRMFish2009Jun03,main,3,R,RU,N/A,52.12,50,0.01,1,0.031,4,87.5,3,57.5,,12/3/2018
2009,BUFFRMFISHBM03,BUFFRMFish2009Jun03,main,4,L,RU,N/A,39.32,68,-0.01,1,0.031,4,87.5,1,5,,12/3/2018
2009,BUFFRMFISHBM03,BUFFRMFish2009Jun03,main,4,M,RU,N/A,39.32,148,0.059999999,13,27.3,2,25,0,0,,12/3/2018
2009,BUFFRMFISHBM03,BUFFRMFish2009Jun03,main,4,R,RU,N/A,39.32,54,,11,13.65,3,57.5,0,0,,12/3/2018
2009,BUFFRMFISHBM03,BUFFRMFish2009Jun03,main,5,L,GL,N/A,30.4,46,,1,0.031,4,87.5,0,0,,12/3/2018
2009,BUFFRMFISHBM03,BUFFRMFish2009Jun03,main,5,M,GL,N/A,30.4,94,,15,54.5,2,25,0,0,,12/3/2018
2009,BUFFRMFISHBM03,BUFFRMFish2009Jun03,main,5,R,GL,N/A,30.4,12,,11,13.65,2,25,0,0,,12/3/2018
2009,BUFFRMFISHBM03,BUFFRMFish2009Jun03,main,6,L,PO,F,38.3,48,,17,109,2,25,0,0,,12/3/2018
2009,BUFFRMFISHBM03,BUFFRMFish2009Jun03,main,6,M,PO,F,38.3,58,,15,54.5,2,25,0,0,,12/3/2018
2009,BUFFRMFISHBM03,BUFFRMFish2009Jun03,main,6,R,PO,F,38.3,26,,12,19.3,2,25,0,0,,12/3/2018
2009,BUFFRMFISHBM03,BUFFRMFish2009Jun03,main,7,L,PO,F,33.4,36,,24,10000,0,0,0,0,,12/3/2018
2009,BUFFRMFISHBM03,BUFFRMFish2009Jun03,main,7,M,PO,F,33.4,160,,17,109,2,25,0,0,,12/3/2018
2009,BUFFRMFISHBM03,BUFFRMFish2009Jun03,main,7,R,PO,F,33.4,98,,14,38.5,2,25,0,0,,12/3/2018
2009,BUFFRMFISHBM03,BUFFRMFish2009Jun03,main,8,L,PO,F,33.7,140,,24,10000,0,0,0,0,,12/3/2018
2009,BUFFRMFISHBM03,BUFFRMFish2009Jun03,main,8,M,PO,F,33.7,176,,24,10000,0,0,0,0,,12/3/2018
2009,BUFFRMFISHBM03,BUFFRMFish2009Jun03,main,8,R,PO,F,33.7,50,,16,77,2,25,0,0,,12/3/2018
2009,BUFFRMFISHBM03,BUFFRMFish2009Jun03,main,9,L,RU,N/A,41.8,62,,18,154,2,25,2,25,,12/3/2018
2009,BUFFRMFISHBM03,BUFFRMFish2009Jun03,main,9,M,RU,N/A,41.8,130,,14,38.5,2,25,0,0,,12/3/2018
2009,BUFFRMFISHBM03,BUFFRMFish2009Jun03,main,9,R,RU,N/A,41.8,50,,16,77,2,25,0,0,,12/3/2018
2009,BUFFRMFISHBM03,BUFFRMFish2009Jun03,main,10,L,RU,N/A,41.2,70,,24,10000,0,0,1,5,,12/3/2018
2009,BUFFRMFISHBM03,BUFFRMFish2009Jun03,main,10,M,RU,N/A,41.2,48,,16,77,2,25,0,0,,12/3/2018
2009,BUFFRMFISHBM03,BUFFRMFish2009Jun03,main,10,R,RU,N/A,41.2,54,,14,38.5,2,25,0,0,,12/3/2018
2009,BUFFRMFISHBM03,BUFFRMFish2009Jun03,main,11,L,RI,N/A,46.2,26,,16,77,2,25,0,0,,12/3/2018
2009,BUFFRMFISHBM03,BUFFRMFish2009Jun03,main,11,M,RI,N/A,46.2,32,,14,38.5,2,25,0,0,,12/3/2018
2009,BUFFRMFISHBM03,BUFFRMFish2009Jun03,main,11,R,RI,N/A,46.2,20,,13,27.3,2,25,0,0,,12/3/2018
2009,BUFFRMFISHBM04,BUFFRMFish2009Jun08,main,1,L,RI,N/A,,20,0.460000008,16,77,2,25,0,0,,12/3/2018
2009,BUFFRMFISHBM04,BUFFRMFish2009Jun08,main,1,M,RI,N/A,,56,0.949999988,15,54.5,2,25,0,0,,12/3/2018
2009,BUFFRMFISHBM04,BUFFRMFish2009Jun08,main,1,R,RI,N/A,,23,0.01,11,13.65,2,25,3,57.5,,12/3/2018
2009,BUFFRMFISHBM04,BUFFRMFish2009Jun08,main,2,L,RU,N/A,40,42,0.649999976,14,38.5,2,25,0,0,,12/3/2018
2009,BUFFRMFISHBM04,BUFFRMFish2009Jun08,main,2,M,RU,N/A,40,58,1.00999999,14,38.5,2,25,0,0,,12/3/2018
2009,BUFFRMFISHBM04,BUFFRMFish2009Jun08,main,2,R,RU,N/A,40,24,0.02,15,54.5,2,25,0,0,,12/3/2018
2009,BUFFRMFISHBM04,BUFFRMFish2009Jun08,main,3,L,GL,N/A,46,44,0.189999998,12,19.3,2,25,0,0,,12/3/2018
2009,BUFFRMFISHBM04,BUFFRMFish2009Jun08,main,3,M,GL,N/A,46,100,0.280000001,11,13.65,2,25,0,0,,12/3/2018
2009,BUFFRMFISHBM04,BUFFRMFish2009Jun08,main,3,R,GL,N/A,46,44,0.150000006,14,38.5,2,25,4,87.5,,12/3/2018
2009,BUFFRMFISHBM04,BUFFRMFish2009Jun08,main,4,L,GL,N/A,48,50,0.050000001,15,54.5,2,25,0,0,,12/3/2018
2009,BUFFRMFISHBM04,BUFFRMFish2009Jun08,main,4,M,GL,N/A,48,116,0.180000007,24,10000,0,0,0,0,,12/3/2018
2009,BUFFRMFISHBM04,BUFFRMFish2009Jun08,main,4,R,GL,N/A,48,66,0.01,6,1.5,2,25,2,25,,12/3/2018
2009,BUFFRMFISHBM04,BUFFRMFish2009Jun08,main,5,L,GL,N/A,58,62,0.07,13,27.3,2,25,2,25,,12/3/2018
2009,BUFFRMFISHBM04,BUFFRMFish2009Jun08,main,5,M,GL,N/A,58,60,0.280000001,13,27.3,2,25,0,0,,12/3/2018
2009,BUFFRMFISHBM04,BUFFRMFish2009Jun08,main,5,R,GL,N/A,58,104,0.270000011,15,54.5,2,25,1,5,,12/3/2018
2009,BUFFRMFISHBM04,BUFFRMFish2009Jun08,main,6,L,GL,N/A,56,48,0.310000002,14,38.5,2,25,0,0,,12/3/2018
2009,BUFFRMFISHBM04,BUFFRMFish2009Jun08,main,6,M,GL,N/A,56,106,0.25,24,10000,0,0,0,0,,12/3/2018
2009,BUFFRMFISHBM04,BUFFRMFish2009Jun08,main,6,R,GL,N/A,56,104,0.159999996,15,54.5,2,25,3,57.5,,12/3/2018
2009,BUFFRMFISHBM04,BUFFRMFish2009Jun08,main,7,L,GL,N/A,55,84,0.170000002,24,10000,0,0,3,57.5,,12/3/2018
2009,BUFFRMFISHBM04,BUFFRMFish2009Jun08,main,7,M,GL,N/A,55,78,0.360000014,24,10000,0,0,0,0,,12/3/2018
2009,BUFFRMFISHBM04,BUFFRMFish2009Jun08,main,7,R,GL,N/A,55,88,0.430000007,13,27.3,2,25,1,5,,12/3/2018
2009,BUFFRMFISHBM04,BUFFRMFish2009Jun08,main,8,L,RRX,N/A,60,78,0.170000002,24,10000,0,0,0,0,,12/3/2018
2009,BUFFRMFISHBM04,BUFFRMFish2009Jun08,main,8,M,RRX,N/A,60,36,0.5,12,19.3,2,25,0,0,,12/3/2018
2009,BUFFRMFISHBM04,BUFFRMFish2009Jun08,main,8,R,RRX,N/A,60,66,0.340000004,11,13.65,2,25,3,57.5,,12/3/2018
2009,BUFFRMFISHBM04,BUFFRMFish2009Jun08,main,9,L,GL,N/A,59,62,0.119999997,24,10000,0,0,0,0,,12/3/2018
2009,BUFFRMFISHBM04,BUFFRMFish2009Jun08,main,9,M,GL,N/A,59,100,0.319999993,24,10000,0,0,0,0,,12/3/2018
2009,BUFFRMFISHBM04,BUFFRMFish2009Jun08,main,9,R,GL,N/A,59,24,0.189999998,9,6.85,3,57.5,3,57.5,,12/3/2018
2009,BUFFRMFISHBM04,BUFFRMFish2009Jun08,main,10,L,GL,N/A,54,60,0.039999999,24,10000,0,0,0,0,,12/3/2018
2009,BUFFRMFISHBM04,BUFFRMFish2009Jun08,main,10,M,GL,N/A,54,133,0.430000007,24,10000,0,0,0,0,,12/3/2018
2009,BUFFRMFISHBM04,BUFFRMFish2009Jun08,main,10,R,GL,N/A,54,69,0.01,24,10000,0,0,2,25,,12/3/2018
2009,BUFFRMFISHBM04,BUFFRMFish2009Jun08,main,11,L,GL,N/A,63,70,0.02,24,10000,0,0,4,87.5,,12/3/2018
2009,BUFFRMFISHBM04,BUFFRMFish2009Jun08,main,11,M,GL,N/A,63,110,0.330000013,24,10000,0,0,0,0,,12/3/2018
2009,BUFFRMFISHBM04,BUFFRMFish2009Jun08,main,11,R,GL,N/A,63,67,0,24,10000,0,0,0,0,,12/3/2018
2009,BUFFRMFISHBM05,BUFFRMFish2009Jun09,main,1,L,RU,N/A,53,46,0.550000012,15,54.5,2,25,0,0,,12/3/2018
2009,BUFFRMFISHBM05,BUFFRMFish2009Jun09,main,1,M,RU,N/A,53,40,1.00999999,15,54.5,2,25,0,0,,12/3/2018
2009,BUFFRMFISHBM05,BUFFRMFish2009Jun09,main,1,R,RU,N/A,53,48,0.620000005,15,54.5,2,25,0,0,,12/3/2018
2009,BUFFRMFISHBM05,BUFFRMFish2009Jun09,main,2,L,GL,N/A,55,58,0.74000001,13,27.3,2,25,0,0,,12/3/2018
2009,BUFFRMFISHBM05,BUFFRMFish2009Jun09,main,2,M,GL,N/A,55,60,0.769999981,15,54.5,2,25,0,0,,12/3/2018
2009,BUFFRMFISHBM05,BUFFRMFish2009Jun09,main,2,R,GL,N/A,55,32,0.460000008,15,54.5,2,25,0,0,,12/3/2018
2009,BUFFRMFISHBM05,BUFFRMFish2009Jun09,main,3,L,GL,N/A,47,44,0.180000007,15,54.5,2,25,0,0,,12/3/2018
2009,BUFFRMFISHBM05,BUFFRMFish2009Jun09,main,3,M,GL,N/A,47,102,0.430000007,11,13.65,2,25,0,0,,12/3/2018
2009,BUFFRMFISHBM05,BUFFRMFish2009Jun09,main,3,R,GL,N/A,47,82,0.25999999,13,27.3,2,25,0,0,,12/3/2018
2009,BUFFRMFISHBM05,BUFFRMFish2009Jun09,main,4,L,GL,N/A,59,102,0.310000002,15,54.5,2,25,0,0,,12/3/2018
2009,BUFFRMFISHBM05,BUFFRMFish2009Jun09,main,4,M,GL,N/A,59,110,0.379999995,13,27.3,2,25,0,0,,12/3/2018
2009,BUFFRMFISHBM05,BUFFRMFish2009Jun09,main,4,R,GL,N/A,59,56,0.239999995,15,54.5,2,25,0,0,,12/3/2018
2009,BUFFRMFISHBM05,BUFFRMFish2009Jun09,main,5,L,PO,M,54,54,0.079999998,14,38.5,2,25,0,0,,12/3/2018
2009,BUFFRMFISHBM05,BUFFRMFish2009Jun09,main,5,M,PO,M,54,200,0.02,15,54.5,2,25,0,0,,12/3/2018
2009,BUFFRMFISHBM05,BUFFRMFish2009Jun09,main,5,R,PO,M,54,80,0,12,19.3,2,25,0,0,,12/3/2018
2009,BUFFRMFISHBM05,BUFFRMFish2009Jun09,main,6,L,PO,M,48,178,0.01,11,13.65,2,25,0,0,,12/3/2018
2009,BUFFRMFISHBM05,BUFFRMFish2009Jun09,main,6,M,PO,M,48,200,0.129999995,15,54.5,2,25,0,0,,12/3/2018
2009,BUFFRMFISHBM05,BUFFRMFish2009Jun09,main,6,R,PO,M,48,72,0,24,10000,0,0,3,57.5,,12/3/2018
2009,BUFFRMFISHBM05,BUFFRMFish2009Jun09,main,7,L,PO,M,46,44,0,14,38.5,2,25,0,0,,12/3/2018
2009,BUFFRMFISHBM05,BUFFRMFish2009Jun09,main,7,M,PO,M,46,164,0.219999999,14,38.5,2,25,0,0,,12/3/2018
2009,BUFFRMFISHBM05,BUFFRMFish2009Jun09,main,7,R,PO,M,46,82,0,24,10000,0,0,3,57.5,,12/3/2018
2009,BUFFRMFISHBM05,BUFFRMFish2009Jun09,main,8,L,PO,M,35,66,0.01,12,19.3,2,25,0,0,,12/3/2018
2009,BUFFRMFISHBM05,BUFFRMFish2009Jun09,main,8,M,PO,M,35,180,0.400000006,15,54.5,2,25,0,0,,12/3/2018
2009,BUFFRMFISHBM05,BUFFRMFish2009Jun09,main,8,R,PO,M,35,118,0,24,10000,0,0,4,87.5,,12/3/2018
2009,BUFFRMFISHBM05,BUFFRMFish2009Jun09,main,9,L,PO,F,27,40,0.079999998,14,38.5,2,25,0,0,,12/3/2018
2009,BUFFRMFISHBM05,BUFFRMFish2009Jun09,main,9,M,PO,F,27,200,0.079999998,15,54.5,2,25,0,0,,12/3/2018
2009,BUFFRMFISHBM05,BUFFRMFish2009Jun09,main,9,R,PO,F,27,120,0.219999999,24,10000,0,0,3,57.5,,12/3/2018
2009,BUFFRMFISHBM05,BUFFRMFish2009Jun09,main,10,L,PGX,N/A,26,66,0.01,15,54.5,2,25,0,0,,12/3/2018
2009,BUFFRMFISHBM05,BUFFRMFish2009Jun09,main,10,M,PGX,N/A,26,170,0.280000001,15,54.5,2,25,0,0,,12/3/2018
2009,BUFFRMFISHBM05,BUFFRMFish2009Jun09,main,10,R,PGX,N/A,26,110,0.319999993,24,10000,0,0,0,0,,12/3/2018
2009,BUFFRMFISHBM05,BUFFRMFish2009Jun09,main,11,L,PO,F,25,15,0.01,14,38.5,2,25,0,0,,12/3/2018
2009,BUFFRMFISHBM05,BUFFRMFish2009Jun09,main,11,M,PO,F,25,170,0.219999999,14,38.5,2,25,0,0,,12/3/2018
2009,BUFFRMFISHBM05,BUFFRMFish2009Jun09,main,11,R,PO,F,25,100,0.280000001,24,10000,0,0,3,57.5,,12/3/2018
2009,BUFFRMFISHBM06,BUFFRMFish2009Jun10,main,1,L,RI,N/A,55,18,0.540000021,12,19.3,3,57.5,0,0,,12/3/2018
2009,BUFFRMFISHBM06,BUFFRMFish2009Jun10,main,1,M,RI,N/A,55,64,0.779999971,11,13.65,2,25,0,0,,12/3/2018
2009,BUFFRMFISHBM06,BUFFRMFish2009Jun10,main,1,R,RI,N/A,55,46,0.75,11,13.65,2,25,0,0,,12/3/2018
2009,BUFFRMFISHBM06,BUFFRMFish2009Jun10,main,2,L,RU,N/A,68,32,0.150000006,2,0.0935,3,57.5,0,0,,12/3/2018
2009,BUFFRMFISHBM06,BUFFRMFish2009Jun10,main,2,M,RU,N/A,68,80,0.460000008,12,19.3,2,25,0,0,,12/3/2018
2009,BUFFRMFISHBM06,BUFFRMFish2009Jun10,main,2,R,RU,N/A,68,84,0.189999998,17,109,2,25,0,0,,12/3/2018
2009,BUFFRMFISHBM06,BUFFRMFish2009Jun10,main,3,L,RU,N/A,61,114,0.25,2,0.0935,4,87.5,0,0,,12/3/2018
2009,BUFFRMFISHBM06,BUFFRMFish2009Jun10,main,3,M,RU,N/A,61,104,0.389999986,11,13.65,2,25,0,0,,12/3/2018
2009,BUFFRMFISHBM06,BUFFRMFish2009Jun10,main,3,R,RU,N/A,61,97,0.059999999,14,38.5,2,25,0,0,,12/3/2018
2009,BUFFRMFISHBM06,BUFFRMFish2009Jun10,main,4,L,RU,N/A,63,46,0.479999989,10,9.65,2,25,0,0,,12/3/2018
2009,BUFFRMFISHBM06,BUFFRMFish2009Jun10,main,4,M,RU,N/A,63,72,0.689999998,11,13.65,2,25,0,0,,12/3/2018
2009,BUFFRMFISHBM06,BUFFRMFish2009Jun10,main,4,R,RU,N/A,63,60,0.129999995,20,309,1,5,1,5,,12/3/2018
2009,BUFFRMFISHBM06,BUFFRMFish2009Jun10,main,5,L,RU,N/A,50,18,0.239999995,11,13.65,3,57.5,0,0,,12/3/2018
2009,BUFFRMFISHBM06,BUFFRMFish2009Jun10,main,5,M,RU,N/A,50,86,0.74000001,13,27.3,2,25,0,0,,12/3/2018
2009,BUFFRMFISHBM06,BUFFRMFish2009Jun10,main,5,R,RU,N/A,50,112,0.649999976,12,19.3,2,25,0,0,,12/3/2018
2009,BUFFRMFISHBM06,BUFFRMFish2009Jun10,main,6,L,RU,N/A,46,30,0.100000001,11,13.65,2,25,0,0,,12/3/2018
2009,BUFFRMFISHBM06,BUFFRMFish2009Jun10,main,6,M,RU,N/A,46,110,0.529999971,12,19.3,2,25,0,0,,12/3/2018
2009,BUFFRMFISHBM06,BUFFRMFish2009Jun10,main,6,R,RU,N/A,46,102,0.270000011,20,309,0,0,1,5,,12/3/2018
2009,BUFFRMFISHBM06,BUFFRMFish2009Jun10,main,7,L,RU,N/A,48,44,0.119999997,13,27.3,2,25,0,0,,12/3/2018
2009,BUFFRMFISHBM06,BUFFRMFish2009Jun10,main,7,M,RU,N/A,48,46,0.319999993,12,19.3,2,25,0,0,,12/3/2018
2009,BUFFRMFISHBM06,BUFFRMFish2009Jun10,main,7,R,RU,N/A,48,68,0.879999995,20,309,0,0,0,0,,12/3/2018
2009,BUFFRMFISHBM06,BUFFRMFish2009Jun10,main,8,L,RRX,N/A,61,14,0.460000008,12,19.3,2,25,0,0,,12/3/2018
2009,BUFFRMFISHBM06,BUFFRMFish2009Jun10,main,8,M,RRX,N/A,61,16,53,12,19.3,3,57.5,0,0,,12/3/2018
2009,BUFFRMFISHBM06,BUFFRMFish2009Jun10,main,8,R,RRX,N/A,61,112,0.319999993,20,309,0,0,4,87.5,,12/3/2018
2009,BUFFRMFISHBM06,BUFFRMFish2009Jun10,main,9,L,RU,N/A,70,22,0.469999999,11,13.65,3,57.5,0,0,,12/3/2018
2009,BUFFRMFISHBM06,BUFFRMFish2009Jun10,main,9,M,RU,N/A,70,48,0.469999999,13,27.3,2,25,0,0,,12/3/2018
2009,BUFFRMFISHBM06,BUFFRMFish2009Jun10,main,9,R,RU,N/A,70,98,0.610000014,12,19.3,2,25,2,25,,12/3/2018
2009,BUFFRMFISHBM06,BUFFRMFish2009Jun10,main,10,L,PO,F,48,44,0.230000004,15,54.5,2,25,0,0,,12/3/2018
2009,BUFFRMFISHBM06,BUFFRMFish2009Jun10,main,10,M,PO,F,48,150,0.479999989,16,77,2,25,0,0,,12/3/2018
2009,BUFFRMFISHBM06,BUFFRMFish2009Jun10,main,10,R,PO,F,48,194,0,15,54.5,2,25,4,87.5,,12/3/2018
2009,BUFFRMFISHBM06,BUFFRMFish2009Jun10,main,11,L,PO,F,48,50,0,2,0.0935,4,87.5,0,0,,12/3/2018
2009,BUFFRMFISHBM06,BUFFRMFish2009Jun10,main,11,M,PO,F,48,200,0.479999989,14,38.5,2,25,0,0,,12/3/2018
2009,BUFFRMFISHBM06,BUFFRMFish2009Jun10,main,11,R,PO,F,48,176,0.039999999,18,154,1,5,0,0,,12/3/2018
2009,BUFFRMFISHBT01,BUFFRMFish2009May19,main,1,L,RI,N/A,9.4,35,0.07,12,19.3,2,25,4,87.5,,12/3/2018
2009,BUFFRMFISHBT01,BUFFRMFish2009May19,main,1,M,RI,N/A,9.4,24,0.189999998,14,38.5,2,25,3,57.5,,12/3/2018
2009,BUFFRMFISHBT01,BUFFRMFish2009May19,main,1,R,RI,N/A,9.4,22,0.50999999,15,54.5,2,25,2,25,,12/3/2018
2009,BUFFRMFISHBT01,BUFFRMFish2009May19,main,2,L,RU,N/A,8.3,28,0.090000004,14,38.5,2,25,2,25,,12/3/2018
2009,BUFFRMFISHBT01,BUFFRMFish2009May19,main,2,M,RU,N/A,8.3,34,0.25,15,54.5,2,25,1,5,,12/3/2018
2009,BUFFRMFISHBT01,BUFFRMFish2009May19,main,2,R,RU,N/A,8.3,16,0.119999997,14,38.5,2,25,1,5,,12/3/2018
2009,BUFFRMFISHBT01,BUFFRMFish2009May19,main,3,L,RU,N/A,9,13,0.050000001,15,54.5,2,25,4,87.5,,12/3/2018
2009,BUFFRMFISHBT01,BUFFRMFish2009May19,main,3,M,RU,N/A,9,16,0.360000014,15,54.5,2,25,2,25,,12/3/2018
2009,BUFFRMFISHBT01,BUFFRMFish2009May19,main,3,R,RU,N/A,9,14,0.349999994,13,27.3,2,25,1,5,,12/3/2018
2009,BUFFRMFISHBT01,BUFFRMFish2009May19,main,4,L,RRX,N/A,7.7,30,0.039999999,14,38.5,2,25,1,5,,12/3/2018
2009,BUFFRMFISHBT01,BUFFRMFish2009May19,main,4,M,RRX,N/A,7.7,22,0.519999981,15,54.5,2,25,0,0,,12/3/2018
2009,BUFFRMFISHBT01,BUFFRMFish2009May19,main,4,R,RRX,N/A,7.7,10,0.119999997,16,77,2,25,1,5,,12/3/2018
2009,BUFFRMFISHBT01,BUFFRMFish2009May19,main,5,L,RU,N/A,6.2,10,0.02,14,38.5,2,25,1,5,,12/3/2018
2009,BUFFRMFISHBT01,BUFFRMFish2009May19,main,5,M,RU,N/A,6.2,38,0.300000012,14,38.5,2,25,0,0,,12/3/2018
2009,BUFFRMFISHBT01,BUFFRMFish2009May19,main,5,R,RU,N/A,6.2,15,0.319999993,15,54.5,2,25,1,5,,12/3/2018
2009,BUFFRMFISHBT01,BUFFRMFish2009May19,main,6,L,RI,N/A,7.8,8,0.029999999,14,38.5,2,25,4,87.5,,12/3/2018
2009,BUFFRMFISHBT01,BUFFRMFish2009May19,main,6,M,RI,N/A,7.8,22,0.219999999,16,77,2,25,2,25,,12/3/2018
2009,BUFFRMFISHBT01,BUFFRMFish2009May19,main,6,R,RI,N/A,7.8,16,0.180000007,14,38.5,2,25,0,0,,12/3/2018
2009,BUFFRMFISHBT01,BUFFRMFish2009May19,main,7,L,RU,N/A,8.1,32,0.409999996,14,38.5,2,25,2,25,,12/3/2018
2009,BUFFRMFISHBT01,BUFFRMFish2009May19,main,7,M,RU,N/A,8.1,18,0.07,15,54.5,2,25,0,0,,12/3/2018
2009,BUFFRMFISHBT01,BUFFRMFish2009May19,main,7,R,RU,N/A,8.1,14,0.389999986,15,54.5,2,25,0,0,,12/3/2018
2009,BUFFRMFISHBT01,BUFFRMFish2009May19,main,8,L,RU,N/A,8.3,22,0.239999995,14,38.5,2,25,4,87.5,,12/3/2018
2009,BUFFRMFISHBT01,BUFFRMFish2009May19,main,8,M,RU,N/A,8.3,22,0.230000004,14,38.5,2,25,3,57.5,,12/3/2018
2009,BUFFRMFISHBT01,BUFFRMFish2009May19,main,8,R,RU,N/A,8.3,14,0.150000006,13,27.3,2,25,0,0,,12/3/2018
2009,BUFFRMFISHBT01,BUFFRMFish2009May19,main,9,L,RU,N/A,8.5,34,0.300000012,16,77,2,25,4,87.5,,12/3/2018
2009,BUFFRMFISHBT01,BUFFRMFish2009May19,main,9,M,RU,N/A,8.5,19,0.340000004,14,38.5,2,25,0,0,,12/3/2018
2009,BUFFRMFISHBT01,BUFFRMFish2009May19,main,9,R,RU,N/A,8.5,20,0.100000001,15,54.5,2,25,0,0,,12/3/2018
2009,BUFFRMFISHBT01,BUFFRMFish2009May19,main,10,L,RU,N/A,8.9,17,0.01,13,27.3,2,25,4,87.5,,12/3/2018
2009,BUFFRMFISHBT01,BUFFRMFish2009May19,main,10,M,RU,N/A,8.9,36,0.370000005,15,54.5,2,25,4,87.5,,12/3/2018
2009,BUFFRMFISHBT01,BUFFRMFish2009May19,main,10,R,RU,N/A,8.9,17,0.209999993,14,38.5,2,25,0,0,,12/3/2018
2009,BUFFRMFISHBT01,BUFFRMFish2009May19,main,11,L,RU,N/A,11,29,0.100000001,15,54.5,2,25,4,87.5,,12/3/2018
2009,BUFFRMFISHBT01,BUFFRMFish2009May19,main,11,M,RU,N/A,11,18,0.02,14,38.5,2,25,3,57.5,,12/3/2018
2009,BUFFRMFISHBT01,BUFFRMFish2009May19,main,11,R,RU,N/A,11,15,0.140000001,16,77,2,25,2,25,,12/3/2018
2009,BUFFRMFISHBT06,BUFFRMFish2009May19,main,1,L,RI,N/A,2.9,6,0.600000024,13,27.3,3,57.5,3,57.5,,12/3/2018
2009,BUFFRMFISHBT06,BUFFRMFish2009May19,main,1,M,RI,N/A,2.9,8,0.529999971,15,54.5,3,57.5,3,57.5,,12/3/2018
2009,BUFFRMFISHBT06,BUFFRMFish2009May19,main,1,R,RI,N/A,2.9,14,0.939999998,14,38.5,2,25,4,87.5,,12/3/2018
2009,BUFFRMFISHBT06,BUFFRMFish2009May19,main,2,L,RI,N/A,3.9,6,0.370000005,13,27.3,3,57.5,3,57.5,,12/3/2018
2009,BUFFRMFISHBT06,BUFFRMFish2009May19,main,2,M,RI,N/A,3.9,16,0.239999995,14,38.5,2,25,3,57.5,,12/3/2018
2009,BUFFRMFISHBT06,BUFFRMFish2009May19,main,2,R,RI,N/A,3.9,8,0.670000017,12,19.3,3,57.5,3,57.5,,12/3/2018
2009,BUFFRMFISHBT06,BUFFRMFish2009May19,main,3,L,RI,N/A,5.5,12,0.49000001,15,54.5,3,57.5,2,25,,12/3/2018
2009,BUFFRMFISHBT06,BUFFRMFish2009May19,main,3,M,RI,N/A,5.5,8,0.419999987,12,19.3,3,57.5,3,57.5,,12/3/2018
2009,BUFFRMFISHBT06,BUFFRMFish2009May19,main,3,R,RI,N/A,5.5,12,0.159999996,14,38.5,3,57.5,2,25,,12/3/2018
2009,BUFFRMFISHBT06,BUFFRMFish2009May19,main,4,L,RU,N/A,8,10,0.159999996,12,19.3,4,87.5,3,57.5,,12/3/2018
2009,BUFFRMFISHBT06,BUFFRMFish2009May19,main,4,M,RU,N/A,8,8,0.109999999,13,27.3,3,57.5,4,87.5,,12/3/2018
2009,BUFFRMFISHBT06,BUFFRMFish2009May19,main,4,R,RU,N/A,8,10,0.079999998,12,19.3,3,57.5,4,87.5,,12/3/2018
2009,BUFFRMFISHBT06,BUFFRMFish2009May19,main,5,L,RU,N/A,7.5,10,0.170000002,12,19.3,4,87.5,3,57.5,,12/3/2018
2009,BUFFRMFISHBT06,BUFFRMFish2009May19,main,5,M,RU,N/A,7.5,22,0.200000003,13,27.3,3,57.5,4,87.5,,12/3/2018
2009,BUFFRMFISHBT06,BUFFRMFish2009May19,main,5,R,RU,N/A,7.5,46,-0.01,9,6.85,4,87.5,4,87.5,,12/3/2018
2009,BUFFRMFISHBT06,BUFFRMFish2009May19,main,6,L,RU,N/A,4.9,14,0.079999998,13,27.3,2,25,1,5,,12/3/2018
2009,BUFFRMFISHBT06,BUFFRMFish2009May19,main,6,M,RU,N/A,4.9,10,0.200000003,12,19.3,2,25,2,25,,12/3/2018
2009,BUFFRMFISHBT06,BUFFRMFish2009May19,main,6,R,RU,N/A,4.9,6,0.01,12,19.3,2,25,3,57.5,,12/3/2018
2009,BUFFRMFISHBT06,BUFFRMFish2009May19,main,7,L,RU,N/A,6.5,14,0.079999998,11,13.65,2,25,1,5,,12/3/2018
2009,BUFFRMFISHBT06,BUFFRMFish2009May19,main,7,M,RU,N/A,6.5,8,0.07,10,9.65,2,25,1,5,,12/3/2018
2009,BUFFRMFISHBT06,BUFFRMFish2009May19,main,7,R,RU,N/A,6.5,14,0.02,12,19.3,2,25,2,25,,12/3/2018
2009,BUFFRMFISHBT06,BUFFRMFish2009May19,main,8,L,RI,N/A,6.3,10,0.370000005,24,10000,0,0,3,57.5,,12/3/2018
2009,BUFFRMFISHBT06,BUFFRMFish2009May19,main,8,M,RI,N/A,6.3,8,0.01,24,10000,0,0,2,25,,12/3/2018
2009,BUFFRMFISHBT06,BUFFRMFish2009May19,main,8,R,RI,N/A,6.3,2,0,24,10000,0,0,3,57.5,,12/3/2018
2009,BUFFRMFISHBT06,BUFFRMFish2009May19,main,9,L,GL,N/A,5.7,12,0.059999999,11,13.65,2,25,0,0,,12/3/2018
2009,BUFFRMFISHBT06,BUFFRMFish2009May19,main,9,M,GL,N/A,5.7,14,0.150000006,10,9.65,2,25,0,0,,12/3/2018
2009,BUFFRMFISHBT06,BUFFRMFish2009May19,main,9,R,GL,N/A,5.7,6,0.01,24,10000,0,0,2,25,,12/3/2018
2009,BUFFRMFISHBT06,BUFFRMFish2009May19,main,10,L,GL,N/A,5.1,14,0.01,6,1.5,2,25,4,87.5,,12/3/2018
2009,BUFFRMFISHBT06,BUFFRMFish2009May19,main,10,M,GL,N/A,5.1,29,0.02,24,10000,0,0,2,25,,12/3/2018
2009,BUFFRMFISHBT06,BUFFRMFish2009May19,main,10,R,GL,N/A,5.1,16,0.050000001,24,10000,0,0,1,5,,12/3/2018
2009,BUFFRMFISHBT06,BUFFRMFish2009May19,main,11,L,RU,N/A,4.8,14,0,24,10000,0,0,3,57.5,,12/3/2018
2009,BUFFRMFISHBT06,BUFFRMFish2009May19,main,11,M,RU,N/A,4.8,28,0.280000001,24,10000,0,0,0,0,,12/3/2018
2009,BUFFRMFISHBT06,BUFFRMFish2009May19,main,11,R,RU,N/A,4.8,2,0.100000001,24,10000,0,0,0,0,,12/3/2018
2009,BUFFRMFISHBT10,BUFFRMFish2009May20,main,1,L,RU,N/A,7.2,54,0.200000003,12,19.3,2,25,2,25,,12/3/2018
2009,BUFFRMFISHBT10,BUFFRMFish2009May20,main,1,M,RU,N/A,7.2,6,0.379999995,11,13.65,2,25,2,25,,12/3/2018
2009,BUFFRMFISHBT10,BUFFRMFish2009May20,main,1,R,RU,N/A,7.2,8,0.540000021,12,19.3,2,25,1,5,,12/3/2018
2009,BUFFRMFISHBT10,BUFFRMFish2009May20,main,2,L,GL,N/A,7.6,7,0.129999995,11,13.65,2,25,2,25,,12/3/2018
2009,BUFFRMFISHBT10,BUFFRMFish2009May20,main,2,M,GL,N/A,7.6,14,0.389999986,11,13.65,2,25,0,0,,12/3/2018
2009,BUFFRMFISHBT10,BUFFRMFish2009May20,main,2,R,GL,N/A,7.6,12,0.200000003,11,13.65,2,25,1,5,,12/3/2018
2009,BUFFRMFISHBT10,BUFFRMFish2009May20,main,3,L,RU,N/A,7.9,2,0.07,12,19.3,2,25,0,0,,12/3/2018
2009,BUFFRMFISHBT10,BUFFRMFish2009May20,main,3,M,RU,N/A,7.9,8,0.340000004,11,13.65,2,25,0,0,,12/3/2018
2009,BUFFRMFISHBT10,BUFFRMFish2009May20,main,3,R,RU,N/A,7.9,32,0.230000004,12,19.3,2,25,0,0,,12/3/2018
2009,BUFFRMFISHBT10,BUFFRMFish2009May20,main,4,L,RU,N/A,5.2,32,0.569999993,11,13.65,2,25,3,57.5,,12/3/2018
2009,BUFFRMFISHBT10,BUFFRMFish2009May20,main,4,M,RU,N/A,5.2,12,0.140000001,12,19.3,2,25,3,57.5,,12/3/2018
2009,BUFFRMFISHBT10,BUFFRMFish2009May20,main,4,R,RU,N/A,5.2,4,0.02,12,19.3,2,25,2,25,,12/3/2018
2009,BUFFRMFISHBT10,BUFFRMFish2009May20,main,5,L,RU,N/A,5.6,8,0.029999999,12,19.3,2,25,2,25,,12/3/2018
2009,BUFFRMFISHBT10,BUFFRMFish2009May20,main,5,M,RU,N/A,5.6,30,0.379999995,11,13.65,2,25,1,5,,12/3/2018
2009,BUFFRMFISHBT10,BUFFRMFish2009May20,main,5,R,RU,N/A,5.6,8,0.280000001,12,19.3,2,25,0,0,,12/3/2018
2009,BUFFRMFISHBT10,BUFFRMFish2009May20,main,6,L,RU,N/A,5.6,12,0.5,13,27.3,2,25,2,25,,12/3/2018
2009,BUFFRMFISHBT10,BUFFRMFish2009May20,main,6,M,RU,N/A,5.6,12,0.419999987,12,19.3,2,25,1,5,,12/3/2018
2009,BUFFRMFISHBT10,BUFFRMFish2009May20,main,6,R,RU,N/A,5.6,4,0.400000006,12,19.3,2,25,1,5,,12/3/2018
2009,BUFFRMFISHBT10,BUFFRMFish2009May20,main,7,L,GL,N/A,7.3,12,0.100000001,11,13.65,2,25,3,57.5,,12/3/2018
2009,BUFFRMFISHBT10,BUFFRMFish2009May20,main,7,M,GL,N/A,7.3,42,0.159999996,10,9.65,2,25,3,57.5,,12/3/2018
2009,BUFFRMFISHBT10,BUFFRMFish2009May20,main,7,R,GL,N/A,7.3,44,0.02,10,9.65,2,25,3,57.5,,12/3/2018
2009,BUFFRMFISHBT10,BUFFRMFish2009May20,main,8,L,PO,F,3.7,40,0,11,13.65,3,57.5,3,57.5,,12/3/2018
2009,BUFFRMFISHBT10,BUFFRMFish2009May20,main,8,M,PO,F,3.7,82,0.02,12,19.3,3,57.5,3,57.5,,12/3/2018
2009,BUFFRMFISHBT10,BUFFRMFish2009May20,main,8,R,PO,F,3.7,124,0.100000001,10,9.65,3,57.5,3,57.5,,12/3/2018
2009,BUFFRMFISHBT10,BUFFRMFish2009May20,main,9,L,GL,N/A,12.9,75,0.02,12,19.3,2,25,0,0,,12/3/2018
2009,BUFFRMFISHBT10,BUFFRMFish2009May20,main,9,M,GL,N/A,12.9,45,0.170000002,12,19.3,2,25,0,0,,12/3/2018
2009,BUFFRMFISHBT10,BUFFRMFish2009May20,main,9,R,GL,N/A,12.9,30,0.039999999,13,27.3,2,25,0,0,,12/3/2018
2009,BUFFRMFISHBT10,BUFFRMFish2009May20,main,10,L,RRX,N/A,4.8,8,0.400000006,11,13.65,2,25,1,5,,12/3/2018
2009,BUFFRMFISHBT10,BUFFRMFish2009May20,main,10,M,RRX,N/A,4.8,40,0.860000014,11,13.65,2,25,0,0,,12/3/2018
2009,BUFFRMFISHBT10,BUFFRMFish2009May20,main,10,R,RRX,N/A,4.8,8,0.560000002,12,19.3,2,25,0,0,,12/3/2018
2009,BUFFRMFISHBT10,BUFFRMFish2009May20,main,11,L,RRX,N/A,9.8,26,0.01,13,27.3,2,25,1,5,,12/3/2018
2009,BUFFRMFISHBT10,BUFFRMFish2009May20,main,11,M,RRX,N/A,9.8,10,0.280000001,13,27.3,2,25,0,0,,12/3/2018
2009,BUFFRMFISHBT10,BUFFRMFish2009May20,main,11,R,RRX,N/A,9.8,12,0.319999993,12,19.3,2,25,1,5,,12/3/2018
2009,BUFFRMFISHBT11,BUFFRMFish2009May20,main,1,L,RI,N/A,5.2,10,0.079999998,13,27.3,2,25,2,25,,12/3/2018
2009,BUFFRMFISHBT11,BUFFRMFish2009May20,main,1,M,RI,N/A,5.2,10,0.219999999,13,27.3,2,25,2,25,,12/3/2018
2009,BUFFRMFISHBT11,BUFFRMFish2009May20,main,1,R,RI,N/A,5.2,10,0.460000008,12,19.3,2,25,0,0,,12/3/2018
2009,BUFFRMFISHBT11,BUFFRMFish2009May20,main,2,L,RI,N/A,5.3,37,0.01,12,19.3,2,25,3,57.5,,12/3/2018
2009,BUFFRMFISHBT11,BUFFRMFish2009May20,main,2,M,RI,N/A,5.3,8,0.589999974,13,27.3,2,25,2,25,,12/3/2018
2009,BUFFRMFISHBT11,BUFFRMFish2009May20,main,2,R,RI,N/A,5.3,14,0.540000021,14,38.5,2,25,2,25,,12/3/2018
2009,BUFFRMFISHBT11,BUFFRMFish2009May20,main,3,L,RU,N/A,4.3,8,0.150000006,15,54.5,2,25,0,0,,12/3/2018
2009,BUFFRMFISHBT11,BUFFRMFish2009May20,main,3,M,RU,N/A,4.3,12,0.319999993,12,19.3,2,25,0,0,,12/3/2018
2009,BUFFRMFISHBT11,BUFFRMFish2009May20,main,3,R,RU,N/A,4.3,10,0.25,10,9.65,2,25,0,0,,12/3/2018
2009,BUFFRMFISHBT11,BUFFRMFish2009May20,main,4,L,RRX,N/A,3.1,7,0.029999999,12,19.3,2,25,3,57.5,,12/3/2018
2009,BUFFRMFISHBT11,BUFFRMFish2009May20,main,4,M,RRX,N/A,3.1,12,0.360000014,12,19.3,2,25,3,57.5,,12/3/2018
2009,BUFFRMFISHBT11,BUFFRMFish2009May20,main,4,R,RRX,N/A,3.1,8,0.189999998,12,19.3,2,25,2,25,,12/3/2018
2009,BUFFRMFISHBT11,BUFFRMFish2009May20,main,5,L,RI,N/A,2.2,19,0.709999979,12,19.3,2,25,1,5,,12/3/2018
2009,BUFFRMFISHBT11,BUFFRMFish2009May20,main,5,M,RI,N/A,2.2,7,0.349999994,13,27.3,2,25,1,5,,12/3/2018
2009,BUFFRMFISHBT11,BUFFRMFish2009May20,main,5,R,RI,N/A,2.2,10,0.569999993,11,13.65,2,25,0,0,,12/3/2018
2009,BUFFRMFISHBT11,BUFFRMFish2009May20,main,6,L,PGX,N/A,3.3,15,0.100000001,24,10000,0,0,2,25,,12/3/2018
2009,BUFFRMFISHBT11,BUFFRMFish2009May20,main,6,M,PGX,N/A,3.3,19,0.319999993,13,27.3,2,25,1,5,,12/3/2018
2009,BUFFRMFISHBT11,BUFFRMFish2009May20,main,6,R,PGX,N/A,3.3,6,0.219999999,14,38.5,2,25,1,5,,12/3/2018
2009,BUFFRMFISHBT11,BUFFRMFish2009May20,main,7,L,PO,M,2.9,78,0.050000001,24,10000,0,0,4,87.5,,12/3/2018
2009,BUFFRMFISHBT11,BUFFRMFish2009May20,main,7,M,PO,M,2.9,84,0.079999998,13,27.3,2,25,4,87.5,,12/3/2018
2009,BUFFRMFISHBT11,BUFFRMFish2009May20,main,7,R,PO,M,2.9,36,0.029999999,14,38.5,2,25,4,87.5,,12/3/2018
2009,BUFFRMFISHBT11,BUFFRMFish2009May20,main,8,L,RI,N/A,7.9,16,0.949999988,12,19.3,2,25,4,87.5,,12/3/2018
2009,BUFFRMFISHBT11,BUFFRMFish2009May20,main,8,M,RI,N/A,7.9,2,0.289999992,15,54.5,2,25,3,57.5,,12/3/2018
2009,BUFFRMFISHBT11,BUFFRMFish2009May20,main,8,R,RI,N/A,7.9,10,0.300000012,15,54.5,2,25,3,57.5,,12/3/2018
2009,BUFFRMFISHBT11,BUFFRMFish2009May20,main,9,L,RI,N/A,5.9,10,0.270000011,15,54.5,2,25,3,57.5,,12/3/2018
2009,BUFFRMFISHBT11,BUFFRMFish2009May20,main,9,M,RI,N/A,5.9,12,0.419999987,15,54.5,2,25,4,87.5,,12/3/2018
2009,BUFFRMFISHBT11,BUFFRMFish2009May20,main,9,R,RI,N/A,5.9,4,0.059999999,13,27.3,2,25,4,87.5,,12/3/2018
2009,BUFFRMFISHBT11,BUFFRMFish2009May20,main,10,L,PO,O,5.2,48,0.01,14,38.5,2,25,3,57.5,,12/3/2018
2009,BUFFRMFISHBT11,BUFFRMFish2009May20,main,10,M,PO,O,5.2,81,0.050000001,14,38.5,2,25,2,25,,12/3/2018
2009,BUFFRMFISHBT11,BUFFRMFish2009May20,main,10,R,PO,O,5.2,35,0.050000001,13,27.3,3,57.5,2,25,,12/3/2018
2009,BUFFRMFISHBT11,BUFFRMFish2009May20,main,11,L,RI,N/A,4.2,5,0.01,12,19.3,2,25,4,87.5,,12/3/2018
2009,BUFFRMFISHBT11,BUFFRMFish2009May20,main,11,M,RI,N/A,4.2,9,0.239999995,13,27.3,2,25,4,87.5,,12/3/2018
2009,BUFFRMFISHBT11,BUFFRMFish2009May20,main,11,R,RI,N/A,4.2,18,0.370000005,14,38.5,2,25,4,87.5,,12/3/2018
2009,BUFFRMFISHBT20,BUFFRMFish2009May21,main,1,L,RRX,N/A,28,18,0.75,11,13.65,2,25,0,0,,12/3/2018
2009,BUFFRMFISHBT20,BUFFRMFish2009May21,main,1,M,RRX,N/A,28,16,0.730000019,12,19.3,2,25,0,0,,12/3/2018
2009,BUFFRMFISHBT20,BUFFRMFish2009May21,main,1,R,RRX,N/A,28,12,0.449999988,12,19.3,2,25,1,5,,12/3/2018
2009,BUFFRMFISHBT20,BUFFRMFish2009May21,main,2,L,RU,N/A,23,52,0.300000012,11,13.65,2,25,1,5,,12/3/2018
2009,BUFFRMFISHBT20,BUFFRMFish2009May21,main,2,M,RU,N/A,23,42,0.319999993,12,19.3,2,25,0,0,,12/3/2018
2009,BUFFRMFISHBT20,BUFFRMFish2009May21,main,2,R,RU,N/A,23,12,0.079999998,12,19.3,2,25,1,5,,12/3/2018
2009,BUFFRMFISHBT20,BUFFRMFish2009May21,main,3,L,RU,N/A,21,14,0.039999999,7,3,2,25,0,0,,12/3/2018
2009,BUFFRMFISHBT20,BUFFRMFish2009May21,main,3,M,RU,N/A,21,44,0.289999992,12,19.3,2,25,0,0,,12/3/2018
2009,BUFFRMFISHBT20,BUFFRMFish2009May21,main,3,R,RU,N/A,21,56,0.270000011,24,10000,0,0,1,5,,12/3/2018
2009,BUFFRMFISHBT20,BUFFRMFish2009May21,main,4,L,RU,N/A,17.1,24,0.01,9,6.85,2,25,1,5,,12/3/2018
2009,BUFFRMFISHBT20,BUFFRMFish2009May21,main,4,M,RU,N/A,17.1,56,0.330000013,12,19.3,2,25,0,0,,12/3/2018
2009,BUFFRMFISHBT20,BUFFRMFish2009May21,main,4,R,RU,N/A,17.1,38,0.25999999,24,10000,0,0,1,5,,12/3/2018
2009,BUFFRMFISHBT20,BUFFRMFish2009May21,main,5,L,RRX,N/A,21,22,0.349999994,12,19.3,2,25,3,57.5,,12/3/2018
2009,BUFFRMFISHBT20,BUFFRMFish2009May21,main,5,M,RRX,N/A,21,34,0.409999996,12,19.3,2,25,1,5,,12/3/2018
2009,BUFFRMFISHBT20,BUFFRMFish2009May21,main,5,R,RRX,N/A,21,20,0.370000005,12,19.3,2,25,1,5,,12/3/2018
2009,BUFFRMFISHBT20,BUFFRMFish2009May21,main,6,L,RU,N/A,23,25,0.310000002,12,19.3,2,25,4,87.5,,12/3/2018
2009,BUFFRMFISHBT20,BUFFRMFish2009May21,main,6,M,RU,N/A,23,26,0.360000014,10,9.65,2,25,1,5,,12/3/2018
2009,BUFFRMFISHBT20,BUFFRMFish2009May21,main,6,R,RU,N/A,23,56,0.389999986,24,10000,0,0,0,0,,12/3/2018
2009,BUFFRMFISHBT20,BUFFRMFish2009May21,main,7,L,RRX,N/A,15.1,16,0.409999996,12,19.3,2,25,0,0,,12/3/2018
2009,BUFFRMFISHBT20,BUFFRMFish2009May21,main,7,M,RRX,N/A,15.1,46,0.75999999,15,54.5,2,25,0,0,,12/3/2018
2009,BUFFRMFISHBT20,BUFFRMFish2009May21,main,7,R,RRX,N/A,15.1,14,0.419999987,16,77,2,25,0,0,,12/3/2018
2009,BUFFRMFISHBT20,BUFFRMFish2009May21,main,8,L,RRX,N/A,11.4,20,0.550000012,14,38.5,2,25,0,0,,12/3/2018
2009,BUFFRMFISHBT20,BUFFRMFish2009May21,main,8,M,RRX,N/A,11.4,38,1.320000052,16,77,2,25,0,0,,12/3/2018
2009,BUFFRMFISHBT20,BUFFRMFish2009May21,main,8,R,RRX,N/A,11.4,50,0.730000019,16,77,2,25,0,0,,12/3/2018
2009,BUFFRMFISHBT20,BUFFRMFish2009May21,main,9,L,PGX,N/A,13.8,24,0.230000004,13,27.3,2,25,0,0,,12/3/2018
2009,BUFFRMFISHBT20,BUFFRMFish2009May21,main,9,M,PGX,N/A,13.8,64,0.239999995,24,10000,0,0,0,0,,12/3/2018
2009,BUFFRMFISHBT20,BUFFRMFish2009May21,main,9,R,PGX,N/A,13.8,64,0.430000007,14,38.5,2,25,0,0,,12/3/2018
2009,BUFFRMFISHBT20,BUFFRMFish2009May21,main,10,L,RU,N/A,10.7,16,0.01,16,77,2,25,0,0,,12/3/2018
2009,BUFFRMFISHBT20,BUFFRMFish2009May21,main,10,M,RU,N/A,10.7,60,0.600000024,16,77,1,5,0,0,,12/3/2018
2009,BUFFRMFISHBT20,BUFFRMFish2009May21,main,10,R,RU,N/A,10.7,70,0.75,24,10000,0,0,0,0,,12/3/2018
2009,BUFFRMFISHBT20,BUFFRMFish2009May21,main,11,L,RU,N/A,13.5,14,0.209999993,14,38.5,2,25,0,0,,12/3/2018
2009,BUFFRMFISHBT20,BUFFRMFish2009May21,main,11,M,RU,N/A,13.5,96,0.230000004,20,309,1,5,0,0,,12/3/2018
2009,BUFFRMFISHBT20,BUFFRMFish2009May21,main,11,R,RU,N/A,13.5,72,0,24,10000,0,0,2,25,,12/3/2018
2009,BUFFRMFISHBT23,BUFFRMFish2009May26,main,1,L,RI,N/A,18.2,26,0.540000021,13,27.3,2,25,0,0,,12/3/2018
2009,BUFFRMFISHBT23,BUFFRMFish2009May26,main,1,M,RI,N/A,18.2,47,1.110000014,13,27.3,2,25,0,0,,12/3/2018
2009,BUFFRMFISHBT23,BUFFRMFish2009May26,main,1,R,RI,N/A,18.2,16,1.059999943,12,19.3,2,25,0,0,,12/3/2018
2009,BUFFRMFISHBT23,BUFFRMFish2009May26,main,2,L,GL,N/A,12.2,94,0.349999994,24,10000,0,0,4,87.5,,12/3/2018
2009,BUFFRMFISHBT23,BUFFRMFish2009May26,main,2,M,GL,N/A,12.2,112,0.479999989,1,0.031,4,87.5,0,0,,12/3/2018
2009,BUFFRMFISHBT23,BUFFRMFish2009May26,main,2,R,GL,N/A,12.2,38,0.209999993,1,0.031,4,87.5,0,0,,12/3/2018
2009,BUFFRMFISHBT23,BUFFRMFish2009May26,main,3,L,RU,N/A,9.4,50,0.709999979,24,10000,0,0,4,87.5,,12/3/2018
2009,BUFFRMFISHBT23,BUFFRMFish2009May26,main,3,M,RU,N/A,9.4,78,0.660000026,24,10000,0,0,0,0,,12/3/2018
2009,BUFFRMFISHBT23,BUFFRMFish2009May26,main,3,R,RU,N/A,9.4,84,0.349999994,9,6.85,4,87.5,0,0,,12/3/2018
2009,BUFFRMFISHBT23,BUFFRMFish2009May26,main,4,L,PO,F,12.9,66,0.75,24,10000,0,0,4,87.5,,12/3/2018
2009,BUFFRMFISHBT23,BUFFRMFish2009May26,main,4,M,PO,F,12.9,104,0.280000001,1,0.031,4,87.5,0,0,,12/3/2018
2009,BUFFRMFISHBT23,BUFFRMFish2009May26,main,4,R,PO,F,12.9,8,-0.200000003,9,6.85,4,87.5,0,0,,12/3/2018
2009,BUFFRMFISHBT23,BUFFRMFish2009May26,main,5,L,RU,N/A,11.9,86,1.24000001,24,10000,0,0,3,57.5,,12/3/2018
2009,BUFFRMFISHBT23,BUFFRMFish2009May26,main,5,M,RU,N/A,11.9,26,0.649999976,10,9.65,2,25,0,0,,12/3/2018
2009,BUFFRMFISHBT23,BUFFRMFish2009May26,main,5,R,RU,N/A,11.9,10,0.02,9,6.85,3,57.5,0,0,,12/3/2018
2009,BUFFRMFISHBT23,BUFFRMFish2009May26,main,6,L,RU,N/A,10.7,54,0.810000002,11,13.65,2,25,4,87.5,,12/3/2018
2009,BUFFRMFISHBT23,BUFFRMFish2009May26,main,6,M,RU,N/A,10.7,38,0.730000019,11,13.65,2,25,3,57.5,,12/3/2018
2009,BUFFRMFISHBT23,BUFFRMFish2009May26,main,6,R,RU,N/A,10.7,12,0.360000014,12,19.3,2,25,2,25,,12/3/2018
2009,BUFFRMFISHBT23,BUFFRMFish2009May26,main,7,L,RRX,N/A,19.3,82,0.170000002,9,6.85,3,57.5,2,25,,12/3/2018
2009,BUFFRMFISHBT23,BUFFRMFish2009May26,main,7,M,RRX,N/A,19.3,14,0.699999988,11,13.65,2,25,0,0,,12/3/2018
2009,BUFFRMFISHBT23,BUFFRMFish2009May26,main,7,R,RRX,N/A,19.3,44,1.220000029,11,13.65,2,25,1,5,,12/3/2018
2009,BUFFRMFISHBT23,BUFFRMFish2009May26,main,8,L,RU,N/A,25.7,82,0.189999998,1,0.031,4,87.5,1,5,,12/3/2018
2009,BUFFRMFISHBT23,BUFFRMFish2009May26,main,8,M,RU,N/A,25.7,24,0.699999988,11,13.65,2,25,0,0,,12/3/2018
2009,BUFFRMFISHBT23,BUFFRMFish2009May26,main,8,R,RU,N/A,25.7,32,0.889999986,11,13.65,2,25,0,0,,12/3/2018
2009,BUFFRMFISHBT23,BUFFRMFish2009May26,main,9,L,RU,N/A,32,66,0.059999999,1,0.031,4,87.5,1,5,,12/3/2018
2009,BUFFRMFISHBT23,BUFFRMFish2009May26,main,9,M,RU,N/A,32,52,1.080000043,10,9.65,2,25,0,0,,12/3/2018
2009,BUFFRMFISHBT23,BUFFRMFish2009May26,main,9,R,RU,N/A,32,40,0.389999986,10,9.65,2,25,0,0,,12/3/2018
2009,BUFFRMFISHBT23,BUFFRMFish2009May26,main,10,L,RU,N/A,33.9,8,0.389999986,13,27.3,2,25,0,0,,12/3/2018
2009,BUFFRMFISHBT23,BUFFRMFish2009May26,main,10,M,RU,N/A,33.9,30,0.839999974,10,9.65,2,25,1,5,,12/3/2018
2009,BUFFRMFISHBT23,BUFFRMFish2009May26,main,10,R,RU,N/A,33.9,58,0.529999971,12,19.3,2,25,0,0,,12/3/2018
2009,BUFFRMFISHBT23,BUFFRMFish2009May26,main,11,L,RRX,N/A,30.5,32,0.699999988,15,54.5,2,25,3,57.5,,12/3/2018
2009,BUFFRMFISHBT23,BUFFRMFish2009May26,main,11,M,RRX,N/A,30.5,60,0.400000006,17,109,1,5,0,0,,12/3/2018
2009,BUFFRMFISHBT23,BUFFRMFish2009May26,main,11,R,RRX,N/A,30.5,48,0.629999995,12,19.3,2,25,1,5,,12/3/2018
2010,BUFFRMFISHBM01,BUFFRMFish2010May27,main,1,L,RI,N/A,29,42,0.689999998,17,109,2,25,0,0,,12/3/2018
2010,BUFFRMFISHBM01,BUFFRMFish2010May27,main,1,M,RI,N/A,29,32,0.649999976,17,109,2,25,0,0,,12/3/2018
2010,BUFFRMFISHBM01,BUFFRMFish2010May27,main,1,R,RI,N/A,29,12,0.100000001,16,77,2,25,0,0,,12/3/2018
2010,BUFFRMFISHBM01,BUFFRMFish2010May27,main,2,L,RRX,N/A,28,42,0.560000002,18,154,2,25,0,0,,12/3/2018
2010,BUFFRMFISHBM01,BUFFRMFish2010May27,main,2,M,RRX,N/A,28,52,0.540000021,16,77,2,25,0,0,,12/3/2018
2010,BUFFRMFISHBM01,BUFFRMFish2010May27,main,2,R,RRX,N/A,28,36,0.340000004,17,109,2,25,0,0,,12/3/2018
2010,BUFFRMFISHBM01,BUFFRMFish2010May27,main,3,L,RU,N/A,24,50,0.49000001,20,309,2,25,0,0,,12/3/2018
2010,BUFFRMFISHBM01,BUFFRMFish2010May27,main,3,M,RU,N/A,24,52,0.379999995,17,109,2,25,0,0,,12/3/2018
2010,BUFFRMFISHBM01,BUFFRMFish2010May27,main,3,R,RU,N/A,24,44,0.579999983,14,38.5,2,25,0,0,,12/3/2018
2010,BUFFRMFISHBM01,BUFFRMFish2010May27,main,4,L,RU,N/A,27,46,0.439999998,17,109,2,25,0,0,,12/3/2018
2010,BUFFRMFISHBM01,BUFFRMFish2010May27,main,4,M,RU,N/A,27,62,0.310000002,14,38.5,2,25,0,0,,12/3/2018
2010,BUFFRMFISHBM01,BUFFRMFish2010May27,main,4,R,RU,N/A,27,60,0.319999993,19,218,2,25,0,0,,12/3/2018
2010,BUFFRMFISHBM01,BUFFRMFish2010May27,main,5,L,RU,N/A,27,61,0.200000003,18,154,2,25,0,0,,12/3/2018
2010,BUFFRMFISHBM01,BUFFRMFish2010May27,main,5,M,RU,N/A,27,108,0.189999998,16,77,2,25,0,0,,12/3/2018
2010,BUFFRMFISHBM01,BUFFRMFish2010May27,main,5,R,RU,N/A,27,95,0.200000003,16,77,2,25,0,0,,12/3/2018
2010,BUFFRMFISHBM01,BUFFRMFish2010May27,main,6,L,PO,M,37,78,0.059999999,11,13.65,3,57.5,2,25,,12/3/2018
2010,BUFFRMFISHBM01,BUFFRMFish2010May27,main,6,M,PO,M,37,100,0.140000001,23,2560,1,5,0,0,,12/3/2018
2010,BUFFRMFISHBM01,BUFFRMFish2010May27,main,6,R,PO,M,37,110,0.140000001,22,768,2,25,0,0,,12/3/2018
2010,BUFFRMFISHBM01,BUFFRMFish2010May27,main,7,L,PO,M,32,82,0.059999999,7,3,4,87.5,0,0,,12/3/2018
2010,BUFFRMFISHBM01,BUFFRMFish2010May27,main,7,M,PO,M,32,120,0.109999999,11,13.65,3,57.5,0,0,,12/3/2018
2010,BUFFRMFISHBM01,BUFFRMFish2010May27,main,7,R,PO,M,32,148,0.129999995,16,77,2,25,2,25,,12/3/2018
2010,BUFFRMFISHBM01,BUFFRMFish2010May27,main,8,L,PO,M,30,105,0.079999998,14,38.5,3,57.5,0,0,,12/3/2018
2010,BUFFRMFISHBM01,BUFFRMFish2010May27,main,8,M,PO,M,30,150,0.129999995,10,9.65,3,57.5,0,0,,12/3/2018
2010,BUFFRMFISHBM01,BUFFRMFish2010May27,main,8,R,PO,M,30,130,0.109999999,18,154,2,25,4,87.5,,12/3/2018
2010,BUFFRMFISHBM01,BUFFRMFish2010May27,main,9,L,PO,M,29.5,117,0.02,17,109,3,57.5,0,0,,12/3/2018
2010,BUFFRMFISHBM01,BUFFRMFish2010May27,main,9,M,PO,M,29.5,142,0.050000001,16,77,3,57.5,0,0,,12/3/2018
2010,BUFFRMFISHBM01,BUFFRMFish2010May27,main,9,R,PO,M,29.5,176,0.109999999,17,109,2,25,0,0,,12/3/2018
2010,BUFFRMFISHBM01,BUFFRMFish2010May27,main,10,L,PO,M,30,121,0.129999995,16,77,3,57.5,3,57.5,,12/3/2018
2010,BUFFRMFISHBM01,BUFFRMFish2010May27,main,10,M,PO,M,30,132,0.150000006,9,6.85,3,57.5,0,0,,12/3/2018
2010,BUFFRMFISHBM01,BUFFRMFish2010May27,main,10,R,PO,M,30,146,0.090000004,17,109,2,25,1,5,,12/3/2018
2010,BUFFRMFISHBM01,BUFFRMFish2010May27,main,11,L,PO,M,33,83,0.180000007,17,109,2,25,0,0,,12/3/2018
2010,BUFFRMFISHBM01,BUFFRMFish2010May27,main,11,M,PO,M,33,96,0.140000001,10,9.65,3,57.5,0,0,,12/3/2018
2010,BUFFRMFISHBM01,BUFFRMFish2010May27,main,11,R,PO,M,33,116,0.109999999,21,437,2,25,3,57.5,,12/3/2018
2010,BUFFRMFISHBM01,BUFFRMFish2010May27,side channel,1,L,RU,N/A,18,18,0.25999999,17,109,3,57.5,0,0,,12/3/2018
2010,BUFFRMFISHBM01,BUFFRMFish2010May27,side channel,1,M,RU,N/A,18,20,0.280000001,15,54.5,2,25,0,0,,12/3/2018
2010,BUFFRMFISHBM01,BUFFRMFish2010May27,side channel,1,R,RU,N/A,18,30,0.300000012,17,109,2,25,0,0,,12/3/2018
2010,BUFFRMFISHBM01,BUFFRMFish2010May27,side channel,2,L,RU,N/A,22,19,0.100000001,18,154,3,57.5,0,0,,12/3/2018
2010,BUFFRMFISHBM01,BUFFRMFish2010May27,side channel,2,M,RU,N/A,22,26,0.270000011,17,109,3,57.5,0,0,,12/3/2018
2010,BUFFRMFISHBM01,BUFFRMFish2010May27,side channel,2,R,RU,N/A,22,22,0.159999996,15,54.5,2,25,0,0,,12/3/2018
2010,BUFFRMFISHBM01,BUFFRMFish2010May27,side channel,3,L,RRX,N/A,20.5,28,0.419999987,16,77,2,25,0,0,,12/3/2018
2010,BUFFRMFISHBM01,BUFFRMFish2010May27,side channel,3,M,RRX,N/A,20.5,17,0.270000011,13,27.3,2,25,0,0,,12/3/2018
2010,BUFFRMFISHBM01,BUFFRMFish2010May27,side channel,3,R,RRX,N/A,20.5,18,0.059999999,17,109,2,25,0,0,,12/3/2018
2010,BUFFRMFISHBM01,BUFFRMFish2010May27,side channel,4,L,RU,N/A,27.3,42,0.270000011,17,109,2,25,,,,12/3/2018
2010,BUFFRMFISHBM01,BUFFRMFish2010May27,side channel,4,M,RU,N/A,27.3,34,0.109999999,16,77,2,25,2,25,,12/3/2018
2010,BUFFRMFISHBM01,BUFFRMFish2010May27,side channel,4,R,RU,N/A,27.3,16,0.340000004,16,77,2,25,0,0,,12/3/2018
2010,BUFFRMFISHBM01,BUFFRMFish2010May27,side channel,5,L,RI,N/A,23,32,0.930000007,14,38.5,2,25,4,87.5,,12/3/2018
2010,BUFFRMFISHBM01,BUFFRMFish2010May27,side channel,5,M,RI,N/A,23,10,0.170000002,17,109,2,25,3,57.5,,12/3/2018
2010,BUFFRMFISHBM01,BUFFRMFish2010May27,side channel,5,R,RI,N/A,23,15,0.25999999,17,109,2,25,2,25,,12/3/2018
2010,BUFFRMFISHBM02,BUFFRMFish2010May26,main,1,L,RU,N/A,47,25,0.379999995,12,19.3,2,25,0,0,,12/3/2018
2010,BUFFRMFISHBM02,BUFFRMFish2010May26,main,1,M,RU,N/A,47,77,0.699999988,15,54.5,2,25,0,0,,12/3/2018
2010,BUFFRMFISHBM02,BUFFRMFish2010May26,main,1,R,RU,N/A,47,68,0.349999994,14,38.5,2,25,4,87.5,,12/3/2018
2010,BUFFRMFISHBM02,BUFFRMFish2010May26,main,2,L,RU,N/A,45,68,0.579999983,14,38.5,2,25,0,0,,12/3/2018
2010,BUFFRMFISHBM02,BUFFRMFish2010May26,main,2,M,RU,N/A,45,69,0.560000002,13,27.3,2,25,0,0,,12/3/2018
2010,BUFFRMFISHBM02,BUFFRMFish2010May26,main,2,R,RU,N/A,45,103,0.389999986,12,19.3,2,25,1,5,,12/3/2018
2010,BUFFRMFISHBM02,BUFFRMFish2010May26,main,3,L,RU,N/A,38,96,0.370000005,11,13.65,3,57.5,0,0,,12/3/2018
2010,BUFFRMFISHBM02,BUFFRMFish2010May26,main,3,M,RU,N/A,38,66,0.610000014,12,19.3,2,25,0,0,,12/3/2018
2010,BUFFRMFISHBM02,BUFFRMFish2010May26,main,3,R,RU,N/A,38,100,0.49000001,23,2560,1,5,3,57.5,,12/3/2018
2010,BUFFRMFISHBM02,BUFFRMFish2010May26,main,4,L,RU,N/A,32,81,0.050000001,10,9.65,3,57.5,0,0,,12/3/2018
2010,BUFFRMFISHBM02,BUFFRMFish2010May26,main,4,M,RU,N/A,32,176,0.639999986,13,27.3,2,25,0,0,,12/3/2018
2010,BUFFRMFISHBM02,BUFFRMFish2010May26,main,4,R,RU,N/A,32,160,0.550000012,24,10000,1,5,0,0,,12/3/2018
2010,BUFFRMFISHBM02,BUFFRMFish2010May26,main,5,L,RU,N/A,27,88,0.029999999,13,27.3,2,25,0,0,,12/3/2018
2010,BUFFRMFISHBM02,BUFFRMFish2010May26,main,5,M,RU,N/A,27,180,0.620000005,23,2560,1,5,0,0,,12/3/2018
2010,BUFFRMFISHBM02,BUFFRMFish2010May26,main,5,R,RU,N/A,27,82,0.629999995,24,10000,1,5,0,0,,12/3/2018
2010,BUFFRMFISHBM02,BUFFRMFish2010May26,main,6,L,RRX,N/A,40,48,0.620000005,13,27.3,2,25,0,0,,12/3/2018
2010,BUFFRMFISHBM02,BUFFRMFish2010May26,main,6,M,RRX,N/A,40,52,1.379999995,12,19.3,2,25,0,0,,12/3/2018
2010,BUFFRMFISHBM02,BUFFRMFish2010May26,main,6,R,RRX,N/A,40,75,1.019999981,11,13.65,2,25,2,25,,12/3/2018
2010,BUFFRMFISHBM02,BUFFRMFish2010May26,main,7,L,PO,M,32,111,0.230000004,10,9.65,3,57.5,0,0,,12/3/2018
2010,BUFFRMFISHBM02,BUFFRMFish2010May26,main,7,M,PO,M,32,200,0.340000004,,,,,0,0,,12/3/2018
2010,BUFFRMFISHBM02,BUFFRMFish2010May26,main,7,R,PO,M,32,91,0.180000007,10,9.65,3,57.5,3,57.5,,12/3/2018
2010,BUFFRMFISHBM02,BUFFRMFish2010May26,main,8,L,PO,F,26,200,0.200000003,,,,,2,25,,12/3/2018
2010,BUFFRMFISHBM02,BUFFRMFish2010May26,main,8,M,PO,F,26,200,0.25,,,,,0,0,,12/3/2018
2010,BUFFRMFISHBM02,BUFFRMFish2010May26,main,8,R,PO,F,26,92,0.170000002,11,13.65,2,25,3,57.5,,12/3/2018
2010,BUFFRMFISHBM02,BUFFRMFish2010May26,main,9,L,PO,F,25,200,0.349999994,,,,,2,25,,12/3/2018
2010,BUFFRMFISHBM02,BUFFRMFish2010May26,main,9,M,PO,F,25,168,0.419999987,23,2560,1,5,1,5,,12/3/2018
2010,BUFFRMFISHBM02,BUFFRMFish2010May26,main,9,R,PO,F,25,110,0.200000003,11,13.65,2,25,4,87.5,,12/3/2018
2010,BUFFRMFISHBM02,BUFFRMFish2010May26,main,10,L,RU,N/A,26,176,0.600000024,24,10000,1,5,0,0,,12/3/2018
2010,BUFFRMFISHBM02,BUFFRMFish2010May26,main,10,M,RU,N/A,26,158,0.310000002,12,19.3,2,25,0,0,,12/3/2018
2010,BUFFRMFISHBM02,BUFFRMFish2010May26,main,10,R,RU,N/A,26,62,0.129999995,11,13.65,3,57.5,0,0,,12/3/2018
2010,BUFFRMFISHBM02,BUFFRMFish2010May26,main,11,L,RU,N/A,30,72,0.02,23,2560,1,5,4,87.5,,12/3/2018
2010,BUFFRMFISHBM02,BUFFRMFish2010May26,main,11,M,RU,N/A,30,132,0.370000005,23,2560,1,5,0,0,,12/3/2018
2010,BUFFRMFISHBM02,BUFFRMFish2010May26,main,11,R,RU,N/A,30,90,0.469999999,12,19.3,3,57.5,0,0,,12/3/2018
2010,BUFFRMFISHBM03,BUFFRMFish2010Jun01,main,1,L,RI,N/A,23,46,0.779999971,14,38.5,2,25,0,0,,12/3/2018
2010,BUFFRMFISHBM03,BUFFRMFish2010Jun01,main,1,M,RI,N/A,23,38,0.769999981,15,54.5,2,25,0,0,,12/3/2018
2010,BUFFRMFISHBM03,BUFFRMFish2010Jun01,main,1,R,RI,N/A,23,52,1.460000038,14,38.5,2,25,0,0,,12/3/2018
2010,BUFFRMFISHBM03,BUFFRMFish2010Jun01,main,2,L,RU,N/A,58,73,0.129999995,15,54.5,2,25,0,0,,12/3/2018
2010,BUFFRMFISHBM03,BUFFRMFish2010Jun01,main,2,M,RU,N/A,58,46,0.280000001,14,38.5,2,25,0,0,,12/3/2018
2010,BUFFRMFISHBM03,BUFFRMFish2010Jun01,main,2,R,RU,N/A,58,54,0.360000014,12,19.3,3,57.5,0,0,,12/3/2018
2010,BUFFRMFISHBM03,BUFFRMFish2010Jun01,main,3,L,RU,N/A,53,104,0.050000001,14,38.5,2,25,0,0,,12/3/2018
2010,BUFFRMFISHBM03,BUFFRMFish2010Jun01,main,3,M,RU,N/A,53,130,0.170000002,13,27.3,2,25,0,0,,12/3/2018
2010,BUFFRMFISHBM03,BUFFRMFish2010Jun01,main,3,R,RU,N/A,53,28,0.119999997,10,9.65,3,57.5,1,5,,12/3/2018
2010,BUFFRMFISHBM03,BUFFRMFish2010Jun01,main,4,L,PO,O,39,58,0.280000001,13,27.3,2,25,0,0,,12/3/2018
2010,BUFFRMFISHBM03,BUFFRMFish2010Jun01,main,4,M,PO,O,39,106,0.319999993,23,2560,1,5,0,0,,12/3/2018
2010,BUFFRMFISHBM03,BUFFRMFish2010Jun01,main,4,R,PO,O,39,100,0.029999999,23,2560,1,5,0,0,,12/3/2018
2010,BUFFRMFISHBM03,BUFFRMFish2010Jun01,main,5,L,RU,N/A,33,150,0.230000004,24,10000,0,0,0,0,,12/3/2018
2010,BUFFRMFISHBM03,BUFFRMFish2010Jun01,main,5,M,RU,N/A,33,164,0.370000005,24,10000,0,0,0,0,,12/3/2018
2010,BUFFRMFISHBM03,BUFFRMFish2010Jun01,main,5,R,RU,N/A,33,48,0.02,13,27.3,2,25,0,0,,12/3/2018
2010,BUFFRMFISHBM03,BUFFRMFish2010Jun01,main,6,L,RU,N/A,29,112,0.400000006,14,38.5,3,57.5,0,0,,12/3/2018
2010,BUFFRMFISHBM03,BUFFRMFish2010Jun01,main,6,M,RU,N/A,29,104,0.449999988,23,2560,1,5,0,0,,12/3/2018
2010,BUFFRMFISHBM03,BUFFRMFish2010Jun01,main,6,R,RU,N/A,29,66,0.460000008,13,27.3,2,25,0,0,,12/3/2018
2010,BUFFRMFISHBM03,BUFFRMFish2010Jun01,main,7,L,PO,B,31,92,0.209999993,23,2560,1,5,0,0,,12/3/2018
2010,BUFFRMFISHBM03,BUFFRMFish2010Jun01,main,7,M,PO,B,31,136,0.189999998,15,54.5,2,25,0,0,,12/3/2018
2010,BUFFRMFISHBM03,BUFFRMFish2010Jun01,main,7,R,PO,B,31,72,0.180000007,12,19.3,3,57.5,0,0,,12/3/2018
2010,BUFFRMFISHBM03,BUFFRMFish2010Jun01,main,8,L,PO,B,39,140,0.25999999,24,10000,0,0,0,0,,12/3/2018
2010,BUFFRMFISHBM03,BUFFRMFish2010Jun01,main,8,M,PO,B,39,180,0.280000001,24,10000,0,0,0,0,,12/3/2018
2010,BUFFRMFISHBM03,BUFFRMFish2010Jun01,main,8,R,PO,B,39,146,0.050000001,24,10000,0,0,0,0,,12/3/2018
2010,BUFFRMFISHBM03,BUFFRMFish2010Jun01,main,9,L,PO,B,44,120,0.109999999,1,0.031,4,87.5,2,25,,12/3/2018
2010,BUFFRMFISHBM03,BUFFRMFish2010Jun01,main,9,M,PO,B,44,122,0.340000004,14,38.5,3,57.5,0,0,,12/3/2018
2010,BUFFRMFISHBM03,BUFFRMFish2010Jun01,main,9,R,PO,B,44,46,0.129999995,13,27.3,3,57.5,0,0,,12/3/2018
2010,BUFFRMFISHBM03,BUFFRMFish2010Jun01,main,10,L,RU,N/A,43,102,-0.039999999,2,0.0935,4,87.5,0,0,,12/3/2018
2010,BUFFRMFISHBM03,BUFFRMFish2010Jun01,main,10,M,RU,N/A,43,100,0.109999999,13,27.3,2,25,0,0,,12/3/2018
2010,BUFFRMFISHBM03,BUFFRMFish2010Jun01,main,10,R,RU,N/A,43,50,0.270000011,12,19.3,2,25,0,0,,12/3/2018
2010,BUFFRMFISHBM03,BUFFRMFish2010Jun01,main,11,L,RRX,N/A,47,36,0.150000006,13,27.3,2,25,0,0,,12/3/2018
2010,BUFFRMFISHBM03,BUFFRMFish2010Jun01,main,11,M,RRX,N/A,47,24,0.699999988,13,27.3,2,25,0,0,,12/3/2018
2010,BUFFRMFISHBM03,BUFFRMFish2010Jun01,main,11,R,RRX,N/A,47,62,0.839999974,13,27.3,2,25,0,0,,12/3/2018
2010,BUFFRMFISHBM04,BUFFRMFish2010Jun03,main,1,L,RRX,N/A,47,36,0.460000008,12,19.3,2,25,0,0,,12/3/2018
2010,BUFFRMFISHBM04,BUFFRMFish2010Jun03,main,1,M,RRX,N/A,47,42,0.639999986,13,27.3,2,25,0,0,,12/3/2018
2010,BUFFRMFISHBM04,BUFFRMFish2010Jun03,main,1,R,RRX,N/A,47,68,0.779999971,12,19.3,2,25,0,0,,12/3/2018
2010,BUFFRMFISHBM04,BUFFRMFish2010Jun03,main,2,L,RRX,N/A,38,58,0.479999989,14,38.5,2,25,0,0,,12/3/2018
2010,BUFFRMFISHBM04,BUFFRMFish2010Jun03,main,2,M,RRX,N/A,38,70,1.090000033,13,27.3,2,25,0,0,,12/3/2018
2010,BUFFRMFISHBM04,BUFFRMFish2010Jun03,main,2,R,RRX,N/A,38,60,1.159999967,12,19.3,2,25,0,0,,12/3/2018
2010,BUFFRMFISHBM04,BUFFRMFish2010Jun03,main,3,L,RU,N/A,49,119,0.270000011,10,9.65,3,57.5,0,0,,12/3/2018
2010,BUFFRMFISHBM04,BUFFRMFish2010Jun03,main,3,M,RU,N/A,49,120,0.270000011,13,27.3,3,57.5,0,0,,12/3/2018
2010,BUFFRMFISHBM04,BUFFRMFish2010Jun03,main,3,R,RU,N/A,49,78,0.370000005,11,13.65,3,57.5,0,0,,12/3/2018
2010,BUFFRMFISHBM04,BUFFRMFish2010Jun03,main,4,L,RU,N/A,58,77,0.140000001,18,154,3,57.5,0,0,,12/3/2018
2010,BUFFRMFISHBM04,BUFFRMFish2010Jun03,main,4,M,RU,N/A,58,72,0.330000013,12,19.3,2,25,0,0,,12/3/2018
2010,BUFFRMFISHBM04,BUFFRMFish2010Jun03,main,4,R,RU,N/A,58,77,0.319999993,11,13.65,3,57.5,0,0,,12/3/2018
2010,BUFFRMFISHBM04,BUFFRMFish2010Jun03,main,5,L,RU,N/A,52,64,0.300000012,11,13.65,3,57.5,0,0,,12/3/2018
2010,BUFFRMFISHBM04,BUFFRMFish2010Jun03,main,5,M,RU,N/A,52,102,0.270000011,24,10000,0,0,0,0,,12/3/2018
2010,BUFFRMFISHBM04,BUFFRMFish2010Jun03,main,5,R,RU,N/A,52,94,0.379999995,12,19.3,3,57.5,0,0,,12/3/2018
2010,BUFFRMFISHBM04,BUFFRMFish2010Jun03,main,6,L,RU,N/A,58,80,0.25999999,12,19.3,2,25,0,0,,12/3/2018
2010,BUFFRMFISHBM04,BUFFRMFish2010Jun03,main,6,M,RU,N/A,58,68,0.360000014,10,9.65,3,57.5,0,0,,12/3/2018
2010,BUFFRMFISHBM04,BUFFRMFish2010Jun03,main,6,R,RU,N/A,58,90,0.280000001,11,13.65,3,57.5,0,0,,12/3/2018
2010,BUFFRMFISHBM05,BUFFRMFish2010Jun02,main,1,L,RRX,N/A,54,54,1.029999971,14,38.5,2,25,0,0,,12/3/2018
2010,BUFFRMFISHBM05,BUFFRMFish2010Jun02,main,1,M,RRX,N/A,54,48,0.670000017,13,27.3,2,25,0,0,,12/3/2018
2010,BUFFRMFISHBM05,BUFFRMFish2010Jun02,main,1,R,RRX,N/A,54,96,0.519999981,24,10000,1,5,3,57.5,,12/3/2018
2010,BUFFRMFISHBM05,BUFFRMFish2010Jun02,main,2,L,RRX,N/A,62,64,0.959999979,13,27.3,2,25,0,0,,12/3/2018
2010,BUFFRMFISHBM05,BUFFRMFish2010Jun02,main,2,M,RRX,N/A,62,50,0.889999986,14,38.5,2,25,0,0,,12/3/2018
2010,BUFFRMFISHBM05,BUFFRMFish2010Jun02,main,2,R,RRX,N/A,62,32,0.939999998,13,27.3,2,25,0,0,,12/3/2018
2010,BUFFRMFISHBM05,BUFFRMFish2010Jun02,main,3,L,RU,N/A,57,60,0.419999987,12,19.3,3,57.5,0,0,,12/3/2018
2010,BUFFRMFISHBM05,BUFFRMFish2010Jun02,main,3,M,RU,N/A,57,116,0.400000006,13,27.3,3,57.5,0,0,,12/3/2018
2010,BUFFRMFISHBM05,BUFFRMFish2010Jun02,main,3,R,RU,N/A,57,94,0.310000002,13,27.3,2,25,0,0,,12/3/2018
2010,BUFFRMFISHBM05,BUFFRMFish2010Jun02,main,4,L,RU,N/A,54,122,0.140000001,12,19.3,2,25,0,0,,12/3/2018
2010,BUFFRMFISHBM05,BUFFRMFish2010Jun02,main,4,M,RU,N/A,54,148,0.300000012,13,27.3,2,25,0,0,,12/3/2018
2010,BUFFRMFISHBM05,BUFFRMFish2010Jun02,main,4,R,RU,N/A,54,100,0.209999993,14,38.5,2,25,0,0,,12/3/2018
2010,BUFFRMFISHBM05,BUFFRMFish2010Jun02,main,5,L,RU,N/A,53,166,0.230000004,13,27.3,2,25,0,0,,12/3/2018
2010,BUFFRMFISHBM05,BUFFRMFish2010Jun02,main,5,M,RU,N/A,53,200,0.189999998,24,10000,1,5,0,0,,12/3/2018
2010,BUFFRMFISHBM05,BUFFRMFish2010Jun02,main,5,R,RU,N/A,53,114,0.029999999,24,10000,1,5,2,25,,12/3/2018
2010,BUFFRMFISHBM05,BUFFRMFish2010Jun02,main,6,L,RU,N/A,57,192,0.25,14,38.5,2,25,0,0,,12/3/2018
2010,BUFFRMFISHBM05,BUFFRMFish2010Jun02,main,6,M,RU,N/A,57,200,0.400000006,10,9.65,2,25,0,0,,12/3/2018
2010,BUFFRMFISHBM05,BUFFRMFish2010Jun02,main,6,R,RU,N/A,57,184,0.189999998,16,77,2,25,0,0,,12/3/2018
2010,BUFFRMFISHBM05,BUFFRMFish2010Jun02,main,7,L,RU,N/A,40,130,0.180000007,14,38.5,2,25,0,0,,12/3/2018
2010,BUFFRMFISHBM05,BUFFRMFish2010Jun02,main,7,M,RU,N/A,40,190,0.430000007,12,19.3,2,25,0,0,,12/3/2018
2010,BUFFRMFISHBM05,BUFFRMFish2010Jun02,main,7,R,RU,N/A,40,116,0.25999999,24,10000,1,5,0,0,,12/3/2018
2010,BUFFRMFISHBM05,BUFFRMFish2010Jun02,main,8,L,RU,N/A,32,148,0.170000002,16,77,2,25,0,0,,12/3/2018
2010,BUFFRMFISHBM05,BUFFRMFish2010Jun02,main,8,M,RU,N/A,32,200,0.600000024,24,10000,1,5,0,0,,12/3/2018
2010,BUFFRMFISHBM05,BUFFRMFish2010Jun02,main,8,R,RU,N/A,32,148,0.050000001,15,54.5,2,25,2,25,,12/3/2018
2010,BUFFRMFISHBM05,BUFFRMFish2010Jun02,main,9,L,RU,N/A,29,124,0.01,14,38.5,2,25,0,0,,12/3/2018
2010,BUFFRMFISHBM05,BUFFRMFish2010Jun02,main,9,M,RU,N/A,29,200,0.620000005,9,6.85,2,25,0,0,,12/3/2018
2010,BUFFRMFISHBM05,BUFFRMFish2010Jun02,main,9,R,RU,N/A,29,172,0.660000026,24,10000,1,5,1,5,,12/3/2018
2010,BUFFRMFISHBM05,BUFFRMFish2010Jun02,main,10,L,RU,N/A,29,148,0.02,15,54.5,2,25,0,0,,12/3/2018
2010,BUFFRMFISHBM05,BUFFRMFish2010Jun02,main,10,M,RU,N/A,29,158,0.649999976,11,13.65,2,25,0,0,,12/3/2018
2010,BUFFRMFISHBM05,BUFFRMFish2010Jun02,main,10,R,RU,N/A,29,140,1.110000014,10,9.65,2,25,1,5,,12/3/2018
2010,BUFFRMFISHBM05,BUFFRMFish2010Jun02,main,11,L,RRX,N/A,29,140,-0.039999999,15,54.5,2,25,0,0,,12/3/2018
2010,BUFFRMFISHBM05,BUFFRMFish2010Jun02,main,11,M,RRX,N/A,29,178,0.689999998,12,19.3,2,25,0,0,,12/3/2018
2010,BUFFRMFISHBM05,BUFFRMFish2010Jun02,main,11,R,RRX,N/A,29,,,24,10000,0,0,0,0,,12/3/2018
2010,BUFFRMFISHBM06,BUFFRMFish2010Jun09,main,1,L,RI,N/A,54,36,1.24000001,13,27.3,2,25,0,0,,12/3/2018
2010,BUFFRMFISHBM06,BUFFRMFish2010Jun09,main,1,M,RI,N/A,54,50,1.429999948,12,19.3,2,25,0,0,,12/3/2018
2010,BUFFRMFISHBM06,BUFFRMFish2010Jun09,main,1,R,RI,N/A,54,26,1.370000005,12,19.3,2,25,0,0,,12/3/2018
2010,BUFFRMFISHBM06,BUFFRMFish2010Jun09,main,2,L,RU,N/A,58,11,0.469999999,13,27.3,2,25,0,0,,12/3/2018
2010,BUFFRMFISHBM06,BUFFRMFish2010Jun09,main,2,M,RU,N/A,58,44,0.730000019,13,27.3,2,25,0,0,,12/3/2018
2010,BUFFRMFISHBM06,BUFFRMFish2010Jun09,main,2,R,RU,N/A,58,46,0.699999988,12,19.3,2,25,0,0,,12/3/2018
2010,BUFFRMFISHBM06,BUFFRMFish2010Jun09,main,3,L,RU,N/A,70,27,0.400000006,6,1.5,4,87.5,0,0,,12/3/2018
2010,BUFFRMFISHBM06,BUFFRMFish2010Jun09,main,3,M,RU,N/A,70,66,0.409999996,10,9.65,3,57.5,0,0,,12/3/2018
2010,BUFFRMFISHBM06,BUFFRMFish2010Jun09,main,3,R,RU,N/A,70,68,0.430000007,12,19.3,2,25,0,0,,12/3/2018
2010,BUFFRMFISHBM06,BUFFRMFish2010Jun09,main,4,L,RU,N/A,65,85,0.289999992,6,1.5,4,87.5,0,0,,12/3/2018
2010,BUFFRMFISHBM06,BUFFRMFish2010Jun09,main,4,M,RU,N/A,65,78,0.25,12,19.3,2,25,0,0,,12/3/2018
2010,BUFFRMFISHBM06,BUFFRMFish2010Jun09,main,4,R,RU,N/A,65,80,0.25,13,27.3,2,25,0,0,,12/3/2018
2010,BUFFRMFISHBM06,BUFFRMFish2010Jun09,main,5,L,RU,N/A,60,58,0.310000002,9,6.85,3,57.5,0,0,,12/3/2018
2010,BUFFRMFISHBM06,BUFFRMFish2010Jun09,main,5,M,RU,N/A,60,53,0.5,12,19.3,2,25,0,0,,12/3/2018
2010,BUFFRMFISHBM06,BUFFRMFish2010Jun09,main,5,R,RU,N/A,60,62,0.519999981,13,27.3,2,25,0,0,,12/3/2018
2010,BUFFRMFISHBM06,BUFFRMFish2010Jun09,main,6,L,RU,N/A,52,36,0.349999994,10,9.65,3,57.5,0,0,,12/3/2018
2010,BUFFRMFISHBM06,BUFFRMFish2010Jun09,main,6,M,RU,N/A,52,67,0.519999981,14,38.5,2,25,0,0,,12/3/2018
2010,BUFFRMFISHBM06,BUFFRMFish2010Jun09,main,6,R,RU,N/A,52,98,0.280000001,14,38.5,2,25,0,0,,12/3/2018
2010,BUFFRMFISHBM06,BUFFRMFish2010Jun09,main,7,L,RU,N/A,49,24,0.07,9,6.85,3,57.5,0,0,,12/3/2018
2010,BUFFRMFISHBM06,BUFFRMFish2010Jun09,main,7,M,RU,N/A,49,95,0.589999974,12,19.3,3,57.5,0,0,,12/3/2018
2010,BUFFRMFISHBM06,BUFFRMFish2010Jun09,main,7,R,RU,N/A,49,112,0.119999997,15,54.5,2,25,0,0,,12/3/2018
2010,BUFFRMFISHBM06,BUFFRMFish2010Jun09,main,8,L,RU,N/A,46,50,0.109999999,10,9.65,3,57.5,0,0,,12/3/2018
2010,BUFFRMFISHBM06,BUFFRMFish2010Jun09,main,8,M,RU,N/A,46,64,0.529999971,12,19.3,2,25,0,0,,12/3/2018
2010,BUFFRMFISHBM06,BUFFRMFish2010Jun09,main,8,R,RU,N/A,46,95,1.080000043,13,27.3,2,25,0,0,,12/3/2018
2010,BUFFRMFISHBM06,BUFFRMFish2010Jun09,main,9,L,RRX,N/A,54,14,0.49000001,13,27.3,2,25,0,0,,12/3/2018
2010,BUFFRMFISHBM06,BUFFRMFish2010Jun09,main,9,M,RRX,N/A,54,15,0.239999995,13,27.3,2,25,0,0,,12/3/2018
2010,BUFFRMFISHBM06,BUFFRMFish2010Jun09,main,9,R,RRX,N/A,54,65,1.419999957,14,38.5,2,25,0,0,,12/3/2018
2010,BUFFRMFISHBM06,BUFFRMFish2010Jun09,main,10,L,RU,N/A,69,30,0.230000004,11,13.65,3,57.5,0,0,,12/3/2018
2010,BUFFRMFISHBM06,BUFFRMFish2010Jun09,main,10,M,RU,N/A,69,50,0.349999994,12,19.3,3,57.5,0,0,,12/3/2018
2010,BUFFRMFISHBM06,BUFFRMFish2010Jun09,main,10,R,RU,N/A,69,88,0.400000006,13,27.3,2,25,0,0,,12/3/2018
2010,BUFFRMFISHBM06,BUFFRMFish2010Jun09,main,11,L,PO,F,62,80,0.170000002,10,9.65,4,87.5,0,0,,12/3/2018
2010,BUFFRMFISHBM06,BUFFRMFish2010Jun09,main,11,M,PO,F,62,130,0.330000013,19,218,2,25,0,0,,12/3/2018
2010,BUFFRMFISHBM06,BUFFRMFish2010Jun09,main,11,R,PO,F,62,142,0.050000001,23,2560,3,57.5,0,0,,12/3/2018
2010,BUFFRMFISHBT08,BUFFRMFish2010May17,main,1,L,RI,N/A,3.1,22,0.479999989,12,19.3,2,25,4,87.5,,12/3/2018
2010,BUFFRMFISHBT08,BUFFRMFish2010May17,main,1,M,RI,N/A,3.1,19,0.310000002,14,38.5,2,25,4,87.5,,12/3/2018
2010,BUFFRMFISHBT08,BUFFRMFish2010May17,main,1,R,RI,N/A,3.1,14,0.330000013,1,0.031,4,87.5,4,87.5,,12/3/2018
2010,BUFFRMFISHBT08,BUFFRMFish2010May17,main,2,L,RI,N/A,3,12,0.5,14,38.5,2,25,3,57.5,,12/3/2018
2010,BUFFRMFISHBT08,BUFFRMFish2010May17,main,2,M,RI,N/A,3,16,0.939999998,15,54.5,2,25,4,87.5,,12/3/2018
2010,BUFFRMFISHBT08,BUFFRMFish2010May17,main,2,R,RI,N/A,3,14,0.519999981,15,54.5,2,25,4,87.5,,12/3/2018
2010,BUFFRMFISHBT08,BUFFRMFish2010May17,main,3,L,RI,N/A,2.5,24,0.600000024,16,77,2,25,4,87.5,,12/3/2018
2010,BUFFRMFISHBT08,BUFFRMFish2010May17,main,3,M,RI,N/A,2.5,20,0.529999971,13,27.3,2,25,3,57.5,,12/3/2018
2010,BUFFRMFISHBT08,BUFFRMFish2010May17,main,3,R,RI,N/A,2.5,16,0.360000014,16,77,2,25,3,57.5,,12/3/2018
2010,BUFFRMFISHBT08,BUFFRMFish2010May17,main,4,L,RI,N/A,3.7,10,0.469999999,14,38.5,2,25,3,57.5,,12/3/2018
2010,BUFFRMFISHBT08,BUFFRMFish2010May17,main,4,M,RI,N/A,3.7,14,0.219999999,18,154,2,25,3,57.5,,12/3/2018
2010,BUFFRMFISHBT08,BUFFRMFish2010May17,main,4,R,RI,N/A,3.7,12,0.550000012,17,109,2,25,3,57.5,,12/3/2018
2010,BUFFRMFISHBT08,BUFFRMFish2010May17,main,5,L,RI,N/A,4,10,0.479999989,12,19.3,2,25,3,57.5,,12/3/2018
2010,BUFFRMFISHBT08,BUFFRMFish2010May17,main,5,M,RI,N/A,4,12,0.239999995,15,54.5,2,25,2,25,,12/3/2018
2010,BUFFRMFISHBT08,BUFFRMFish2010May17,main,5,R,RI,N/A,4,14,0.25999999,16,77,3,57.5,2,25,,12/3/2018
2010,BUFFRMFISHBT08,BUFFRMFish2010May17,main,6,L,RI,N/A,4.1,21,0.289999992,14,38.5,2,25,3,57.5,,12/3/2018
2010,BUFFRMFISHBT08,BUFFRMFish2010May17,main,6,M,RI,N/A,4.1,10,0.479999989,16,77,2,25,4,87.5,,12/3/2018
2010,BUFFRMFISHBT08,BUFFRMFish2010May17,main,6,R,RI,N/A,4.1,18,0.579999983,16,77,2,25,4,87.5,,12/3/2018
2010,BUFFRMFISHBT08,BUFFRMFish2010May17,main,7,L,RRX,N/A,5.7,6,0.140000001,13,27.3,3,57.5,3,57.5,,12/3/2018
2010,BUFFRMFISHBT08,BUFFRMFish2010May17,main,7,M,RRX,N/A,5.7,10,0.270000011,15,54.5,2,25,1,5,,12/3/2018
2010,BUFFRMFISHBT08,BUFFRMFish2010May17,main,7,R,RRX,N/A,5.7,12,0.25999999,14,38.5,3,57.5,1,5,,12/3/2018
2010,BUFFRMFISHBT08,BUFFRMFish2010May17,main,8,L,RU,N/A,3.8,31,0.129999995,15,54.5,3,57.5,3,57.5,,12/3/2018
2010,BUFFRMFISHBT08,BUFFRMFish2010May17,main,8,M,RU,N/A,3.8,18,0.029999999,13,27.3,2,25,3,57.5,,12/3/2018
2010,BUFFRMFISHBT08,BUFFRMFish2010May17,main,8,R,RU,N/A,3.8,24,0.449999988,14,38.5,3,57.5,0,0,,12/3/2018
2010,BUFFRMFISHBT08,BUFFRMFish2010May17,main,9,L,RI,N/A,4,19,0.579999983,13,27.3,2,25,4,87.5,,12/3/2018
2010,BUFFRMFISHBT08,BUFFRMFish2010May17,main,9,M,RI,N/A,4,22,0.680000007,13,27.3,2,25,4,87.5,,12/3/2018
2010,BUFFRMFISHBT08,BUFFRMFish2010May17,main,9,R,RI,N/A,4,8,0.07,14,38.5,2,25,4,87.5,,12/3/2018
2010,BUFFRMFISHBT08,BUFFRMFish2010May17,main,10,L,RI,N/A,5.8,10,0.289999992,13,27.3,3,57.5,4,87.5,,12/3/2018
2010,BUFFRMFISHBT08,BUFFRMFish2010May17,main,10,M,RI,N/A,5.8,12,0.479999989,15,54.5,2,25,4,87.5,,12/3/2018
2010,BUFFRMFISHBT08,BUFFRMFish2010May17,main,10,R,RI,N/A,5.8,10,0.140000001,13,27.3,2,25,2,25,,12/3/2018
2010,BUFFRMFISHBT08,BUFFRMFish2010May17,main,11,L,RU,N/A,2.8,6,0.079999998,14,38.5,2,25,3,57.5,,12/3/2018
2010,BUFFRMFISHBT08,BUFFRMFish2010May17,main,11,M,RU,N/A,2.8,34,0.600000024,13,27.3,2,25,2,25,,12/3/2018
2010,BUFFRMFISHBT08,BUFFRMFish2010May17,main,11,R,RU,N/A,2.8,22,0.079999998,17,109,3,57.5,3,57.5,,12/3/2018
2010,BUFFRMFISHBT14,BUFFRMFish2010May18,main,1,L,RI,N/A,7,7,0.280000001,13,27.3,2,25,1,5,,12/3/2018
2010,BUFFRMFISHBT14,BUFFRMFish2010May18,main,1,M,RI,N/A,7,12,0.460000008,16,77,2,25,0,0,,12/3/2018
2010,BUFFRMFISHBT14,BUFFRMFish2010May18,main,1,R,RI,N/A,7,8,0.400000006,14,38.5,2,25,0,0,,12/3/2018
2010,BUFFRMFISHBT14,BUFFRMFish2010May18,main,2,L,RU,N/A,4.7,11,0.109999999,24,10000,0,0,1,5,,12/3/2018
2010,BUFFRMFISHBT14,BUFFRMFish2010May18,main,2,M,RU,N/A,4.7,26,0.409999996,24,10000,0,0,1,5,,12/3/2018
2010,BUFFRMFISHBT14,BUFFRMFish2010May18,main,2,R,RU,N/A,4.7,16,0.119999997,24,10000,0,0,2,25,,12/3/2018
2010,BUFFRMFISHBT14,BUFFRMFish2010May18,main,3,L,RU,N/A,6,12,0.129999995,13,27.3,2,25,1,5,,12/3/2018
2010,BUFFRMFISHBT14,BUFFRMFish2010May18,main,3,M,RU,N/A,6,8,0.340000004,13,27.3,2,25,0,0,,12/3/2018
2010,BUFFRMFISHBT14,BUFFRMFish2010May18,main,3,R,RU,N/A,6,6,0.180000007,12,19.3,2,25,2,25,,12/3/2018
2010,BUFFRMFISHBT14,BUFFRMFish2010May18,main,4,L,RI,N/A,3.1,20,1.059999943,24,10000,0,0,0,0,,12/3/2018
2010,BUFFRMFISHBT14,BUFFRMFish2010May18,main,4,M,RI,N/A,3.1,8,0.140000001,14,38.5,2,25,0,0,,12/3/2018
2010,BUFFRMFISHBT14,BUFFRMFish2010May18,main,4,R,RI,N/A,3.1,10,0.49000001,15,54.5,2,25,1,5,,12/3/2018
2010,BUFFRMFISHBT14,BUFFRMFish2010May18,main,5,L,RU,N/A,6.9,5,0.01,14,38.5,3,57.5,4,87.5,,12/3/2018
2010,BUFFRMFISHBT14,BUFFRMFish2010May18,main,5,M,RU,N/A,6.9,14,0.170000002,14,38.5,2,25,3,57.5,,12/3/2018
2010,BUFFRMFISHBT14,BUFFRMFish2010May18,main,5,R,RU,N/A,6.9,11,0.230000004,14,38.5,2,25,4,87.5,,12/3/2018
2010,BUFFRMFISHBT14,BUFFRMFish2010May18,main,6,L,RU,N/A,3.3,10,0.270000011,14,38.5,2,25,4,87.5,,12/3/2018
2010,BUFFRMFISHBT14,BUFFRMFish2010May18,main,6,M,RU,N/A,3.3,14,0.460000008,15,54.5,2,25,4,87.5,,12/3/2018
2010,BUFFRMFISHBT14,BUFFRMFish2010May18,main,6,R,RU,N/A,3.3,11,0.330000013,15,54.5,2,25,3,57.5,,12/3/2018
2010,BUFFRMFISHBT14,BUFFRMFish2010May18,main,7,L,RRX,N/A,4.9,20,0.01,24,10000,0,0,3,57.5,,12/3/2018
2010,BUFFRMFISHBT14,BUFFRMFish2010May18,main,7,M,RRX,N/A,4.9,6,0.170000002,13,27.3,2,25,3,57.5,,12/3/2018
2010,BUFFRMFISHBT14,BUFFRMFish2010May18,main,7,R,RRX,N/A,4.9,12,0.119999997,13,27.3,2,25,4,87.5,,12/3/2018
2010,BUFFRMFISHBT14,BUFFRMFish2010May18,main,8,L,PO,F,4.7,15,0.219999999,24,10000,0,0,3,57.5,,12/3/2018
2010,BUFFRMFISHBT14,BUFFRMFish2010May18,main,8,M,PO,F,4.7,39,0.180000007,15,54.5,2,25,2,25,,12/3/2018
2010,BUFFRMFISHBT14,BUFFRMFish2010May18,main,8,R,PO,F,4.7,4,0.119999997,13,27.3,2,25,0,0,,12/3/2018
2010,BUFFRMFISHBT14,BUFFRMFish2010May18,main,9,L,RU,N/A,3.8,14,0.170000002,24,10000,0,0,4,87.5,,12/3/2018
2010,BUFFRMFISHBT14,BUFFRMFish2010May18,main,9,M,RU,N/A,3.8,21,0.170000002,24,10000,0,0,3,57.5,,12/3/2018
2010,BUFFRMFISHBT14,BUFFRMFish2010May18,main,9,R,RU,N/A,3.8,28,0.180000007,24,10000,0,0,2,25,,12/3/2018
2010,BUFFRMFISHBT14,BUFFRMFish2010May18,main,10,L,RU,N/A,5.2,8,0.370000005,14,38.5,2,25,0,0,,12/3/2018
2010,BUFFRMFISHBT14,BUFFRMFish2010May18,main,10,M,RU,N/A,5.2,10,0.370000005,14,38.5,2,25,0,0,,12/3/2018
2010,BUFFRMFISHBT14,BUFFRMFish2010May18,main,10,R,RU,N/A,5.2,16,0.419999987,24,10000,0,0,1,5,,12/3/2018
2010,BUFFRMFISHBT14,BUFFRMFish2010May18,main,11,L,RU,N/A,2.9,12,0.129999995,12,19.3,2,25,3,57.5,,12/3/2018
2010,BUFFRMFISHBT14,BUFFRMFish2010May18,main,11,M,RU,N/A,2.9,22,0.540000021,14,38.5,2,25,3,57.5,,12/3/2018
2010,BUFFRMFISHBT14,BUFFRMFish2010May18,main,11,R,RU,N/A,2.9,18,0.109999999,4,0.375,4,87.5,4,87.5,,12/3/2018
2010,BUFFRMFISHBT17,BUFFRMFish2010Jun23,main,1,L,RU,N/A,33,50,0.059999999,11,13.65,3,57.5,0,0,,12/3/2018
2010,BUFFRMFISHBT17,BUFFRMFish2010Jun23,main,1,M,RU,N/A,33,64,0.039999999,14,38.5,3,57.5,0,0,,12/3/2018
2010,BUFFRMFISHBT17,BUFFRMFish2010Jun23,main,1,R,RU,N/A,33,36,0.02,14,38.5,3,57.5,0,0,,12/3/2018
2010,BUFFRMFISHBT17,BUFFRMFish2010Jun23,main,2,L,PO,M,31,42,-0.029999999,3,0.1875,4,87.5,0,0,,12/3/2018
2010,BUFFRMFISHBT17,BUFFRMFish2010Jun23,main,2,M,PO,M,31,118,0.059999999,14,38.5,3,57.5,0,0,,12/3/2018
2010,BUFFRMFISHBT17,BUFFRMFish2010Jun23,main,2,R,PO,M,31,94,0.01,14,38.5,3,57.5,1,5,,12/3/2018
2010,BUFFRMFISHBT17,BUFFRMFish2010Jun23,main,3,L,RU,N/A,27,56,-0.029999999,13,27.3,2,25,0,0,,12/3/2018
2010,BUFFRMFISHBT17,BUFFRMFish2010Jun23,main,3,M,RU,N/A,27,52,0.050000001,16,77,2,25,0,0,,12/3/2018
2010,BUFFRMFISHBT17,BUFFRMFish2010Jun23,main,3,R,RU,N/A,27,50,0.02,15,54.5,2,25,0,0,,12/3/2018
2010,BUFFRMFISHBT17,BUFFRMFish2010Jun23,main,4,L,RU,N/A,17,60,0.029999999,15,54.5,2,25,0,0,,12/3/2018
2010,BUFFRMFISHBT17,BUFFRMFish2010Jun23,main,4,M,RU,N/A,17,60,0.090000004,16,77,3,57.5,0,0,,12/3/2018
2010,BUFFRMFISHBT17,BUFFRMFish2010Jun23,main,4,R,RU,N/A,17,50,0.050000001,16,77,2,25,0,0,,12/3/2018
2010,BUFFRMFISHBT17,BUFFRMFish2010Jun23,main,5,L,RU,N/A,14.9,30,0.140000001,14,38.5,2,25,0,0,,12/3/2018
2010,BUFFRMFISHBT17,BUFFRMFish2010Jun23,main,5,M,RU,N/A,14.9,40,0.180000007,14,38.5,2,25,0,0,,12/3/2018
2010,BUFFRMFISHBT17,BUFFRMFish2010Jun23,main,5,R,RU,N/A,14.9,32,0.200000003,16,77,2,25,0,0,,12/3/2018
2010,BUFFRMFISHBT17,BUFFRMFish2010Jun23,main,6,L,GL,N/A,32,90,-0.029999999,3,0.1875,4,87.5,3,57.5,,12/3/2018
2010,BUFFRMFISHBT17,BUFFRMFish2010Jun23,main,6,M,GL,N/A,32,192,-0.090000004,15,54.5,2,25,0,0,,12/3/2018
2010,BUFFRMFISHBT17,BUFFRMFish2010Jun23,main,6,R,GL,N/A,32,48,-0.01,10,9.65,3,57.5,0,0,,12/3/2018
2010,BUFFRMFISHBT17,BUFFRMFish2010Jun23,main,7,L,RU,N/A,14.3,90,0.039999999,15,54.5,2,25,0,0,,12/3/2018
2010,BUFFRMFISHBT17,BUFFRMFish2010Jun23,main,7,M,RU,N/A,14.3,46,0.140000001,16,77,2,25,0,0,,12/3/2018
2010,BUFFRMFISHBT17,BUFFRMFish2010Jun23,main,7,R,RU,N/A,14.3,26,-0.079999998,14,38.5,2,25,0,0,,12/3/2018
2010,BUFFRMFISHBT17,BUFFRMFish2010Jun23,main,8,L,RU,N/A,10.4,42,0.400000006,16,77,2,25,0,0,,12/3/2018
2010,BUFFRMFISHBT17,BUFFRMFish2010Jun23,main,8,M,RU,N/A,10.4,28,0.360000014,15,54.5,2,25,0,0,,12/3/2018
2010,BUFFRMFISHBT17,BUFFRMFish2010Jun23,main,8,R,RU,N/A,10.4,14,0.310000002,16,77,2,25,0,0,,12/3/2018
2010,BUFFRMFISHBT17,BUFFRMFish2010Jun23,main,9,L,RI,N/A,11.7,18,0.430000007,14,38.5,2,25,0,0,,12/3/2018
2010,BUFFRMFISHBT17,BUFFRMFish2010Jun23,main,9,M,RI,N/A,11.7,14,0.239999995,15,54.5,2,25,0,0,,12/3/2018
2010,BUFFRMFISHBT17,BUFFRMFish2010Jun23,main,9,R,RI,N/A,11.7,26,0.360000014,15,54.5,2,25,0,0,,12/3/2018
2010,BUFFRMFISHBT17,BUFFRMFish2010Jun23,main,10,L,RI,N/A,14.7,18,0.25,17,109,2,25,2,25,,12/3/2018
2010,BUFFRMFISHBT17,BUFFRMFish2010Jun23,main,10,M,RI,N/A,14.7,22,0.230000004,17,109,2,25,0,0,,12/3/2018
2010,BUFFRMFISHBT17,BUFFRMFish2010Jun23,main,10,R,RI,N/A,14.7,14,0.49000001,15,54.5,2,25,0,0,,12/3/2018
2010,BUFFRMFISHBT17,BUFFRMFish2010Jun23,main,11,L,RU,N/A,15.8,30,0.289999992,15,54.5,2,25,1,5,,12/3/2018
2010,BUFFRMFISHBT17,BUFFRMFish2010Jun23,main,11,M,RU,N/A,15.8,26,0.360000014,14,38.5,2,25,0,0,,12/3/2018
2010,BUFFRMFISHBT17,BUFFRMFish2010Jun23,main,11,R,RU,N/A,15.8,10,0.189999998,15,54.5,2,25,0,0,,12/3/2018
2010,BUFFRMFISHBT27,BUFFRMFish2010Jun08,main,1,L,RI,N/A,9.3,6,0.02,13,27.3,2,25,0,0,,12/3/2018
2010,BUFFRMFISHBT27,BUFFRMFish2010Jun08,main,1,M,RI,N/A,9.3,18,0.389999986,13,27.3,2,25,0,0,,12/3/2018
2010,BUFFRMFISHBT27,BUFFRMFish2010Jun08,main,1,R,RI,N/A,9.3,12,0.119999997,14,38.5,2,25,3,57.5,,12/3/2018
2010,BUFFRMFISHBT27,BUFFRMFish2010Jun08,main,2,L,RU,N/A,18.5,10,0.02,14,38.5,2,25,0,0,,12/3/2018
2010,BUFFRMFISHBT27,BUFFRMFish2010Jun08,main,2,M,RU,N/A,18.5,22,0.07,14,38.5,2,25,0,0,,12/3/2018
2010,BUFFRMFISHBT27,BUFFRMFish2010Jun08,main,2,R,RU,N/A,18.5,24,0.129999995,24,10000,0,0,0,0,,12/3/2018
2010,BUFFRMFISHBT27,BUFFRMFish2010Jun08,main,3,L,RU,N/A,11.8,22,0.090000004,13,27.3,2,25,0,0,,12/3/2018
2010,BUFFRMFISHBT27,BUFFRMFish2010Jun08,main,3,M,RU,N/A,11.8,30,0.029999999,13,27.3,2,25,0,0,,12/3/2018
2010,BUFFRMFISHBT27,BUFFRMFish2010Jun08,main,3,R,RU,N/A,11.8,24,0.029999999,13,27.3,2,25,3,57.5,,12/3/2018
2010,BUFFRMFISHBT27,BUFFRMFish2010Jun08,main,4,L,RU,N/A,15.1,28,0.100000001,14,38.5,2,25,0,0,,12/3/2018
2010,BUFFRMFISHBT27,BUFFRMFish2010Jun08,main,4,M,RU,N/A,15.1,16,0.039999999,11,13.65,2,25,0,0,,12/3/2018
2010,BUFFRMFISHBT27,BUFFRMFish2010Jun08,main,4,R,RU,N/A,15.1,22,-0.02,14,38.5,2,25,2,25,,12/3/2018
2010,BUFFRMFISHBT27,BUFFRMFish2010Jun08,main,5,L,RU,N/A,14.6,40,0.129999995,24,10000,0,0,0,0,,12/3/2018
2010,BUFFRMFISHBT27,BUFFRMFish2010Jun08,main,5,M,RU,N/A,14.6,10,0.07,12,19.3,2,25,0,0,,12/3/2018
2010,BUFFRMFISHBT27,BUFFRMFish2010Jun08,main,5,R,RU,N/A,14.6,12,0.109999999,9,6.85,3,57.5,0,0,,12/3/2018
2010,BUFFRMFISHBT27,BUFFRMFish2010Jun08,main,6,L,GL,N/A,14.9,38,0.200000003,24,10000,0,0,0,0,,12/3/2018
2010,BUFFRMFISHBT27,BUFFRMFish2010Jun08,main,6,M,GL,N/A,14.9,46,0.02,11,13.65,2,25,0,0,,12/3/2018
2010,BUFFRMFISHBT27,BUFFRMFish2010Jun08,main,6,R,GL,N/A,14.9,28,0,14,38.5,3,57.5,0,0,,12/3/2018
2010,BUFFRMFISHBT27,BUFFRMFish2010Jun08,main,7,L,RRX,N/A,13.6,32,-0.090000004,24,10000,1,5,2,25,,12/3/2018
2010,BUFFRMFISHBT27,BUFFRMFish2010Jun08,main,7,M,RRX,N/A,13.6,26,0.239999995,13,27.3,2,25,0,0,,12/3/2018
2010,BUFFRMFISHBT27,BUFFRMFish2010Jun08,main,7,R,RRX,N/A,13.6,13,0.310000002,16,77,1,5,0,0,,12/3/2018
2010,BUFFRMFISHBT27,BUFFRMFish2010Jun08,main,8,L,RU,N/A,10.3,16,0.109999999,13,27.3,1,5,0,0,,12/3/2018
2010,BUFFRMFISHBT27,BUFFRMFish2010Jun08,main,8,M,RU,N/A,10.3,28,0.109999999,24,10000,0,0,0,0,,12/3/2018
2010,BUFFRMFISHBT27,BUFFRMFish2010Jun08,main,8,R,RU,N/A,10.3,22,0.189999998,14,38.5,2,25,2,25,,12/3/2018
2010,BUFFRMFISHBT27,BUFFRMFish2010Jun08,main,9,L,RU,N/A,9.7,52,-0.109999999,12,19.3,2,25,0,0,,12/3/2018
2010,BUFFRMFISHBT27,BUFFRMFish2010Jun08,main,9,M,RU,N/A,9.7,38,0.610000014,24,10000,0,0,0,0,,12/3/2018
2010,BUFFRMFISHBT27,BUFFRMFish2010Jun08,main,9,R,RU,N/A,9.7,22,-0.090000004,24,10000,0,0,0,0,,12/3/2018
2010,BUFFRMFISHBT27,BUFFRMFish2010Jun08,main,10,L,RI,N/A,11,6,0.289999992,24,10000,0,0,0,0,,12/3/2018
2010,BUFFRMFISHBT27,BUFFRMFish2010Jun08,main,10,M,RI,N/A,11,3,-0.109999999,24,10000,0,0,0,0,,12/3/2018
2010,BUFFRMFISHBT27,BUFFRMFish2010Jun08,main,10,R,RI,N/A,11,16,0.569999993,24,10000,0,0,0,0,,12/3/2018
2010,BUFFRMFISHBT27,BUFFRMFish2010Jun08,main,11,L,RU,N/A,6.4,36,0.419999987,24,10000,0,0,0,0,,12/3/2018
2010,BUFFRMFISHBT27,BUFFRMFish2010Jun08,main,11,M,RU,N/A,6.4,24,0.119999997,24,10000,0,0,0,0,,12/3/2018
2010,BUFFRMFISHBT27,BUFFRMFish2010Jun08,main,11,R,RU,N/A,6.4,7,-0.090000004,24,10000,0,0,1,5,,12/3/2018
2010,BUFFRMFISHBT29,BUFFRMFish2010Jun10,main,1,L,RI,N/A,22,2,0.349999994,12,19.3,2,25,0,0,,12/3/2018
2010,BUFFRMFISHBT29,BUFFRMFish2010Jun10,main,1,M,RI,N/A,22,8,0.479999989,11,13.65,2,25,0,0,,12/3/2018
2010,BUFFRMFISHBT29,BUFFRMFish2010Jun10,main,1,R,RI,N/A,22,14,0.560000002,11,13.65,2,25,0,0,,12/3/2018
2010,BUFFRMFISHBT29,BUFFRMFish2010Jun10,main,2,L,RU,N/A,35,20,0.109999999,12,19.3,2,25,0,0,,12/3/2018
2010,BUFFRMFISHBT29,BUFFRMFish2010Jun10,main,2,M,RU,N/A,35,8,0.079999998,13,27.3,2,25,0,0,,12/3/2018
2010,BUFFRMFISHBT29,BUFFRMFish2010Jun10,main,2,R,RU,N/A,35,46,0.349999994,11,13.65,2,25,1,5,,12/3/2018
2010,BUFFRMFISHBT29,BUFFRMFish2010Jun10,main,3,L,RU,N/A,38.6,30,0.270000011,11,13.65,2,25,1,5,,12/3/2018
2010,BUFFRMFISHBT29,BUFFRMFish2010Jun10,main,3,M,RU,N/A,38.6,20,0.119999997,11,13.65,2,25,0,0,,12/3/2018
2010,BUFFRMFISHBT29,BUFFRMFish2010Jun10,main,3,R,RU,N/A,38.6,40,0.140000001,12,19.3,2,25,1,5,,12/3/2018
2010,BUFFRMFISHBT29,BUFFRMFish2010Jun10,main,4,L,RU,N/A,38,52,0.07,11,13.65,2,25,1,5,,12/3/2018
2010,BUFFRMFISHBT29,BUFFRMFish2010Jun10,main,4,M,RU,N/A,38,14,0.150000006,12,19.3,2,25,0,0,,12/3/2018
2010,BUFFRMFISHBT29,BUFFRMFish2010Jun10,main,4,R,RU,N/A,38,28,0.170000002,12,19.3,2,25,0,0,,12/3/2018
2010,BUFFRMFISHBT29,BUFFRMFish2010Jun10,main,5,L,RU,N/A,33,12,0.090000004,12,19.3,2,25,0,0,,12/3/2018
2010,BUFFRMFISHBT29,BUFFRMFish2010Jun10,main,5,M,RU,N/A,33,36,0.170000002,11,13.65,2,25,0,0,,12/3/2018
2010,BUFFRMFISHBT29,BUFFRMFish2010Jun10,main,5,R,RU,N/A,33,37,0.059999999,12,19.3,2,25,3,57.5,,12/3/2018
2010,BUFFRMFISHBT29,BUFFRMFish2010Jun10,main,6,L,RU,N/A,26,26,0.01,13,27.3,2,25,3,57.5,,12/3/2018
2010,BUFFRMFISHBT29,BUFFRMFish2010Jun10,main,6,M,RU,N/A,26,66,0.029999999,15,54.5,2,25,1,5,,12/3/2018
2010,BUFFRMFISHBT29,BUFFRMFish2010Jun10,main,6,R,RU,N/A,26,48,0.170000002,9,6.85,2,25,0,0,,12/3/2018
2010,BUFFRMFISHBT29,BUFFRMFish2010Jun10,main,7,L,RU,N/A,21,60,0.209999993,14,38.5,2,25,0,0,,12/3/2018
2010,BUFFRMFISHBT29,BUFFRMFish2010Jun10,main,7,M,RU,N/A,21,38,0.280000001,13,27.3,2,25,0,0,,12/3/2018
2010,BUFFRMFISHBT29,BUFFRMFish2010Jun10,main,7,R,RU,N/A,21,28,0.170000002,11,13.65,2,25,0,0,,12/3/2018
2010,BUFFRMFISHBT29,BUFFRMFish2010Jun10,main,8,L,RU,N/A,20,118,0.039999999,15,54.5,2,25,0,0,,12/3/2018
2010,BUFFRMFISHBT29,BUFFRMFish2010Jun10,main,8,M,RU,N/A,20,66,0.140000001,13,27.3,2,25,0,0,,12/3/2018
2010,BUFFRMFISHBT29,BUFFRMFish2010Jun10,main,8,R,RU,N/A,20,38,0.01,13,27.3,2,25,0,0,,12/3/2018
2010,BUFFRMFISHBT29,BUFFRMFish2010Jun10,main,9,L,RU,N/A,15,103,0.02,13,27.3,2,25,0,0,,12/3/2018
2010,BUFFRMFISHBT29,BUFFRMFish2010Jun10,main,9,M,RU,N/A,15,84,0.540000021,14,38.5,2,25,0,0,,12/3/2018
2010,BUFFRMFISHBT29,BUFFRMFish2010Jun10,main,9,R,RU,N/A,15,30,0.050000001,12,19.3,2,25,0,0,,12/3/2018
2010,BUFFRMFISHBT29,BUFFRMFish2010Jun10,main,10,L,RU,N/A,18,62,0.469999999,14,38.5,2,25,4,87.5,,12/3/2018
2010,BUFFRMFISHBT29,BUFFRMFish2010Jun10,main,10,M,RU,N/A,18,4,0.07,13,27.3,2,25,0,0,,12/3/2018
2010,BUFFRMFISHBT29,BUFFRMFish2010Jun10,main,10,R,RU,N/A,18,14,-0.02,14,38.5,2,25,0,0,,12/3/2018
2010,BUFFRMFISHBT29,BUFFRMFish2010Jun10,main,11,L,RI,N/A,9,26,0.709999979,13,27.3,2,25,0,0,,12/3/2018
2010,BUFFRMFISHBT29,BUFFRMFish2010Jun10,main,11,M,RI,N/A,9,30,0.910000026,14,38.5,2,25,0,0,,12/3/2018
2010,BUFFRMFISHBT29,BUFFRMFish2010Jun10,main,11,R,RI,N/A,9,18,0.289999992,13,27.3,2,25,0,0,,12/3/2018
2010,BUFFRMFISHBT32,BUFFRMFish2010Jun11,main,1,L,RRX,N/A,4.3,6,0.150000006,12,19.3,3,57.5,3,57.5,,12/3/2018
2010,BUFFRMFISHBT32,BUFFRMFish2010Jun11,main,1,M,RRX,N/A,4.3,6,0.119999997,16,77,3,57.5,3,57.5,,12/3/2018
2010,BUFFRMFISHBT32,BUFFRMFish2010Jun11,main,1,R,RRX,N/A,4.3,5,0,14,38.5,2,25,3,57.5,,12/3/2018
2010,BUFFRMFISHBT32,BUFFRMFish2010Jun11,main,2,L,PO,M,4.5,84,0.01,24,10000,0,0,3,57.5,,12/3/2018
2010,BUFFRMFISHBT32,BUFFRMFish2010Jun11,main,2,M,PO,M,4.5,90,0.02,6,1.5,4,87.5,2,25,,12/3/2018
2010,BUFFRMFISHBT32,BUFFRMFish2010Jun11,main,2,R,PO,M,4.5,28,0.02,3,0.1875,4,87.5,2,25,,12/3/2018
2010,BUFFRMFISHBT32,BUFFRMFish2010Jun11,main,3,L,RU,N/A,11.2,9,0.109999999,9,6.85,3,57.5,0,0,,12/3/2018
2010,BUFFRMFISHBT32,BUFFRMFish2010Jun11,main,3,M,RU,N/A,11.2,8,0.029999999,10,9.65,3,57.5,1,5,,12/3/2018
2010,BUFFRMFISHBT32,BUFFRMFish2010Jun11,main,3,R,RU,N/A,11.2,20,0.029999999,8,4.85,4,87.5,2,25,,12/3/2018
2010,BUFFRMFISHBT32,BUFFRMFish2010Jun11,main,4,L,RI,M,4,50,0.02,1,0.031,4,87.5,0,0,,12/3/2018
2010,BUFFRMFISHBT32,BUFFRMFish2010Jun11,main,4,M,RI,M,4,85,0.01,8,4.85,3,57.5,0,0,,12/3/2018
2010,BUFFRMFISHBT32,BUFFRMFish2010Jun11,main,4,R,RI,M,4,78,-0.01,24,10000,0,0,0,0,,12/3/2018
2010,BUFFRMFISHBT32,BUFFRMFish2010Jun11,main,5,L,RRX,N/A,2.9,6,0.07,13,27.3,2,25,2,25,,12/3/2018
2010,BUFFRMFISHBT32,BUFFRMFish2010Jun11,main,5,M,RRX,N/A,2.9,11,0.109999999,16,77,2,25,3,57.5,,12/3/2018
2010,BUFFRMFISHBT32,BUFFRMFish2010Jun11,main,5,R,RRX,N/A,2.9,7,0.100000001,3,0.1875,4,87.5,2,25,,12/3/2018
2010,BUFFRMFISHBT32,BUFFRMFish2010Jun11,main,6,L,RI,N/A,2.9,7,0.029999999,15,54.5,2,25,4,87.5,,12/3/2018
2010,BUFFRMFISHBT32,BUFFRMFish2010Jun11,main,6,M,RI,N/A,2.9,12,0.379999995,14,38.5,2,25,4,87.5,,12/3/2018
2010,BUFFRMFISHBT32,BUFFRMFish2010Jun11,main,6,R,RI,N/A,2.9,6,0.050000001,17,109,3,57.5,4,87.5,,12/3/2018
2010,BUFFRMFISHBT32,BUFFRMFish2010Jun11,main,7,L,PO,M,7.8,44,-0.02,2,0.0935,4,87.5,4,87.5,,12/3/2018
2010,BUFFRMFISHBT32,BUFFRMFish2010Jun11,main,7,M,PO,M,7.8,40,0,8,4.85,4,87.5,2,25,,12/3/2018
2010,BUFFRMFISHBT32,BUFFRMFish2010Jun11,main,7,R,PO,M,7.8,36,0,2,0.0935,4,87.5,3,57.5,,12/3/2018
2010,BUFFRMFISHBT32,BUFFRMFish2010Jun11,main,8,L,PO,L,4,40,0.029999999,24,10000,0,0,3,57.5,,12/3/2018
2010,BUFFRMFISHBT32,BUFFRMFish2010Jun11,main,8,M,PO,L,4,34,0.050000001,10,9.65,3,57.5,1,5,,12/3/2018
2010,BUFFRMFISHBT32,BUFFRMFish2010Jun11,main,8,R,PO,L,4,6,-0.029999999,7,3,3,57.5,0,0,,12/3/2018
2010,BUFFRMFISHBT32,BUFFRMFish2010Jun11,main,9,L,RU,N/A,2.8,18,0.100000001,24,10000,0,0,4,87.5,,12/3/2018
2010,BUFFRMFISHBT32,BUFFRMFish2010Jun11,main,9,M,RU,N/A,2.8,22,0.039999999,24,10000,0,0,4,87.5,,12/3/2018
2010,BUFFRMFISHBT32,BUFFRMFish2010Jun11,main,9,R,RU,N/A,2.8,20,0.109999999,24,10000,0,0,3,57.5,,12/3/2018
2010,BUFFRMFISHBT32,BUFFRMFish2010Jun11,main,10,L,RU,N/A,1.8,8,0.050000001,12,19.3,3,57.5,0,0,,12/3/2018
2010,BUFFRMFISHBT32,BUFFRMFish2010Jun11,main,10,M,RU,N/A,1.8,12,0.280000001,11,13.65,3,57.5,0,0,,12/3/2018
2010,BUFFRMFISHBT32,BUFFRMFish2010Jun11,main,10,R,RU,N/A,1.8,13,0.150000006,11,13.65,2,25,0,0,,12/3/2018
2010,BUFFRMFISHBT32,BUFFRMFish2010Jun11,main,11,L,PO,M,2.3,18,-0.039999999,12,19.3,3,57.5,4,87.5,,12/3/2018
2010,BUFFRMFISHBT32,BUFFRMFish2010Jun11,main,11,M,PO,M,2.3,39,0.059999999,5,0.75,4,87.5,4,87.5,,12/3/2018
2010,BUFFRMFISHBT32,BUFFRMFish2010Jun11,main,11,R,PO,M,2.3,39,0.280000001,18,154,2,25,4,87.5,,12/3/2018
2012,BUFFRMFISHBT15,BUFFRMFish2012May22,main,1,L,GL,N/A,10.6,8,0,10,9.65,2,25,4,87.5,,12/3/2018
2012,BUFFRMFISHBT15,BUFFRMFish2012May22,main,1,M,GL,N/A,10.6,1,-0.050000001,11,13.65,1,5,3,57.5,,12/3/2018
2012,BUFFRMFISHBT15,BUFFRMFish2012May22,main,1,R,GL,N/A,10.6,8,0,10,9.65,2,25,3,57.5,,12/3/2018
2012,BUFFRMFISHBT15,BUFFRMFish2012May22,main,2,L,PO,L,6.3,63,0,12,19.3,1,5,4,87.5,,12/3/2018
2012,BUFFRMFISHBT15,BUFFRMFish2012May22,main,2,M,PO,L,6.3,26,0,11,13.65,2,25,3,57.5,,12/3/2018
2012,BUFFRMFISHBT15,BUFFRMFish2012May22,main,2,R,PO,L,6.3,15,0,10,9.65,1,5,3,57.5,,12/3/2018
2012,BUFFRMFISHBT15,BUFFRMFish2012May22,main,3,L,PO,L,5,30,0.01,12,19.3,1,5,3,57.5,,12/3/2018
2012,BUFFRMFISHBT15,BUFFRMFish2012May22,main,3,M,PO,L,5,6,-0.039999999,11,13.65,1,5,4,87.5,,12/3/2018
2012,BUFFRMFISHBT15,BUFFRMFish2012May22,main,3,R,PO,L,5,24,0.090000004,11,13.65,1,5,4,87.5,,12/3/2018
2012,BUFFRMFISHBT15,BUFFRMFish2012May22,main,4,L,RI,N/A,2.9,2,0.129999995,13,27.3,2,25,0,0,,12/3/2018
2012,BUFFRMFISHBT15,BUFFRMFish2012May22,main,4,M,RI,N/A,2.9,8,0.419999987,12,19.3,1,5,0,0,,12/3/2018
2012,BUFFRMFISHBT15,BUFFRMFish2012May22,main,4,R,RI,N/A,2.9,2,0.140000001,12,19.3,1,5,0,0,,12/3/2018
2012,BUFFRMFISHBT15,BUFFRMFish2012May22,main,5,L,RI,N/A,5.8,8,0.159999996,13,27.3,1,5,0,0,,12/3/2018
2012,BUFFRMFISHBT15,BUFFRMFish2012May22,main,5,M,RI,N/A,5.8,2,0.07,14,38.5,1,5,0,0,,12/3/2018
2012,BUFFRMFISHBT15,BUFFRMFish2012May22,main,5,R,RI,N/A,5.8,1,0.02,11,13.65,1,5,0,0,,12/3/2018
2012,BUFFRMFISHBT15,BUFFRMFish2012May22,main,6,L,RI,N/A,5.8,12,0.300000012,11,13.65,1,5,4,87.5,,12/3/2018
2012,BUFFRMFISHBT15,BUFFRMFish2012May22,main,6,M,RI,N/A,5.8,17,0.02,13,27.3,1,5,4,87.5,,12/3/2018
2012,BUFFRMFISHBT15,BUFFRMFish2012May22,main,6,R,RI,N/A,5.8,12,0.02,12,19.3,1,5,4,87.5,,12/3/2018
2012,BUFFRMFISHBT15,BUFFRMFish2012May22,main,7,L,RI,N/A,4,5,0.029999999,10,9.65,0,0,0,0,,12/3/2018
2012,BUFFRMFISHBT15,BUFFRMFish2012May22,main,7,M,RI,N/A,4,26,0.079999998,10,9.65,1,5,1,5,,12/3/2018
2012,BUFFRMFISHBT15,BUFFRMFish2012May22,main,7,R,RI,N/A,4,12,0.090000004,11,13.65,1,5,2,25,,12/3/2018
2012,BUFFRMFISHBT15,BUFFRMFish2012May22,main,8,L,RI,N/A,3.8,1,0,13,27.3,1,5,2,25,,12/3/2018
2012,BUFFRMFISHBT15,BUFFRMFish2012May22,main,8,M,RI,N/A,3.8,4,0.239999995,12,19.3,1,5,2,25,,12/3/2018
2012,BUFFRMFISHBT15,BUFFRMFish2012May22,main,8,R,RI,N/A,3.8,8,0.170000002,10,9.65,1,5,3,57.5,,12/3/2018
2012,BUFFRMFISHBT15,BUFFRMFish2012May22,main,9,L,RI,N/A,15.3,2,-0.07,11,13.65,2,25,1,5,,12/3/2018
2012,BUFFRMFISHBT15,BUFFRMFish2012May22,main,9,M,RI,N/A,15.3,2,0.079999998,11,13.65,1,5,0,0,,12/3/2018
2012,BUFFRMFISHBT15,BUFFRMFish2012May22,main,9,R,RI,N/A,15.3,2,0.059999999,12,19.3,1,5,0,0,,12/3/2018
2012,BUFFRMFISHBT15,BUFFRMFish2012May22,main,10,L,RI,N/A,13.5,2,0.029999999,11,13.65,1,5,4,87.5,,12/3/2018
2012,BUFFRMFISHBT15,BUFFRMFish2012May22,main,10,M,RI,N/A,13.5,1,-0.029999999,11,13.65,1,5,1,5,,12/3/2018
2012,BUFFRMFISHBT15,BUFFRMFish2012May22,main,10,R,RI,N/A,13.5,2,0.180000007,12,19.3,1,5,3,57.5,,12/3/2018
2012,BUFFRMFISHBT15,BUFFRMFish2012May22,main,11,L,RI,N/A,11.3,10,0.02,13,27.3,1,5,1,5,,12/3/2018
2012,BUFFRMFISHBT15,BUFFRMFish2012May22,main,11,M,RI,N/A,11.3,2,-0.029999999,11,13.65,1,5,0,0,,12/3/2018
2012,BUFFRMFISHBT15,BUFFRMFish2012May22,main,11,R,RI,N/A,11.3,10,0.01,9,6.85,1,5,0,0,,12/3/2018
2012,BUFFRMFISHBT20,BUFFRMFish2012May22,main,1,L,RRX,N/A,19.4,12,0.07,10,9.65,2,25,0,0,,12/3/2018
2012,BUFFRMFISHBT20,BUFFRMFish2012May22,main,1,M,RRX,N/A,19.4,10,0.150000006,11,13.65,2,25,0,0,,12/3/2018
2012,BUFFRMFISHBT20,BUFFRMFish2012May22,main,1,R,RRX,N/A,19.4,24,0.170000002,13,27.3,2,25,1,5,,12/3/2018
2012,BUFFRMFISHBT20,BUFFRMFish2012May22,main,2,L,PO,L,20.8,68,0.039999999,7,3,4,87.5,2,25,,12/3/2018
2012,BUFFRMFISHBT20,BUFFRMFish2012May22,main,2,M,PO,L,20.8,32,0.050000001,8,4.85,3,57.5,0,0,,12/3/2018
2012,BUFFRMFISHBT20,BUFFRMFish2012May22,main,2,R,PO,L,20.8,9,0.01,12,19.3,1,5,0,0,,12/3/2018
2012,BUFFRMFISHBT20,BUFFRMFish2012May22,main,3,L,PO,L,15.1,22,-0.01,9,6.85,2,25,0,0,,12/3/2018
2012,BUFFRMFISHBT20,BUFFRMFish2012May22,main,3,M,PO,L,15.1,35,0.050000001,13,27.3,2,25,1,5,,12/3/2018
2012,BUFFRMFISHBT20,BUFFRMFish2012May22,main,3,R,PO,L,15.1,78,0.100000001,24,10000,0,0,3,57.5,,12/3/2018
2012,BUFFRMFISHBT20,BUFFRMFish2012May22,main,4,L,PO,M,11.95,28,-0.029999999,3,0.1875,4,87.5,0,0,,12/3/2018
2012,BUFFRMFISHBT20,BUFFRMFish2012May22,main,4,M,PO,M,11.95,52,0.07,14,38.5,2,25,1,5,,12/3/2018
2012,BUFFRMFISHBT20,BUFFRMFish2012May22,main,4,R,PO,M,11.95,54,0.090000004,24,10000,0,0,3,57.5,,12/3/2018
2012,BUFFRMFISHBT20,BUFFRMFish2012May22,main,5,L,RI,N/A,16.9,10,0.039999999,12,19.3,2,25,3,57.5,,12/3/2018
2012,BUFFRMFISHBT20,BUFFRMFish2012May22,main,5,M,RI,N/A,16.9,13,0.370000005,11,13.65,1,5,1,5,,12/3/2018
2012,BUFFRMFISHBT20,BUFFRMFish2012May22,main,5,R,RI,N/A,16.9,18,0.090000004,10,9.65,0,0,0,0,,12/3/2018
2012,BUFFRMFISHBT20,BUFFRMFish2012May22,main,6,L,PO,M,24,40,0,2,0.0935,4,87.5,3,57.5,,12/3/2018
2012,BUFFRMFISHBT20,BUFFRMFish2012May22,main,6,M,PO,M,24,62,0.029999999,2,0.0935,4,87.5,2,25,,12/3/2018
2012,BUFFRMFISHBT20,BUFFRMFish2012May22,main,6,R,PO,M,24,56,0.02,2,0.0935,4,87.5,0,0,,12/3/2018
2012,BUFFRMFISHBT20,BUFFRMFish2012May22,main,7,L,RU,N/A,20.7,20,-0.01,12,19.3,3,57.5,0,0,,12/3/2018
2012,BUFFRMFISHBT20,BUFFRMFish2012May22,main,7,M,RU,N/A,20.7,56,0.079999998,8,4.85,4,87.5,0,0,,12/3/2018
2012,BUFFRMFISHBT20,BUFFRMFish2012May22,main,7,R,RU,N/A,20.7,25,0,17,109,3,57.5,1,5,,12/3/2018
2012,BUFFRMFISHBT20,BUFFRMFish2012May22,main,8,L,RI,N/A,9.3,4,0.029999999,16,77,0,0,0,0,,12/3/2018
2012,BUFFRMFISHBT20,BUFFRMFish2012May22,main,8,M,RI,N/A,9.3,20,0.189999998,16,77,0,0,0,0,,12/3/2018
2012,BUFFRMFISHBT20,BUFFRMFish2012May22,main,8,R,RI,N/A,9.3,21,0.349999994,17,109,0,0,0,0,,12/3/2018
2012,BUFFRMFISHBT20,BUFFRMFish2012May22,main,9,L,RI,N/A,12.3,2,0.02,13,27.3,0,0,0,0,,12/3/2018
2012,BUFFRMFISHBT20,BUFFRMFish2012May22,main,9,M,RI,N/A,12.3,24,0.349999994,18,154,2,25,0,0,,12/3/2018
2012,BUFFRMFISHBT20,BUFFRMFish2012May22,main,9,R,RI,N/A,12.3,30,0.079999998,17,109,3,57.5,0,0,,12/3/2018
2012,BUFFRMFISHBT20,BUFFRMFish2012May22,main,10,L,RU,N/A,10.5,18,0.119999997,16,77,2,25,0,0,,12/3/2018
2012,BUFFRMFISHBT20,BUFFRMFish2012May22,main,10,M,RU,N/A,10.5,46,0.100000001,16,77,0,0,0,0,,12/3/2018
2012,BUFFRMFISHBT20,BUFFRMFish2012May22,main,10,R,RU,N/A,10.5,36,0.109999999,17,109,0,0,0,0,,12/3/2018
2012,BUFFRMFISHBT20,BUFFRMFish2012May22,main,11,L,GL,N/A,11.7,16,0.150000006,18,154,1,5,0,0,,12/3/2018
2012,BUFFRMFISHBT20,BUFFRMFish2012May22,main,11,M,GL,N/A,11.7,29,0.209999993,18,154,0,0,0,0,,12/3/2018
2012,BUFFRMFISHBT20,BUFFRMFish2012May22,main,11,R,GL,N/A,11.7,34,0.200000003,18,154,0,0,2,25,,12/3/2018
2012,BUFFRMFISHBT27,BUFFRMFish2012May21,main,1,L,RI,N/A,10.5,7,0.050000001,13,27.3,2,25,0,0,,12/3/2018
2012,BUFFRMFISHBT27,BUFFRMFish2012May21,main,1,M,RI,N/A,10.5,7,0.150000006,10,9.65,2,25,0,0,,12/3/2018
2012,BUFFRMFISHBT27,BUFFRMFish2012May21,main,1,R,RI,N/A,10.5,8,0.140000001,10,9.65,2,25,0,0,,12/3/2018
2012,BUFFRMFISHBT27,BUFFRMFish2012May21,main,2,L,GL,N/A,19.8,10,0.02,7,3,3,57.5,0,0,,12/3/2018
2012,BUFFRMFISHBT27,BUFFRMFish2012May21,main,2,M,GL,N/A,19.8,10,0.01,9,6.85,3,57.5,0,0,,12/3/2018
2012,BUFFRMFISHBT27,BUFFRMFish2012May21,main,2,R,GL,N/A,19.8,14,0.050000001,9,6.85,3,57.5,1,5,,12/3/2018
2012,BUFFRMFISHBT27,BUFFRMFish2012May21,main,3,L,PO,L,11.5,26,0.01,6,1.5,3,57.5,0,0,,12/3/2018
2012,BUFFRMFISHBT27,BUFFRMFish2012May21,main,3,M,PO,L,11.5,20,0.01,6,1.5,3,57.5,2,25,,12/3/2018
2012,BUFFRMFISHBT27,BUFFRMFish2012May21,main,3,R,PO,L,11.5,21,0,3,0.1875,4,87.5,3,57.5,,12/3/2018
2012,BUFFRMFISHBT27,BUFFRMFish2012May21,main,4,L,PO,F,14.2,67,0.01,24,10000,0,0,0,0,,12/3/2018
2012,BUFFRMFISHBT27,BUFFRMFish2012May21,main,4,M,PO,F,14.2,10,0.02,9,6.85,3,57.5,0,0,,12/3/2018
2012,BUFFRMFISHBT27,BUFFRMFish2012May21,main,4,R,PO,F,14.2,11,0,3,0.1875,4,87.5,2,25,,12/3/2018
2012,BUFFRMFISHBT27,BUFFRMFish2012May21,main,5,L,PO,F,15.5,36,0,12,19.3,1,5,0,0,,12/3/2018
2012,BUFFRMFISHBT27,BUFFRMFish2012May21,main,5,M,PO,F,15.5,6,0,3,0.1875,4,87.5,0,0,,12/3/2018
2012,BUFFRMFISHBT27,BUFFRMFish2012May21,main,5,R,PO,F,15.5,2,0,9,6.85,3,57.5,0,0,,12/3/2018
2012,BUFFRMFISHBT27,BUFFRMFish2012May21,main,6,L,PO,F,13.6,32,0.01,24,10000,0,0,0,0,,12/3/2018
2012,BUFFRMFISHBT27,BUFFRMFish2012May21,main,6,M,PO,F,13.6,13,0,3,0.1875,4,87.5,0,0,,12/3/2018
2012,BUFFRMFISHBT27,BUFFRMFish2012May21,main,6,R,PO,F,13.6,10,0,3,0.1875,3,57.5,0,0,,12/3/2018
2012,BUFFRMFISHBT27,BUFFRMFish2012May21,main,7,L,PO,M,8.3,28,0,24,10000,0,0,1,5,,12/3/2018
2012,BUFFRMFISHBT27,BUFFRMFish2012May21,main,7,M,PO,M,8.3,32,0.039999999,12,19.3,2,25,0,0,,12/3/2018
2012,BUFFRMFISHBT27,BUFFRMFish2012May21,main,7,R,PO,M,8.3,14,0,9,6.85,2,25,0,0,,12/3/2018
2012,BUFFRMFISHBT27,BUFFRMFish2012May21,main,8,L,RI,N/A,9,12,0.01,14,38.5,2,25,0,0,,12/3/2018
2012,BUFFRMFISHBT27,BUFFRMFish2012May21,main,8,M,RI,N/A,9,11,0,14,38.5,2,25,0,0,,12/3/2018
2012,BUFFRMFISHBT27,BUFFRMFish2012May21,main,8,R,RI,N/A,9,13,0.079999998,24,10000,0,0,0,0,,12/3/2018
2012,BUFFRMFISHBT27,BUFFRMFish2012May21,main,9,L,PO,M,9.6,22,0,16,77,3,57.5,0,0,,12/3/2018
2012,BUFFRMFISHBT27,BUFFRMFish2012May21,main,9,M,PO,M,9.6,44,-0.050000001,3,0.1875,4,87.5,0,0,,12/3/2018
2012,BUFFRMFISHBT27,BUFFRMFish2012May21,main,9,R,PO,M,9.6,29,0.029999999,14,38.5,2,25,0,0,,12/3/2018
2012,BUFFRMFISHBT27,BUFFRMFish2012May21,main,10,L,RI,N/A,10.9,12,0.209999993,24,10000,0,0,0,0,,12/3/2018
2012,BUFFRMFISHBT27,BUFFRMFish2012May21,main,10,M,RI,N/A,10.9,9,0.170000002,24,10000,0,0,0,0,,12/3/2018
2012,BUFFRMFISHBT27,BUFFRMFish2012May21,main,10,R,RI,N/A,10.9,10,0,24,10000,0,0,0,0,,12/3/2018
2012,BUFFRMFISHBT27,BUFFRMFish2012May21,main,11,L,GL,N/A,9.4,22,-0.079999998,8,4.85,4,87.5,0,0,,12/3/2018
2012,BUFFRMFISHBT27,BUFFRMFish2012May21,main,11,M,GL,N/A,9.4,27,-0.029999999,6,1.5,4,87.5,0,0,,12/3/2018
2012,BUFFRMFISHBT27,BUFFRMFish2012May21,main,11,R,GL,N/A,9.4,18,-0.059999999,24,10000,0,0,2,25,,12/3/2018
2013,BUFFRMFISHBM01,BUFFRMFish2013May29,main,1,L,RI,N/A,18,30,0.340000004,15,54.5,2,25,0,0,,12/3/2018
2013,BUFFRMFISHBM01,BUFFRMFish2013May29,main,1,M,RI,N/A,18,30,0.289999992,15,54.5,2,25,0,0,,12/3/2018
2013,BUFFRMFISHBM01,BUFFRMFish2013May29,main,1,R,RI,N/A,18,18,0.300000012,16,77,2,25,0,0,,12/3/2018
2013,BUFFRMFISHBM01,BUFFRMFish2013May29,main,2,L,RI,N/A,19.5,36,0.379999995,15,54.5,2,25,0,0,,12/3/2018
2013,BUFFRMFISHBM01,BUFFRMFish2013May29,main,2,M,RI,N/A,19.5,24,0.389999986,16,77,2,25,0,0,,12/3/2018
2013,BUFFRMFISHBM01,BUFFRMFish2013May29,main,2,R,RI,N/A,19.5,24,0.349999994,14,38.5,2,25,0,0,,12/3/2018
2013,BUFFRMFISHBM01,BUFFRMFish2013May29,main,3,L,RI,N/A,19.5,32,0.219999999,14,38.5,2,25,0,0,,12/3/2018
2013,BUFFRMFISHBM01,BUFFRMFish2013May29,main,3,M,RI,N/A,19.5,36,0.400000006,13,27.3,2,25,0,0,,12/3/2018
2013,BUFFRMFISHBM01,BUFFRMFish2013May29,main,3,R,RI,N/A,19.5,22,0.170000002,15,54.5,2,25,0,0,,12/3/2018
2013,BUFFRMFISHBM01,BUFFRMFish2013May29,main,4,L,RI,N/A,19,18,0.119999997,13,27.3,2,25,0,0,,12/3/2018
2013,BUFFRMFISHBM01,BUFFRMFish2013May29,main,4,M,RI,N/A,19,26,0.189999998,15,54.5,2,25,0,0,,12/3/2018
2013,BUFFRMFISHBM01,BUFFRMFish2013May29,main,4,R,RI,N/A,19,38,0.119999997,14,38.5,2,25,0,0,,12/3/2018
2013,BUFFRMFISHBM01,BUFFRMFish2013May29,main,5,L,GL,N/A,28,52,0.02,14,38.5,2,25,0,0,,12/3/2018
2013,BUFFRMFISHBM01,BUFFRMFish2013May29,main,5,M,GL,N/A,28,72,0.039999999,13,27.3,2,25,0,0,,12/3/2018
2013,BUFFRMFISHBM01,BUFFRMFish2013May29,main,5,R,GL,N/A,28,78,0.029999999,14,38.5,2,25,0,0,,12/3/2018
2013,BUFFRMFISHBM01,BUFFRMFish2013May29,main,6,L,PO,M,38,78,-0.059999999,13,27.3,2,25,1,5,,12/3/2018
2013,BUFFRMFISHBM01,BUFFRMFish2013May29,main,6,M,PO,M,38,102,0.02,16,77,2,25,0,0,,12/3/2018
2013,BUFFRMFISHBM01,BUFFRMFish2013May29,main,6,R,PO,M,38,80,0.01,16,77,2,25,4,87.5,,12/3/2018
2013,BUFFRMFISHBM01,BUFFRMFish2013May29,main,7,L,PO,M,29,66,-0.029999999,14,38.5,2,25,0,0,,12/3/2018
2013,BUFFRMFISHBM01,BUFFRMFish2013May29,main,7,M,PO,M,29,120,0.02,15,54.5,2,25,0,0,,12/3/2018
2013,BUFFRMFISHBM01,BUFFRMFish2013May29,main,7,R,PO,M,29,132,0.01,17,109,2,25,1,5,,12/3/2018
2013,BUFFRMFISHBM01,BUFFRMFish2013May29,main,8,L,PO,M,32,102,-0.029999999,16,77,3,57.5,1,5,,12/3/2018
2013,BUFFRMFISHBM01,BUFFRMFish2013May29,main,8,M,PO,M,32,146,0.029999999,15,54.5,2,25,0,0,,12/3/2018
2013,BUFFRMFISHBM01,BUFFRMFish2013May29,main,8,R,PO,M,32,170,0,17,109,2,25,0,0,,12/3/2018
2013,BUFFRMFISHBM01,BUFFRMFish2013May29,main,9,L,PO,M,31,100,-0.01,17,109,2,25,1,5,,12/3/2018
2013,BUFFRMFISHBM01,BUFFRMFish2013May29,main,9,M,PO,M,31,128,0.01,14,38.5,2,25,0,0,,12/3/2018
2013,BUFFRMFISHBM01,BUFFRMFish2013May29,main,9,R,PO,M,31,162,0.029999999,16,77,2,25,0,0,,12/3/2018
2013,BUFFRMFISHBM01,BUFFRMFish2013May29,main,10,L,PO,M,31,98,0,15,54.5,2,25,1,5,,12/3/2018
2013,BUFFRMFISHBM01,BUFFRMFish2013May29,main,10,M,PO,M,31,170,0.050000001,14,38.5,2,25,0,0,,12/3/2018
2013,BUFFRMFISHBM01,BUFFRMFish2013May29,main,10,R,PO,M,31,148,0.029999999,15,54.5,2,25,0,0,,12/3/2018
2013,BUFFRMFISHBM01,BUFFRMFish2013May29,main,11,L,PO,M,33,70,0.039999999,15,54.5,2,25,0,0,,12/3/2018
2013,BUFFRMFISHBM01,BUFFRMFish2013May29,main,11,M,PO,M,33,96,0.02,15,54.5,2,25,0,0,,12/3/2018
2013,BUFFRMFISHBM01,BUFFRMFish2013May29,main,11,R,PO,M,33,90,0.02,13,27.3,2,25,0,0,,12/3/2018
2013,BUFFRMFISHBM01,BUFFRMFish2013May29,side channel,1,L,RU,N/A,14,18,0.239999995,15,54.5,2,25,0,0,,12/3/2018
2013,BUFFRMFISHBM01,BUFFRMFish2013May29,side channel,1,M,RU,N/A,14,12,0.129999995,14,38.5,2,25,0,0,,12/3/2018
2013,BUFFRMFISHBM01,BUFFRMFish2013May29,side channel,1,R,RU,N/A,14,20,0.230000004,15,54.5,2,25,0,0,,12/3/2018
2013,BUFFRMFISHBM01,BUFFRMFish2013May29,side channel,2,L,RU,N/A,13.5,10,0.079999998,12,19.3,3,57.5,0,0,,12/3/2018
2013,BUFFRMFISHBM01,BUFFRMFish2013May29,side channel,2,M,RU,N/A,13.5,14,0.079999998,14,38.5,2,25,0,0,,12/3/2018
2013,BUFFRMFISHBM01,BUFFRMFish2013May29,side channel,2,R,RU,N/A,13.5,14,0.150000006,14,38.5,2,25,0,0,,12/3/2018
2013,BUFFRMFISHBM01,BUFFRMFish2013May29,side channel,3,L,RI,N/A,16,18,0.419999987,14,38.5,2,25,0,0,,12/3/2018
2013,BUFFRMFISHBM01,BUFFRMFish2013May29,side channel,3,M,RI,N/A,16,13,0.01,12,19.3,2,25,1,5,,12/3/2018
2013,BUFFRMFISHBM01,BUFFRMFish2013May29,side channel,3,R,RI,N/A,16,14,0.189999998,15,54.5,2,25,4,87.5,,12/3/2018
2013,BUFFRMFISHBM01,BUFFRMFish2013May29,side channel,4,L,RI,N/A,9,40,0.109999999,15,54.5,2,25,4,87.5,,12/3/2018
2013,BUFFRMFISHBM01,BUFFRMFish2013May29,side channel,4,M,RI,N/A,9,24,0.01,14,38.5,2,25,1,5,,12/3/2018
2013,BUFFRMFISHBM01,BUFFRMFish2013May29,side channel,4,R,RI,N/A,9,28,0.01,14,38.5,2,25,3,57.5,,12/3/2018
2013,BUFFRMFISHBM01,BUFFRMFish2013May29,side channel,5,L,RI,N/A,11,4,0.370000005,15,54.5,2,25,4,87.5,,12/3/2018
2013,BUFFRMFISHBM01,BUFFRMFish2013May29,side channel,5,M,RI,N/A,11,14,0.209999993,15,54.5,2,25,3,57.5,,12/3/2018
2013,BUFFRMFISHBM01,BUFFRMFish2013May29,side channel,5,R,RI,N/A,11,20,0.02,15,54.5,2,25,3,57.5,,12/3/2018
2013,BUFFRMFISHBM02,BUFFRMFish2013May28,main,1,L,RU,N/A,35,64,0.01,10,9.65,3,57.5,0,0,,12/3/2018
2013,BUFFRMFISHBM02,BUFFRMFish2013May28,main,1,M,RU,N/A,35,81,0.170000002,11,13.65,3,57.5,0,0,,12/3/2018
2013,BUFFRMFISHBM02,BUFFRMFish2013May28,main,1,R,RU,N/A,35,68,0.200000003,13,27.3,2,25,0,0,,12/3/2018
2013,BUFFRMFISHBM02,BUFFRMFish2013May28,main,2,L,PO,L,38,22,0.07,13,27.3,2,25,0,0,,12/3/2018
2013,BUFFRMFISHBM02,BUFFRMFish2013May28,main,2,M,PO,L,38,42,0.02,13,27.3,2,25,0,0,,12/3/2018
2013,BUFFRMFISHBM02,BUFFRMFish2013May28,main,2,R,PO,L,38,90,0.100000001,15,54.5,2,25,2,25,,12/3/2018
2013,BUFFRMFISHBM02,BUFFRMFish2013May28,main,3,L,PO,M,32.5,46,0.02,9,6.85,4,87.5,0,0,,12/3/2018
2013,BUFFRMFISHBM02,BUFFRMFish2013May28,main,3,M,PO,M,32.5,104,0.170000002,10,9.65,3,57.5,0,0,,12/3/2018
2013,BUFFRMFISHBM02,BUFFRMFish2013May28,main,3,R,PO,M,32.5,70,0.159999996,24,10000,0,0,1,5,,12/3/2018
2013,BUFFRMFISHBM02,BUFFRMFish2013May28,main,4,L,PO,L,30.5,68,0,13,27.3,2,25,0,0,,12/3/2018
2013,BUFFRMFISHBM02,BUFFRMFish2013May28,main,4,M,PO,L,30.5,160,0.07,24,10000,0,0,0,0,,12/3/2018
2013,BUFFRMFISHBM02,BUFFRMFish2013May28,main,4,R,PO,L,30.5,98,0.25,24,10000,0,0,0,0,,12/3/2018
2013,BUFFRMFISHBM02,BUFFRMFish2013May28,main,5,L,RU,N/A,26,30,0,15,54.5,2,25,0,0,,12/3/2018
2013,BUFFRMFISHBM02,BUFFRMFish2013May28,main,5,M,RU,N/A,26,120,0.059999999,9,6.85,4,87.5,0,0,,12/3/2018
2013,BUFFRMFISHBM02,BUFFRMFish2013May28,main,5,R,RU,N/A,26,96,0.209999993,13,27.3,2,25,0,0,,12/3/2018
2013,BUFFRMFISHBM02,BUFFRMFish2013May28,main,6,L,RRX,N/A,28.5,40,0.400000006,15,54.5,2,25,0,0,,12/3/2018
2013,BUFFRMFISHBM02,BUFFRMFish2013May28,main,6,M,RRX,N/A,28.5,10,0.230000004,13,27.3,2,25,0,0,,12/3/2018
2013,BUFFRMFISHBM02,BUFFRMFish2013May28,main,6,R,RRX,N/A,28.5,90,0.379999995,13,27.3,2,25,1,5,,12/3/2018
2013,BUFFRMFISHBM02,BUFFRMFish2013May28,main,7,L,PO,M,43,58,0.029999999,14,38.5,2,25,0,0,,12/3/2018
2013,BUFFRMFISHBM02,BUFFRMFish2013May28,main,7,M,PO,M,43,148,0.119999997,14,38.5,2,25,0,0,,12/3/2018
2013,BUFFRMFISHBM02,BUFFRMFish2013May28,main,7,R,PO,M,43,72,0.129999995,11,13.65,3,57.5,1,5,,12/3/2018
2013,BUFFRMFISHBM02,BUFFRMFish2013May28,main,8,L,PO,M,28,200,0.100000001,24,10000,0,0,0,0,Over 200 cm depth,12/3/2018
2013,BUFFRMFISHBM02,BUFFRMFish2013May28,main,8,M,PO,M,28,200,0.050000001,24,10000,0,0,0,0,Over 200 cm depth,12/3/2018
2013,BUFFRMFISHBM02,BUFFRMFish2013May28,main,8,R,PO,M,28,114,0,1,0.031,4,87.5,2,25,,12/3/2018
2013,BUFFRMFISHBM02,BUFFRMFish2013May28,main,9,L,PO,F,23,200,0.189999998,15,54.5,2,25,1,5,Greater than 200 cm depth,12/3/2018
2013,BUFFRMFISHBM02,BUFFRMFish2013May28,main,9,M,PO,F,23,162,0.02,9,6.85,3,57.5,0,0,,12/3/2018
2013,BUFFRMFISHBM02,BUFFRMFish2013May28,main,9,R,PO,F,23,60,-0.039999999,3,0.1875,4,87.5,0,0,,12/3/2018
2013,BUFFRMFISHBM02,BUFFRMFish2013May28,main,10,L,PO,F,26.5,134,0.270000011,18,154,1,5,0,0,,12/3/2018
2013,BUFFRMFISHBM02,BUFFRMFish2013May28,main,10,M,PO,F,26.5,194,0.119999997,17,109,2,25,0,0,,12/3/2018
2013,BUFFRMFISHBM02,BUFFRMFish2013May28,main,10,R,PO,F,26.5,106,-0.02,2,0.0935,1,5,0,0,,12/3/2018
2013,BUFFRMFISHBM02,BUFFRMFish2013May28,main,11,L,RU,N/A,24.5,68,0.949999988,16,77,2,25,3,57.5,,12/3/2018
2013,BUFFRMFISHBM02,BUFFRMFish2013May28,main,11,M,RU,N/A,24.5,26,0.230000004,14,38.5,1,5,0,0,,12/3/2018
2013,BUFFRMFISHBM02,BUFFRMFish2013May28,main,11,R,RU,N/A,24.5,77,0.059999999,12,19.3,2,25,0,0,,12/3/2018
2013,BUFFRMFISHBM03,BUFFRMFish2013Jun19,main,1,L,RI,N/A,22,22,1.070000052,15,54.5,2,25,0,0,,12/3/2018
2013,BUFFRMFISHBM03,BUFFRMFish2013Jun19,main,1,M,RI,N/A,22,30,1.179999948,14,38.5,2,25,0,0,,12/3/2018
2013,BUFFRMFISHBM03,BUFFRMFish2013Jun19,main,1,R,RI,N/A,22,18,0.730000019,15,54.5,2,25,0,0,,12/3/2018
2013,BUFFRMFISHBM03,BUFFRMFish2013Jun19,main,2,L,RU,N/A,57.5,70,0.109999999,14,38.5,2,25,0,0,,12/3/2018
2013,BUFFRMFISHBM03,BUFFRMFish2013Jun19,main,2,M,RU,N/A,57.5,38,0.159999996,14,38.5,2,25,0,0,,12/3/2018
2013,BUFFRMFISHBM03,BUFFRMFish2013Jun19,main,2,R,RU,N/A,57.5,24,0.219999999,10,9.65,2,25,0,0,,12/3/2018
2013,BUFFRMFISHBM03,BUFFRMFish2013Jun19,main,3,L,RU,N/A,54.5,108,0.02,24,10000,0,0,0,0,,12/3/2018
2013,BUFFRMFISHBM03,BUFFRMFish2013Jun19,main,3,M,RU,N/A,54.5,62,0.219999999,14,38.5,2,25,0,0,,12/3/2018
2013,BUFFRMFISHBM03,BUFFRMFish2013Jun19,main,3,R,RU,N/A,54.5,36,0,2,0.0935,4,87.5,4,87.5,,12/3/2018
2013,BUFFRMFISHBM03,BUFFRMFish2013Jun19,main,4,L,PO,M,37.5,90,-0.029999999,22,768,3,57.5,0,0,,12/3/2018
2013,BUFFRMFISHBM03,BUFFRMFish2013Jun19,main,4,M,PO,M,37.5,156,0.129999995,24,10000,0,0,0,0,,12/3/2018
2013,BUFFRMFISHBM03,BUFFRMFish2013Jun19,main,4,R,PO,M,37.5,72,0.219999999,12,19.3,2,25,0,0,,12/3/2018
2013,BUFFRMFISHBM03,BUFFRMFish2013Jun19,main,5,L,GL,N/A,25.5,130,0.140000001,13,27.3,2,25,0,0,,12/3/2018
2013,BUFFRMFISHBM03,BUFFRMFish2013Jun19,main,5,M,GL,N/A,25.5,74,0.230000004,14,38.5,2,25,0,0,,12/3/2018
2013,BUFFRMFISHBM03,BUFFRMFish2013Jun19,main,5,R,GL,N/A,25.5,44,0.129999995,13,27.3,2,25,0,0,,12/3/2018
2013,BUFFRMFISHBM03,BUFFRMFish2013Jun19,main,6,L,GL,N/A,30,76,0.170000002,17,109,2,25,0,0,,12/3/2018
2013,BUFFRMFISHBM03,BUFFRMFish2013Jun19,main,6,M,GL,N/A,30,84,0.270000011,15,54.5,2,25,0,0,,12/3/2018
2013,BUFFRMFISHBM03,BUFFRMFish2013Jun19,main,6,R,GL,N/A,30,36,0.219999999,13,27.3,2,25,0,0,,12/3/2018
2013,BUFFRMFISHBM03,BUFFRMFish2013Jun19,main,7,L,PO,F,27.5,118,0.050000001,16,77,2,25,0,0,,12/3/2018
2013,BUFFRMFISHBM03,BUFFRMFish2013Jun19,main,7,M,PO,F,27.5,132,0.230000004,15,54.5,2,25,0,0,,12/3/2018
2013,BUFFRMFISHBM03,BUFFRMFish2013Jun19,main,7,R,PO,F,27.5,66,0.170000002,12,19.3,2,25,0,0,,12/3/2018
2013,BUFFRMFISHBM03,BUFFRMFish2013Jun19,main,8,L,PO,F,33.5,128,0.239999995,24,10000,0,0,0,0,,12/3/2018
2013,BUFFRMFISHBM03,BUFFRMFish2013Jun19,main,8,M,PO,F,33.5,148,0.100000001,24,10000,0,0,0,0,,12/3/2018
2013,BUFFRMFISHBM03,BUFFRMFish2013Jun19,main,8,R,PO,F,33.5,120,-0.129999995,3,0.1875,4,87.5,0,0,,12/3/2018
2013,BUFFRMFISHBM03,BUFFRMFish2013Jun19,main,9,L,PO,F,34,110,-0.100000001,24,10000,0,0,0,0,,12/3/2018
2013,BUFFRMFISHBM03,BUFFRMFish2013Jun19,main,9,M,PO,F,34,122,0.49000001,13,27.3,2,25,0,0,,12/3/2018
2013,BUFFRMFISHBM03,BUFFRMFish2013Jun19,main,9,R,PO,F,34,28,-0.029999999,11,13.65,2,25,0,0,,12/3/2018
2013,BUFFRMFISHBM03,BUFFRMFish2013Jun19,main,10,L,RU,N/A,49,94,0.02,14,38.5,3,57.5,0,0,,12/3/2018
2013,BUFFRMFISHBM03,BUFFRMFish2013Jun19,main,10,M,RU,N/A,49,36,0.340000004,14,38.5,2,25,0,0,,12/3/2018
2013,BUFFRMFISHBM03,BUFFRMFish2013Jun19,main,10,R,RU,N/A,49,38,0.170000002,13,27.3,2,25,0,0,,12/3/2018
2013,BUFFRMFISHBM03,BUFFRMFish2013Jun19,main,11,L,RU,N/A,49,54,0.119999997,16,77,2,25,0,0,,12/3/2018
2013,BUFFRMFISHBM03,BUFFRMFish2013Jun19,main,11,M,RU,N/A,49,56,0.129999995,11,13.65,2,25,0,0,,12/3/2018
2013,BUFFRMFISHBM03,BUFFRMFish2013Jun19,main,11,R,RU,N/A,49,82,0.109999999,2,0.0935,4,87.5,0,0,,12/3/2018
2013,BUFFRMFISHBM04,BUFFRMFish2013Jun17,main,1,L,RI,N/A,31.5,18,0.209999993,12,19.3,2,25,0,0,,12/3/2018
2013,BUFFRMFISHBM04,BUFFRMFish2013Jun17,main,1,M,RI,N/A,31.5,34,0.829999983,14,38.5,2,25,0,0,,12/3/2018
2013,BUFFRMFISHBM04,BUFFRMFish2013Jun17,main,1,R,RI,N/A,31.5,52,0.680000007,14,38.5,2,25,0,0,,12/3/2018
2013,BUFFRMFISHBM04,BUFFRMFish2013Jun17,main,2,L,RI,N/A,31,54,0.310000002,16,77,2,25,0,0,,12/3/2018
2013,BUFFRMFISHBM04,BUFFRMFish2013Jun17,main,2,M,RI,N/A,31,55,0.74000001,15,54.5,3,57.5,0,0,,12/3/2018
2013,BUFFRMFISHBM04,BUFFRMFish2013Jun17,main,2,R,RI,N/A,31,54,0.400000006,15,54.5,2,25,0,0,,12/3/2018
2013,BUFFRMFISHBM04,BUFFRMFish2013Jun17,main,3,L,GL,N/A,44.5,73,0.100000001,15,54.5,2,25,0,0,,12/3/2018
2013,BUFFRMFISHBM04,BUFFRMFish2013Jun17,main,3,M,GL,N/A,44.5,72,0.280000001,17,109,2,25,0,0,,12/3/2018
2013,BUFFRMFISHBM04,BUFFRMFish2013Jun17,main,3,R,GL,N/A,44.5,46,0.430000007,14,38.5,2,25,0,0,,12/3/2018
2013,BUFFRMFISHBM04,BUFFRMFish2013Jun17,main,4,L,RU,N/A,51,62,0.100000001,24,10000,0,0,0,0,,12/3/2018
2013,BUFFRMFISHBM04,BUFFRMFish2013Jun17,main,4,M,RU,N/A,51,72,0.129999995,13,27.3,2,25,0,0,,12/3/2018
2013,BUFFRMFISHBM04,BUFFRMFish2013Jun17,main,4,R,RU,N/A,51,108,0.209999993,10,9.65,2,25,0,0,,12/3/2018
2013,BUFFRMFISHBM04,BUFFRMFish2013Jun17,main,5,L,RU,N/A,52,50,0.270000011,15,54.5,2,25,0,0,,12/3/2018
2013,BUFFRMFISHBM04,BUFFRMFish2013Jun17,main,5,M,RU,N/A,52,78,0.109999999,12,19.3,2,25,0,0,,12/3/2018
2013,BUFFRMFISHBM04,BUFFRMFish2013Jun17,main,5,R,RU,N/A,52,102,0.219999999,24,10000,0,0,0,0,,12/3/2018
2013,BUFFRMFISHBM04,BUFFRMFish2013Jun17,main,6,L,RU,N/A,59.5,58,0.109999999,15,54.5,2,25,0,0,,12/3/2018
2013,BUFFRMFISHBM04,BUFFRMFish2013Jun17,main,6,M,RU,N/A,59.5,64,0.200000003,24,10000,0,0,0,0,,12/3/2018
2013,BUFFRMFISHBM04,BUFFRMFish2013Jun17,main,6,R,RU,N/A,59.5,90,0.200000003,24,10000,0,0,0,0,,12/3/2018
2013,BUFFRMFISHBM04,BUFFRMFish2013Jun17,main,7,L,RU,N/A,61,60,0.129999995,24,10000,0,0,0,0,,12/3/2018
2013,BUFFRMFISHBM04,BUFFRMFish2013Jun17,main,7,M,RU,N/A,61,46,0.209999993,14,38.5,2,25,0,0,,12/3/2018
2013,BUFFRMFISHBM04,BUFFRMFish2013Jun17,main,7,R,RU,N/A,61,68,0.25999999,24,10000,0,0,0,0,,12/3/2018
2013,BUFFRMFISHBM04,BUFFRMFish2013Jun17,main,8,L,RU,N/A,55.5,82,0.129999995,24,10000,0,0,0,0,,12/3/2018
2013,BUFFRMFISHBM04,BUFFRMFish2013Jun17,main,8,M,RU,N/A,55.5,68,0.230000004,24,10000,0,0,0,0,,12/3/2018
2013,BUFFRMFISHBM04,BUFFRMFish2013Jun17,main,8,R,RU,N/A,55.5,50,0.140000001,24,10000,0,0,1,5,,12/3/2018
2013,BUFFRMFISHBM04,BUFFRMFish2013Jun17,main,9,L,RU,N/A,52.5,109,0.200000003,24,10000,0,0,0,0,,12/3/2018
2013,BUFFRMFISHBM04,BUFFRMFish2013Jun17,main,9,M,RU,N/A,52.5,100,0.209999993,24,10000,0,0,0,0,,12/3/2018
2013,BUFFRMFISHBM04,BUFFRMFish2013Jun17,main,9,R,RU,N/A,52.5,48,0.01,13,27.3,2,25,0,0,,12/3/2018
2013,BUFFRMFISHBM04,BUFFRMFish2013Jun17,main,10,L,RU,N/A,60,120,0.150000006,24,10000,0,0,0,0,,12/3/2018
2013,BUFFRMFISHBM04,BUFFRMFish2013Jun17,main,10,M,RU,N/A,60,90,0.129999995,24,10000,0,0,0,0,,12/3/2018
2013,BUFFRMFISHBM04,BUFFRMFish2013Jun17,main,10,R,RU,N/A,60,52,0.02,24,10000,0,0,0,0,,12/3/2018
2013,BUFFRMFISHBM05,BUFFRMFish2013Jun18,main,1,L,RRX,N/A,52.5,8,0.050000001,13,27.3,2,25,0,0,,12/3/2018
2013,BUFFRMFISHBM05,BUFFRMFish2013Jun18,main,1,M,RRX,N/A,52.5,22,0.699999988,11,13.65,2,25,0,0,,12/3/2018
2013,BUFFRMFISHBM05,BUFFRMFish2013Jun18,main,1,R,RRX,N/A,52.5,60,0.49000001,11,13.65,2,25,2,25,,12/3/2018
2013,BUFFRMFISHBM05,BUFFRMFish2013Jun18,main,2,L,RU,N/A,47,23,0.330000013,11,13.65,2,25,0,0,,12/3/2018
2013,BUFFRMFISHBM05,BUFFRMFish2013Jun18,main,2,M,RU,N/A,47,74,0.400000006,12,19.3,2,25,0,0,,12/3/2018
2013,BUFFRMFISHBM05,BUFFRMFish2013Jun18,main,2,R,RU,N/A,47,74,0.430000007,13,27.3,2,25,0,0,,12/3/2018
2013,BUFFRMFISHBM05,BUFFRMFish2013Jun18,main,3,L,RU,N/A,54,68,0.140000001,11,13.65,2,25,0,0,,12/3/2018
2013,BUFFRMFISHBM05,BUFFRMFish2013Jun18,main,3,M,RU,N/A,54,98,0.180000007,3,0.1875,4,87.5,0,0,,12/3/2018
2013,BUFFRMFISHBM05,BUFFRMFish2013Jun18,main,3,R,RU,N/A,54,100,0.140000001,8,4.85,4,87.5,0,0,,12/3/2018
2013,BUFFRMFISHBM05,BUFFRMFish2013Jun18,main,4,L,PO,M,58,76,0.150000006,10,9.65,3,57.5,0,0,,12/3/2018
2013,BUFFRMFISHBM05,BUFFRMFish2013Jun18,main,4,M,PO,M,58,132,0.219999999,10,9.65,3,57.5,0,0,,12/3/2018
2013,BUFFRMFISHBM05,BUFFRMFish2013Jun18,main,4,R,PO,M,58,44,0.079999998,13,27.3,3,57.5,0,0,,12/3/2018
2013,BUFFRMFISHBM05,BUFFRMFish2013Jun18,main,5,L,PO,M,52,142,0.100000001,24,10000,0,0,0,0,,12/3/2018
2013,BUFFRMFISHBM05,BUFFRMFish2013Jun18,main,5,M,PO,M,52,164,0.170000002,24,10000,0,0,0,0,,12/3/2018
2013,BUFFRMFISHBM05,BUFFRMFish2013Jun18,main,5,R,PO,M,52,92,0.090000004,21,437,2,25,0,0,,12/3/2018
2013,BUFFRMFISHBM05,BUFFRMFish2013Jun18,main,6,L,PO,M,45,90,0.119999997,10,9.65,3,57.5,0,0,,12/3/2018
2013,BUFFRMFISHBM05,BUFFRMFish2013Jun18,main,6,M,PO,M,45,162,0.230000004,8,4.85,4,87.5,0,0,,12/3/2018
2013,BUFFRMFISHBM05,BUFFRMFish2013Jun18,main,6,R,PO,M,45,112,0.02,24,10000,0,0,0,0,,12/3/2018
2013,BUFFRMFISHBM05,BUFFRMFish2013Jun18,main,7,L,PO,M,38.5,136,0.140000001,15,54.5,2,25,0,0,,12/3/2018
2013,BUFFRMFISHBM05,BUFFRMFish2013Jun18,main,7,M,PO,M,38.5,144,0.319999993,24,10000,0,0,0,0,,12/3/2018
2013,BUFFRMFISHBM05,BUFFRMFish2013Jun18,main,7,R,PO,M,38.5,92,0.140000001,24,10000,0,0,0,0,,12/3/2018
2013,BUFFRMFISHBM05,BUFFRMFish2013Jun18,main,8,L,PO,M,34,90,-0.050000001,24,10000,0,0,0,0,,12/3/2018
2013,BUFFRMFISHBM05,BUFFRMFish2013Jun18,main,8,M,PO,M,34,174,0.310000002,24,10000,0,0,0,0,,12/3/2018
2013,BUFFRMFISHBM05,BUFFRMFish2013Jun18,main,8,R,PO,M,34,102,0.07,24,10000,0,0,2,25,,12/3/2018
2013,BUFFRMFISHBM05,BUFFRMFish2013Jun18,main,9,L,RU,N/A,30,104,0.289999992,15,54.5,2,25,0,0,,12/3/2018
2013,BUFFRMFISHBM05,BUFFRMFish2013Jun18,main,9,M,RU,N/A,30,144,0.349999994,22,768,2,25,0,0,,12/3/2018
2013,BUFFRMFISHBM05,BUFFRMFish2013Jun18,main,9,R,RU,N/A,30,138,-0.01,24,10000,0,0,0,0,,12/3/2018
2013,BUFFRMFISHBM05,BUFFRMFish2013Jun18,main,10,L,RU,N/A,27,102,0.180000007,17,109,2,25,0,0,,12/3/2018
2013,BUFFRMFISHBM05,BUFFRMFish2013Jun18,main,10,M,RU,N/A,27,130,0.519999981,13,27.3,2,25,0,0,,12/3/2018
2013,BUFFRMFISHBM05,BUFFRMFish2013Jun18,main,10,R,RU,N/A,27,72,-0.039999999,24,10000,0,0,1,5,,12/3/2018
2013,BUFFRMFISHBM05,BUFFRMFish2013Jun18,main,11,L,RU,N/A,28.5,48,-0.029999999,13,27.3,2,25,0,0,,12/3/2018
2013,BUFFRMFISHBM05,BUFFRMFish2013Jun18,main,11,M,RU,N/A,28.5,106,0.239999995,14,38.5,2,25,0,0,,12/3/2018
2013,BUFFRMFISHBM05,BUFFRMFish2013Jun18,main,11,R,RU,N/A,28.5,84,0.790000021,24,10000,0,0,0,0,,12/3/2018
2013,BUFFRMFISHBM06,BUFFRMFish2013Jun11,main,1,L,RI,N/A,66.5,32,0.560000002,13,27.3,2,25,0,0,,12/3/2018
2013,BUFFRMFISHBM06,BUFFRMFish2013Jun11,main,1,M,RI,N/A,66.5,34,0.810000002,12,19.3,2,25,0,0,,12/3/2018
2013,BUFFRMFISHBM06,BUFFRMFish2013Jun11,main,1,R,RI,N/A,66.5,58,0.680000007,13,27.3,2,25,0,0,,12/3/2018
2013,BUFFRMFISHBM06,BUFFRMFish2013Jun11,main,2,L,RU,N/A,70,54,0.579999983,11,13.65,2,25,0,0,,12/3/2018
2013,BUFFRMFISHBM06,BUFFRMFish2013Jun11,main,2,M,RU,N/A,70,72,0.620000005,13,27.3,2,25,0,0,,12/3/2018
2013,BUFFRMFISHBM06,BUFFRMFish2013Jun11,main,2,R,RU,N/A,70,86,0.409999996,13,27.3,2,25,0,0,,12/3/2018
2013,BUFFRMFISHBM06,BUFFRMFish2013Jun11,main,3,L,RU,N/A,70,78,0.469999999,11,13.65,3,57.5,0,0,,12/3/2018
2013,BUFFRMFISHBM06,BUFFRMFish2013Jun11,main,3,M,RU,N/A,70,84,0.439999998,11,13.65,2,25,0,0,,12/3/2018
2013,BUFFRMFISHBM06,BUFFRMFish2013Jun11,main,3,R,RU,N/A,70,96,0.25,15,54.5,2,25,0,0,,12/3/2018
2013,BUFFRMFISHBM06,BUFFRMFish2013Jun11,main,4,L,RU,N/A,64,120,0.430000007,7,3,3,57.5,0,0,,12/3/2018
2013,BUFFRMFISHBM06,BUFFRMFish2013Jun11,main,4,M,RU,N/A,64,86,0.529999971,13,27.3,2,25,0,0,,12/3/2018
2013,BUFFRMFISHBM06,BUFFRMFish2013Jun11,main,4,R,RU,N/A,64,92,0.25,15,54.5,2,25,0,0,,12/3/2018
2013,BUFFRMFISHBM06,BUFFRMFish2013Jun11,main,5,L,RU,N/A,61,38,0.449999988,10,9.65,3,57.5,0,0,,12/3/2018
2013,BUFFRMFISHBM06,BUFFRMFish2013Jun11,main,5,M,RU,N/A,61,60,0.680000007,12,19.3,2,25,0,0,,12/3/2018
2013,BUFFRMFISHBM06,BUFFRMFish2013Jun11,main,5,R,RU,N/A,61,80,0.569999993,14,38.5,2,25,0,0,,12/3/2018
2013,BUFFRMFISHBM06,BUFFRMFish2013Jun11,main,6,L,RU,N/A,60.5,38,0.340000004,5,0.75,4,87.5,0,0,,12/3/2018
2013,BUFFRMFISHBM06,BUFFRMFish2013Jun11,main,6,M,RU,N/A,60.5,70,0.629999995,13,27.3,2,25,0,0,,12/3/2018
2013,BUFFRMFISHBM06,BUFFRMFish2013Jun11,main,6,R,RU,N/A,60.5,98,0.610000014,15,54.5,2,25,0,0,,12/3/2018
2013,BUFFRMFISHBM06,BUFFRMFish2013Jun11,main,7,L,RU,N/A,43.5,56,0.460000008,13,27.3,2,25,0,0,,12/3/2018
2013,BUFFRMFISHBM06,BUFFRMFish2013Jun11,main,7,M,RU,N/A,43.5,90,0.730000019,14,38.5,2,25,0,0,,12/3/2018
2013,BUFFRMFISHBM06,BUFFRMFish2013Jun11,main,7,R,RU,N/A,43.5,122,0.699999988,15,54.5,2,25,0,0,,12/3/2018
2013,BUFFRMFISHBM06,BUFFRMFish2013Jun11,main,8,L,RU,N/A,47,48,0.07,3,0.1875,4,87.5,0,0,,12/3/2018
2013,BUFFRMFISHBM06,BUFFRMFish2013Jun11,main,8,M,RU,N/A,47,94,0.610000014,14,38.5,2,25,0,0,,12/3/2018
2013,BUFFRMFISHBM06,BUFFRMFish2013Jun11,main,8,R,RU,N/A,47,94,0.720000029,15,54.5,2,25,0,0,,12/3/2018
2013,BUFFRMFISHBM06,BUFFRMFish2013Jun11,main,9,L,RI,N/A,54,26,0.839999974,13,27.3,2,25,0,0,,12/3/2018
2013,BUFFRMFISHBM06,BUFFRMFish2013Jun11,main,9,M,RI,N/A,54,52,1.059999943,13,27.3,2,25,0,0,,12/3/2018
2013,BUFFRMFISHBM06,BUFFRMFish2013Jun11,main,9,R,RI,N/A,54,52,1.25,14,38.5,2,25,0,0,,12/3/2018
2013,BUFFRMFISHBM06,BUFFRMFish2013Jun11,main,10,L,RU,N/A,71,40,0.300000012,5,0.75,3,57.5,0,0,,12/3/2018
2013,BUFFRMFISHBM06,BUFFRMFish2013Jun11,main,10,M,RU,N/A,71,60,0.469999999,13,27.3,3,57.5,0,0,,12/3/2018
2013,BUFFRMFISHBM06,BUFFRMFish2013Jun11,main,10,R,RU,N/A,71,132,0.600000024,16,77,2,25,0,0,,12/3/2018
2013,BUFFRMFISHBM06,BUFFRMFish2013Jun11,main,11,L,PO,F,46,100,0.239999995,4,0.375,4,87.5,0,0,,12/3/2018
2013,BUFFRMFISHBM06,BUFFRMFish2013Jun11,main,11,M,PO,F,46,152,0.340000004,2,0.0935,4,87.5,0,0,,12/3/2018
2013,BUFFRMFISHBM06,BUFFRMFish2013Jun11,main,11,R,PO,F,46,190,0.479999989,24,10000,0,0,0,0,,12/3/2018
2013,BUFFRMFISHBT07,BUFFRMFish2013May21,main,1,L,RI,N/A,16.1,18,0.180000007,16,77,2,25,0,0,,12/3/2018
2013,BUFFRMFISHBT07,BUFFRMFish2013May21,main,1,M,RI,N/A,16.1,16,0.379999995,13,27.3,2,25,0,0,,12/3/2018
2013,BUFFRMFISHBT07,BUFFRMFish2013May21,main,1,R,RI,N/A,16.1,6,0.330000013,11,13.65,2,25,0,0,,12/3/2018
2013,BUFFRMFISHBT07,BUFFRMFish2013May21,main,2,L,RU,N/A,11.8,26,0.109999999,14,38.5,2,25,1,5,,12/3/2018
2013,BUFFRMFISHBT07,BUFFRMFish2013May21,main,2,M,RU,N/A,11.8,30,0.319999993,15,54.5,2,25,0,0,,12/3/2018
2013,BUFFRMFISHBT07,BUFFRMFish2013May21,main,2,R,RU,N/A,11.8,20,0.090000004,14,38.5,2,25,0,0,,12/3/2018
2013,BUFFRMFISHBT07,BUFFRMFish2013May21,main,3,L,RU,N/A,14.8,28,0.129999995,16,77,2,25,1,5,,12/3/2018
2013,BUFFRMFISHBT07,BUFFRMFish2013May21,main,3,M,RU,N/A,14.8,30,0.200000003,12,19.3,2,25,0,0,,12/3/2018
2013,BUFFRMFISHBT07,BUFFRMFish2013May21,main,3,R,RU,N/A,14.8,16,0.100000001,12,19.3,2,25,0,0,,12/3/2018
2013,BUFFRMFISHBT07,BUFFRMFish2013May21,main,4,L,RRX,N/A,14.7,12,0.150000006,14,38.5,2,25,3,57.5,,12/3/2018
2013,BUFFRMFISHBT07,BUFFRMFish2013May21,main,4,M,RRX,N/A,14.7,18,0.319999993,11,13.65,2,25,3,57.5,,12/3/2018
2013,BUFFRMFISHBT07,BUFFRMFish2013May21,main,4,R,RRX,N/A,14.7,26,0.029999999,12,19.3,2,25,4,87.5,,12/3/2018
2013,BUFFRMFISHBT07,BUFFRMFish2013May21,main,5,L,RI,N/A,13.7,14,0.239999995,14,38.5,2,25,3,57.5,,12/3/2018
2013,BUFFRMFISHBT07,BUFFRMFish2013May21,main,5,M,RI,N/A,13.7,14,0.280000001,14,38.5,2,25,4,87.5,,12/3/2018
2013,BUFFRMFISHBT07,BUFFRMFish2013May21,main,5,R,RI,N/A,13.7,16,0.280000001,12,19.3,2,25,4,87.5,,12/3/2018
2013,BUFFRMFISHBT07,BUFFRMFish2013May21,main,6,L,RU,N/A,12.1,46,0.170000002,15,54.5,2,25,0,0,,12/3/2018
2013,BUFFRMFISHBT07,BUFFRMFish2013May21,main,6,M,RU,N/A,12.1,22,0.170000002,10,9.65,2,25,0,0,,12/3/2018
2013,BUFFRMFISHBT07,BUFFRMFish2013May21,main,6,R,RU,N/A,12.1,10,0.02,13,27.3,2,25,1,5,,12/3/2018
2013,BUFFRMFISHBT07,BUFFRMFish2013May21,main,7,L,RU,N/A,11.7,22,0.25999999,12,19.3,2,25,0,0,,12/3/2018
2013,BUFFRMFISHBT07,BUFFRMFish2013May21,main,7,M,RU,N/A,11.7,26,0.170000002,12,19.3,2,25,0,0,,12/3/2018
2013,BUFFRMFISHBT07,BUFFRMFish2013May21,main,7,R,RU,N/A,11.7,30,0.129999995,12,19.3,2,25,0,0,,12/3/2018
2013,BUFFRMFISHBT07,BUFFRMFish2013May21,main,8,L,RU,N/A,11.3,38,0.140000001,12,19.3,2,25,2,25,,12/3/2018
2013,BUFFRMFISHBT07,BUFFRMFish2013May21,main,8,M,RU,N/A,11.3,32,0.180000007,14,38.5,2,25,1,5,,12/3/2018
2013,BUFFRMFISHBT07,BUFFRMFish2013May21,main,8,R,RU,N/A,11.3,14,0.109999999,12,19.3,2,25,0,0,,12/3/2018
2013,BUFFRMFISHBT07,BUFFRMFish2013May21,main,9,L,RU,N/A,11.8,12,0.200000003,10,9.65,2,25,1,5,,12/3/2018
2013,BUFFRMFISHBT07,BUFFRMFish2013May21,main,9,M,RU,N/A,11.8,16,0.219999999,13,27.3,2,25,0,0,,12/3/2018
2013,BUFFRMFISHBT07,BUFFRMFish2013May21,main,9,R,RU,N/A,11.8,31,0.379999995,13,27.3,2,25,0,0,,12/3/2018
2013,BUFFRMFISHBT07,BUFFRMFish2013May21,main,10,L,RU,N/A,7.7,38,0.360000014,12,19.3,2,25,4,87.5,,12/3/2018
2013,BUFFRMFISHBT07,BUFFRMFish2013May21,main,10,M,RU,N/A,7.7,41,0.270000011,11,13.65,2,25,1,5,,12/3/2018
2013,BUFFRMFISHBT07,BUFFRMFish2013May21,main,10,R,RU,N/A,7.7,33,0.050000001,16,77,2,25,1,5,,12/3/2018
2013,BUFFRMFISHBT07,BUFFRMFish2013May21,main,11,L,RU,N/A,11.7,26,0.280000001,15,54.5,2,25,1,5,,12/3/2018
2013,BUFFRMFISHBT07,BUFFRMFish2013May21,main,11,M,RU,N/A,11.7,42,0.25,12,19.3,2,25,0,0,,12/3/2018
2013,BUFFRMFISHBT07,BUFFRMFish2013May21,main,11,R,RU,N/A,11.7,15,0.289999992,13,27.3,2,25,0,0,,12/3/2018
2013,BUFFRMFISHBT15,BUFFRMFish2013May20,main,1,L,RI,N/A,6.6,26,0.439999998,11,13.65,3,57.5,4,87.5,Only wetted width - islands excluded,12/3/2018
2013,BUFFRMFISHBT15,BUFFRMFish2013May20,main,1,M,RI,N/A,6.6,9,0.219999999,14,38.5,2,25,4,87.5,,12/3/2018
2013,BUFFRMFISHBT15,BUFFRMFish2013May20,main,1,R,RI,N/A,6.6,4,0.07,11,13.65,3,57.5,4,87.5,,12/3/2018
2013,BUFFRMFISHBT15,BUFFRMFish2013May20,main,2,L,RU,N/A,9.8,33,0.079999998,11,13.65,3,57.5,4,87.5,,12/3/2018
2013,BUFFRMFISHBT15,BUFFRMFish2013May20,main,2,M,RU,N/A,9.8,20,0.090000004,11,13.65,3,57.5,4,87.5,,12/3/2018
2013,BUFFRMFISHBT15,BUFFRMFish2013May20,main,2,R,RU,N/A,9.8,11,0.07,8,4.85,4,87.5,4,87.5,,12/3/2018
2013,BUFFRMFISHBT15,BUFFRMFish2013May20,main,3,L,RU,N/A,5.4,44,-0.01,11,13.65,3,57.5,0,0,,12/3/2018
2013,BUFFRMFISHBT15,BUFFRMFish2013May20,main,3,M,RU,N/A,5.4,21,0.180000007,11,13.65,3,57.5,0,0,,12/3/2018
2013,BUFFRMFISHBT15,BUFFRMFish2013May20,main,3,R,RU,N/A,5.4,14,0.180000007,11,13.65,3,57.5,0,0,,12/3/2018
2013,BUFFRMFISHBT15,BUFFRMFish2013May20,main,4,L,RI,N/A,4,14,0.620000005,12,19.3,2,25,0,0,,12/3/2018
2013,BUFFRMFISHBT15,BUFFRMFish2013May20,main,4,M,RI,N/A,4,4,0.050000001,11,13.65,2,25,0,0,,12/3/2018
2013,BUFFRMFISHBT15,BUFFRMFish2013May20,main,4,R,RI,N/A,4,4,0.519999981,13,27.3,2,25,0,0,,12/3/2018
2013,BUFFRMFISHBT15,BUFFRMFish2013May20,main,5,L,RU,N/A,7.2,8,0,10,9.65,2,25,0,0,,12/3/2018
2013,BUFFRMFISHBT15,BUFFRMFish2013May20,main,5,M,RU,N/A,7.2,2,0.059999999,13,27.3,2,25,0,0,,12/3/2018
2013,BUFFRMFISHBT15,BUFFRMFish2013May20,main,5,R,RU,N/A,7.2,25,0.170000002,11,13.65,2,25,0,0,,12/3/2018
2013,BUFFRMFISHBT15,BUFFRMFish2013May20,main,6,L,RU,N/A,5.1,16,0.029999999,13,27.3,2,25,0,0,,12/3/2018
2013,BUFFRMFISHBT15,BUFFRMFish2013May20,main,6,M,RU,N/A,5.1,30,0.25,13,27.3,2,25,4,87.5,,12/3/2018
2013,BUFFRMFISHBT15,BUFFRMFish2013May20,main,6,R,RU,N/A,5.1,24,0.180000007,14,38.5,2,25,4,87.5,,12/3/2018
2013,BUFFRMFISHBT15,BUFFRMFish2013May20,main,7,L,RI,N/A,4.5,9,0.430000007,12,19.3,2,25,3,57.5,,12/3/2018
2013,BUFFRMFISHBT15,BUFFRMFish2013May20,main,7,M,RI,N/A,4.5,10,0.479999989,13,27.3,2,25,3,57.5,,12/3/2018
2013,BUFFRMFISHBT15,BUFFRMFish2013May20,main,7,R,RI,N/A,4.5,14,0.330000013,13,27.3,2,25,4,87.5,,12/3/2018
2013,BUFFRMFISHBT15,BUFFRMFish2013May20,main,8,L,RI,N/A,12,6,0.319999993,11,13.65,2,25,4,87.5,,12/3/2018
2013,BUFFRMFISHBT15,BUFFRMFish2013May20,main,8,M,RI,N/A,12,7,0.140000001,12,19.3,2,25,0,0,,12/3/2018
2013,BUFFRMFISHBT15,BUFFRMFish2013May20,main,8,R,RI,N/A,12,10,0.519999981,14,38.5,2,25,0,0,,12/3/2018
2013,BUFFRMFISHBT15,BUFFRMFish2013May20,main,9,L,RRX,N/A,15.1,10,0.209999993,12,19.3,2,25,4,87.5,,12/3/2018
2013,BUFFRMFISHBT15,BUFFRMFish2013May20,main,9,M,RRX,N/A,15.1,7,0.02,13,27.3,2,25,4,87.5,,12/3/2018
2013,BUFFRMFISHBT15,BUFFRMFish2013May20,main,9,R,RRX,N/A,15.1,6,0.090000004,11,13.65,2,25,0,0,,12/3/2018
2013,BUFFRMFISHBT15,BUFFRMFish2013May20,main,10,L,RI,N/A,14.2,7,0.170000002,13,27.3,2,25,4,87.5,,12/3/2018
2013,BUFFRMFISHBT15,BUFFRMFish2013May20,main,10,M,RI,N/A,14.2,10,0.170000002,12,19.3,2,25,0,0,,12/3/2018
2013,BUFFRMFISHBT15,BUFFRMFish2013May20,main,10,R,RI,N/A,14.2,6,0.050000001,13,27.3,2,25,4,87.5,,12/3/2018
2013,BUFFRMFISHBT15,BUFFRMFish2013May20,main,11,L,RU,N/A,13.7,8,0.119999997,10,9.65,2,25,4,87.5,,12/3/2018
2013,BUFFRMFISHBT15,BUFFRMFish2013May20,main,11,M,RU,N/A,13.7,8,0.209999993,12,19.3,2,25,4,87.5,,12/3/2018
2013,BUFFRMFISHBT15,BUFFRMFish2013May20,main,11,R,RU,N/A,13.7,10,0.01,10,9.65,2,25,4,87.5,,12/3/2018
2013,BUFFRMFISHBT19,BUFFRMFish2013Jun06,main,1,L,PO,L,10.8,103,0.239999995,15,54.5,1,5,3,57.5,,12/3/2018
2013,BUFFRMFISHBT19,BUFFRMFish2013Jun06,main,1,M,PO,L,10.8,90,0.360000014,13,27.3,2,25,0,0,,12/3/2018
2013,BUFFRMFISHBT19,BUFFRMFish2013Jun06,main,1,R,PO,L,10.8,54,0.159999996,12,19.3,2,25,0,0,,12/3/2018
2013,BUFFRMFISHBT19,BUFFRMFish2013Jun06,main,2,L,PO,M,11.3,70,0.280000001,24,10000,0,0,4,87.5,,12/3/2018
2013,BUFFRMFISHBT19,BUFFRMFish2013Jun06,main,2,M,PO,M,11.3,96,0.25,24,10000,0,0,0,0,,12/3/2018
2013,BUFFRMFISHBT19,BUFFRMFish2013Jun06,main,2,R,PO,M,11.3,52,0.159999996,13,27.3,2,25,0,0,,12/3/2018
2013,BUFFRMFISHBT19,BUFFRMFish2013Jun06,main,3,L,PO,M,11.3,60,0.25,24,10000,0,0,4,87.5,,12/3/2018
2013,BUFFRMFISHBT19,BUFFRMFish2013Jun06,main,3,M,PO,M,11.3,92,0.289999992,24,10000,0,0,3,57.5,,12/3/2018
2013,BUFFRMFISHBT19,BUFFRMFish2013Jun06,main,3,R,PO,M,11.3,91,0.129999995,11,13.65,3,57.5,0,0,,12/3/2018
2013,BUFFRMFISHBT19,BUFFRMFish2013Jun06,main,4,L,PO,M,13.3,70,-0.039999999,9,6.85,4,87.5,2,25,,12/3/2018
2013,BUFFRMFISHBT19,BUFFRMFish2013Jun06,main,4,M,PO,M,13.3,89,0.330000013,13,27.3,2,25,0,0,,12/3/2018
2013,BUFFRMFISHBT19,BUFFRMFish2013Jun06,main,4,R,PO,M,13.3,20,0.029999999,11,13.65,2,25,0,0,,12/3/2018
2013,BUFFRMFISHBT19,BUFFRMFish2013Jun06,main,5,L,RU,N/A,10.5,64,0.340000004,14,38.5,2,25,2,25,,12/3/2018
2013,BUFFRMFISHBT19,BUFFRMFish2013Jun06,main,5,M,RU,N/A,10.5,42,0.419999987,12,19.3,2,25,1,5,,12/3/2018
2013,BUFFRMFISHBT19,BUFFRMFish2013Jun06,main,5,R,RU,N/A,10.5,16,0.230000004,12,19.3,2,25,0,0,,12/3/2018
2013,BUFFRMFISHBT19,BUFFRMFish2013Jun06,main,6,L,RU,N/A,11.2,60,0.469999999,12,19.3,2,25,0,0,,12/3/2018
2013,BUFFRMFISHBT19,BUFFRMFish2013Jun06,main,6,M,RU,N/A,11.2,47,0.200000003,13,27.3,2,25,0,0,,12/3/2018
2013,BUFFRMFISHBT19,BUFFRMFish2013Jun06,main,6,R,RU,N/A,11.2,18,0.090000004,12,19.3,2,25,0,0,,12/3/2018
2013,BUFFRMFISHBT19,BUFFRMFish2013Jun06,main,7,L,RU,N/A,12.3,70,0.639999986,13,27.3,2,25,0,0,,12/3/2018
2013,BUFFRMFISHBT19,BUFFRMFish2013Jun06,main,7,M,RU,N/A,12.3,87,0.180000007,12,19.3,2,25,0,0,,12/3/2018
2013,BUFFRMFISHBT19,BUFFRMFish2013Jun06,main,7,R,RU,N/A,12.3,28,-0.07,13,27.3,2,25,4,87.5,,12/3/2018
2013,BUFFRMFISHBT19,BUFFRMFish2013Jun06,main,8,L,RU,N/A,6.8,60,0.610000014,13,27.3,2,25,0,0,,12/3/2018
2013,BUFFRMFISHBT19,BUFFRMFish2013Jun06,main,8,M,RU,N/A,6.8,62,0.910000026,13,27.3,2,25,0,0,,12/3/2018
2013,BUFFRMFISHBT19,BUFFRMFish2013Jun06,main,8,R,RU,N/A,6.8,13,-0.090000004,12,19.3,2,25,0,0,,12/3/2018
2013,BUFFRMFISHBT19,BUFFRMFish2013Jun06,main,9,L,RI,N/A,11.5,26,0.50999999,14,38.5,2,25,0,0,,12/3/2018
2013,BUFFRMFISHBT19,BUFFRMFish2013Jun06,main,9,M,RI,N/A,11.5,16,1.100000024,12,19.3,2,25,0,0,,12/3/2018
2013,BUFFRMFISHBT19,BUFFRMFish2013Jun06,main,9,R,RI,N/A,11.5,28,1.429999948,13,27.3,2,25,1,5,,12/3/2018
2013,BUFFRMFISHBT19,BUFFRMFish2013Jun06,main,10,L,RI,N/A,17.5,27,0.50999999,12,19.3,2,25,0,0,,12/3/2018
2013,BUFFRMFISHBT19,BUFFRMFish2013Jun06,main,10,M,RI,N/A,17.5,12,0.360000014,12,19.3,2,25,0,0,,12/3/2018
2013,BUFFRMFISHBT19,BUFFRMFish2013Jun06,main,10,R,RI,N/A,17.5,71,0.330000013,14,38.5,2,25,1,5,,12/3/2018
2013,BUFFRMFISHBT19,BUFFRMFish2013Jun06,main,11,L,GL,N/A,17.3,19,0.219999999,11,13.65,3,57.5,0,0,,12/3/2018
2013,BUFFRMFISHBT19,BUFFRMFish2013Jun06,main,11,M,GL,N/A,17.3,36,0.25,12,19.3,2,25,0,0,,12/3/2018
2013,BUFFRMFISHBT19,BUFFRMFish2013Jun06,main,11,R,GL,N/A,17.3,48,0.219999999,12,19.3,2,25,0,0,,12/3/2018
2013,BUFFRMFISHBT20,BUFFRMFish2013Jun10,main,1,L,RI,N/A,18,20,0.670000017,12,19.3,2,25,0,0,,12/3/2018
2013,BUFFRMFISHBT20,BUFFRMFish2013Jun10,main,1,M,RI,N/A,18,22,0.829999983,13,27.3,2,25,1,5,,12/3/2018
2013,BUFFRMFISHBT20,BUFFRMFish2013Jun10,main,1,R,RI,N/A,18,26,0.790000021,12,19.3,2,25,1,5,,12/3/2018
2013,BUFFRMFISHBT20,BUFFRMFish2013Jun10,main,2,L,RI,N/A,23,26,0.379999995,12,19.3,2,25,0,0,,12/3/2018
2013,BUFFRMFISHBT20,BUFFRMFish2013Jun10,main,2,M,RI,N/A,23,50,0.280000001,12,19.3,2,25,0,0,,12/3/2018
2013,BUFFRMFISHBT20,BUFFRMFish2013Jun10,main,2,R,RI,N/A,23,28,0.100000001,14,38.5,3,57.5,0,0,,12/3/2018
2013,BUFFRMFISHBT20,BUFFRMFish2013Jun10,main,3,L,RU,N/A,22,22,0.01,13,27.3,3,57.5,0,0,,12/3/2018
2013,BUFFRMFISHBT20,BUFFRMFish2013Jun10,main,3,M,RU,N/A,22,32,0.439999998,14,38.5,2,25,1,5,,12/3/2018
2013,BUFFRMFISHBT20,BUFFRMFish2013Jun10,main,3,R,RU,N/A,22,88,0.460000008,24,10000,0,0,3,57.5,,12/3/2018
2013,BUFFRMFISHBT20,BUFFRMFish2013Jun10,main,4,L,RU,N/A,20,42,0.170000002,11,13.65,4,87.5,3,57.5,,12/3/2018
2013,BUFFRMFISHBT20,BUFFRMFish2013Jun10,main,4,M,RU,N/A,20,48,0.300000012,14,38.5,2,25,0,0,,12/3/2018
2013,BUFFRMFISHBT20,BUFFRMFish2013Jun10,main,4,R,RU,N/A,20,68,0.090000004,17,109,3,57.5,2,25,,12/3/2018
2013,BUFFRMFISHBT20,BUFFRMFish2013Jun10,main,5,L,RI,N/A,18,18,0.860000014,11,13.65,2,25,0,0,,12/3/2018
2013,BUFFRMFISHBT20,BUFFRMFish2013Jun10,main,5,M,RI,N/A,18,22,0.569999993,12,19.3,2,25,0,0,,12/3/2018
2013,BUFFRMFISHBT20,BUFFRMFish2013Jun10,main,5,R,RI,N/A,18,40,0.219999999,14,38.5,2,25,1,5,,12/3/2018
2013,BUFFRMFISHBT20,BUFFRMFish2013Jun10,main,6,L,RU,N/A,26,10,0.310000002,12,19.3,2,25,0,0,,12/3/2018
2013,BUFFRMFISHBT20,BUFFRMFish2013Jun10,main,6,M,RU,N/A,26,26,0.430000007,12,19.3,2,25,0,0,,12/3/2018
2013,BUFFRMFISHBT20,BUFFRMFish2013Jun10,main,6,R,RU,N/A,26,46,0.129999995,24,10000,0,0,1,5,,12/3/2018
2013,BUFFRMFISHBT20,BUFFRMFish2013Jun10,main,7,L,RU,N/A,23.5,32,0.039999999,11,13.65,4,87.5,4,87.5,,12/3/2018
2013,BUFFRMFISHBT20,BUFFRMFish2013Jun10,main,7,M,RU,N/A,23.5,48,0.360000014,12,19.3,2,25,1,5,,12/3/2018
2013,BUFFRMFISHBT20,BUFFRMFish2013Jun10,main,7,R,RU,N/A,23.5,44,0.119999997,15,54.5,3,57.5,0,0,,12/3/2018
2013,BUFFRMFISHBT20,BUFFRMFish2013Jun10,main,8,L,RI,N/A,14.5,28,0.610000014,15,54.5,2,25,0,0,,12/3/2018
2013,BUFFRMFISHBT20,BUFFRMFish2013Jun10,main,8,M,RI,N/A,14.5,32,1.169999957,14,38.5,2,25,0,0,,12/3/2018
2013,BUFFRMFISHBT20,BUFFRMFish2013Jun10,main,8,R,RI,N/A,14.5,22,1.110000014,16,77,3,57.5,1,5,,12/3/2018
2013,BUFFRMFISHBT20,BUFFRMFish2013Jun10,main,9,L,RI,N/A,11.5,28,0.200000003,15,54.5,2,25,0,0,,12/3/2018
2013,BUFFRMFISHBT20,BUFFRMFish2013Jun10,main,9,M,RI,N/A,11.5,38,1.299999952,17,109,2,25,0,0,,12/3/2018
2013,BUFFRMFISHBT20,BUFFRMFish2013Jun10,main,9,R,RI,N/A,11.5,44,0.180000007,17,109,2,25,0,0,,12/3/2018
2013,BUFFRMFISHBT20,BUFFRMFish2013Jun10,main,10,L,RU,N/A,19.5,52,0.300000012,15,54.5,3,57.5,0,0,,12/3/2018
2013,BUFFRMFISHBT20,BUFFRMFish2013Jun10,main,10,M,RU,N/A,19.5,34,0.230000004,16,77,3,57.5,0,0,,12/3/2018
2013,BUFFRMFISHBT20,BUFFRMFish2013Jun10,main,10,R,RU,N/A,19.5,42,0.150000006,16,77,2,25,0,0,,12/3/2018
2013,BUFFRMFISHBT20,BUFFRMFish2013Jun10,main,11,L,RRX,N/A,17.5,20,0.400000006,16,77,2,25,0,0,,12/3/2018
2013,BUFFRMFISHBT20,BUFFRMFish2013Jun10,main,11,M,RRX,N/A,17.5,16,0.059999999,17,109,3,57.5,0,0,,12/3/2018
2013,BUFFRMFISHBT20,BUFFRMFish2013Jun10,main,11,R,RRX,N/A,17.5,52,0.689999998,16,77,2,25,1,5,,12/3/2018
2013,BUFFRMFISHBT27,BUFFRMFish2013May20,main,1,L,RI,N/A,14.5,10,0.170000002,13,27.3,2,25,0,0,,12/3/2018
2013,BUFFRMFISHBT27,BUFFRMFish2013May20,main,1,M,RI,N/A,14.5,14,0.289999992,11,13.65,2,25,0,0,,12/3/2018
2013,BUFFRMFISHBT27,BUFFRMFish2013May20,main,1,R,RI,N/A,14.5,8,0.200000003,12,19.3,2,25,0,0,,12/3/2018
2013,BUFFRMFISHBT27,BUFFRMFish2013May20,main,2,L,GL,N/A,18.9,9,0.029999999,10,9.65,4,87.5,0,0,,12/3/2018
2013,BUFFRMFISHBT27,BUFFRMFish2013May20,main,2,M,GL,N/A,18.9,20,0.140000001,11,13.65,3,57.5,0,0,,12/3/2018
2013,BUFFRMFISHBT27,BUFFRMFish2013May20,main,2,R,GL,N/A,18.9,18,0.090000004,12,19.3,3,57.5,0,0,,12/3/2018
2013,BUFFRMFISHBT27,BUFFRMFish2013May20,main,3,L,RU,N/A,11.4,30,0.159999996,16,77,3,57.5,0,0,,12/3/2018
2013,BUFFRMFISHBT27,BUFFRMFish2013May20,main,3,M,RU,N/A,11.4,30,0.07,12,19.3,3,57.5,3,57.5,,12/3/2018
2013,BUFFRMFISHBT27,BUFFRMFish2013May20,main,3,R,RU,N/A,11.4,26,0.100000001,10,9.65,3,57.5,4,87.5,,12/3/2018
2013,BUFFRMFISHBT27,BUFFRMFish2013May20,main,4,L,RU,N/A,14.5,34,0.230000004,12,19.3,2,25,0,0,,12/3/2018
2013,BUFFRMFISHBT27,BUFFRMFish2013May20,main,4,M,RU,N/A,14.5,14,0.109999999,12,19.3,3,57.5,0,0,,12/3/2018
2013,BUFFRMFISHBT27,BUFFRMFish2013May20,main,4,R,RU,N/A,14.5,8,-0.02,4,0.375,4,87.5,1,5,,12/3/2018
2013,BUFFRMFISHBT27,BUFFRMFish2013May20,main,5,L,RU,N/A,15.6,23,0.150000006,14,38.5,3,57.5,0,0,,12/3/2018
2013,BUFFRMFISHBT27,BUFFRMFish2013May20,main,5,M,RU,N/A,15.6,10,0.090000004,11,13.65,3,57.5,0,0,,12/3/2018
2013,BUFFRMFISHBT27,BUFFRMFish2013May20,main,5,R,RU,N/A,15.6,8,0.01,4,0.375,4,87.5,0,0,,12/3/2018
2013,BUFFRMFISHBT27,BUFFRMFish2013May20,main,6,L,RU,N/A,14.5,26,0.170000002,24,10000,0,0,0,0,,12/3/2018
2013,BUFFRMFISHBT27,BUFFRMFish2013May20,main,6,M,RU,N/A,14.5,20,0.140000001,11,13.65,4,87.5,0,0,,12/3/2018
2013,BUFFRMFISHBT27,BUFFRMFish2013May20,main,6,R,RU,N/A,14.5,10,0.02,2,0.0935,4,87.5,0,0,,12/3/2018
2013,BUFFRMFISHBT27,BUFFRMFish2013May20,main,7,L,RU,N/A,10.8,42,0.07,24,10000,0,0,1,5,,12/3/2018
2013,BUFFRMFISHBT27,BUFFRMFish2013May20,main,7,M,RU,N/A,10.8,25,0.479999989,12,19.3,2,25,0,0,,12/3/2018
2013,BUFFRMFISHBT27,BUFFRMFish2013May20,main,7,R,RU,N/A,10.8,10,0.07,12,19.3,3,57.5,0,0,,12/3/2018
2013,BUFFRMFISHBT27,BUFFRMFish2013May20,main,8,L,RU,N/A,9.7,14,0.129999995,16,77,2,25,0,0,,12/3/2018
2013,BUFFRMFISHBT27,BUFFRMFish2013May20,main,8,M,RU,N/A,9.7,10,0.280000001,11,13.65,2,25,1,5,,12/3/2018
2013,BUFFRMFISHBT27,BUFFRMFish2013May20,main,8,R,RU,N/A,9.7,16,0.579999983,13,27.3,2,25,3,57.5,,12/3/2018
2013,BUFFRMFISHBT27,BUFFRMFish2013May20,main,9,L,RU,N/A,12.1,40,0.029999999,15,54.5,3,57.5,0,0,,12/3/2018
2013,BUFFRMFISHBT27,BUFFRMFish2013May20,main,9,M,RU,N/A,12.1,58,0.109999999,24,10000,0,0,0,0,,12/3/2018
2013,BUFFRMFISHBT27,BUFFRMFish2013May20,main,9,R,RU,N/A,12.1,56,-0.07,24,10000,0,0,0,0,,12/3/2018
2013,BUFFRMFISHBT27,BUFFRMFish2013May20,main,10,L,RI,N/A,10.6,12,0.419999987,11,13.65,2,25,0,0,,12/3/2018
2013,BUFFRMFISHBT27,BUFFRMFish2013May20,main,10,M,RI,N/A,10.6,15,0.460000008,24,10000,0,0,0,0,,12/3/2018
2013,BUFFRMFISHBT27,BUFFRMFish2013May20,main,10,R,RI,N/A,10.6,7,0.129999995,24,10000,0,0,0,0,,12/3/2018
2013,BUFFRMFISHBT27,BUFFRMFish2013May20,main,11,L,RU,N/A,9.3,50,-0.050000001,5,0.75,4,87.5,0,0,,12/3/2018
2013,BUFFRMFISHBT27,BUFFRMFish2013May20,main,11,M,RU,N/A,9.3,44,0.270000011,24,10000,0,0,0,0,,12/3/2018
2013,BUFFRMFISHBT27,BUFFRMFish2013May20,main,11,R,RU,N/A,9.3,14,-0.050000001,24,10000,0,0,1,5,,12/3/2018
2013,BUFFRMFISHBT30,BUFFRMFish2013Jun12,main,1,L,RI,N/A,2.5,4,0.140000001,15,54.5,2,25,3,57.5,,12/3/2018
2013,BUFFRMFISHBT30,BUFFRMFish2013Jun12,main,1,M,RI,N/A,2.5,9,0.090000004,12,19.3,2,25,3,57.5,,12/3/2018
2013,BUFFRMFISHBT30,BUFFRMFish2013Jun12,main,1,R,RI,N/A,2.5,20,0.479999989,11,13.65,3,57.5,3,57.5,,12/3/2018
2013,BUFFRMFISHBT30,BUFFRMFish2013Jun12,main,2,L,RU,N/A,6.6,2,0,11,13.65,2,25,4,87.5,,12/3/2018
2013,BUFFRMFISHBT30,BUFFRMFish2013Jun12,main,2,M,RU,N/A,6.6,12,0.219999999,12,19.3,2,25,0,0,,12/3/2018
2013,BUFFRMFISHBT30,BUFFRMFish2013Jun12,main,2,R,RU,N/A,6.6,8,0.409999996,11,13.65,2,25,1,5,,12/3/2018
2013,BUFFRMFISHBT30,BUFFRMFish2013Jun12,main,3,L,RU,N/A,6.4,10,0.050000001,21,437,3,57.5,4,87.5,,12/3/2018
2013,BUFFRMFISHBT30,BUFFRMFish2013Jun12,main,3,M,RU,N/A,6.4,40,0.090000004,16,77,3,57.5,4,87.5,,12/3/2018
2013,BUFFRMFISHBT30,BUFFRMFish2013Jun12,main,3,R,RU,N/A,6.4,23,0,10,9.65,3,57.5,4,87.5,,12/3/2018
2013,BUFFRMFISHBT30,BUFFRMFish2013Jun12,main,4,L,RU,N/A,5.9,6,0.050000001,12,19.3,2,25,0,0,,12/3/2018
2013,BUFFRMFISHBT30,BUFFRMFish2013Jun12,main,4,M,RU,N/A,5.9,4,0.109999999,12,19.3,2,25,0,0,,12/3/2018
2013,BUFFRMFISHBT30,BUFFRMFish2013Jun12,main,4,R,RU,N/A,5.9,13,0.129999995,24,10000,0,0,2,25,,12/3/2018
2013,BUFFRMFISHBT30,BUFFRMFish2013Jun12,main,5,L,RU,N/A,4.6,31,0.059999999,13,27.3,3,57.5,4,87.5,,12/3/2018
2013,BUFFRMFISHBT30,BUFFRMFish2013Jun12,main,5,M,RU,N/A,4.6,21,0.109999999,15,54.5,2,25,4,87.5,,12/3/2018
2013,BUFFRMFISHBT30,BUFFRMFish2013Jun12,main,5,R,RU,N/A,4.6,4,0,10,9.65,3,57.5,0,0,,12/3/2018
2013,BUFFRMFISHBT30,BUFFRMFish2013Jun12,main,6,L,RU,N/A,6.6,12,0.170000002,14,38.5,3,57.5,4,87.5,,12/3/2018
2013,BUFFRMFISHBT30,BUFFRMFish2013Jun12,main,6,M,RU,N/A,6.6,11,0.330000013,14,38.5,2,25,4,87.5,,12/3/2018
2013,BUFFRMFISHBT30,BUFFRMFish2013Jun12,main,6,R,RU,N/A,6.6,16,0.01,24,10000,0,0,0,0,,12/3/2018
2013,BUFFRMFISHBT30,BUFFRMFish2013Jun12,main,7,L,RI,N/A,3.2,9,0.25,14,38.5,2,25,0,0,,12/3/2018
2013,BUFFRMFISHBT30,BUFFRMFish2013Jun12,main,7,M,RI,N/A,3.2,6,0.219999999,13,27.3,2,25,0,0,,12/3/2018
2013,BUFFRMFISHBT30,BUFFRMFish2013Jun12,main,7,R,RI,N/A,3.2,4,0,24,10000,0,0,1,5,,12/3/2018
2013,BUFFRMFISHBT30,BUFFRMFish2013Jun12,main,8,L,PO,F,9.3,64,0,8,4.85,4,87.5,0,0,,12/3/2018
2013,BUFFRMFISHBT30,BUFFRMFish2013Jun12,main,8,M,PO,F,9.3,102,-0.01,24,10000,0,0,0,0,,12/3/2018
2013,BUFFRMFISHBT30,BUFFRMFish2013Jun12,main,8,R,PO,F,9.3,111,-0.01,24,10000,0,0,0,0,,12/3/2018
2013,BUFFRMFISHBT30,BUFFRMFish2013Jun12,main,9,L,PO,F,4.4,28,-0.02,11,13.65,3,57.5,1,5,,12/3/2018
2013,BUFFRMFISHBT30,BUFFRMFish2013Jun12,main,9,M,PO,F,4.4,74,0.01,13,27.3,2,25,3,57.5,,12/3/2018
2013,BUFFRMFISHBT30,BUFFRMFish2013Jun12,main,9,R,PO,F,4.4,89,0.029999999,11,13.65,2,25,4,87.5,,12/3/2018
2013,BUFFRMFISHBT30,BUFFRMFish2013Jun12,main,10,L,RI,N/A,11.1,6,0.159999996,13,27.3,2,25,4,87.5,,12/3/2018
2013,BUFFRMFISHBT30,BUFFRMFish2013Jun12,main,10,M,RI,N/A,11.1,10,0.300000012,14,38.5,2,25,2,25,,12/3/2018
2013,BUFFRMFISHBT30,BUFFRMFish2013Jun12,main,10,R,RI,N/A,11.1,6,0.200000003,14,38.5,2,25,2,25,,12/3/2018
2013,BUFFRMFISHBT30,BUFFRMFish2013Jun12,main,11,L,RU,N/A,10.7,7,0.090000004,12,19.3,2,25,4,87.5,,12/3/2018
2013,BUFFRMFISHBT30,BUFFRMFish2013Jun12,main,11,M,RU,N/A,10.7,10,0.119999997,13,27.3,2,25,4,87.5,,12/3/2018
2013,BUFFRMFISHBT30,BUFFRMFish2013Jun12,main,11,R,RU,N/A,10.7,9,0.01,14,38.5,2,25,0,0,,12/3/2018
2013,BUFFRMFISHBT31,BUFFRMFish2013Jun12,main,1,L,RI,N/A,7.7,8,0.150000006,16,77,3,57.5,2,25,,12/3/2018
2013,BUFFRMFISHBT31,BUFFRMFish2013Jun12,main,1,M,RI,N/A,7.7,10,0.02,15,54.5,3,57.5,0,0,,12/3/2018
2013,BUFFRMFISHBT31,BUFFRMFish2013Jun12,main,1,R,RI,N/A,7.7,4,0.02,14,38.5,2,25,1,5,,12/3/2018
2013,BUFFRMFISHBT31,BUFFRMFish2013Jun12,main,2,L,PO,M,8.2,20,0,15,54.5,2,25,1,5,,12/3/2018
2013,BUFFRMFISHBT31,BUFFRMFish2013Jun12,main,2,M,PO,M,8.2,30,0.01,15,54.5,2,25,1,5,,12/3/2018
2013,BUFFRMFISHBT31,BUFFRMFish2013Jun12,main,2,R,PO,M,8.2,28,-0.01,12,19.3,3,57.5,2,25,,12/3/2018
2013,BUFFRMFISHBT31,BUFFRMFish2013Jun12,main,3,L,PO,M,6,30,0.02,13,27.3,2,25,0,0,,12/3/2018
2013,BUFFRMFISHBT31,BUFFRMFish2013Jun12,main,3,M,PO,M,6,64,0.02,16,77,2,25,0,0,,12/3/2018
2013,BUFFRMFISHBT31,BUFFRMFish2013Jun12,main,3,R,PO,M,6,8,-0.039999999,12,19.3,2,25,1,5,,12/3/2018
2013,BUFFRMFISHBT31,BUFFRMFish2013Jun12,main,4,L,PO,M,5.7,16,0.02,13,27.3,3,57.5,3,57.5,,12/3/2018
2013,BUFFRMFISHBT31,BUFFRMFish2013Jun12,main,4,M,PO,M,5.7,26,0.050000001,13,27.3,2,25,4,87.5,,12/3/2018
2013,BUFFRMFISHBT31,BUFFRMFish2013Jun12,main,4,R,PO,M,5.7,16,0.02,14,38.5,3,57.5,4,87.5,,12/3/2018
2013,BUFFRMFISHBT31,BUFFRMFish2013Jun12,main,5,L,RI,N/A,3.6,6,0.280000001,13,27.3,2,25,0,0,,12/3/2018
2013,BUFFRMFISHBT31,BUFFRMFish2013Jun12,main,5,M,RI,N/A,3.6,4,0.340000004,13,27.3,2,25,0,0,,12/3/2018
2013,BUFFRMFISHBT31,BUFFRMFish2013Jun12,main,5,R,RI,N/A,3.6,2,0.01,12,19.3,2,25,0,0,,12/3/2018
2013,BUFFRMFISHBT31,BUFFRMFish2013Jun12,main,6,L,RI,N/A,5.3,6,0.050000001,14,38.5,2,25,0,0,,12/3/2018
2013,BUFFRMFISHBT31,BUFFRMFish2013Jun12,main,6,M,RI,N/A,5.3,6,0.119999997,13,27.3,2,25,0,0,,12/3/2018
2013,BUFFRMFISHBT31,BUFFRMFish2013Jun12,main,6,R,RI,N/A,5.3,5,0.07,13,27.3,2,25,0,0,,12/3/2018
2013,BUFFRMFISHBT31,BUFFRMFish2013Jun12,main,7,L,PO,M,7.8,38,-0.02,15,54.5,4,87.5,0,0,,12/3/2018
2013,BUFFRMFISHBT31,BUFFRMFish2013Jun12,main,7,M,PO,M,7.8,70,0.02,15,54.5,3,57.5,0,0,,12/3/2018
2013,BUFFRMFISHBT31,BUFFRMFish2013Jun12,main,7,R,PO,M,7.8,12,-0.029999999,10,9.65,3,57.5,0,0,,12/3/2018
2013,BUFFRMFISHBT31,BUFFRMFish2013Jun12,main,8,L,RI,N/A,7.4,18,0.159999996,15,54.5,2,25,4,87.5,,12/3/2018
2013,BUFFRMFISHBT31,BUFFRMFish2013Jun12,main,8,M,RI,N/A,7.4,4,0.239999995,12,19.3,2,25,4,87.5,,12/3/2018
2013,BUFFRMFISHBT31,BUFFRMFish2013Jun12,main,8,R,RI,N/A,7.4,12,0.01,11,13.65,2,25,4,87.5,,12/3/2018
2013,BUFFRMFISHBT31,BUFFRMFish2013Jun12,main,9,L,RI,N/A,7.3,10,0.310000002,15,54.5,2,25,1,5,,12/3/2018
2013,BUFFRMFISHBT31,BUFFRMFish2013Jun12,main,9,M,RI,N/A,7.3,6,0.140000001,14,38.5,2,25,0,0,,12/3/2018
2013,BUFFRMFISHBT31,BUFFRMFish2013Jun12,main,9,R,RI,N/A,7.3,4,0.079999998,14,38.5,2,25,0,0,,12/3/2018
2013,BUFFRMFISHBT31,BUFFRMFish2013Jun12,main,10,L,RI,N/A,6.5,12,0.129999995,14,38.5,2,25,0,0,,12/3/2018
2013,BUFFRMFISHBT31,BUFFRMFish2013Jun12,main,10,M,RI,N/A,6.5,10,0.150000006,14,38.5,2,25,0,0,,12/3/2018
2013,BUFFRMFISHBT31,BUFFRMFish2013Jun12,main,10,R,RI,N/A,6.5,8,0.059999999,13,27.3,2,25,0,0,,12/3/2018
2013,BUFFRMFISHBT31,BUFFRMFish2013Jun12,main,11,L,RU,N/A,8.1,10,-0.02,15,54.5,2,25,3,57.5,,12/3/2018
2013,BUFFRMFISHBT31,BUFFRMFish2013Jun12,main,11,M,RU,N/A,8.1,22,0.039999999,15,54.5,2,25,1,5,,12/3/2018
2013,BUFFRMFISHBT31,BUFFRMFish2013Jun12,main,11,R,RU,N/A,8.1,12,-0.01,13,27.3,2,25,0,0,,12/3/2018
2015,BUFFRMFISHBM01,BUFFrmfish2015Jun05,main,1,L,RI,N/A,25,46,0.379999995,17,109,1,5,0,0,,12/3/2018
2015,BUFFRMFISHBM01,BUFFrmfish2015Jun05,main,1,M,RI,N/A,25,36,0.920000017,17,109,1,5,0,0,,12/3/2018
2015,BUFFRMFISHBM01,BUFFrmfish2015Jun05,main,1,R,RI,N/A,25,34,0.550000012,16,77,1,5,0,0,,12/3/2018
2015,BUFFRMFISHBM01,BUFFrmfish2015Jun05,main,2,L,RI,N/A,23,52,0.730000019,15,54.5,1,5,0,0,,12/3/2018
2015,BUFFRMFISHBM01,BUFFrmfish2015Jun05,main,2,M,RI,N/A,23,40,0.379999995,17,109,1,5,0,0,,12/3/2018
2015,BUFFRMFISHBM01,BUFFrmfish2015Jun05,main,2,R,RI,N/A,23,25,0.319999993,14,38.5,1,5,0,0,,12/3/2018
2015,BUFFRMFISHBM01,BUFFrmfish2015Jun05,main,3,L,RI,N/A,25,42,0.449999988,13,27.3,2,25,0,0,,12/3/2018
2015,BUFFRMFISHBM01,BUFFrmfish2015Jun05,main,3,M,RI,N/A,25,46,0.379999995,15,54.5,1,5,0,0,,12/3/2018
2015,BUFFRMFISHBM01,BUFFrmfish2015Jun05,main,3,R,RI,N/A,25,37,0.319999993,16,77,2,25,0,0,,12/3/2018
2015,BUFFRMFISHBM01,BUFFrmfish2015Jun05,main,4,L,GL,N/A,24,47,0.379999995,14,38.5,2,25,0,0,,12/3/2018
2015,BUFFRMFISHBM01,BUFFrmfish2015Jun05,main,4,M,GL,N/A,24,70,0.349999994,17,109,2,25,0,0,,12/3/2018
2015,BUFFRMFISHBM01,BUFFrmfish2015Jun05,main,4,R,GL,N/A,24,46,0.340000004,13,27.3,1,5,0,0,,12/3/2018
2015,BUFFRMFISHBM01,BUFFrmfish2015Jun05,main,5,L,RU,N/A,30,50,0.129999995,17,109,2,25,0,0,,12/3/2018
2015,BUFFRMFISHBM01,BUFFrmfish2015Jun05,main,5,M,RU,N/A,30,84,0.140000001,18,154,2,25,0,0,,12/3/2018
2015,BUFFRMFISHBM01,BUFFrmfish2015Jun05,main,5,R,RU,N/A,30,104,0.109999999,16,77,2,25,0,0,,12/3/2018
2015,BUFFRMFISHBM01,BUFFrmfish2015Jun05,main,6,L,RU,N/A,39.5,72,0.090000004,10,9.65,2,25,2,25,,12/3/2018
2015,BUFFRMFISHBM01,BUFFrmfish2015Jun05,main,6,M,RU,N/A,39.5,88,0.100000001,15,54.5,2,25,0,0,,12/3/2018
2015,BUFFRMFISHBM01,BUFFrmfish2015Jun05,main,6,R,RU,N/A,39.5,124,0.02,15,54.5,2,25,0,0,,12/3/2018
2015,BUFFRMFISHBM01,BUFFrmfish2015Jun05,main,7,L,PO,M,33.5,92,0.050000001,16,77,2,25,0,0,,12/3/2018
2015,BUFFRMFISHBM01,BUFFrmfish2015Jun05,main,7,M,PO,M,33.5,132,0.039999999,13,27.3,2,25,0,0,,12/3/2018
2015,BUFFRMFISHBM01,BUFFrmfish2015Jun05,main,7,R,PO,M,33.5,150,0.059999999,17,109,2,25,3,57.5,,12/3/2018
2015,BUFFRMFISHBM01,BUFFrmfish2015Jun05,main,8,L,PO,M,34,85,0.02,15,54.5,2,25,2,25,,12/3/2018
2015,BUFFRMFISHBM01,BUFFrmfish2015Jun05,main,8,M,PO,M,34,139,0.039999999,12,19.3,2,25,0,0,,12/3/2018
2015,BUFFRMFISHBM01,BUFFrmfish2015Jun05,main,8,R,PO,M,34,185,0.02,13,27.3,2,25,0,0,,12/3/2018
2015,BUFFRMFISHBM01,BUFFrmfish2015Jun05,main,9,L,PO,M,32,106,0.039999999,6,1.5,3,57.5,0,0,,12/3/2018
2015,BUFFRMFISHBM01,BUFFrmfish2015Jun05,main,9,M,PO,M,32,176,0.01,15,54.5,2,25,0,0,,12/3/2018
2015,BUFFRMFISHBM01,BUFFrmfish2015Jun05,main,9,R,PO,M,32,163,0.059999999,16,77,2,25,0,0,,12/3/2018
2015,BUFFRMFISHBM01,BUFFrmfish2015Jun05,main,10,L,PO,M,32.5,94,0.01,15,54.5,2,25,4,87.5,,12/3/2018
2015,BUFFRMFISHBM01,BUFFrmfish2015Jun05,main,10,M,PO,M,32.5,105,0.02,12,19.3,2,25,0,0,,12/3/2018
2015,BUFFRMFISHBM01,BUFFrmfish2015Jun05,main,10,R,PO,M,32.5,135,0.039999999,17,109,2,25,0,0,,12/3/2018
2015,BUFFRMFISHBM01,BUFFrmfish2015Jun05,main,11,L,PO,M,36,90,0.090000004,14,38.5,2,25,0,0,,12/3/2018
2015,BUFFRMFISHBM01,BUFFrmfish2015Jun05,main,11,M,PO,M,36,98,0.079999998,12,19.3,2,25,0,0,,12/3/2018
2015,BUFFRMFISHBM01,BUFFrmfish2015Jun05,main,11,R,PO,M,36,109,0.059999999,13,27.3,2,25,3,57.5,,12/3/2018
2015,BUFFRMFISHBM01,BUFFrmfish2015Jun05,side channel,1,L,RI,N/A,18,24,0.379999995,15,54.5,2,25,0,0,,12/3/2018
2015,BUFFRMFISHBM01,BUFFrmfish2015Jun05,side channel,1,M,RI,N/A,18,20,0.360000014,17,109,2,25,0,0,,12/3/2018
2015,BUFFRMFISHBM01,BUFFrmfish2015Jun05,side channel,1,R,RI,N/A,18,30,0.49000001,14,38.5,2,25,0,0,,12/3/2018
2015,BUFFRMFISHBM01,BUFFrmfish2015Jun05,side channel,2,L,RU,N/A,19,16,0.119999997,15,54.5,1,5,0,0,,12/3/2018
2015,BUFFRMFISHBM01,BUFFrmfish2015Jun05,side channel,2,M,RU,N/A,19,24,0.400000006,17,109,2,25,0,0,,12/3/2018
2015,BUFFRMFISHBM01,BUFFrmfish2015Jun05,side channel,2,R,RU,N/A,19,36,0.560000002,18,154,1,5,0,0,,12/3/2018
2015,BUFFRMFISHBM01,BUFFrmfish2015Jun05,side channel,3,L,RI,N/A,17,20,0.769999981,17,109,1,5,0,0,,12/3/2018
2015,BUFFRMFISHBM01,BUFFrmfish2015Jun05,side channel,3,M,RI,N/A,17,6,0.74000001,15,54.5,1,5,0,0,,12/3/2018
2015,BUFFRMFISHBM01,BUFFrmfish2015Jun05,side channel,3,R,RI,N/A,17,9,0.379999995,16,77,1,5,2,25,,12/3/2018
2015,BUFFRMFISHBM01,BUFFrmfish2015Jun05,side channel,4,L,RU,N/A,15.5,46,0.219999999,16,77,2,25,1,5,,12/3/2018
2015,BUFFRMFISHBM01,BUFFrmfish2015Jun05,side channel,4,M,RU,N/A,15.5,32,0.25999999,18,154,2,25,0,0,,12/3/2018
2015,BUFFRMFISHBM01,BUFFrmfish2015Jun05,side channel,4,R,RU,N/A,15.5,12,0.25,16,77,1,5,0,0,,12/3/2018
2015,BUFFRMFISHBM01,BUFFrmfish2015Jun05,side channel,5,L,RRX,N/A,14,20,0.379999995,15,54.5,1,5,4,87.5,,12/3/2018
2015,BUFFRMFISHBM01,BUFFrmfish2015Jun05,side channel,5,M,RRX,N/A,14,20,1.99000001,18,154,1,5,4,87.5,,12/3/2018
2015,BUFFRMFISHBM01,BUFFrmfish2015Jun05,side channel,5,R,RRX,N/A,14,18,0.860000014,15,54.5,1,5,4,87.5,,12/3/2018
2015,BUFFRMFISHBM02,BUFFrmfish2015Jun09,main,1,L,RU,N/A,42.5,36,0.310000002,13,27.3,2,25,0,0,,12/3/2018
2015,BUFFRMFISHBM02,BUFFrmfish2015Jun09,main,1,M,RU,N/A,42.5,60,0.5,14,38.5,2,25,0,0,,12/3/2018
2015,BUFFRMFISHBM02,BUFFrmfish2015Jun09,main,1,R,RU,N/A,42.5,42,0.300000012,14,38.5,2,25,1,5,,12/3/2018
2015,BUFFRMFISHBM02,BUFFrmfish2015Jun09,main,2,L,RU,N/A,40.5,36,0.090000004,14,38.5,2,25,0,0,,12/3/2018
2015,BUFFRMFISHBM02,BUFFrmfish2015Jun09,main,2,M,RU,N/A,40.5,33,0.270000011,12,19.3,2,25,0,0,,12/3/2018
2015,BUFFRMFISHBM02,BUFFrmfish2015Jun09,main,2,R,RU,N/A,40.5,108,0.340000004,12,19.3,2,25,0,0,,12/3/2018
2015,BUFFRMFISHBM02,BUFFrmfish2015Jun09,main,3,L,RU,N/A,27.5,136,0.119999997,24,10000,0,0,0,0,,12/3/2018
2015,BUFFRMFISHBM02,BUFFrmfish2015Jun09,main,3,M,RU,N/A,27.5,174,0.109999999,12,19.3,2,25,0,0,,12/3/2018
2015,BUFFRMFISHBM02,BUFFrmfish2015Jun09,main,3,R,RU,N/A,27.5,60,0.079999998,12,19.3,3,57.5,0,0,,12/3/2018
2015,BUFFRMFISHBM02,BUFFrmfish2015Jun09,main,4,L,PO,M,35.5,200,0.07,24,10000,0,0,0,0,,12/3/2018
2015,BUFFRMFISHBM02,BUFFrmfish2015Jun09,main,4,M,PO,M,35.5,200,0.02,12,19.3,2,25,0,0,,12/3/2018
2015,BUFFRMFISHBM02,BUFFrmfish2015Jun09,main,4,R,PO,M,35.5,200,0.050000001,,,4,87.5,3,57.5,,12/3/2018
2015,BUFFRMFISHBM02,BUFFrmfish2015Jun09,main,5,L,RU,N/A,39,18,0.119999997,14,38.5,1,5,0,0,,12/3/2018
2015,BUFFRMFISHBM02,BUFFrmfish2015Jun09,main,5,M,RU,N/A,39,48,0.150000006,14,38.5,1,5,0,0,,12/3/2018
2015,BUFFRMFISHBM02,BUFFrmfish2015Jun09,main,5,R,RU,N/A,39,52,0.629999995,12,19.3,2,25,3,57.5,,12/3/2018
2015,BUFFRMFISHBM02,BUFFrmfish2015Jun09,main,6,L,RU,N/A,38,34,0.289999992,13,27.3,2,25,0,0,,12/3/2018
2015,BUFFRMFISHBM02,BUFFrmfish2015Jun09,main,6,M,RU,N/A,38,14,0.079999998,6,1.5,3,57.5,0,0,,12/3/2018
2015,BUFFRMFISHBM02,BUFFrmfish2015Jun09,main,6,R,RU,N/A,38,128,0.460000008,24,10000,0,0,0,0,,12/3/2018
2015,BUFFRMFISHBM02,BUFFrmfish2015Jun09,main,7,L,GL,N/A,28,78,0.01,11,13.65,3,57.5,0,0,,12/3/2018
2015,BUFFRMFISHBM02,BUFFrmfish2015Jun09,main,7,M,GL,N/A,28,126,0.026000001,13,27.3,2,25,0,0,,12/3/2018
2015,BUFFRMFISHBM02,BUFFrmfish2015Jun09,main,7,R,GL,N/A,28,126,0.330000013,24,10000,0,0,0,0,,12/3/2018
2015,BUFFRMFISHBM02,BUFFrmfish2015Jun09,main,8,L,PO,F,33,48,0.029999999,13,27.3,3,57.5,0,0,,12/3/2018
2015,BUFFRMFISHBM02,BUFFrmfish2015Jun09,main,8,M,PO,F,33,130,0.230000004,14,38.5,2,25,0,0,,12/3/2018
2015,BUFFRMFISHBM02,BUFFrmfish2015Jun09,main,8,R,PO,F,33,130,0.027000001,24,10000,0,0,0,0,,12/3/2018
2015,BUFFRMFISHBM02,BUFFrmfish2015Jun09,main,9,L,PO,F,35,80,0.310000002,13,27.3,2,25,1,5,,12/3/2018
2015,BUFFRMFISHBM02,BUFFrmfish2015Jun09,main,9,M,PO,F,35,52,0.25999999,13,27.3,2,25,0,0,,12/3/2018
2015,BUFFRMFISHBM02,BUFFrmfish2015Jun09,main,9,R,PO,F,35,36,0.050000001,12,19.3,2,25,0,0,,12/3/2018
2015,BUFFRMFISHBM02,BUFFrmfish2015Jun09,main,10,L,PO,F,29,178,0.170000002,24,10000,0,0,0,0,,12/3/2018
2015,BUFFRMFISHBM02,BUFFrmfish2015Jun09,main,10,M,PO,F,29,190,0.209999993,12,19.3,2,25,0,0,,12/3/2018
2015,BUFFRMFISHBM02,BUFFrmfish2015Jun09,main,10,R,PO,F,29,126,0.029999999,9,6.85,3,57.5,0,0,,12/3/2018
2015,BUFFRMFISHBM02,BUFFrmfish2015Jun09,main,11,L,RU,N/A,29,118,0.579999983,16,77,1,5,1,5,,12/3/2018
2015,BUFFRMFISHBM02,BUFFrmfish2015Jun09,main,11,M,RU,N/A,29,146,0.079999998,9,6.85,3,57.5,0,0,,12/3/2018
2015,BUFFRMFISHBM02,BUFFrmfish2015Jun09,main,11,R,RU,N/A,29,48,0.439999998,11,13.65,2,25,0,0,,12/3/2018
2015,BUFFRMFISHBM03,BUFFrmfish2015Jun30,backwater_main,1,L,PO,B,8.7,4,0.059999999,13,27.3,2,25,0,0,,12/3/2018
2015,BUFFRMFISHBM03,BUFFrmfish2015Jun30,backwater_main,1,M,PO,B,8.7,6,0.050000001,13,27.3,2,25,0,0,,12/3/2018
2015,BUFFRMFISHBM03,BUFFrmfish2015Jun30,backwater_main,1,R,PO,B,8.7,4,0.050000001,15,54.5,3,57.5,0,0,,12/3/2018
2015,BUFFRMFISHBM03,BUFFrmfish2015Jun30,backwater_main,2,L,PO,B,10.5,18,0.039999999,4,0.375,4,87.5,0,0,,12/3/2018
2015,BUFFRMFISHBM03,BUFFrmfish2015Jun30,backwater_main,2,M,PO,B,10.5,30,0,12,19.3,3,57.5,0,0,,12/3/2018
2015,BUFFRMFISHBM03,BUFFrmfish2015Jun30,backwater_main,2,R,PO,B,10.5,8,0.039999999,13,27.3,3,57.5,0,0,,12/3/2018
2015,BUFFRMFISHBM03,BUFFrmfish2015Jun30,backwater_main,3,L,PO,B,8.2,4,0.050000001,9,6.85,4,87.5,0,0,,12/3/2018
2015,BUFFRMFISHBM03,BUFFrmfish2015Jun30,backwater_main,3,M,PO,B,8.2,8,0.050000001,15,54.5,2,25,0,0,,12/3/2018
2015,BUFFRMFISHBM03,BUFFrmfish2015Jun30,backwater_main,3,R,PO,B,8.2,6,0.050000001,14,38.5,2,25,0,0,,12/3/2018
2015,BUFFRMFISHBM03,BUFFrmfish2015Jun30,main,1,L,RU,N/A,67.6,34,0.479999989,14,38.5,2,25,0,0,,12/3/2018
2015,BUFFRMFISHBM03,BUFFrmfish2015Jun30,main,1,M,RU,N/A,67.6,60,1.149999976,12,19.3,2,25,0,0,,12/3/2018
2015,BUFFRMFISHBM03,BUFFrmfish2015Jun30,main,1,R,RU,N/A,67.6,70,1.100000024,13,27.3,2,25,0,0,,12/3/2018
2015,BUFFRMFISHBM03,BUFFrmfish2015Jun30,main,2,L,RU,N/A,62.5,58,0.230000004,14,38.5,1,5,0,0,,12/3/2018
2015,BUFFRMFISHBM03,BUFFrmfish2015Jun30,main,2,M,RU,N/A,62.5,50,0.579999983,13,27.3,2,25,0,0,,12/3/2018
2015,BUFFRMFISHBM03,BUFFrmfish2015Jun30,main,2,R,RU,N/A,62.5,56,0.49000001,12,19.3,3,57.5,0,0,,12/3/2018
2015,BUFFRMFISHBM03,BUFFrmfish2015Jun30,main,3,L,RU,N/A,51,92,0.280000001,14,38.5,2,25,0,0,,12/3/2018
2015,BUFFRMFISHBM03,BUFFrmfish2015Jun30,main,3,M,RU,N/A,51,60,0.449999988,14,38.5,2,25,0,0,,12/3/2018
2015,BUFFRMFISHBM03,BUFFrmfish2015Jun30,main,3,R,RU,N/A,51,38,0.270000011,6,1.5,4,87.5,0,0,,12/3/2018
2015,BUFFRMFISHBM03,BUFFrmfish2015Jun30,main,4,L,PO,L,48.5,132,0.01,21,437,1,5,0,0,,12/3/2018
2015,BUFFRMFISHBM03,BUFFrmfish2015Jun30,main,4,M,PO,L,48.5,76,0.629999995,14,38.5,1,5,0,0,,12/3/2018
2015,BUFFRMFISHBM03,BUFFrmfish2015Jun30,main,4,R,PO,L,48.5,32,0.230000004,4,0.375,4,87.5,2,25,,12/3/2018
2015,BUFFRMFISHBM03,BUFFrmfish2015Jun30,main,5,L,RU,N/A,47.5,152,0.050000001,18,154,1,5,0,0,,12/3/2018
2015,BUFFRMFISHBM03,BUFFrmfish2015Jun30,main,5,M,RU,N/A,47.5,126,0.800000012,14,38.5,2,25,0,0,,12/3/2018
2015,BUFFRMFISHBM03,BUFFrmfish2015Jun30,main,5,R,RU,N/A,47.5,42,0.270000011,12,19.3,3,57.5,0,0,,12/3/2018
2015,BUFFRMFISHBM03,BUFFrmfish2015Jun30,main,6,L,PO,L,49.8,140,0.129999995,24,10000,0,0,0,0,,12/3/2018
2015,BUFFRMFISHBM03,BUFFrmfish2015Jun30,main,6,M,PO,L,49.8,150,0.5,14,38.5,2,25,0,0,,12/3/2018
2015,BUFFRMFISHBM03,BUFFrmfish2015Jun30,main,6,R,PO,L,49.8,48,0.400000006,15,54.5,2,25,0,0,,12/3/2018
2015,BUFFRMFISHBM03,BUFFrmfish2015Jun30,main,7,L,RU,N/A,52,54,0.469999999,14,38.5,1,5,0,0,,12/3/2018
2015,BUFFRMFISHBM03,BUFFrmfish2015Jun30,main,7,M,RU,N/A,52,130,0.589999974,15,54.5,1,5,0,0,,12/3/2018
2015,BUFFRMFISHBM03,BUFFrmfish2015Jun30,main,7,R,RU,N/A,52,130,0.529999971,19,218,1,5,0,0,,12/3/2018
2015,BUFFRMFISHBM03,BUFFrmfish2015Jun30,main,8,L,RU,N/A,49.4,110,0.430000007,8,4.85,1,5,0,0,,12/3/2018
2015,BUFFRMFISHBM03,BUFFrmfish2015Jun30,main,8,M,RU,N/A,49.4,174,0.540000021,16,77,1,5,0,0,,12/3/2018
2015,BUFFRMFISHBM03,BUFFrmfish2015Jun30,main,8,R,RU,N/A,49.4,64,0.389999986,13,27.3,2,25,0,0,,12/3/2018
2015,BUFFRMFISHBM03,BUFFrmfish2015Jun30,main,9,L,PO,L,47.3,146,0.01,16,77,2,25,0,0,,12/3/2018
2015,BUFFRMFISHBM03,BUFFrmfish2015Jun30,main,9,M,PO,L,47.3,184,0.469999999,19,218,1,5,0,0,,12/3/2018
2015,BUFFRMFISHBM03,BUFFrmfish2015Jun30,main,9,R,PO,L,47.3,48,-0.090000004,4,0.375,4,87.5,0,0,,12/3/2018
2015,BUFFRMFISHBM03,BUFFrmfish2015Jun30,main,10,L,PO,L,49.8,140,0.360000014,13,27.3,2,25,0,0,,12/3/2018
2015,BUFFRMFISHBM03,BUFFrmfish2015Jun30,main,10,M,PO,L,49.8,48,0.519999981,14,38.5,2,25,0,0,,12/3/2018
2015,BUFFRMFISHBM03,BUFFrmfish2015Jun30,main,10,R,PO,L,49.8,32,0.769999981,13,27.3,2,25,0,0,,12/3/2018
2015,BUFFRMFISHBM03,BUFFrmfish2015Jun30,main,11,L,RU,N/A,45.4,60,0.600000024,14,38.5,2,25,0,0,,12/3/2018
2015,BUFFRMFISHBM03,BUFFrmfish2015Jun30,main,11,M,RU,N/A,45.4,62,0.460000008,14,38.5,3,57.5,0,0,,12/3/2018
2015,BUFFRMFISHBM03,BUFFrmfish2015Jun30,main,11,R,RU,N/A,45.4,42,0.829999983,13,27.3,2,25,0,0,,12/3/2018
2015,BUFFRMFISHBM04,BUFFrmfish2015Jul01,main,1,L,RI,N/A,43,32,0.620000005,13,27.3,2,25,0,0,,12/3/2018
2015,BUFFRMFISHBM04,BUFFrmfish2015Jul01,main,1,M,RI,N/A,43,58,1.169999957,14,38.5,1,5,0,0,,12/3/2018
2015,BUFFRMFISHBM04,BUFFrmfish2015Jul01,main,1,R,RI,N/A,43,74,0.769999981,12,19.3,2,25,0,0,,12/3/2018
2015,BUFFRMFISHBM04,BUFFrmfish2015Jul01,main,2,L,RI,N/A,36,60,0.300000012,15,54.5,2,25,0,0,,12/3/2018
2015,BUFFRMFISHBM04,BUFFrmfish2015Jul01,main,2,M,RI,N/A,36,72,1.070000052,15,54.5,2,25,0,0,,12/3/2018
2015,BUFFRMFISHBM04,BUFFrmfish2015Jul01,main,2,R,RI,N/A,36,62,0.899999976,14,38.5,2,25,0,0,,12/3/2018
2015,BUFFRMFISHBM04,BUFFrmfish2015Jul01,main,3,L,RU,N/A,44.5,74,0.209999993,14,38.5,2,25,0,0,,12/3/2018
2015,BUFFRMFISHBM04,BUFFrmfish2015Jul01,main,3,M,RU,N/A,44.5,106,0.569999993,13,27.3,2,25,0,0,,12/3/2018
2015,BUFFRMFISHBM04,BUFFrmfish2015Jul01,main,3,R,RU,N/A,44.5,70,0.670000017,12,19.3,2,25,0,0,,12/3/2018
2015,BUFFRMFISHBM04,BUFFrmfish2015Jul01,main,4,L,RU,N/A,42,80,0.270000011,24,10000,0,0,0,0,,12/3/2018
2015,BUFFRMFISHBM04,BUFFrmfish2015Jul01,main,4,M,RU,N/A,42,98,0.5,24,10000,0,0,0,0,,12/3/2018
2015,BUFFRMFISHBM04,BUFFrmfish2015Jul01,main,4,R,RU,N/A,42,94,0.479999989,13,27.3,2,25,0,0,,12/3/2018
2015,BUFFRMFISHBM04,BUFFrmfish2015Jul01,main,5,L,RU,N/A,38,46,0.379999995,14,38.5,2,25,0,0,,12/3/2018
2015,BUFFRMFISHBM04,BUFFrmfish2015Jul01,main,5,M,RU,N/A,38,90,0.569999993,14,38.5,2,25,0,0,,12/3/2018
2015,BUFFRMFISHBM04,BUFFrmfish2015Jul01,main,5,R,RU,N/A,38,80,0.469999999,13,27.3,2,25,0,0,,12/3/2018
2015,BUFFRMFISHBM04,BUFFrmfish2015Jul01,main,6,L,RU,N/A,50,90,0.449999988,24,10000,0,0,0,0,,12/3/2018
2015,BUFFRMFISHBM04,BUFFrmfish2015Jul01,main,6,M,RU,N/A,50,64,0.349999994,12,19.3,2,25,0,0,,12/3/2018
2015,BUFFRMFISHBM04,BUFFrmfish2015Jul01,main,6,R,RU,N/A,50,78,0.469999999,13,27.3,2,25,0,0,,12/3/2018
2015,BUFFRMFISHBM04,BUFFrmfish2015Jul01,main,7,L,RU,N/A,55,80,0.25,24,10000,0,0,0,0,,12/3/2018
2015,BUFFRMFISHBM04,BUFFrmfish2015Jul01,main,7,M,RU,N/A,55,52,0.519999981,14,38.5,2,25,0,0,,12/3/2018
2015,BUFFRMFISHBM04,BUFFrmfish2015Jul01,main,7,R,RU,N/A,55,82,0.430000007,24,10000,0,0,1,5,,12/3/2018
2015,BUFFRMFISHBM04,BUFFrmfish2015Jul01,main,8,L,RU,N/A,50,80,0.170000002,24,10000,0,0,0,0,,12/3/2018
2015,BUFFRMFISHBM04,BUFFrmfish2015Jul01,main,8,M,RU,N/A,50,90,0.550000012,24,10000,0,0,0,0,,12/3/2018
2015,BUFFRMFISHBM04,BUFFrmfish2015Jul01,main,8,R,RU,N/A,50,64,0.310000002,13,27.3,2,25,2,25,,12/3/2018
2015,BUFFRMFISHBM04,BUFFrmfish2015Jul01,main,9,L,RU,N/A,49,94,0.469999999,24,10000,0,0,0,0,,12/3/2018
2015,BUFFRMFISHBM04,BUFFrmfish2015Jul01,main,9,M,RU,N/A,49,124,0.469999999,24,10000,0,0,0,0,,12/3/2018
2015,BUFFRMFISHBM04,BUFFrmfish2015Jul01,main,9,R,RU,N/A,49,52,-0.07,14,38.5,3,57.5,0,0,,12/3/2018
2015,BUFFRMFISHBM04,BUFFrmfish2015Jul01,main,10,L,RU,N/A,56,128,0.109999999,24,10000,0,0,0,0,transect ended at 534m,12/3/2018
2015,BUFFRMFISHBM04,BUFFrmfish2015Jul01,main,10,M,RU,N/A,56,134,0.400000006,24,10000,0,0,0,0,transect ended at 534m,12/3/2018
2015,BUFFRMFISHBM04,BUFFrmfish2015Jul01,main,10,R,RU,N/A,56,80,0.01,24,10000,0,0,0,0,transect ended at 534m,12/3/2018
2015,BUFFRMFISHBM04,BUFFrmfish2015Jul01,main,11,L,RU,N/A,60,108,0.07,14,38.5,2,25,0,0,transect ended at 534m,12/3/2018
2015,BUFFRMFISHBM04,BUFFrmfish2015Jul01,main,11,M,RU,N/A,60,52,0.910000026,13,27.3,2,25,0,0,transect ended at 534m,12/3/2018
2015,BUFFRMFISHBM04,BUFFrmfish2015Jul01,main,11,R,RU,N/A,60,58,,24,10000,0,0,0,0,transect ended at 534m,12/3/2018
2015,BUFFRMFISHBT05,BUFFrmfish2015Jun03,main,1,L,RU,N/A,11.5,46,0.5,24,10000,0,0,1,5,,12/3/2018
2015,BUFFRMFISHBT05,BUFFrmfish2015Jun03,main,1,M,RU,N/A,11.5,38,0.460000008,24,10000,0,0,2,25,,12/3/2018
2015,BUFFRMFISHBT05,BUFFrmfish2015Jun03,main,1,R,RU,N/A,11.5,6,0.050000001,24,10000,0,0,3,57.5,,12/3/2018
2015,BUFFRMFISHBT05,BUFFrmfish2015Jun03,main,2,L,RI,N/A,11,18,0.519999981,17,109,1,5,0,0,,12/3/2018
2015,BUFFRMFISHBT05,BUFFrmfish2015Jun03,main,2,M,RI,N/A,11,32,1.159999967,17,109,1,5,0,0,,12/3/2018
2015,BUFFRMFISHBT05,BUFFrmfish2015Jun03,main,2,R,RI,N/A,11,30,0.5,17,109,1,5,1,5,,12/3/2018
2015,BUFFRMFISHBT05,BUFFrmfish2015Jun03,main,3,L,RI,N/A,19,22,0.340000004,18,154,1,5,1,5,,12/3/2018
2015,BUFFRMFISHBT05,BUFFrmfish2015Jun03,main,3,M,RI,N/A,19,16,0.189999998,16,77,1,5,1,5,,12/3/2018
2015,BUFFRMFISHBT05,BUFFrmfish2015Jun03,main,3,R,RI,N/A,19,22,0.670000017,17,109,1,5,0,0,,12/3/2018
2015,BUFFRMFISHBT05,BUFFrmfish2015Jun03,main,4,L,RU,N/A,20,16,0.039999999,16,77,2,25,0,0,,12/3/2018
2015,BUFFRMFISHBT05,BUFFrmfish2015Jun03,main,4,M,RU,N/A,20,40,0.239999995,14,38.5,2,25,0,0,,12/3/2018
2015,BUFFRMFISHBT05,BUFFrmfish2015Jun03,main,4,R,RU,N/A,20,53,0.219999999,24,10000,0,0,0,0,,12/3/2018
2015,BUFFRMFISHBT05,BUFFrmfish2015Jun03,main,5,L,PO,M,17.5,34,0.119999997,15,54.5,2,25,0,0,,12/3/2018
2015,BUFFRMFISHBT05,BUFFrmfish2015Jun03,main,5,M,PO,M,17.5,60,0.189999998,14,38.5,2,25,0,0,,12/3/2018
2015,BUFFRMFISHBT05,BUFFrmfish2015Jun03,main,5,R,PO,M,17.5,46,0.189999998,17,109,1,5,0,0,,12/3/2018
2015,BUFFRMFISHBT05,BUFFrmfish2015Jun03,main,6,L,PO,M,15,55,0.129999995,16,77,2,25,0,0,,12/3/2018
2015,BUFFRMFISHBT05,BUFFrmfish2015Jun03,main,6,M,PO,M,15,46,0.230000004,13,27.3,2,25,0,0,,12/3/2018
2015,BUFFRMFISHBT05,BUFFrmfish2015Jun03,main,6,R,PO,M,15,34,0.150000006,14,38.5,2,25,0,0,,12/3/2018
2015,BUFFRMFISHBT05,BUFFrmfish2015Jun03,main,7,L,RU,N/A,16,48,0.209999993,16,77,1,5,1,5,,12/3/2018
2015,BUFFRMFISHBT05,BUFFrmfish2015Jun03,main,7,M,RU,N/A,16,52,0.129999995,17,109,1,5,0,0,,12/3/2018
2015,BUFFRMFISHBT05,BUFFrmfish2015Jun03,main,7,R,RU,N/A,16,22,0.189999998,13,27.3,2,25,1,5,,12/3/2018
2015,BUFFRMFISHBT05,BUFFrmfish2015Jun03,main,8,L,RU,N/A,17.5,28,0.25,16,77,1,5,0,0,,12/3/2018
2015,BUFFRMFISHBT05,BUFFrmfish2015Jun03,main,8,M,RU,N/A,17.5,60,0.150000006,17,109,1,5,0,0,,12/3/2018
2015,BUFFRMFISHBT05,BUFFrmfish2015Jun03,main,8,R,RU,N/A,17.5,78,0.01,16,77,2,25,1,5,,12/3/2018
2015,BUFFRMFISHBT05,BUFFrmfish2015Jun03,main,9,L,RI,N/A,17,30,0.800000012,17,109,1,5,0,0,,12/3/2018
2015,BUFFRMFISHBT05,BUFFrmfish2015Jun03,main,9,M,RI,N/A,17,30,0.709999979,17,109,1,5,0,0,,12/3/2018
2015,BUFFRMFISHBT05,BUFFrmfish2015Jun03,main,9,R,RI,N/A,17,22,0.230000004,15,54.5,2,25,1,5,,12/3/2018
2015,BUFFRMFISHBT05,BUFFrmfish2015Jun03,main,10,L,RI,N/A,11.5,25,0.200000003,18,154,1,5,0,0,,12/3/2018
2015,BUFFRMFISHBT05,BUFFrmfish2015Jun03,main,10,M,RI,N/A,11.5,40,0.529999971,16,77,1,5,0,0,,12/3/2018
2015,BUFFRMFISHBT05,BUFFrmfish2015Jun03,main,10,R,RI,N/A,11.5,38,0.349999994,16,77,2,25,1,5,,12/3/2018
2015,BUFFRMFISHBT05,BUFFrmfish2015Jun03,main,11,L,GL,N/A,,47,0.170000002,15,54.5,2,25,0,0,,12/3/2018
2015,BUFFRMFISHBT05,BUFFrmfish2015Jun03,main,11,M,GL,N/A,,48,0.25,15,54.5,2,25,0,0,,12/3/2018
2015,BUFFRMFISHBT05,BUFFrmfish2015Jun03,main,11,R,GL,N/A,,58,0.129999995,3,0.1875,3,57.5,1,5,,12/3/2018
2015,BUFFRMFISHBT07,BUFFrmfish2015May22,main,1,L,RU,N/A,15.8,36,1,12,19.3,1,5,0,0,,12/3/2018
2015,BUFFRMFISHBT07,BUFFrmfish2015May22,main,1,M,RU,N/A,15.8,38,0.769999981,13,27.3,1,5,0,0,,12/3/2018
2015,BUFFRMFISHBT07,BUFFrmfish2015May22,main,1,R,RU,N/A,15.8,26,0.349999994,13,27.3,2,25,3,57.5,,12/3/2018
2015,BUFFRMFISHBT07,BUFFrmfish2015May22,main,2,L,RU,N/A,16.2,34,0.560000002,11,13.65,1,5,3,57.5,,12/3/2018
2015,BUFFRMFISHBT07,BUFFrmfish2015May22,main,2,M,RU,N/A,16.2,36,0.680000007,13,27.3,1,5,0,0,,12/3/2018
2015,BUFFRMFISHBT07,BUFFrmfish2015May22,main,2,R,RU,N/A,16.2,20,0.349999994,11,13.65,2,25,4,87.5,,12/3/2018
2015,BUFFRMFISHBT07,BUFFrmfish2015May22,main,3,L,RRX,N/A,17.7,24,0.49000001,13,27.3,2,25,3,57.5,,12/3/2018
2015,BUFFRMFISHBT07,BUFFrmfish2015May22,main,3,M,RRX,N/A,17.7,18,0.579999983,13,27.3,1,5,3,57.5,,12/3/2018
2015,BUFFRMFISHBT07,BUFFrmfish2015May22,main,3,R,RRX,N/A,17.7,46,0.5,12,19.3,2,25,4,87.5,,12/3/2018
2015,BUFFRMFISHBT07,BUFFrmfish2015May22,main,4,L,RU,N/A,19.3,22,0.550000012,14,38.5,1,5,2,25,,12/3/2018
2015,BUFFRMFISHBT07,BUFFrmfish2015May22,main,4,M,RU,N/A,19.3,42,0.670000017,13,27.3,1,5,4,87.5,,12/3/2018
2015,BUFFRMFISHBT07,BUFFrmfish2015May22,main,4,R,RU,N/A,19.3,34,0.5,12,19.3,2,25,4,87.5,,12/3/2018
2015,BUFFRMFISHBT07,BUFFrmfish2015May22,main,5,L,RU,N/A,14.9,66,0.479999989,12,19.3,2,25,0,0,,12/3/2018
2015,BUFFRMFISHBT07,BUFFrmfish2015May22,main,5,M,RU,N/A,14.9,54,0.419999987,11,13.65,2,25,0,0,,12/3/2018
2015,BUFFRMFISHBT07,BUFFrmfish2015May22,main,5,R,RU,N/A,14.9,24,0.209999993,7,3,3,57.5,1,5,,12/3/2018
2015,BUFFRMFISHBT07,BUFFrmfish2015May22,main,6,L,RU,N/A,14.6,80,0.460000008,12,19.3,1,5,0,0,,12/3/2018
2015,BUFFRMFISHBT07,BUFFrmfish2015May22,main,6,M,RU,N/A,14.6,60,0.439999998,10,9.65,2,25,0,0,,12/3/2018
2015,BUFFRMFISHBT07,BUFFrmfish2015May22,main,6,R,RU,N/A,14.6,34,0.140000001,5,0.75,4,87.5,0,0,,12/3/2018
2015,BUFFRMFISHBT07,BUFFrmfish2015May22,main,7,L,RU,N/A,11.3,66,0.560000002,11,13.65,2,25,2,25,,12/3/2018
2015,BUFFRMFISHBT07,BUFFrmfish2015May22,main,7,M,RU,N/A,11.3,54,0.469999999,11,13.65,2,25,1,5,,12/3/2018
2015,BUFFRMFISHBT07,BUFFrmfish2015May22,main,7,R,RU,N/A,11.3,30,0.409999996,12,19.3,1,5,0,0,,12/3/2018
2015,BUFFRMFISHBT07,BUFFrmfish2015May22,main,8,L,RU,N/A,12.6,48,0.550000012,12,19.3,2,25,0,0,,12/3/2018
2015,BUFFRMFISHBT07,BUFFrmfish2015May22,main,8,M,RU,N/A,12.6,44,0.550000012,12,19.3,1,5,0,0,,12/3/2018
2015,BUFFRMFISHBT07,BUFFrmfish2015May22,main,8,R,RU,N/A,12.6,34,0.519999981,13,27.3,1,5,0,0,,12/3/2018
2015,BUFFRMFISHBT07,BUFFrmfish2015May22,main,9,L,RU,N/A,12,80,0.25,12,19.3,1,5,1,5,,12/3/2018
2015,BUFFRMFISHBT07,BUFFrmfish2015May22,main,9,M,RU,N/A,12,66,0.400000006,11,13.65,1,5,0,0,,12/3/2018
2015,BUFFRMFISHBT07,BUFFrmfish2015May22,main,9,R,RU,N/A,12,58,0.529999971,13,27.3,1,5,1,5,,12/3/2018
2015,BUFFRMFISHBT07,BUFFrmfish2015May22,main,10,L,RU,N/A,14.8,60,0.779999971,13,27.3,1,5,2,25,,12/3/2018
2015,BUFFRMFISHBT07,BUFFrmfish2015May22,main,10,M,RU,N/A,14.8,48,0.670000017,14,38.5,1,5,0,0,,12/3/2018
2015,BUFFRMFISHBT07,BUFFrmfish2015May22,main,10,R,RU,N/A,14.8,44,0.059999999,16,77,2,25,0,0,,12/3/2018
2015,BUFFRMFISHBT07,BUFFrmfish2015May22,main,11,L,RRX,N/A,8.9,30,1.24000001,15,54.5,1,5,3,57.5,,12/3/2018
2015,BUFFRMFISHBT07,BUFFrmfish2015May22,main,11,M,RRX,N/A,8.9,36,1.350000024,16,77,1,5,1,5,,12/3/2018
2015,BUFFRMFISHBT07,BUFFrmfish2015May22,main,11,R,RRX,N/A,8.9,22,0.860000014,14,38.5,1,5,0,0,,12/3/2018
2015,BUFFRMFISHBT09,BUFFrmfish2015Jun10,main,1,L,GL,N/A,33.5,102,0.119999997,16,77,2,25,0,0,,12/3/2018
2015,BUFFRMFISHBT09,BUFFrmfish2015Jun10,main,1,M,GL,N/A,33.5,94,0.140000001,15,54.5,3,57.5,0,0,,12/3/2018
2015,BUFFRMFISHBT09,BUFFrmfish2015Jun10,main,1,R,GL,N/A,33.5,24,0.50999999,13,27.3,3,57.5,0,0,,12/3/2018
2015,BUFFRMFISHBT09,BUFFrmfish2015Jun10,main,2,L,PO,F,18.5,156,0.100000001,21,437,1,5,0,0,,12/3/2018
2015,BUFFRMFISHBT09,BUFFrmfish2015Jun10,main,2,M,PO,F,18.5,108,0.129999995,23,2560,0,0,0,0,,12/3/2018
2015,BUFFRMFISHBT09,BUFFrmfish2015Jun10,main,2,R,PO,F,18.5,62,0.090000004,14,38.5,3,57.5,0,0,,12/3/2018
2015,BUFFRMFISHBT09,BUFFrmfish2015Jun10,main,3,L,PO,F,17.5,178,0.109999999,22,768,1,5,0,0,,12/3/2018
2015,BUFFRMFISHBT09,BUFFrmfish2015Jun10,main,3,M,PO,F,17.5,116,0.059999999,11,13.65,3,57.5,0,0,,12/3/2018
2015,BUFFRMFISHBT09,BUFFrmfish2015Jun10,main,3,R,PO,F,17.5,86,-0.01,3,0.1875,4,87.5,0,0,,12/3/2018
2015,BUFFRMFISHBT09,BUFFrmfish2015Jun10,main,4,L,PO,F,25.6,,,,,,,,,,12/3/2018
2015,BUFFRMFISHBT09,BUFFrmfish2015Jun10,main,4,M,PO,F,25.6,,,,,,,,,,12/3/2018
2015,BUFFRMFISHBT09,BUFFrmfish2015Jun10,main,4,R,PO,F,25.6,,,,,,,,,,12/3/2018
2015,BUFFRMFISHBT09,BUFFrmfish2015Jun10,main,5,L,RU,N/A,34.5,41,0.039999999,13,27.3,3,57.5,0,0,,12/3/2018
2015,BUFFRMFISHBT09,BUFFrmfish2015Jun10,main,5,M,RU,N/A,34.5,34,0.209999993,11,13.65,2,25,0,0,,12/3/2018
2015,BUFFRMFISHBT09,BUFFrmfish2015Jun10,main,5,R,RU,N/A,34.5,98,0.219999999,12,19.3,2,25,2,25,,12/3/2018
2015,BUFFRMFISHBT09,BUFFrmfish2015Jun10,main,6,L,RU,N/A,30.2,42,0.360000014,14,38.5,2,25,1,5,,12/3/2018
2015,BUFFRMFISHBT09,BUFFrmfish2015Jun10,main,6,M,RU,N/A,30.2,40,0.379999995,11,13.65,2,25,0,0,,12/3/2018
2015,BUFFRMFISHBT09,BUFFrmfish2015Jun10,main,6,R,RU,N/A,30.2,24,0.180000007,13,27.3,2,25,0,0,,12/3/2018
2015,BUFFRMFISHBT09,BUFFrmfish2015Jun10,main,7,L,RU,N/A,31.2,81,0.219999999,7,3,3,57.5,0,0,,12/3/2018
2015,BUFFRMFISHBT09,BUFFrmfish2015Jun10,main,7,M,RU,N/A,31.2,48,0.25999999,10,9.65,2,25,0,0,,12/3/2018
2015,BUFFRMFISHBT09,BUFFrmfish2015Jun10,main,7,R,RU,N/A,31.2,24,0.270000011,13,27.3,2,25,0,0,,12/3/2018
2015,BUFFRMFISHBT09,BUFFrmfish2015Jun10,main,8,L,RU,N/A,29.8,132,0.319999993,11,13.65,2,25,2,25,,12/3/2018
2015,BUFFRMFISHBT09,BUFFrmfish2015Jun10,main,8,M,RU,N/A,29.8,30,0.219999999,14,38.5,2,25,0,0,,12/3/2018
2015,BUFFRMFISHBT09,BUFFrmfish2015Jun10,main,8,R,RU,N/A,29.8,56,0.330000013,13,27.3,2,25,0,0,,12/3/2018
2015,BUFFRMFISHBT09,BUFFrmfish2015Jun10,main,9,L,RU,N/A,25.5,66,0.150000006,13,27.3,3,57.5,0,0,,12/3/2018
2015,BUFFRMFISHBT09,BUFFrmfish2015Jun10,main,9,M,RU,N/A,25.5,62,0.25,14,38.5,2,25,0,0,,12/3/2018
2015,BUFFRMFISHBT09,BUFFrmfish2015Jun10,main,9,R,RU,N/A,25.5,74,0.230000004,15,54.5,2,25,0,0,,12/3/2018
2015,BUFFRMFISHBT09,BUFFrmfish2015Jun10,main,10,L,PO,M,28.5,54,0.01,2,0.0935,4,87.5,1,5,,12/3/2018
2015,BUFFRMFISHBT09,BUFFrmfish2015Jun10,main,10,M,PO,M,28.5,146,0.129999995,24,10000,0,0,0,0,,12/3/2018
2015,BUFFRMFISHBT09,BUFFrmfish2015Jun10,main,10,R,PO,M,28.5,90,0.159999996,15,54.5,2,25,0,0,,12/3/2018
2015,BUFFRMFISHBT09,BUFFrmfish2015Jun10,main,11,L,PO,M,25,78,0.150000006,24,10000,0,0,0,0,,12/3/2018
2015,BUFFRMFISHBT09,BUFFrmfish2015Jun10,main,11,M,PO,M,25,112,0.209999993,11,13.65,3,57.5,0,0,,12/3/2018
2015,BUFFRMFISHBT09,BUFFrmfish2015Jun10,main,11,R,PO,M,25,24,0.01,8,4.85,4,87.5,0,0,,12/3/2018
2015,BUFFRMFISHBT15,BUFFrmfish2015May28,main,1,L,RU,N/A,11.8,48,0.699999988,12,19.3,2,25,4,87.5,,12/3/2018
2015,BUFFRMFISHBT15,BUFFrmfish2015May28,main,1,M,RU,N/A,11.8,24,0.579999983,11,13.65,2,25,3,57.5,,12/3/2018
2015,BUFFRMFISHBT15,BUFFrmfish2015May28,main,1,R,RU,N/A,11.8,17,0.49000001,11,13.65,2,25,0,0,,12/3/2018
2015,BUFFRMFISHBT15,BUFFrmfish2015May28,main,2,L,RU,N/A,6.6,102,0.730000019,24,10000,0,0,4,87.5,,12/3/2018
2015,BUFFRMFISHBT15,BUFFrmfish2015May28,main,2,M,RU,N/A,6.6,78,0.479999989,11,13.65,2,25,4,87.5,,12/3/2018
2015,BUFFRMFISHBT15,BUFFrmfish2015May28,main,2,R,RU,N/A,6.6,26,0.079999998,11,13.65,2,25,4,87.5,,12/3/2018
2015,BUFFRMFISHBT15,BUFFrmfish2015May28,main,3,L,RI,N/A,10.3,23,0.409999996,13,27.3,2,25,4,87.5,,12/3/2018
2015,BUFFRMFISHBT15,BUFFrmfish2015May28,main,3,M,RI,N/A,10.3,24,0.949999988,13,27.3,2,25,4,87.5,,12/3/2018
2015,BUFFRMFISHBT15,BUFFrmfish2015May28,main,3,R,RI,N/A,10.3,18,0.870000005,15,54.5,2,25,4,87.5,,12/3/2018
2015,BUFFRMFISHBT15,BUFFrmfish2015May28,main,4,L,RI,N/A,12.9,10,0.25999999,13,27.3,2,25,4,87.5,,12/3/2018
2015,BUFFRMFISHBT15,BUFFrmfish2015May28,main,4,M,RI,N/A,12.9,20,0.839999974,14,38.5,2,25,2,25,,12/3/2018
2015,BUFFRMFISHBT15,BUFFrmfish2015May28,main,4,R,RI,N/A,12.9,26,0.810000002,12,19.3,2,25,3,57.5,,12/3/2018
2015,BUFFRMFISHBT15,BUFFrmfish2015May28,main,5,L,RU,N/A,14.3,6,0.150000006,12,19.3,2,25,4,87.5,,12/3/2018
2015,BUFFRMFISHBT15,BUFFrmfish2015May28,main,5,M,RU,N/A,14.3,18,0.400000006,12,19.3,2,25,2,25,,12/3/2018
2015,BUFFRMFISHBT15,BUFFrmfish2015May28,main,5,R,RU,N/A,14.3,36,0.850000024,11,13.65,2,25,4,87.5,,12/3/2018
2015,BUFFRMFISHBT15,BUFFrmfish2015May28,main,6,L,RU,N/A,14.7,16,0.5,12,19.3,2,25,4,87.5,,12/3/2018
2015,BUFFRMFISHBT15,BUFFrmfish2015May28,main,6,M,RU,N/A,14.7,18,0.579999983,13,27.3,2,25,1,5,,12/3/2018
2015,BUFFRMFISHBT15,BUFFrmfish2015May28,main,6,R,RU,N/A,14.7,18,0.779999971,13,27.3,2,25,3,57.5,,12/3/2018
2015,BUFFRMFISHBT15,BUFFrmfish2015May28,main,7,L,RRX,N/A,14.9,16,0.579999983,13,27.3,2,25,2,25,,12/3/2018
2015,BUFFRMFISHBT15,BUFFrmfish2015May28,main,7,M,RRX,N/A,14.9,15,0.689999998,14,38.5,2,25,0,0,,12/3/2018
2015,BUFFRMFISHBT15,BUFFrmfish2015May28,main,7,R,RRX,N/A,14.9,12,0.370000005,12,19.3,2,25,0,0,,12/3/2018
2015,BUFFRMFISHBT15,BUFFrmfish2015May28,main,8,L,RU,N/A,15.9,14,0.419999987,11,13.65,2,25,4,87.5,,12/3/2018
2015,BUFFRMFISHBT15,BUFFrmfish2015May28,main,8,M,RU,N/A,15.9,22,0.569999993,13,27.3,2,25,1,5,,12/3/2018
2015,BUFFRMFISHBT15,BUFFrmfish2015May28,main,8,R,RU,N/A,15.9,14,0.49000001,11,13.65,2,25,1,5,,12/3/2018
2015,BUFFRMFISHBT15,BUFFrmfish2015May28,main,9,L,RU,N/A,16.1,12,0.300000012,12,19.3,2,25,4,87.5,,12/3/2018
2015,BUFFRMFISHBT15,BUFFrmfish2015May28,main,9,M,RU,N/A,16.1,25,0.660000026,13,27.3,2,25,3,57.5,,12/3/2018
2015,BUFFRMFISHBT15,BUFFrmfish2015May28,main,9,R,RU,N/A,16.1,19,0.289999992,11,13.65,2,25,4,87.5,,12/3/2018
2015,BUFFRMFISHBT15,BUFFrmfish2015May28,main,10,L,RU,N/A,14.6,20,0.469999999,12,19.3,2,25,4,87.5,,12/3/2018
2015,BUFFRMFISHBT15,BUFFrmfish2015May28,main,10,M,RU,N/A,14.6,31,0.550000012,12,19.3,2,25,2,25,,12/3/2018
2015,BUFFRMFISHBT15,BUFFrmfish2015May28,main,10,R,RU,N/A,14.6,21,0.330000013,13,27.3,2,25,2,25,,12/3/2018
2015,BUFFRMFISHBT15,BUFFrmfish2015May28,main,11,L,RU,N/A,12.1,34,0.75,13,27.3,2,25,4,87.5,,12/3/2018
2015,BUFFRMFISHBT15,BUFFrmfish2015May28,main,11,M,RU,N/A,12.1,20,0.569999993,11,13.65,2,25,4,87.5,,12/3/2018
2015,BUFFRMFISHBT15,BUFFrmfish2015May28,main,11,R,RU,N/A,12.1,6,0.140000001,12,19.3,2,25,4,87.5,,12/3/2018
2015,BUFFRMFISHBT19,BUFFrmfish2015May29,main,1,L,RU,N/A,13.5,100,0.560000002,12,19.3,1,5,1,5,,12/3/2018
2015,BUFFRMFISHBT19,BUFFrmfish2015May29,main,1,M,RU,N/A,13.5,64,0.49000001,11,13.65,1,5,0,0,,12/3/2018
2015,BUFFRMFISHBT19,BUFFrmfish2015May29,main,1,R,RU,N/A,13.5,38,0.370000005,14,38.5,2,25,0,0,,12/3/2018
2015,BUFFRMFISHBT19,BUFFrmfish2015May29,main,2,L,RU,N/A,11.5,90,0.460000008,24,10000,0,0,1,5,,12/3/2018
2015,BUFFRMFISHBT19,BUFFrmfish2015May29,main,2,M,RU,N/A,11.5,90,0.400000006,24,10000,0,0,0,0,,12/3/2018
2015,BUFFRMFISHBT19,BUFFrmfish2015May29,main,2,R,RU,N/A,11.5,62,0.419999987,15,54.5,1,5,0,0,,12/3/2018
2015,BUFFRMFISHBT19,BUFFrmfish2015May29,main,3,L,RU,N/A,13,58,0.649999976,24,10000,0,0,3,57.5,,12/3/2018
2015,BUFFRMFISHBT19,BUFFrmfish2015May29,main,3,M,RU,N/A,13,88,0.49000001,24,10000,0,0,0,0,,12/3/2018
2015,BUFFRMFISHBT19,BUFFrmfish2015May29,main,3,R,RU,N/A,13,40,0.109999999,3,0.1875,4,87.5,0,0,,12/3/2018
2015,BUFFRMFISHBT19,BUFFrmfish2015May29,main,4,L,RU,N/A,15,80,0.74000001,24,10000,0,0,3,57.5,,12/3/2018
2015,BUFFRMFISHBT19,BUFFrmfish2015May29,main,4,M,RU,N/A,15,46,0.300000012,12,19.3,1,5,1,5,,12/3/2018
2015,BUFFRMFISHBT19,BUFFrmfish2015May29,main,4,R,RU,N/A,15,14,0.550000012,14,38.5,2,25,0,0,,12/3/2018
2015,BUFFRMFISHBT19,BUFFrmfish2015May29,main,5,L,RI,N/A,23.5,64,1.080000043,13,27.3,1,5,0,0,,12/3/2018
2015,BUFFRMFISHBT19,BUFFrmfish2015May29,main,5,M,RI,N/A,23.5,12,0.340000004,14,38.5,2,25,0,0,,12/3/2018
2015,BUFFRMFISHBT19,BUFFrmfish2015May29,main,5,R,RI,N/A,23.5,26,0.560000002,12,19.3,1,5,0,0,,12/3/2018
2015,BUFFRMFISHBT19,BUFFrmfish2015May29,main,6,L,RU,N/A,18,24,0.439999998,11,13.65,2,25,0,0,,12/3/2018
2015,BUFFRMFISHBT19,BUFFrmfish2015May29,main,6,M,RU,N/A,18,36,0.699999988,12,19.3,1,5,0,0,,12/3/2018
2015,BUFFRMFISHBT19,BUFFrmfish2015May29,main,6,R,RU,N/A,18,36,0.649999976,14,38.5,1,5,0,0,,12/3/2018
2015,BUFFRMFISHBT19,BUFFrmfish2015May29,main,7,L,RU,N/A,18,38,0.340000004,15,54.5,1,5,0,0,,12/3/2018
2015,BUFFRMFISHBT19,BUFFrmfish2015May29,main,7,M,RU,N/A,18,36,0.600000024,13,27.3,1,5,0,0,,12/3/2018
2015,BUFFRMFISHBT19,BUFFrmfish2015May29,main,7,R,RU,N/A,18,34,0.5,12,19.3,2,25,0,0,,12/3/2018
2015,BUFFRMFISHBT19,BUFFrmfish2015May29,main,8,L,RU,N/A,12,50,0.319999993,13,27.3,2,25,0,0,,12/3/2018
2015,BUFFRMFISHBT19,BUFFrmfish2015May29,main,8,M,RU,N/A,12,74,0.620000005,13,27.3,1,5,0,0,,12/3/2018
2015,BUFFRMFISHBT19,BUFFrmfish2015May29,main,8,R,RU,N/A,12,52,0.589999974,14,38.5,1,5,0,0,,12/3/2018
2015,BUFFRMFISHBT19,BUFFrmfish2015May29,main,9,L,RU,N/A,8.5,64,0.639999986,14,38.5,1,5,0,0,,12/3/2018
2015,BUFFRMFISHBT19,BUFFrmfish2015May29,main,9,M,RU,N/A,8.5,98,0.670000017,14,38.5,1,5,0,0,,12/3/2018
2015,BUFFRMFISHBT19,BUFFrmfish2015May29,main,9,R,RU,N/A,8.5,70,0.720000029,15,54.5,1,5,0,0,,12/3/2018
2015,BUFFRMFISHBT19,BUFFrmfish2015May29,main,10,L,RI,N/A,8,48,1.330000043,17,109,0,0,0,0,,12/3/2018
2015,BUFFRMFISHBT19,BUFFrmfish2015May29,main,10,M,RI,N/A,8,54,0.680000007,14,38.5,1,5,0,0,,12/3/2018
2015,BUFFRMFISHBT19,BUFFrmfish2015May29,main,10,R,RI,N/A,8,76,0.930000007,15,54.5,1,5,0,0,,12/3/2018
2015,BUFFRMFISHBT19,BUFFrmfish2015May29,main,11,L,RI,N/A,10,40,1.110000014,15,54.5,0,0,0,0,,12/3/2018
2015,BUFFRMFISHBT19,BUFFrmfish2015May29,main,11,M,RI,N/A,10,42,0.99000001,15,54.5,1,5,0,0,,12/3/2018
2015,BUFFRMFISHBT19,BUFFrmfish2015May29,main,11,R,RI,N/A,10,18,0.270000011,14,38.5,2,25,0,0,,12/3/2018
2015,BUFFRMFISHBT20,BUFFrmfish2015Jun15,main,1,L,RU,N/A,27,36,0.189999998,10,9.65,3,57.5,0,0,,12/3/2018
2015,BUFFRMFISHBT20,BUFFrmfish2015Jun15,main,1,M,RU,N/A,27,32,0.219999999,12,19.3,2,25,0,0,,12/3/2018
2015,BUFFRMFISHBT20,BUFFrmfish2015Jun15,main,1,R,RU,N/A,27,22,0.090000004,13,27.3,3,57.5,2,25,,12/3/2018
2015,BUFFRMFISHBT20,BUFFrmfish2015Jun15,main,2,L,RU,N/A,20,8,0.270000011,11,13.65,2,25,0,0,,12/3/2018
2015,BUFFRMFISHBT20,BUFFrmfish2015Jun15,main,2,M,RU,N/A,20,24,0.360000014,12,19.3,2,25,0,0,,12/3/2018
2015,BUFFRMFISHBT20,BUFFrmfish2015Jun15,main,2,R,RU,N/A,20,20,0.310000002,12,19.3,2,25,0,0,,12/3/2018
2015,BUFFRMFISHBT20,BUFFrmfish2015Jun15,main,3,L,RU,N/A,20,8,0.090000004,8,4.85,4,87.5,0,0,,12/3/2018
2015,BUFFRMFISHBT20,BUFFrmfish2015Jun15,main,3,M,RU,N/A,20,18,0.289999992,11,13.65,2,25,0,0,,12/3/2018
2015,BUFFRMFISHBT20,BUFFrmfish2015Jun15,main,3,R,RU,N/A,20,68,0.289999992,24,10000,0,0,3,57.5,,12/3/2018
2015,BUFFRMFISHBT20,BUFFrmfish2015Jun15,main,4,L,RU,N/A,17,26,0.01,6,1.5,4,87.5,4,87.5,,12/3/2018
2015,BUFFRMFISHBT20,BUFFrmfish2015Jun15,main,4,M,RU,N/A,17,46,0.180000007,13,27.3,3,57.5,0,0,,12/3/2018
2015,BUFFRMFISHBT20,BUFFrmfish2015Jun15,main,4,R,RU,N/A,17,60,0.119999997,24,10000,0,0,1,5,,12/3/2018
2015,BUFFRMFISHBT20,BUFFrmfish2015Jun15,main,5,L,RI,N/A,20.5,38,0.430000007,14,38.5,1,5,0,0,,12/3/2018
2015,BUFFRMFISHBT20,BUFFrmfish2015Jun15,main,5,M,RI,N/A,20.5,12,0.340000004,15,54.5,2,25,0,0,,12/3/2018
2015,BUFFRMFISHBT20,BUFFrmfish2015Jun15,main,5,R,RI,N/A,20.5,18,0.300000012,12,19.3,2,25,1,5,,12/3/2018
2015,BUFFRMFISHBT20,BUFFrmfish2015Jun15,main,6,L,RU,N/A,24.5,18,0.209999993,12,19.3,3,57.5,4,87.5,,12/3/2018
2015,BUFFRMFISHBT20,BUFFrmfish2015Jun15,main,6,M,RU,N/A,24.5,12,0.230000004,13,27.3,3,57.5,2,25,,12/3/2018
2015,BUFFRMFISHBT20,BUFFrmfish2015Jun15,main,6,R,RU,N/A,24.5,34,0.360000014,11,13.65,3,57.5,0,0,,12/3/2018
2015,BUFFRMFISHBT20,BUFFrmfish2015Jun15,main,7,L,RU,N/A,20,14,0.090000004,13,27.3,3,57.5,4,87.5,,12/3/2018
2015,BUFFRMFISHBT20,BUFFrmfish2015Jun15,main,7,M,RU,N/A,20,36,0.430000007,12,19.3,2,25,1,5,,12/3/2018
2015,BUFFRMFISHBT20,BUFFrmfish2015Jun15,main,7,R,RU,N/A,20,40,0.029999999,16,77,3,57.5,4,87.5,,12/3/2018
2015,BUFFRMFISHBT20,BUFFrmfish2015Jun15,main,8,L,RU,N/A,11,24,0.029999999,15,54.5,3,57.5,0,0,,12/3/2018
2015,BUFFRMFISHBT20,BUFFrmfish2015Jun15,main,8,M,RU,N/A,11,42,0.610000014,18,154,2,25,0,0,,12/3/2018
2015,BUFFRMFISHBT20,BUFFrmfish2015Jun15,main,8,R,RU,N/A,11,50,0.200000003,24,10000,0,0,0,0,,12/3/2018
2015,BUFFRMFISHBT20,BUFFrmfish2015Jun15,main,9,L,RU,N/A,19.5,18,0.449999988,11,13.65,2,25,0,0,,12/3/2018
2015,BUFFRMFISHBT20,BUFFrmfish2015Jun15,main,9,M,RU,N/A,19.5,32,0.029999999,14,38.5,3,57.5,0,0,,12/3/2018
2015,BUFFRMFISHBT20,BUFFrmfish2015Jun15,main,9,R,RU,N/A,19.5,42,0.039999999,18,154,1,5,0,0,,12/3/2018
2015,BUFFRMFISHBT20,BUFFrmfish2015Jun15,main,10,L,RI,N/A,10.5,30,0.209999993,15,54.5,2,25,0,0,,12/3/2018
2015,BUFFRMFISHBT20,BUFFrmfish2015Jun15,main,10,M,RI,N/A,10.5,56,0.419999987,19,218,1,5,0,0,,12/3/2018
2015,BUFFRMFISHBT20,BUFFrmfish2015Jun15,main,10,R,RI,N/A,10.5,36,0.370000005,22,768,1,5,0,0,,12/3/2018
2015,BUFFRMFISHBT20,BUFFrmfish2015Jun15,main,11,L,RU,N/A,17.5,22,0.239999995,11,13.65,3,57.5,0,0,,12/3/2018
2015,BUFFRMFISHBT20,BUFFrmfish2015Jun15,main,11,M,RU,N/A,17.5,34,0.379999995,12,19.3,2,25,0,0,,12/3/2018
2015,BUFFRMFISHBT20,BUFFrmfish2015Jun15,main,11,R,RU,N/A,17.5,52,0.129999995,18,154,1,5,3,57.5,,12/3/2018
2015,BUFFRMFISHBT23,BUFFrmfish2015Jun04,main,1,L,RU,N/A,12.9,34,0.379999995,10,9.65,2,25,1,5,,12/3/2018
2015,BUFFRMFISHBT23,BUFFrmfish2015Jun04,main,1,M,RU,N/A,12.9,20,0.209999993,10,9.65,2,25,0,0,,12/3/2018
2015,BUFFRMFISHBT23,BUFFrmfish2015Jun04,main,1,R,RU,N/A,12.9,24,0.230000004,11,13.65,2,25,0,0,,12/3/2018
2015,BUFFRMFISHBT23,BUFFrmfish2015Jun04,main,2,L,RU,N/A,9.9,38,0.300000012,24,10000,0,0,3,57.5,,12/3/2018
2015,BUFFRMFISHBT23,BUFFrmfish2015Jun04,main,2,M,RU,N/A,9.9,64,0.310000002,8,4.85,4,87.5,1,5,,12/3/2018
2015,BUFFRMFISHBT23,BUFFrmfish2015Jun04,main,2,R,RU,N/A,9.9,28,0.180000007,9,6.85,4,87.5,0,0,,12/3/2018
2015,BUFFRMFISHBT23,BUFFrmfish2015Jun04,main,3,L,RU,N/A,7,52,0.079999998,24,10000,0,0,4,87.5,,12/3/2018
2015,BUFFRMFISHBT23,BUFFrmfish2015Jun04,main,3,M,RU,N/A,7,80,0.49000001,24,10000,0,0,3,57.5,,12/3/2018
2015,BUFFRMFISHBT23,BUFFrmfish2015Jun04,main,3,R,RU,N/A,7,64,0.219999999,8,4.85,4,87.5,2,25,,12/3/2018
2015,BUFFRMFISHBT23,BUFFrmfish2015Jun04,main,4,L,RU,N/A,8.9,82,0.569999993,24,10000,0,0,1,5,,12/3/2018
2015,BUFFRMFISHBT23,BUFFrmfish2015Jun04,main,4,M,RU,N/A,8.9,78,0.379999995,13,27.3,3,57.5,1,5,,12/3/2018
2015,BUFFRMFISHBT23,BUFFrmfish2015Jun04,main,4,R,RU,N/A,8.9,16,0.189999998,10,9.65,3,57.5,0,0,,12/3/2018
2015,BUFFRMFISHBT23,BUFFrmfish2015Jun04,main,5,L,RU,N/A,8.9,18,0.699999988,11,13.65,1,5,4,87.5,,12/3/2018
2015,BUFFRMFISHBT23,BUFFrmfish2015Jun04,main,5,M,RU,N/A,8.9,28,0.49000001,13,27.3,1,5,4,87.5,,12/3/2018
2015,BUFFRMFISHBT23,BUFFrmfish2015Jun04,main,5,R,RU,N/A,8.9,14,0.209999993,9,6.85,3,57.5,3,57.5,,12/3/2018
2015,BUFFRMFISHBT23,BUFFrmfish2015Jun04,main,6,L,RI,N/A,10,18,1.190000057,13,27.3,2,25,0,0,,12/3/2018
2015,BUFFRMFISHBT23,BUFFrmfish2015Jun04,main,6,M,RI,N/A,10,18,0.819999993,14,38.5,1,5,0,0,,12/3/2018
2015,BUFFRMFISHBT23,BUFFrmfish2015Jun04,main,6,R,RI,N/A,10,16,0.5,13,27.3,1,5,2,25,,12/3/2018
2015,BUFFRMFISHBT23,BUFFrmfish2015Jun04,main,7,L,RU,N/A,8.1,22,0.370000005,12,19.3,1,5,0,0,,12/3/2018
2015,BUFFRMFISHBT23,BUFFrmfish2015Jun04,main,7,M,RU,N/A,8.1,36,0.529999971,11,13.65,1,5,0,0,,12/3/2018
2015,BUFFRMFISHBT23,BUFFrmfish2015Jun04,main,7,R,RU,N/A,8.1,20,0.25999999,12,19.3,1,5,0,0,,12/3/2018
2015,BUFFRMFISHBT23,BUFFrmfish2015Jun04,main,8,L,RRX,N/A,7.8,28,0.790000021,14,38.5,1,5,0,0,,12/3/2018
2015,BUFFRMFISHBT23,BUFFrmfish2015Jun04,main,8,M,RRX,N/A,7.8,30,0.649999976,17,109,1,5,0,0,,12/3/2018
2015,BUFFRMFISHBT23,BUFFrmfish2015Jun04,main,8,R,RRX,N/A,7.8,32,0.340000004,15,54.5,1,5,0,0,,12/3/2018
2015,BUFFRMFISHBT23,BUFFrmfish2015Jun04,main,9,L,RI,N/A,8.8,18,0.340000004,15,54.5,1,5,0,0,,12/3/2018
2015,BUFFRMFISHBT23,BUFFrmfish2015Jun04,main,9,M,RI,N/A,8.8,32,0.400000006,15,54.5,1,5,0,0,,12/3/2018
2015,BUFFRMFISHBT23,BUFFrmfish2015Jun04,main,9,R,RI,N/A,8.8,30,0.479999989,12,19.3,1,5,4,87.5,,12/3/2018
2015,BUFFRMFISHBT23,BUFFrmfish2015Jun04,main,10,L,RI,N/A,7.8,20,0.439999998,15,54.5,1,5,0,0,,12/3/2018
2015,BUFFRMFISHBT23,BUFFrmfish2015Jun04,main,10,M,RI,N/A,7.8,22,0.519999981,15,54.5,1,5,4,87.5,,12/3/2018
2015,BUFFRMFISHBT23,BUFFrmfish2015Jun04,main,10,R,RI,N/A,7.8,26,1.070000052,14,38.5,1,5,4,87.5,,12/3/2018
2015,BUFFRMFISHBT23,BUFFrmfish2015Jun04,main,11,L,RI,N/A,7.2,12,0.079999998,16,77,1,5,0,0,,12/3/2018
2015,BUFFRMFISHBT23,BUFFrmfish2015Jun04,main,11,M,RI,N/A,7.2,40,0.529999971,14,38.5,1,5,0,0,,12/3/2018
2015,BUFFRMFISHBT23,BUFFrmfish2015Jun04,main,11,R,RI,N/A,7.2,38,0.75999999,16,77,1,5,1,5,,12/3/2018
2017,BUFFRMFISHBM01,BUFFRMFISH2017May31,main,1,L,RU,N/A,20.8,24,0.409999996,17,109,2,25,0,0,,12/3/2018
2017,BUFFRMFISHBM01,BUFFRMFISH2017May31,main,1,M,RU,N/A,20.8,20,0.589999974,17,109,2,25,0,0,,12/3/2018
2017,BUFFRMFISHBM01,BUFFRMFISH2017May31,main,1,R,RU,N/A,20.8,30,0.150000006,16,77,2,25,0,0,,12/3/2018
2017,BUFFRMFISHBM01,BUFFRMFISH2017May31,main,2,L,RU,N/A,21.8,60,0.289999992,16,77,2,25,0,0,,12/3/2018
2017,BUFFRMFISHBM01,BUFFRMFISH2017May31,main,2,M,RU,N/A,21.8,27,0.129999995,15,54.5,2,25,0,0,,12/3/2018
2017,BUFFRMFISHBM01,BUFFRMFISH2017May31,main,2,R,RU,N/A,21.8,18,0.129999995,12,19.3,2,25,0,0,,12/3/2018
2017,BUFFRMFISHBM01,BUFFRMFISH2017May31,main,3,L,RU,N/A,20.8,36,0.280000001,17,109,2,25,0,0,,12/3/2018
2017,BUFFRMFISHBM01,BUFFRMFISH2017May31,main,3,M,RU,N/A,20.8,22,0.170000002,20,309,1,5,0,0,,12/3/2018
2017,BUFFRMFISHBM01,BUFFRMFISH2017May31,main,3,R,RU,N/A,20.8,18,0.25999999,17,109,2,25,0,0,,12/3/2018
2017,BUFFRMFISHBM01,BUFFRMFISH2017May31,main,4,L,RU,N/A,20.4,24,0.239999995,13,27.3,2,25,0,0,,12/3/2018
2017,BUFFRMFISHBM01,BUFFRMFISH2017May31,main,4,M,RU,N/A,20.4,47,0.180000007,17,109,2,25,0,0,,12/3/2018
2017,BUFFRMFISHBM01,BUFFRMFISH2017May31,main,4,R,RU,N/A,20.4,25,0.270000011,19,218,1,5,0,0,,12/3/2018
2017,BUFFRMFISHBM01,BUFFRMFISH2017May31,main,5,L,GL,N/A,26.8,68,0.090000004,18,154,2,25,0,0,,12/3/2018
2017,BUFFRMFISHBM01,BUFFRMFISH2017May31,main,5,M,GL,N/A,26.8,70,0.079999998,20,309,1,5,0,0,,12/3/2018
2017,BUFFRMFISHBM01,BUFFRMFISH2017May31,main,5,R,GL,N/A,26.8,42,0.07,14,38.5,2,25,0,0,,12/3/2018
2017,BUFFRMFISHBM01,BUFFRMFISH2017May31,main,6,L,RU,N/A,39,69,0.07,12,19.3,3,57.5,1,5,,12/3/2018
2017,BUFFRMFISHBM01,BUFFRMFISH2017May31,main,6,M,RU,N/A,39,92,0.050000001,11,13.65,2,25,0,0,,12/3/2018
2017,BUFFRMFISHBM01,BUFFRMFISH2017May31,main,6,R,RU,N/A,39,82,0.050000001,17,109,2,25,2,25,,12/3/2018
2017,BUFFRMFISHBM01,BUFFRMFISH2017May31,main,7,L,RU,N/A,36.5,106,0.02,7,3,3,57.5,1,5,,12/3/2018
2017,BUFFRMFISHBM01,BUFFRMFISH2017May31,main,7,M,RU,N/A,36.5,140,0.07,13,27.3,2,25,0,0,,12/3/2018
2017,BUFFRMFISHBM01,BUFFRMFISH2017May31,main,7,R,RU,N/A,36.5,161,0.029999999,21,437,1,5,1,5,,12/3/2018
2017,BUFFRMFISHBM01,BUFFRMFISH2017May31,main,8,L,RU,N/A,31.5,131,0.01,21,437,3,57.5,0,0,,12/3/2018
2017,BUFFRMFISHBM01,BUFFRMFISH2017May31,main,8,M,RU,N/A,31.5,147,0.059999999,12,19.3,2,25,0,0,,12/3/2018
2017,BUFFRMFISHBM01,BUFFRMFISH2017May31,main,8,R,RU,N/A,31.5,150,0.029999999,16,77,1,5,0,0,,12/3/2018
2017,BUFFRMFISHBM01,BUFFRMFISH2017May31,main,9,L,RU,N/A,34,115,0.039999999,20,309,2,25,2,25,,12/3/2018
2017,BUFFRMFISHBM01,BUFFRMFISH2017May31,main,9,M,RU,N/A,34,126,0.07,12,19.3,1,5,0,0,,12/3/2018
2017,BUFFRMFISHBM01,BUFFRMFISH2017May31,main,9,R,RU,N/A,34,134,0.02,17,109,1,5,2,25,,12/3/2018
2017,BUFFRMFISHBM01,BUFFRMFISH2017May31,main,10,L,RU,N/A,37,30,0.029999999,17,109,3,57.5,0,0,,12/3/2018
2017,BUFFRMFISHBM01,BUFFRMFISH2017May31,main,10,M,RU,N/A,37,139,0.059999999,18,154,2,25,0,0,,12/3/2018
2017,BUFFRMFISHBM01,BUFFRMFISH2017May31,main,10,R,RU,N/A,37,148,0.07,13,27.3,2,25,4,87.5,,12/3/2018
2017,BUFFRMFISHBM01,BUFFRMFISH2017May31,main,11,L,RU,N/A,40.5,138,0.109999999,18,154,3,57.5,0,0,,12/3/2018
2017,BUFFRMFISHBM01,BUFFRMFISH2017May31,main,11,M,RU,N/A,40.5,134,0.059999999,21,437,2,25,0,0,,12/3/2018
2017,BUFFRMFISHBM01,BUFFRMFISH2017May31,main,11,R,RU,N/A,40.5,48,0.02,15,54.5,2,25,1,5,,12/3/2018
2017,BUFFRMFISHBM01,BUFFRMFISH2017May31,side channel,1,L,RRX,N/A,13.5,22,0.140000001,12,19.3,3,57.5,0,0,,12/3/2018
2017,BUFFRMFISHBM01,BUFFRMFISH2017May31,side channel,1,M,RRX,N/A,13.5,6,0.209999993,15,54.5,2,25,0,0,,12/3/2018
2017,BUFFRMFISHBM01,BUFFRMFISH2017May31,side channel,1,R,RRX,N/A,13.5,24,0.409999996,15,54.5,2,25,0,0,,12/3/2018
2017,BUFFRMFISHBM01,BUFFRMFISH2017May31,side channel,2,L,RU,N/A,10.8,12,0,16,77,2,25,0,0,,12/3/2018
2017,BUFFRMFISHBM01,BUFFRMFISH2017May31,side channel,2,M,RU,N/A,10.8,25,0.170000002,13,27.3,2,25,0,0,,12/3/2018
2017,BUFFRMFISHBM01,BUFFRMFISH2017May31,side channel,2,R,RU,N/A,10.8,32,0.170000002,17,109,2,25,0,0,,12/3/2018
2017,BUFFRMFISHBM01,BUFFRMFISH2017May31,side channel,3,L,RI,N/A,13.3,13,0.730000019,16,77,2,25,0,0,,12/3/2018
2017,BUFFRMFISHBM01,BUFFRMFISH2017May31,side channel,3,M,RI,N/A,13.3,10,0.610000014,14,38.5,2,25,0,0,,12/3/2018
2017,BUFFRMFISHBM01,BUFFRMFISH2017May31,side channel,3,R,RI,N/A,13.3,8,0.100000001,15,54.5,2,25,3,57.5,,12/3/2018
2017,BUFFRMFISHBM01,BUFFRMFISH2017May31,side channel,4,L,RU,N/A,11.2,22,0.150000006,18,154,1,5,2,25,,12/3/2018
2017,BUFFRMFISHBM01,BUFFRMFISH2017May31,side channel,4,M,RU,N/A,11.2,20,0.200000003,18,154,1,5,2,25,,12/3/2018
2017,BUFFRMFISHBM01,BUFFRMFISH2017May31,side channel,4,R,RU,N/A,11.2,14,0.129999995,16,77,2,25,0,0,,12/3/2018
2017,BUFFRMFISHBM01,BUFFRMFISH2017May31,side channel,5,L,RRX,N/A,15.8,20,0.949999988,16,77,2,25,3,57.5,,12/3/2018
2017,BUFFRMFISHBM01,BUFFRMFISH2017May31,side channel,5,M,RRX,N/A,15.8,10,0.579999983,17,109,1,5,2,25,,12/3/2018
2017,BUFFRMFISHBM01,BUFFRMFISH2017May31,side channel,5,R,RRX,N/A,15.8,12,0.059999999,19,218,1,5,4,87.5,,12/3/2018
2017,BUFFRMFISHBM02,BUFFRMFISH2017Jun01,main,1,L,RU,N/A,33.8,30,0.25,13,27.3,2,25,0,0,,12/3/2018
2017,BUFFRMFISHBM02,BUFFRMFISH2017Jun01,main,1,M,RU,N/A,33.8,40,0.340000004,11,13.65,1,5,0,0,,12/3/2018
2017,BUFFRMFISHBM02,BUFFRMFISH2017Jun01,main,1,R,RU,N/A,33.8,43,0.529999971,13,27.3,1,5,3,57.5,,12/3/2018
2017,BUFFRMFISHBM02,BUFFRMFISH2017Jun01,main,2,L,RU,N/A,22.8,50,0.189999998,14,38.5,2,25,0,0,,12/3/2018
2017,BUFFRMFISHBM02,BUFFRMFISH2017Jun01,main,2,M,RU,N/A,22.8,68,0.50999999,15,54.5,1,5,0,0,,12/3/2018
2017,BUFFRMFISHBM02,BUFFRMFISH2017Jun01,main,2,R,RU,N/A,22.8,50,0.430000007,24,10000,0,0,,,no canopy cover data,12/3/2018
2017,BUFFRMFISHBM02,BUFFRMFISH2017Jun01,main,3,L,RU,N/A,29.4,84,0.090000004,3,0.1875,4,87.5,0,0,,12/3/2018
2017,BUFFRMFISHBM02,BUFFRMFISH2017Jun01,main,3,M,RU,N/A,29.4,69,0.219999999,11,13.65,3,57.5,0,0,,12/3/2018
2017,BUFFRMFISHBM02,BUFFRMFISH2017Jun01,main,3,R,RU,N/A,29.4,60,0.239999995,24,10000,0,0,,,no canopy cover data,12/3/2018
2017,BUFFRMFISHBM02,BUFFRMFISH2017Jun01,main,4,L,RU,N/A,26.4,89,-0.039999999,16,77,3,57.5,0,0,,12/3/2018
2017,BUFFRMFISHBM02,BUFFRMFISH2017Jun01,main,4,M,RU,N/A,26.4,200,0.319999993,2,0.0935,4,87.5,0,0,depth > 200cm,12/3/2018
2017,BUFFRMFISHBM02,BUFFRMFISH2017Jun01,main,4,R,RU,N/A,26.4,83,0.239999995,24,10000,0,0,1,5,,12/3/2018
2017,BUFFRMFISHBM02,BUFFRMFISH2017Jun01,main,5,L,RU,N/A,17.2,84,0.150000006,11,13.65,3,57.5,0,0,,12/3/2018
2017,BUFFRMFISHBM02,BUFFRMFISH2017Jun01,main,5,M,RU,N/A,17.2,100,0.460000008,24,10000,0,0,0,0,depth >100cm,12/3/2018
2017,BUFFRMFISHBM02,BUFFRMFISH2017Jun01,main,5,R,RU,N/A,17.2,98,0.319999993,24,10000,0,0,1,5,,12/3/2018
2017,BUFFRMFISHBM02,BUFFRMFISH2017Jun01,main,6,L,RRX,N/A,33.4,23,0.310000002,10,9.65,1,5,0,0,,12/3/2018
2017,BUFFRMFISHBM02,BUFFRMFISH2017Jun01,main,6,M,RRX,N/A,33.4,35,0.370000005,8,4.85,1,5,0,0,,12/3/2018
2017,BUFFRMFISHBM02,BUFFRMFISH2017Jun01,main,6,R,RRX,N/A,33.4,89,0.920000017,12,19.3,2,25,0,0,,12/3/2018
2017,BUFFRMFISHBM02,BUFFRMFISH2017Jun01,main,7,L,PO,F,38.8,200,-0.01,18,154,3,57.5,0,0,depth>200cm,12/3/2018
2017,BUFFRMFISHBM02,BUFFRMFISH2017Jun01,main,7,M,PO,F,38.8,200,0.100000001,12,19.3,2,25,0,0,depth>200cm,12/3/2018
2017,BUFFRMFISHBM02,BUFFRMFISH2017Jun01,main,7,R,PO,F,38.8,108,0.059999999,13,27.3,3,57.5,2,25,,12/3/2018
2017,BUFFRMFISHBM02,BUFFRMFISH2017Jun01,main,8,L,PO,F,20.4,130,0.310000002,24,10000,0,0,0,0,,12/3/2018
2017,BUFFRMFISHBM02,BUFFRMFISH2017Jun01,main,8,M,PO,F,20.4,132,0.200000003,24,10000,0,0,0,0,,12/3/2018
2017,BUFFRMFISHBM02,BUFFRMFISH2017Jun01,main,8,R,PO,F,20.4,198,0.230000004,11,13.65,3,57.5,0,0,,12/3/2018
2017,BUFFRMFISHBM02,BUFFRMFISH2017Jun01,main,9,L,PO,F,19.4,200,0.560000002,19,218,1,5,2,25,depth>200cm,12/3/2018
2017,BUFFRMFISHBM02,BUFFRMFISH2017Jun01,main,9,M,PO,F,19.4,200,-0.02,7,3,2,25,0,0,depth>200cm,12/3/2018
2017,BUFFRMFISHBM02,BUFFRMFISH2017Jun01,main,9,R,PO,F,19.4,48,-0.109999999,7,3,1,5,0,0,,12/3/2018
2017,BUFFRMFISHBM02,BUFFRMFISH2017Jun01,main,10,L,RI,N/A,20.8,68,0.920000017,17,109,1,5,1,5,,12/3/2018
2017,BUFFRMFISHBM02,BUFFRMFISH2017Jun01,main,10,M,RI,N/A,20.8,24,0.850000024,14,38.5,1,5,0,0,,12/3/2018
2017,BUFFRMFISHBM02,BUFFRMFISH2017Jun01,main,10,R,RI,N/A,20.8,18,0.209999993,11,13.65,1,5,0,0,,12/3/2018
2017,BUFFRMFISHBM02,BUFFRMFISH2017Jun01,main,11,L,RRX,N/A,47.4,23,0.769999981,14,38.5,1,5,4,87.5,,12/3/2018
2017,BUFFRMFISHBM02,BUFFRMFISH2017Jun01,main,11,M,RRX,N/A,47.4,34,0.400000006,11,13.65,1,5,1,5,,12/3/2018
2017,BUFFRMFISHBM02,BUFFRMFISH2017Jun01,main,11,R,RRX,N/A,47.4,11,0.49000001,13,27.3,1,5,0,0,,12/3/2018
2017,BUFFRMFISHBM03,BUFFRMFISH2017Jun02,main,1,L,RI,N/A,33,20,0.689999998,13,27.3,1,5,0,0,,12/3/2018
2017,BUFFRMFISHBM03,BUFFRMFISH2017Jun02,main,1,M,RI,N/A,33,54,1.200000048,14,38.5,1,5,0,0,,12/3/2018
2017,BUFFRMFISHBM03,BUFFRMFISH2017Jun02,main,1,R,RI,N/A,33,52,1.570000052,11,13.65,1,5,1,5,,12/3/2018
2017,BUFFRMFISHBM03,BUFFRMFISH2017Jun02,main,2,L,RI,N/A,65,85,0.330000013,15,54.5,2,25,1,5,,12/3/2018
2017,BUFFRMFISHBM03,BUFFRMFISH2017Jun02,main,2,M,RI,N/A,65,74,0.50999999,10,9.65,2,25,0,0,,12/3/2018
2017,BUFFRMFISHBM03,BUFFRMFISH2017Jun02,main,2,R,RI,N/A,65,21,0.49000001,12,19.3,1,5,0,0,,12/3/2018
2017,BUFFRMFISHBM03,BUFFRMFISH2017Jun02,main,3,L,RU,N/A,53.5,138,0.119999997,14,38.5,2,25,0,0,,12/3/2018
2017,BUFFRMFISHBM03,BUFFRMFISH2017Jun02,main,3,M,RU,N/A,53.5,95,0.349999994,13,27.3,2,25,0,0,,12/3/2018
2017,BUFFRMFISHBM03,BUFFRMFISH2017Jun02,main,3,R,RU,N/A,53.5,100,0.219999999,11,13.65,3,57.5,0,0,,12/3/2018
2017,BUFFRMFISHBM03,BUFFRMFISH2017Jun02,main,4,L,RU,N/A,52.5,144,0.200000003,15,54.5,2,25,0,0,,12/3/2018
2017,BUFFRMFISHBM03,BUFFRMFISH2017Jun02,main,4,M,RU,N/A,52.5,118,0.449999988,12,19.3,3,57.5,0,0,,12/3/2018
2017,BUFFRMFISHBM03,BUFFRMFISH2017Jun02,main,4,R,RU,N/A,52.5,46,0.07,12,19.3,3,57.5,1,5,,12/3/2018
2017,BUFFRMFISHBM03,BUFFRMFISH2017Jun02,main,5,L,PO,F,40,180,0.5,20,309,1,5,0,0,,12/3/2018
2017,BUFFRMFISHBM03,BUFFRMFISH2017Jun02,main,5,M,PO,F,40,118,0.560000002,15,54.5,2,25,0,0,,12/3/2018
2017,BUFFRMFISHBM03,BUFFRMFISH2017Jun02,main,5,R,PO,F,40,58,0.280000001,12,19.3,3,57.5,0,0,,12/3/2018
2017,BUFFRMFISHBM03,BUFFRMFISH2017Jun02,main,6,L,PO,F,51,168,0.469999999,24,10000,0,0,0,0,,12/3/2018
2017,BUFFRMFISHBM03,BUFFRMFISH2017Jun02,main,6,M,PO,F,51,100,0.400000006,15,54.5,2,25,0,0,,12/3/2018
2017,BUFFRMFISHBM03,BUFFRMFISH2017Jun02,main,6,R,PO,F,51,29,0.079999998,13,27.3,3,57.5,0,0,,12/3/2018
2017,BUFFRMFISHBM03,BUFFRMFISH2017Jun02,main,7,L,PO,F,56.5,126,0.230000004,22,768,1,5,0,0,,12/3/2018
2017,BUFFRMFISHBM03,BUFFRMFISH2017Jun02,main,7,M,PO,F,56.5,88,0.360000014,16,77,2,25,0,0,,12/3/2018
2017,BUFFRMFISHBM03,BUFFRMFISH2017Jun02,main,7,R,PO,F,56.5,60,0.310000002,15,54.5,2,25,0,0,,12/3/2018
2017,BUFFRMFISHBM03,BUFFRMFISH2017Jun02,main,8,L,PO,F,36,108,0.219999999,21,437,1,5,0,0,,12/3/2018
2017,BUFFRMFISHBM03,BUFFRMFISH2017Jun02,main,8,M,PO,F,36,186,0.430000007,20,309,2,25,0,0,,12/3/2018
2017,BUFFRMFISHBM03,BUFFRMFISH2017Jun02,main,8,R,PO,F,36,124,0.25,15,54.5,3,57.5,0,0,,12/3/2018
2017,BUFFRMFISHBM03,BUFFRMFISH2017Jun02,main,9,L,PO,F,38,170,0.460000008,24,10000,0,0,1,5,,12/3/2018
2017,BUFFRMFISHBM03,BUFFRMFISH2017Jun02,main,9,M,PO,F,38,162,0.370000005,3,0.1875,4,87.5,0,0,,12/3/2018
2017,BUFFRMFISHBM03,BUFFRMFISH2017Jun02,main,9,R,PO,F,38,78,-0.02,3,0.1875,4,87.5,0,0,,12/3/2018
2017,BUFFRMFISHBM03,BUFFRMFISH2017Jun02,main,10,L,PO,F,50,138,0.400000006,12,19.3,2,25,2,25,,12/3/2018
2017,BUFFRMFISHBM03,BUFFRMFISH2017Jun02,main,10,M,PO,F,50,40,0.370000005,5,0.75,3,57.5,0,0,,12/3/2018
2017,BUFFRMFISHBM03,BUFFRMFISH2017Jun02,main,10,R,PO,F,50,48,0.330000013,15,54.5,2,25,0,0,,12/3/2018
2017,BUFFRMFISHBM03,BUFFRMFISH2017Jun02,main,11,L,RU,N/A,59.5,93,0.039999999,13,27.3,3,57.5,0,0,,12/3/2018
2017,BUFFRMFISHBM03,BUFFRMFISH2017Jun02,main,11,M,RU,N/A,59.5,118,0.689999998,13,27.3,3,57.5,0,0,,12/3/2018
2017,BUFFRMFISHBM03,BUFFRMFISH2017Jun02,main,11,R,RU,N/A,59.5,67,0.050000001,3,0.1875,4,87.5,0,0,,12/3/2018
2017,BUFFRMFISHBM04,BUFFRMFISH2017Jun15,main,1,L,RI,N/A,37,30,0.540000021,15,54.5,1,5,0,0,,12/3/2018
2017,BUFFRMFISHBM04,BUFFRMFISH2017Jun15,main,1,M,RI,N/A,37,54,0.959999979,13,27.3,1,5,0,0,,12/3/2018
2017,BUFFRMFISHBM04,BUFFRMFISH2017Jun15,main,1,R,RI,N/A,37,62,0.730000019,12,19.3,2,25,0,0,,12/3/2018
2017,BUFFRMFISHBM04,BUFFRMFISH2017Jun15,main,2,L,RI,N/A,41,68,0.469999999,17,109,2,25,0,0,,12/3/2018
2017,BUFFRMFISHBM04,BUFFRMFISH2017Jun15,main,2,M,RI,N/A,41,65,1.179999948,15,54.5,2,25,0,0,,12/3/2018
2017,BUFFRMFISHBM04,BUFFRMFISH2017Jun15,main,2,R,RI,N/A,41,54,0.25999999,16,77,2,25,0,0,,12/3/2018
2017,BUFFRMFISHBM04,BUFFRMFISH2017Jun15,main,3,L,RRX,N/A,50,52,0.219999999,12,19.3,3,57.5,0,0,,12/3/2018
2017,BUFFRMFISHBM04,BUFFRMFISH2017Jun15,main,3,M,RRX,N/A,50,118,0.310000002,11,13.65,3,57.5,0,0,,12/3/2018
2017,BUFFRMFISHBM04,BUFFRMFISH2017Jun15,main,3,R,RRX,N/A,50,82,0.550000012,14,38.5,2,25,1,5,,12/3/2018
2017,BUFFRMFISHBM04,BUFFRMFISH2017Jun15,main,4,L,RU,N/A,62,68,0.170000002,24,10000,0,0,,,,12/3/2018
2017,BUFFRMFISHBM04,BUFFRMFISH2017Jun15,main,4,M,RU,N/A,62,88,0.349999994,24,10000,0,0,0,0,,12/3/2018
2017,BUFFRMFISHBM04,BUFFRMFISH2017Jun15,main,4,R,RU,N/A,62,64,0.360000014,10,9.65,3,57.5,0,0,,12/3/2018
2017,BUFFRMFISHBM04,BUFFRMFISH2017Jun15,main,5,L,RU,N/A,56,40,0.300000012,18,154,2,25,0,0,,12/3/2018
2017,BUFFRMFISHBM04,BUFFRMFISH2017Jun15,main,5,M,RU,N/A,56,74,0.439999998,13,27.3,2,25,0,0,,12/3/2018
2017,BUFFRMFISHBM04,BUFFRMFISH2017Jun15,main,5,R,RU,N/A,56,76,0.340000004,13,27.3,2,25,0,0,,12/3/2018
2017,BUFFRMFISHBM04,BUFFRMFISH2017Jun15,main,6,L,RU,N/A,60,68,0.189999998,24,10000,0,0,0,0,,12/3/2018
2017,BUFFRMFISHBM04,BUFFRMFISH2017Jun15,main,6,M,RU,N/A,60,72,0.400000006,10,9.65,2,25,0,0,,12/3/2018
2017,BUFFRMFISHBM04,BUFFRMFISH2017Jun15,main,6,R,RU,N/A,60,70,0.300000012,15,54.5,3,57.5,0,0,,12/3/2018
2017,BUFFRMFISHBM04,BUFFRMFISH2017Jun15,main,7,L,RU,N/A,55.5,74,0.189999998,24,10000,0,0,0,0,,12/3/2018
2017,BUFFRMFISHBM04,BUFFRMFISH2017Jun15,main,7,M,RU,N/A,55.5,62,0.569999993,14,38.5,2,25,0,0,,12/3/2018
2017,BUFFRMFISHBM04,BUFFRMFISH2017Jun15,main,7,R,RU,N/A,55.5,66,0.449999988,24,10000,0,0,0,0,,12/3/2018
2017,BUFFRMFISHBM04,BUFFRMFISH2017Jun15,main,8,L,RRX,N/A,56.5,84,0.230000004,24,10000,0,0,0,0,,12/3/2018
2017,BUFFRMFISHBM04,BUFFRMFISH2017Jun15,main,8,M,RRX,N/A,56.5,82,0.449999988,24,10000,0,0,0,0,,12/3/2018
2017,BUFFRMFISHBM04,BUFFRMFISH2017Jun15,main,8,R,RRX,N/A,56.5,38,0.280000001,20,309,1,5,4,87.5,,12/3/2018
2017,BUFFRMFISHBM04,BUFFRMFISH2017Jun15,main,9,L,RU,N/A,61,86,0.140000001,17,109,2,25,0,0,,12/3/2018
2017,BUFFRMFISHBM04,BUFFRMFISH2017Jun15,main,9,M,RU,N/A,61,138,0.349999994,24,10000,0,0,0,0,,12/3/2018
2017,BUFFRMFISHBM04,BUFFRMFISH2017Jun15,main,9,R,RU,N/A,61,62,-0.050000001,12,19.3,3,57.5,0,0,,12/3/2018
2017,BUFFRMFISHBM04,BUFFRMFISH2017Jun15,main,10,L,RRX,N/A,56.5,40,0.100000001,8,4.85,3,57.5,0,0,,12/3/2018
2017,BUFFRMFISHBM04,BUFFRMFISH2017Jun15,main,10,M,RRX,N/A,56.5,52,0.790000021,11,13.65,1,5,0,0,,12/3/2018
2017,BUFFRMFISHBM04,BUFFRMFISH2017Jun15,main,10,R,RRX,N/A,56.5,138,0.119999997,24,10000,0,0,0,0,,12/3/2018
2017,BUFFRMFISHBM04,BUFFRMFISH2017Jun15,main,11,L,RRX,N/A,78,116,0.379999995,24,10000,0,0,0,0,,12/3/2018
2017,BUFFRMFISHBM04,BUFFRMFISH2017Jun15,main,11,M,RRX,N/A,78,50,0.07,8,4.85,3,57.5,0,0,,12/3/2018
2017,BUFFRMFISHBM04,BUFFRMFISH2017Jun15,main,11,R,RRX,N/A,78,24,0.449999988,12,19.3,2,25,,,,12/3/2018
2017,BUFFRMFISHBM05,BUFFRMFISH2017Jun14,backwater_main,1,L,PO,B,15,50,0,8,4.85,3,57.5,2,25,,12/3/2018
2017,BUFFRMFISHBM05,BUFFRMFISH2017Jun14,backwater_main,1,M,PO,B,15,60,0.029999999,13,27.3,4,87.5,0,0,,12/3/2018
2017,BUFFRMFISHBM05,BUFFRMFISH2017Jun14,backwater_main,1,R,PO,B,15,51,-0.029999999,10,9.65,4,87.5,0,0,,12/3/2018
2017,BUFFRMFISHBM05,BUFFRMFISH2017Jun14,backwater_main,2,L,PO,B,7.5,40,0.02,8,4.85,4,87.5,0,0,,12/3/2018
2017,BUFFRMFISHBM05,BUFFRMFISH2017Jun14,backwater_main,2,M,PO,B,7.5,64,0.02,10,9.65,4,87.5,0,0,,12/3/2018
2017,BUFFRMFISHBM05,BUFFRMFISH2017Jun14,backwater_main,2,R,PO,B,7.5,41,-0.029999999,8,4.85,4,87.5,1,5,,12/3/2018
2017,BUFFRMFISHBM05,BUFFRMFISH2017Jun14,backwater_main,3,L,PO,B,2,11,0,10,9.65,4,87.5,2,25,,12/3/2018
2017,BUFFRMFISHBM05,BUFFRMFISH2017Jun14,backwater_main,3,M,PO,B,2,35,0.02,8,4.85,4,87.5,1,5,,12/3/2018
2017,BUFFRMFISHBM05,BUFFRMFISH2017Jun14,backwater_main,3,R,PO,B,2,16,0.01,17,109,3,57.5,1,5,,12/3/2018
2017,BUFFRMFISHBM05,BUFFRMFISH2017Jun14,main,1,L,RI,N/A,67.5,36,1.169999957,11,13.65,2,25,0,0,,12/3/2018
2017,BUFFRMFISHBM05,BUFFRMFISH2017Jun14,main,1,M,RI,N/A,67.5,34,0.870000005,12,19.3,1,5,0,0,,12/3/2018
2017,BUFFRMFISHBM05,BUFFRMFISH2017Jun14,main,1,R,RI,N/A,67.5,40,0.610000014,12,19.3,2,25,1,5,,12/3/2018
2017,BUFFRMFISHBM05,BUFFRMFISH2017Jun14,main,2,L,RRX,N/A,69,55,0.49000001,12,19.3,2,25,0,0,,12/3/2018
2017,BUFFRMFISHBM05,BUFFRMFISH2017Jun14,main,2,M,RRX,N/A,69,50,0.610000014,14,38.5,2,25,0,0,,12/3/2018
2017,BUFFRMFISHBM05,BUFFRMFISH2017Jun14,main,2,R,RRX,N/A,69,28,0.649999976,12,19.3,2,25,0,0,,12/3/2018
2017,BUFFRMFISHBM05,BUFFRMFISH2017Jun14,main,3,L,RU,N/A,66.5,100,0.550000012,11,13.65,2,25,0,0,,12/3/2018
2017,BUFFRMFISHBM05,BUFFRMFISH2017Jun14,main,3,M,RU,N/A,66.5,82,0.589999974,13,27.3,2,25,0,0,,12/3/2018
2017,BUFFRMFISHBM05,BUFFRMFISH2017Jun14,main,3,R,RU,N/A,66.5,85,0,7,3,4,87.5,0,0,,12/3/2018
2017,BUFFRMFISHBM05,BUFFRMFISH2017Jun14,main,4,L,RU,N/A,56,106,0.180000007,15,54.5,3,57.5,0,0,,12/3/2018
2017,BUFFRMFISHBM05,BUFFRMFISH2017Jun14,main,4,M,RU,N/A,56,146,0.360000014,13,27.3,2,25,0,0,,12/3/2018
2017,BUFFRMFISHBM05,BUFFRMFISH2017Jun14,main,4,R,RU,N/A,56,130,0.270000011,15,54.5,2,25,0,0,,12/3/2018
2017,BUFFRMFISHBM05,BUFFRMFISH2017Jun14,main,5,L,RU,N/A,49,120,0.349999994,12,19.3,2,25,0,0,,12/3/2018
2017,BUFFRMFISHBM05,BUFFRMFISH2017Jun14,main,5,M,RU,N/A,49,170,0.310000002,3,0.1875,4,87.5,0,0,,12/3/2018
2017,BUFFRMFISHBM05,BUFFRMFISH2017Jun14,main,5,R,RU,N/A,49,141,0.039999999,20,309,1,5,0,0,,12/3/2018
2017,BUFFRMFISHBM05,BUFFRMFISH2017Jun14,main,6,L,RU,N/A,46,96,0.230000004,14,38.5,3,57.5,0,0,,12/3/2018
2017,BUFFRMFISHBM05,BUFFRMFISH2017Jun14,main,6,M,RU,N/A,46,110,0.209999993,14,38.5,2,25,0,0,,12/3/2018
2017,BUFFRMFISHBM05,BUFFRMFISH2017Jun14,main,6,R,RU,N/A,46,98,0.519999981,15,54.5,2,25,0,0,,12/3/2018
2017,BUFFRMFISHBM05,BUFFRMFISH2017Jun14,main,7,L,RU,N/A,41,98,0.119999997,24,10000,0,0,0,0,,12/3/2018
2017,BUFFRMFISHBM05,BUFFRMFISH2017Jun14,main,7,M,RU,N/A,41,162,0.579999983,16,77,2,25,0,0,,12/3/2018
2017,BUFFRMFISHBM05,BUFFRMFISH2017Jun14,main,7,R,RU,N/A,41,152,0.189999998,24,10000,0,0,1,5,,12/3/2018
2017,BUFFRMFISHBM05,BUFFRMFISH2017Jun14,main,8,L,RU,N/A,34.5,64,0.090000004,13,27.3,2,25,0,0,,12/3/2018
2017,BUFFRMFISHBM05,BUFFRMFISH2017Jun14,main,8,M,RU,N/A,34.5,172,0.449999988,14,38.5,2,25,0,0,,12/3/2018
2017,BUFFRMFISHBM05,BUFFRMFISH2017Jun14,main,8,R,RU,N/A,34.5,194,0.699999988,24,10000,0,0,1,5,,12/3/2018
2017,BUFFRMFISHBM05,BUFFRMFISH2017Jun14,main,9,L,RU,N/A,33,100,-0.02,15,54.5,3,57.5,0,0,,12/3/2018
2017,BUFFRMFISHBM05,BUFFRMFISH2017Jun14,main,9,M,RU,N/A,33,178,0.829999983,20,309,1,5,0,0,,12/3/2018
2017,BUFFRMFISHBM05,BUFFRMFISH2017Jun14,main,9,R,RU,N/A,33,146,0.709999979,22,768,1,5,0,0,,12/3/2018
2017,BUFFRMFISHBM05,BUFFRMFISH2017Jun14,main,10,L,RU,N/A,30,48,-0.02,13,27.3,2,25,0,0,,12/3/2018
2017,BUFFRMFISHBM05,BUFFRMFISH2017Jun14,main,10,M,RU,N/A,30,138,0.540000004,3,0.1875,4,87.5,0,0,,12/3/2018
2017,BUFFRMFISHBM05,BUFFRMFISH2017Jun14,main,10,R,RU,N/A,30,116,0.479999989,20,309,1,5,0,0,,12/3/2018
2017,BUFFRMFISHBM05,BUFFRMFISH2017Jun14,main,11,L,RRX,N/A,37,32,-0.02,13,27.3,3,57.5,0,0,,12/3/2018
2017,BUFFRMFISHBM05,BUFFRMFISH2017Jun14,main,11,M,RRX,N/A,37,98,0.029999999,15,54.5,3,57.5,0,0,,12/3/2018
2017,BUFFRMFISHBM05,BUFFRMFISH2017Jun14,main,11,R,RRX,N/A,37,140,1.730000019,20,309,0,0,4,87.5,,12/3/2018
2017,BUFFRMFISHBM06,BUFFRMFISH2017Jun21,main,1,L,RI,N/A,37,52,0.600000024,14,38.5,3,57.5,3,57.5,,12/3/2018
2017,BUFFRMFISHBM06,BUFFRMFISH2017Jun21,main,1,M,RI,N/A,37,56,1.25,13,27.3,2,25,0,0,,12/3/2018
2017,BUFFRMFISHBM06,BUFFRMFISH2017Jun21,main,1,R,RI,N/A,37,62,1.210000038,15,54.5,1,5,0,0,,12/3/2018
2017,BUFFRMFISHBM06,BUFFRMFISH2017Jun21,main,2,L,RU,N/A,73.5,40,0.300000012,3,0.1875,4,87.5,0,0,,12/3/2018
2017,BUFFRMFISHBM06,BUFFRMFISH2017Jun21,main,2,M,RU,N/A,73.5,42,0.400000006,3,0.1875,4,87.5,0,0,,12/3/2018
2017,BUFFRMFISHBM06,BUFFRMFISH2017Jun21,main,2,R,RU,N/A,73.5,67,0.389999986,14,38.5,3,57.5,0,0,,12/3/2018
2017,BUFFRMFISHBM06,BUFFRMFISH2017Jun21,main,3,L,RU,N/A,70.5,48,0.280000001,3,0.1875,4,87.5,0,0,,12/3/2018
2017,BUFFRMFISHBM06,BUFFRMFISH2017Jun21,main,3,M,RU,N/A,70.5,57,0.449999988,13,27.3,3,57.5,0,0,,12/3/2018
2017,BUFFRMFISHBM06,BUFFRMFISH2017Jun21,main,3,R,RU,N/A,70.5,56,0.319999993,13,27.3,3,57.5,0,0,,12/3/2018
2017,BUFFRMFISHBM06,BUFFRMFISH2017Jun21,main,4,L,RU,N/A,61.5,38,0.310000002,3,0.1875,4,87.5,0,0,,12/3/2018
2017,BUFFRMFISHBM06,BUFFRMFISH2017Jun21,main,4,M,RU,N/A,61.5,80,0.310000002,10,9.65,3,57.5,0,0,,12/3/2018
2017,BUFFRMFISHBM06,BUFFRMFISH2017Jun21,main,4,R,RU,N/A,61.5,58,0.289999992,16,77,2,25,0,0,,12/3/2018
2017,BUFFRMFISHBM06,BUFFRMFISH2017Jun21,main,5,L,RU,N/A,64,22,0.340000004,3,0.1875,4,87.5,0,0,,12/3/2018
2017,BUFFRMFISHBM06,BUFFRMFISH2017Jun21,main,5,M,RU,N/A,64,46,0.25,13,27.3,2,25,0,0,,12/3/2018
2017,BUFFRMFISHBM06,BUFFRMFISH2017Jun21,main,5,R,RU,N/A,64,82,0.419999987,18,154,2,25,0,0,,12/3/2018
2017,BUFFRMFISHBM06,BUFFRMFISH2017Jun21,main,6,L,RU,N/A,60,32,0.400000006,3,0.1875,2,25,0,0,,12/3/2018
2017,BUFFRMFISHBM06,BUFFRMFISH2017Jun21,main,6,M,RU,N/A,60,46,0.25,13,27.3,2,25,0,0,,12/3/2018
2017,BUFFRMFISHBM06,BUFFRMFISH2017Jun21,main,6,R,RU,N/A,60,60,0.709999979,15,54.5,2,25,0,0,,12/3/2018
2017,BUFFRMFISHBM06,BUFFRMFISH2017Jun21,main,7,L,RU,N/A,56.5,30,0.479999989,12,19.3,3,57.5,0,0,,12/3/2018
2017,BUFFRMFISHBM06,BUFFRMFISH2017Jun21,main,7,M,RU,N/A,56.5,62,0.689999998,10,9.65,3,57.5,0,0,,12/3/2018
2017,BUFFRMFISHBM06,BUFFRMFISH2017Jun21,main,7,R,RU,N/A,56.5,102,0.409999996,14,38.5,3,57.5,0,0,,12/3/2018
2017,BUFFRMFISHBM06,BUFFRMFISH2017Jun21,main,8,L,RU,N/A,51,38,0.349999994,12,19.3,3,57.5,0,0,,12/3/2018
2017,BUFFRMFISHBM06,BUFFRMFISH2017Jun21,main,8,M,RU,N/A,51,74,0.550000012,3,0.1875,4,87.5,0,0,,12/3/2018
2017,BUFFRMFISHBM06,BUFFRMFISH2017Jun21,main,8,R,RU,N/A,51,124,0.5,15,54.5,2,25,0,0,,12/3/2018
2017,BUFFRMFISHBM06,BUFFRMFISH2017Jun21,main,9,L,RU,N/A,49,72,0.400000006,3,0.1875,4,87.5,0,0,,12/3/2018
2017,BUFFRMFISHBM06,BUFFRMFISH2017Jun21,main,9,M,RU,N/A,49,84,0.620000005,15,54.5,2,25,0,0,,12/3/2018
2017,BUFFRMFISHBM06,BUFFRMFISH2017Jun21,main,9,R,RU,N/A,49,70,0.270000011,13,27.3,3,57.5,0,0,,12/3/2018
2017,BUFFRMFISHBM06,BUFFRMFISH2017Jun21,main,10,L,RU,N/A,56.5,28,0.050000001,3,0.1875,4,87.5,0,0,,12/3/2018
2017,BUFFRMFISHBM06,BUFFRMFISH2017Jun21,main,10,M,RU,N/A,56.5,62,0.730000019,10,9.65,2,25,0,0,,12/3/2018
2017,BUFFRMFISHBM06,BUFFRMFISH2017Jun21,main,10,R,RU,N/A,56.5,140,0.379999995,16,77,1,5,0,0,,12/3/2018
2017,BUFFRMFISHBM06,BUFFRMFISH2017Jun21,main,11,L,RU,N/A,48.5,30,0.400000006,10,9.65,3,57.5,0,0,,12/3/2018
2017,BUFFRMFISHBM06,BUFFRMFISH2017Jun21,main,11,M,RU,N/A,48.5,54,0.600000024,14,38.5,2,25,0,0,,12/3/2018
2017,BUFFRMFISHBM06,BUFFRMFISH2017Jun21,main,11,R,RU,N/A,48.5,108,0.49000001,14,38.5,2,25,0,0,,12/3/2018
2017,BUFFRMFISHBT07,BUFFRMFISH2017May24,main,1,L,GL,N/A,21.5,43,0.200000003,13,27.3,4,87.5,1,5,,12/3/2018
2017,BUFFRMFISHBT07,BUFFRMFISH2017May24,main,1,M,GL,N/A,21.5,27,0.170000002,8,4.85,4,87.5,0,0,,12/3/2018
2017,BUFFRMFISHBT07,BUFFRMFISH2017May24,main,1,R,GL,N/A,21.5,12,0.330000013,10,9.65,3,57.5,1,5,,12/3/2018
2017,BUFFRMFISHBT07,BUFFRMFISH2017May24,main,2,L,PO,L,20,54,0.109999999,14,38.5,4,87.5,3,57.5,,12/3/2018
2017,BUFFRMFISHBT07,BUFFRMFISH2017May24,main,2,M,PO,L,20,36,0.150000006,3,0.1875,4,87.5,0,0,,12/3/2018
2017,BUFFRMFISHBT07,BUFFRMFISH2017May24,main,2,R,PO,L,20,44,0.180000007,3,0.1875,4,87.5,1,5,,12/3/2018
2017,BUFFRMFISHBT07,BUFFRMFISH2017May24,main,3,L,PO,L,20.5,130,0.029999999,12,19.3,3,57.5,1,5,,12/3/2018
2017,BUFFRMFISHBT07,BUFFRMFISH2017May24,main,3,M,PO,L,20.5,80,0.100000001,7,3,4,87.5,1,5,,12/3/2018
2017,BUFFRMFISHBT07,BUFFRMFISH2017May24,main,3,R,PO,L,20.5,32,0.119999997,7,3,4,87.5,3,57.5,,12/3/2018
2017,BUFFRMFISHBT07,BUFFRMFISH2017May24,main,4,L,PO,L,18,36,0.039999999,24,10000,0,0,2,25,,12/3/2018
2017,BUFFRMFISHBT07,BUFFRMFISH2017May24,main,4,M,PO,L,18,70,0.01,13,27.3,4,87.5,1,5,,12/3/2018
2017,BUFFRMFISHBT07,BUFFRMFISH2017May24,main,4,R,PO,L,18,83,0.129999995,3,0.1875,4,87.5,4,87.5,,12/3/2018
2017,BUFFRMFISHBT07,BUFFRMFISH2017May24,main,5,L,RI,N/A,15,22,0.610000014,14,38.5,2,25,0,0,,12/3/2018
2017,BUFFRMFISHBT07,BUFFRMFISH2017May24,main,5,M,RI,N/A,15,20,0.569999993,14,38.5,2,25,0,0,,12/3/2018
2017,BUFFRMFISHBT07,BUFFRMFISH2017May24,main,5,R,RI,N/A,15,16,0.430000007,15,54.5,2,25,0,0,,12/3/2018
2017,BUFFRMFISHBT07,BUFFRMFISH2017May24,main,6,L,RI,N/A,12,28,0.029999999,11,13.65,4,87.5,0,0,,12/3/2018
2017,BUFFRMFISHBT07,BUFFRMFISH2017May24,main,6,M,RI,N/A,12,48,0.670000017,15,54.5,2,25,0,0,,12/3/2018
2017,BUFFRMFISHBT07,BUFFRMFISH2017May24,main,6,R,RI,N/A,12,42,0.330000013,15,54.5,2,25,0,0,,12/3/2018
2017,BUFFRMFISHBT07,BUFFRMFISH2017May24,main,7,L,GL,N/A,8,18,0.569999993,12,19.3,2,25,0,0,,12/3/2018
2017,BUFFRMFISHBT07,BUFFRMFISH2017May24,main,7,M,GL,N/A,8,40,0.75,15,54.5,2,25,0,0,,12/3/2018
2017,BUFFRMFISHBT07,BUFFRMFISH2017May24,main,7,R,GL,N/A,8,32,0.649999976,13,27.3,2,25,0,0,,12/3/2018
2017,BUFFRMFISHBT07,BUFFRMFISH2017May24,main,8,L,RU,N/A,7,56,0.439999998,10,9.65,2,25,1,5,,12/3/2018
2017,BUFFRMFISHBT07,BUFFRMFISH2017May24,main,8,M,RU,N/A,7,42,0.649999976,11,13.65,2,25,1,5,,12/3/2018
2017,BUFFRMFISHBT07,BUFFRMFISH2017May24,main,8,R,RU,N/A,7,26,0.649999976,12,19.3,2,25,1,5,,12/3/2018
2017,BUFFRMFISHBT07,BUFFRMFISH2017May24,main,9,L,RI,N/A,7,34,0.689999998,11,13.65,2,25,4,87.5,,12/3/2018
2017,BUFFRMFISHBT07,BUFFRMFISH2017May24,main,9,M,RI,N/A,7,34,0.839999974,12,19.3,2,25,2,25,,12/3/2018
2017,BUFFRMFISHBT07,BUFFRMFISH2017May24,main,9,R,RI,N/A,7,28,0.50999999,14,38.5,1,5,0,0,,12/3/2018
2017,BUFFRMFISHBT07,BUFFRMFISH2017May24,main,10,L,RU,N/A,7,32,0.860000014,11,13.65,1,5,4,87.5,,12/3/2018
2017,BUFFRMFISHBT07,BUFFRMFISH2017May24,main,10,M,RU,N/A,7,42,0.860000014,12,19.3,2,25,4,87.5,,12/3/2018
2017,BUFFRMFISHBT07,BUFFRMFISH2017May24,main,10,R,RU,N/A,7,28,0.25,12,19.3,2,25,4,87.5,,12/3/2018
2017,BUFFRMFISHBT07,BUFFRMFISH2017May24,main,11,L,RU,N/A,6,80,0.360000014,11,13.65,3,57.5,1,5,,12/3/2018
2017,BUFFRMFISHBT07,BUFFRMFISH2017May24,main,11,M,RU,N/A,6,92,0.50999999,12,19.3,2,25,0,0,,12/3/2018
2017,BUFFRMFISHBT07,BUFFRMFISH2017May24,main,11,R,RU,N/A,6,50,0.209999993,12,19.3,3,57.5,0,0,,12/3/2018
2017,BUFFRMFISHBT15,BUFFRMFISH2017May24,main,1,L,RU,N/A,7.2,34,0.75,12,19.3,2,25,4,87.5,,12/3/2018
2017,BUFFRMFISHBT15,BUFFRMFISH2017May24,main,1,M,RU,N/A,7.2,26,0.629999995,13,27.3,2,25,4,87.5,,12/3/2018
2017,BUFFRMFISHBT15,BUFFRMFISH2017May24,main,1,R,RU,N/A,7.2,20,0.75999999,13,27.3,2,25,3,57.5,,12/3/2018
2017,BUFFRMFISHBT15,BUFFRMFISH2017May24,main,2,L,RRX,N/A,11.5,79,0.310000002,24,10000,0,0,3,57.5,,12/3/2018
2017,BUFFRMFISHBT15,BUFFRMFISH2017May24,main,2,M,RRX,N/A,11.5,12,0.419999987,13,27.3,2,25,4,87.5,,12/3/2018
2017,BUFFRMFISHBT15,BUFFRMFISH2017May24,main,2,R,RRX,N/A,11.5,20,0.75999999,12,19.3,2,25,3,57.5,,12/3/2018
2017,BUFFRMFISHBT15,BUFFRMFISH2017May24,main,3,L,RU,N/A,13.5,34,0.5,13,27.3,2,25,3,57.5,,12/3/2018
2017,BUFFRMFISHBT15,BUFFRMFISH2017May24,main,3,M,RU,N/A,13.5,44,0.479999989,12,19.3,3,57.5,1,5,,12/3/2018
2017,BUFFRMFISHBT15,BUFFRMFISH2017May24,main,3,R,RU,N/A,13.5,54,0,3,0.1875,4,87.5,2,25,,12/3/2018
2017,BUFFRMFISHBT15,BUFFRMFISH2017May24,main,4,L,RU,N/A,14,53,0.180000007,3,0.1875,4,87.5,4,87.5,,12/3/2018
2017,BUFFRMFISHBT15,BUFFRMFISH2017May24,main,4,M,RU,N/A,14,36,0.419999987,12,19.3,3,57.5,2,25,,12/3/2018
2017,BUFFRMFISHBT15,BUFFRMFISH2017May24,main,4,R,RU,N/A,14,33,-0.02,3,0.1875,4,87.5,0,0,,12/3/2018
2017,BUFFRMFISHBT15,BUFFRMFISH2017May24,main,5,L,RU,N/A,14.5,7,0.189999998,10,9.65,3,57.5,4,87.5,,12/3/2018
2017,BUFFRMFISHBT15,BUFFRMFISH2017May24,main,5,M,RU,N/A,14.5,41,0.050000001,3,0.1875,4,87.5,3,57.5,,12/3/2018
2017,BUFFRMFISHBT15,BUFFRMFISH2017May24,main,5,R,RU,N/A,14.5,47,0.400000006,13,27.3,2,25,4,87.5,,12/3/2018
2017,BUFFRMFISHBT15,BUFFRMFISH2017May24,main,6,L,RI,N/A,15,6,0.569999993,12,19.3,2,25,4,87.5,,12/3/2018
2017,BUFFRMFISHBT15,BUFFRMFISH2017May24,main,6,M,RI,N/A,15,15,0.660000026,12,19.3,1,5,1,5,,12/3/2018
2017,BUFFRMFISHBT15,BUFFRMFISH2017May24,main,6,R,RI,N/A,15,11,0.389999986,13,27.3,2,25,3,57.5,,12/3/2018
2017,BUFFRMFISHBT15,BUFFRMFISH2017May24,main,7,L,RI,N/A,16,37,0.970000029,14,38.5,1,5,4,87.5,,12/3/2018
2017,BUFFRMFISHBT15,BUFFRMFISH2017May24,main,7,M,RI,N/A,16,5,0.02,12,19.3,2,25,0,0,,12/3/2018
2017,BUFFRMFISHBT15,BUFFRMFISH2017May24,main,7,R,RI,N/A,16,32,0.150000006,13,27.3,2,25,4,87.5,,12/3/2018
2017,BUFFRMFISHBT15,BUFFRMFISH2017May24,main,8,L,RU,N/A,13,35,0.230000004,10,9.65,2,25,4,87.5,,12/3/2018
2017,BUFFRMFISHBT15,BUFFRMFISH2017May24,main,8,M,RU,N/A,13,33,0.280000001,12,19.3,2,25,0,0,,12/3/2018
2017,BUFFRMFISHBT15,BUFFRMFISH2017May24,main,8,R,RU,N/A,13,5,0.01,11,13.65,2,25,2,25,,12/3/2018
2017,BUFFRMFISHBT15,BUFFRMFISH2017May24,main,9,L,RU,N/A,16,19,0.50999999,10,9.65,2,25,2,25,,12/3/2018
2017,BUFFRMFISHBT15,BUFFRMFISH2017May24,main,9,M,RU,N/A,16,37,0.25999999,13,27.3,3,57.5,0,0,,12/3/2018
2017,BUFFRMFISHBT15,BUFFRMFISH2017May24,main,9,R,RU,N/A,16,17,0.170000002,10,9.65,4,87.5,4,87.5,,12/3/2018
2017,BUFFRMFISHBT15,BUFFRMFISH2017May24,main,10,L,RU,N/A,16,39,0.540000021,13,27.3,2,25,3,57.5,,12/3/2018
2017,BUFFRMFISHBT15,BUFFRMFISH2017May24,main,10,M,RU,N/A,16,21,0.430000007,12,19.3,3,57.5,0,0,,12/3/2018
2017,BUFFRMFISHBT15,BUFFRMFISH2017May24,main,10,R,RU,N/A,16,14,0.280000001,11,13.65,3,57.5,2,25,,12/3/2018
2017,BUFFRMFISHBT15,BUFFRMFISH2017May24,main,11,L,RU,N/A,15,55,0.230000004,3,0.1875,4,87.5,4,87.5,,12/3/2018
2017,BUFFRMFISHBT15,BUFFRMFISH2017May24,main,11,M,RU,N/A,15,68,0.079999998,3,0.1875,4,87.5,4,87.5,,12/3/2018
2017,BUFFRMFISHBT15,BUFFRMFISH2017May24,main,11,R,RU,N/A,15,42,0.119999997,12,19.3,3,57.5,4,87.5,,12/3/2018
2017,BUFFRMFISHBT19,BUFFRMFISH2017May25,main,1,L,GL,N/A,15.5,68,0.360000014,24,10000,0,0,1,5,,12/3/2018
2017,BUFFRMFISHBT19,BUFFRMFISH2017May25,main,1,M,GL,N/A,15.5,80,0.100000001,12,19.3,2,25,0,0,,12/3/2018
2017,BUFFRMFISHBT19,BUFFRMFISH2017May25,main,1,R,GL,N/A,15.5,30,0.159999996,11,13.65,3,57.5,0,0,,12/3/2018
2017,BUFFRMFISHBT19,BUFFRMFISH2017May25,main,2,L,RU,N/A,15.5,82,0.270000011,24,10000,0,0,1,5,,12/3/2018
2017,BUFFRMFISHBT19,BUFFRMFISH2017May25,main,2,M,RU,N/A,15.5,86,0.379999995,14,38.5,2,25,0,0,,12/3/2018
2017,BUFFRMFISHBT19,BUFFRMFISH2017May25,main,2,R,RU,N/A,15.5,44,0.170000002,11,13.65,3,57.5,0,0,,12/3/2018
2017,BUFFRMFISHBT19,BUFFRMFISH2017May25,main,3,L,RU,N/A,15,64,0.340000004,24,10000,0,0,4,87.5,,12/3/2018
2017,BUFFRMFISHBT19,BUFFRMFISH2017May25,main,3,M,RU,N/A,15,86,0.349999994,24,10000,0,0,3,57.5,,12/3/2018
2017,BUFFRMFISHBT19,BUFFRMFISH2017May25,main,3,R,RU,N/A,15,41,0.109999999,12,19.3,3,57.5,3,57.5,,12/3/2018
2017,BUFFRMFISHBT19,BUFFRMFISH2017May25,main,4,L,RU,N/A,13.5,70,0.50999999,24,10000,0,0,2,25,,12/3/2018
2017,BUFFRMFISHBT19,BUFFRMFISH2017May25,main,4,M,RU,N/A,13.5,78,0.460000008,24,10000,0,0,1,5,,12/3/2018
2017,BUFFRMFISHBT19,BUFFRMFISH2017May25,main,4,R,RU,N/A,13.5,32,0.25,11,13.65,3,57.5,0,0,,12/3/2018
2017,BUFFRMFISHBT19,BUFFRMFISH2017May25,main,5,L,RU,N/A,14.5,84,0.230000004,14,38.5,1,5,4,87.5,,12/3/2018
2017,BUFFRMFISHBT19,BUFFRMFISH2017May25,main,5,M,RU,N/A,14.5,116,0.230000004,24,10000,0,0,1,5,,12/3/2018
2017,BUFFRMFISHBT19,BUFFRMFISH2017May25,main,5,R,RU,N/A,14.5,94,-0.079999998,15,54.5,3,57.5,0,0,,12/3/2018
2017,BUFFRMFISHBT19,BUFFRMFISH2017May25,main,6,L,RI,N/A,9.5,32,0.579999983,15,54.5,2,25,0,0,,12/3/2018
2017,BUFFRMFISHBT19,BUFFRMFISH2017May25,main,6,M,RI,N/A,9.5,46,0.839999974,14,38.5,1,5,0,0,,12/3/2018
2017,BUFFRMFISHBT19,BUFFRMFISH2017May25,main,6,R,RI,N/A,9.5,24,0.50999999,14,38.5,1,5,0,0,,12/3/2018
2017,BUFFRMFISHBT19,BUFFRMFISH2017May25,main,7,L,RI,N/A,10,48,0.910000026,15,54.5,0,0,0,0,,12/3/2018
2017,BUFFRMFISHBT19,BUFFRMFISH2017May25,main,7,M,RI,N/A,10,24,0.730000019,13,27.3,1,5,0,0,,12/3/2018
2017,BUFFRMFISHBT19,BUFFRMFISH2017May25,main,7,R,RI,N/A,10,10,0.340000004,12,19.3,1,5,0,0,,12/3/2018
2017,BUFFRMFISHBT19,BUFFRMFISH2017May25,main,8,L,RI,N/A,22,20,0.850000024,13,27.3,1,5,0,0,,12/3/2018
2017,BUFFRMFISHBT19,BUFFRMFISH2017May25,main,8,M,RI,N/A,22,24,0.779999971,13,27.3,1,5,0,0,,12/3/2018
2017,BUFFRMFISHBT19,BUFFRMFISH2017May25,main,8,R,RI,N/A,22,22,0.49000001,12,19.3,2,25,1,5,,12/3/2018
2017,BUFFRMFISHBT19,BUFFRMFISH2017May25,main,9,L,GL,N/A,15,24,0.189999998,11,13.65,2,25,0,0,,12/3/2018
2017,BUFFRMFISHBT19,BUFFRMFISH2017May25,main,9,M,GL,N/A,15,68,0.319999993,11,13.65,2,25,0,0,,12/3/2018
2017,BUFFRMFISHBT19,BUFFRMFISH2017May25,main,9,R,GL,N/A,15,62,0.039999999,3,0.1875,4,87.5,3,57.5,,12/3/2018
2017,BUFFRMFISHBT19,BUFFRMFISH2017May25,main,10,L,RU,N/A,12,18,0.109999999,10,9.65,3,57.5,0,0,,12/3/2018
2017,BUFFRMFISHBT19,BUFFRMFISH2017May25,main,10,M,RU,N/A,12,46,0.219999999,13,27.3,3,57.5,0,0,,12/3/2018
2017,BUFFRMFISHBT19,BUFFRMFISH2017May25,main,10,R,RU,N/A,12,90,0.189999998,13,27.3,2,25,4,87.5,,12/3/2018
2017,BUFFRMFISHBT19,BUFFRMFISH2017May25,main,11,L,RU,N/A,14.5,16,0.059999999,10,9.65,3,57.5,0,0,,12/3/2018
2017,BUFFRMFISHBT19,BUFFRMFISH2017May25,main,11,M,RU,N/A,14.5,46,0.439999998,12,19.3,2,25,0,0,,12/3/2018
2017,BUFFRMFISHBT19,BUFFRMFISH2017May25,main,11,R,RU,N/A,14.5,68,0.349999994,3,0.1875,4,87.5,2,25,,12/3/2018
2017,BUFFRMFISHBT20,BUFFRMFISH2017May30,main,1,L,RRX,N/A,15.5,38,0.970000029,14,38.5,2,25,3,57.5,,12/3/2018
2017,BUFFRMFISHBT20,BUFFRMFISH2017May30,main,1,M,RRX,N/A,15.5,42,0.939999998,12,19.3,1,5,0,0,,12/3/2018
2017,BUFFRMFISHBT20,BUFFRMFISH2017May30,main,1,R,RRX,N/A,15.5,20,0.550000012,10,9.65,1,5,0,0,,12/3/2018
2017,BUFFRMFISHBT20,BUFFRMFISH2017May30,main,2,L,GL,N/A,22,28,0.569999993,15,54.5,2,25,0,0,,12/3/2018
2017,BUFFRMFISHBT20,BUFFRMFISH2017May30,main,2,M,GL,N/A,22,25,0.419999987,13,27.3,2,25,0,0,,12/3/2018
2017,BUFFRMFISHBT20,BUFFRMFISH2017May30,main,2,R,GL,N/A,22,20,0.379999995,12,19.3,2,25,0,0,,12/3/2018
2017,BUFFRMFISHBT20,BUFFRMFISH2017May30,main,3,L,RU,N/A,22,19,0.400000006,12,19.3,3,57.5,1,5,,12/3/2018
2017,BUFFRMFISHBT20,BUFFRMFISH2017May30,main,3,M,RU,N/A,22,40,0.529999971,12,19.3,2,25,3,57.5,,12/3/2018
2017,BUFFRMFISHBT20,BUFFRMFISH2017May30,main,3,R,RU,N/A,22,72,0.560000002,24,10000,0,0,4,87.5,,12/3/2018
2017,BUFFRMFISHBT20,BUFFRMFISH2017May30,main,4,L,RU,N/A,18.5,31,0.330000013,12,19.3,2,25,1,5,,12/3/2018
2017,BUFFRMFISHBT20,BUFFRMFISH2017May30,main,4,M,RU,N/A,18.5,50,0.25,12,19.3,2,25,0,0,,12/3/2018
2017,BUFFRMFISHBT20,BUFFRMFISH2017May30,main,4,R,RU,N/A,18.5,66,0.310000002,22,768,0,0,0,0,,12/3/2018
2017,BUFFRMFISHBT20,BUFFRMFISH2017May30,main,5,L,RI,N/A,23,18,0.769999981,11,13.65,1,5,3,57.5,,12/3/2018
2017,BUFFRMFISHBT20,BUFFRMFISH2017May30,main,5,M,RI,N/A,23,24,0.75999999,14,38.5,1,5,0,0,,12/3/2018
2017,BUFFRMFISHBT20,BUFFRMFISH2017May30,main,5,R,RI,N/A,23,49,0.219999999,17,109,1,5,0,0,,12/3/2018
2017,BUFFRMFISHBT20,BUFFRMFISH2017May30,main,6,L,RU,N/A,16.5,24,0.209999993,12,19.3,2,25,0,0,,12/3/2018
2017,BUFFRMFISHBT20,BUFFRMFISH2017May30,main,6,M,RU,N/A,16.5,32,0.439999998,15,54.5,2,25,0,0,,12/3/2018
2017,BUFFRMFISHBT20,BUFFRMFISH2017May30,main,6,R,RU,N/A,16.5,42,0.349999994,16,77,2,25,0,0,,12/3/2018
2017,BUFFRMFISHBT20,BUFFRMFISH2017May30,main,7,L,RU,N/A,23.5,10,0.159999996,12,19.3,2,25,3,57.5,,12/3/2018
2017,BUFFRMFISHBT20,BUFFRMFISH2017May30,main,7,M,RU,N/A,23.5,28,0.5,13,27.3,2,25,1,5,,12/3/2018
2017,BUFFRMFISHBT20,BUFFRMFISH2017May30,main,7,R,RU,N/A,23.5,42,0.529999971,12,19.3,2,25,4,87.5,,12/3/2018
2017,BUFFRMFISHBT20,BUFFRMFISH2017May30,main,8,L,RRX,N/A,17.5,27,0.449999988,12,19.3,2,25,0,0,,12/3/2018
2017,BUFFRMFISHBT20,BUFFRMFISH2017May30,main,8,M,RRX,N/A,17.5,32,0.970000029,17,109,2,25,0,0,,12/3/2018
2017,BUFFRMFISHBT20,BUFFRMFISH2017May30,main,8,R,RRX,N/A,17.5,44,0.330000013,16,77,2,25,0,0,,12/3/2018
2017,BUFFRMFISHBT20,BUFFRMFISH2017May30,main,9,L,RI,N/A,15.5,35,0.079999998,12,19.3,2,25,0,0,,12/3/2018
2017,BUFFRMFISHBT20,BUFFRMFISH2017May30,main,9,M,RI,N/A,15.5,22,0.289999992,14,38.5,2,25,0,0,,12/3/2018
2017,BUFFRMFISHBT20,BUFFRMFISH2017May30,main,9,R,RI,N/A,15.5,37,0.230000004,14,38.5,1,5,0,0,,12/3/2018
2017,BUFFRMFISHBT20,BUFFRMFISH2017May30,main,10,L,RU,N/A,14.5,62,0.150000006,12,19.3,2,25,0,0,,12/3/2018
2017,BUFFRMFISHBT20,BUFFRMFISH2017May30,main,10,M,RU,N/A,14.5,76,0.25,15,54.5,1,5,0,0,,12/3/2018
2017,BUFFRMFISHBT20,BUFFRMFISH2017May30,main,10,R,RU,N/A,14.5,69,0.230000004,16,77,1,5,0,0,,12/3/2018
2017,BUFFRMFISHBT20,BUFFRMFISH2017May30,main,11,L,RRX,N/A,12,29,0.01,16,77,2,25,0,0,,12/3/2018
2017,BUFFRMFISHBT20,BUFFRMFISH2017May30,main,11,M,RRX,N/A,12,71,0.460000008,15,54.5,2,25,0,0,,12/3/2018
2017,BUFFRMFISHBT20,BUFFRMFISH2017May30,main,11,R,RRX,N/A,12,78,0.330000013,16,77,1,5,2,25,,12/3/2018
2017,BUFFRMFISHBT27,BUFFRMFISH2017Jun13,main,1,L,GL,N/A,9,18,0.109999999,11,13.65,4,87.5,0,0,,12/3/2018
2017,BUFFRMFISHBT27,BUFFRMFISH2017Jun13,main,1,M,GL,N/A,9,21,0.370000005,11,13.65,4,87.5,0,0,,12/3/2018
2017,BUFFRMFISHBT27,BUFFRMFISH2017Jun13,main,1,R,GL,N/A,9,22,0.540000021,12,19.3,4,87.5,0,0,,12/3/2018
2017,BUFFRMFISHBT27,BUFFRMFISH2017Jun13,main,2,L,RU,N/A,18.5,16,0.059999999,5,0.75,4,87.5,0,0,,12/3/2018
2017,BUFFRMFISHBT27,BUFFRMFISH2017Jun13,main,2,M,RU,N/A,18.5,18,0.170000002,4,0.375,4,87.5,0,0,,12/3/2018
2017,BUFFRMFISHBT27,BUFFRMFISH2017Jun13,main,2,R,RU,N/A,18.5,21,0.189999998,3,0.1875,4,87.5,1,5,,12/3/2018
2017,BUFFRMFISHBT27,BUFFRMFISH2017Jun13,main,3,L,PO,L,15.5,61,0.039999999,12,19.3,4,87.5,0,0,,12/3/2018
2017,BUFFRMFISHBT27,BUFFRMFISH2017Jun13,main,3,M,PO,L,15.5,27,0.02,12,19.3,4,87.5,1,5,,12/3/2018
2017,BUFFRMFISHBT27,BUFFRMFISH2017Jun13,main,3,R,PO,L,15.5,28,0.270000011,4,0.375,4,87.5,3,57.5,,12/3/2018
2017,BUFFRMFISHBT27,BUFFRMFISH2017Jun13,main,4,L,RU,N/A,17,10,0.219999999,13,27.3,4,87.5,0,0,,12/3/2018
2017,BUFFRMFISHBT27,BUFFRMFISH2017Jun13,main,4,M,RU,N/A,17,15,0.140000001,12,19.3,4,87.5,0,0,,12/3/2018
2017,BUFFRMFISHBT27,BUFFRMFISH2017Jun13,main,4,R,RU,N/A,17,22,0.129999995,3,0.1875,4,87.5,2,25,,12/3/2018
2017,BUFFRMFISHBT27,BUFFRMFISH2017Jun13,main,5,L,RRX,N/A,15.5,13,0.479999989,12,19.3,4,87.5,0,0,,12/3/2018
2017,BUFFRMFISHBT27,BUFFRMFISH2017Jun13,main,5,M,RRX,N/A,15.5,78,0.02,13,27.3,4,87.5,0,0,,12/3/2018
2017,BUFFRMFISHBT27,BUFFRMFISH2017Jun13,main,5,R,RRX,N/A,15.5,18,0.07,3,0.1875,4,87.5,0,0,,12/3/2018
2017,BUFFRMFISHBT27,BUFFRMFISH2017Jun13,main,6,L,RRX,N/A,14,36,0.550000012,24,10000,0,0,0,0,,12/3/2018
2017,BUFFRMFISHBT27,BUFFRMFISH2017Jun13,main,6,M,RRX,N/A,14,10,0.029999999,13,27.3,4,87.5,0,0,,12/3/2018
2017,BUFFRMFISHBT27,BUFFRMFISH2017Jun13,main,6,R,RRX,N/A,14,20,0.100000001,14,38.5,2,25,1,5,,12/3/2018
2017,BUFFRMFISHBT27,BUFFRMFISH2017Jun13,main,7,L,RRX,N/A,12,30,0.469999999,15,54.5,2,25,0,0,,12/3/2018
2017,BUFFRMFISHBT27,BUFFRMFISH2017Jun13,main,7,M,RRX,N/A,12,12,0.02,12,19.3,3,57.5,0,0,,12/3/2018
2017,BUFFRMFISHBT27,BUFFRMFISH2017Jun13,main,7,R,RRX,N/A,12,8,0.039999999,13,27.3,4,87.5,0,0,,12/3/2018
2017,BUFFRMFISHBT27,BUFFRMFISH2017Jun13,main,8,L,RU,N/A,13,36,0.150000006,12,19.3,4,87.5,1,5,,12/3/2018
2017,BUFFRMFISHBT27,BUFFRMFISH2017Jun13,main,8,M,RU,N/A,13,40,0.180000007,15,54.5,4,87.5,0,0,,12/3/2018
2017,BUFFRMFISHBT27,BUFFRMFISH2017Jun13,main,8,R,RU,N/A,13,6,0.029999999,15,54.5,4,87.5,0,0,,12/3/2018
2017,BUFFRMFISHBT27,BUFFRMFISH2017Jun13,main,9,L,RU,N/A,13,12,0.07,6,1.5,4,87.5,1,5,,12/3/2018
2017,BUFFRMFISHBT27,BUFFRMFISH2017Jun13,main,9,M,RU,N/A,13,43,0.090000004,11,13.65,4,87.5,0,0,,12/3/2018
2017,BUFFRMFISHBT27,BUFFRMFISH2017Jun13,main,9,R,RU,N/A,13,47,0.119999997,24,10000,0,0,0,0,,12/3/2018
2017,BUFFRMFISHBT27,BUFFRMFISH2017Jun13,main,10,L,RI,N/A,11.5,14,0.090000004,12,19.3,4,87.5,0,0,,12/3/2018
2017,BUFFRMFISHBT27,BUFFRMFISH2017Jun13,main,10,M,RI,N/A,11.5,8,0.029999999,24,10000,0,0,0,0,,12/3/2018
2017,BUFFRMFISHBT27,BUFFRMFISH2017Jun13,main,10,R,RI,N/A,11.5,22,0.529999971,24,10000,0,0,0,0,,12/3/2018
2017,BUFFRMFISHBT27,BUFFRMFISH2017Jun13,main,11,L,RRX,N/A,7.5,50,0.050000001,24,10000,0,0,0,0,,12/3/2018
2017,BUFFRMFISHBT27,BUFFRMFISH2017Jun13,main,11,M,RRX,N/A,7.5,38,0.239999995,24,10000,0,0,0,0,,12/3/2018
2017,BUFFRMFISHBT27,BUFFRMFISH2017Jun13,main,11,R,RRX,N/A,7.5,22,-0.059999999,24,10000,0,0,0,0,,12/3/2018
2017,BUFFRMFISHBT30,BUFFRMFISH2017Jun22,main,1,L,RU,N/A,5,8,0.050000001,15,54.5,3,57.5,0,0,,12/3/2018
2017,BUFFRMFISHBT30,BUFFRMFISH2017Jun22,main,1,M,RU,N/A,5,28,0.180000007,3,0.1875,4,87.5,1,5,,12/3/2018
2017,BUFFRMFISHBT30,BUFFRMFISH2017Jun22,main,1,R,RU,N/A,5,36,0.180000007,15,54.5,2,25,4,87.5,,12/3/2018
2017,BUFFRMFISHBT30,BUFFRMFISH2017Jun22,main,2,L,RU,N/A,7.5,10,0.109999999,10,9.65,3,57.5,4,87.5,,12/3/2018
2017,BUFFRMFISHBT30,BUFFRMFISH2017Jun22,main,2,M,RU,N/A,7.5,21,0.140000001,16,77,3,57.5,4,87.5,,12/3/2018
2017,BUFFRMFISHBT30,BUFFRMFISH2017Jun22,main,2,R,RU,N/A,7.5,44,0.02,3,0.1875,4,87.5,4,87.5,,12/3/2018
2017,BUFFRMFISHBT30,BUFFRMFISH2017Jun22,main,3,L,RI,N/A,6,18,0.25,14,38.5,2,25,2,25,,12/3/2018
2017,BUFFRMFISHBT30,BUFFRMFISH2017Jun22,main,3,M,RI,N/A,6,10,0.280000001,16,77,2,25,1,5,,12/3/2018
2017,BUFFRMFISHBT30,BUFFRMFISH2017Jun22,main,3,R,RI,N/A,6,10,0.140000001,15,54.5,2,25,0,0,,12/3/2018
2017,BUFFRMFISHBT30,BUFFRMFISH2017Jun22,main,4,L,RI,N/A,7.5,5,0.389999986,10,9.65,2,25,4,87.5,,12/3/2018
2017,BUFFRMFISHBT30,BUFFRMFISH2017Jun22,main,4,M,RI,N/A,7.5,6,0.319999993,11,13.65,2,25,3,57.5,,12/3/2018
2017,BUFFRMFISHBT30,BUFFRMFISH2017Jun22,main,4,R,RI,N/A,7.5,10,0.289999992,11,13.65,2,25,3,57.5,,12/3/2018
2017,BUFFRMFISHBT30,BUFFRMFISH2017Jun22,main,5,L,RI,N/A,4,10,0.07,16,77,2,25,4,87.5,,12/3/2018
2017,BUFFRMFISHBT30,BUFFRMFISH2017Jun22,main,5,M,RI,N/A,4,18,0.219999999,15,54.5,2,25,4,87.5,,12/3/2018
2017,BUFFRMFISHBT30,BUFFRMFISH2017Jun22,main,5,R,RI,N/A,4,8,0.01,24,10000,0,0,3,57.5,,12/3/2018
2017,BUFFRMFISHBT30,BUFFRMFISH2017Jun22,main,6,L,RI,N/A,6.5,8,0.200000003,9,6.85,2,25,0,0,,12/3/2018
2017,BUFFRMFISHBT30,BUFFRMFISH2017Jun22,main,6,M,RI,N/A,6.5,6,0.280000001,11,13.65,2,25,1,5,,12/3/2018
2017,BUFFRMFISHBT30,BUFFRMFISH2017Jun22,main,6,R,RI,N/A,6.5,2,0,24,10000,0,0,3,57.5,,12/3/2018
2017,BUFFRMFISHBT30,BUFFRMFISH2017Jun22,main,7,L,PO,F,10.5,12,0.629999995,11,13.65,1,5,0,0,,12/3/2018
2017,BUFFRMFISHBT30,BUFFRMFISH2017Jun22,main,7,M,PO,F,10.5,72,0.02,24,10000,0,0,4,87.5,,12/3/2018
2017,BUFFRMFISHBT30,BUFFRMFISH2017Jun22,main,7,R,PO,F,10.5,82,0.02,24,10000,0,0,4,87.5,,12/3/2018
2017,BUFFRMFISHBT30,BUFFRMFISH2017Jun22,main,8,L,PO,F,8.5,24,-0.02,3,0.1875,4,87.5,0,0,,12/3/2018
2017,BUFFRMFISHBT30,BUFFRMFISH2017Jun22,main,8,M,PO,F,8.5,30,0.02,11,13.65,4,87.5,1,5,,12/3/2018
2017,BUFFRMFISHBT30,BUFFRMFISH2017Jun22,main,8,R,PO,F,8.5,76,0.039999999,13,27.3,3,57.5,2,25,,12/3/2018
2017,BUFFRMFISHBT30,BUFFRMFISH2017Jun22,main,9,L,RI,N/A,12,18,0.379999995,14,38.5,2,25,3,57.5,,12/3/2018
2017,BUFFRMFISHBT30,BUFFRMFISH2017Jun22,main,9,M,RI,N/A,12,2,0.289999992,15,54.5,2,25,2,25,,12/3/2018
2017,BUFFRMFISHBT30,BUFFRMFISH2017Jun22,main,9,R,RI,N/A,12,18,0.439999998,12,19.3,2,25,3,57.5,,12/3/2018
2017,BUFFRMFISHBT30,BUFFRMFISH2017Jun22,main,10,L,RI,N/A,15,16,0.039999999,16,77,4,87.5,2,25,,12/3/2018
2017,BUFFRMFISHBT30,BUFFRMFISH2017Jun22,main,10,M,RI,N/A,15,9,0.400000006,14,38.5,4,87.5,1,5,,12/3/2018
2017,BUFFRMFISHBT30,BUFFRMFISH2017Jun22,main,10,R,RI,N/A,15,7,0.119999997,12,19.3,4,87.5,0,0,,12/3/2018
2017,BUFFRMFISHBT30,BUFFRMFISH2017Jun22,main,11,L,RI,N/A,9,14,0.01,13,27.3,3,57.5,2,25,,12/3/2018
2017,BUFFRMFISHBT30,BUFFRMFISH2017Jun22,main,11,M,RI,N/A,9,15,0.090000004,12,19.3,4,87.5,1,5,,12/3/2018
2017,BUFFRMFISHBT30,BUFFRMFISH2017Jun22,main,11,R,RI,N/A,9,19,0.059999999,12,19.3,4,87.5,0,0,,12/3/2018
2017,BUFFRMFISHBT31,BUFFRMFISH2017Jun22,main,1,L,RU,N/A,6,4,0.050000001,24,10000,0,0,1,5,,12/3/2018
2017,BUFFRMFISHBT31,BUFFRMFISH2017Jun22,main,1,M,RU,N/A,6,10,0.200000003,12,19.3,3,57.5,0,0,,12/3/2018
2017,BUFFRMFISHBT31,BUFFRMFISH2017Jun22,main,1,R,RU,N/A,6,6,0.059999999,11,13.65,3,57.5,0,0,,12/3/2018
2017,BUFFRMFISHBT31,BUFFRMFISH2017Jun22,main,2,L,RU,N/A,10.5,8,0.07,9,6.85,3,57.5,1,5,,12/3/2018
2017,BUFFRMFISHBT31,BUFFRMFISH2017Jun22,main,2,M,RU,N/A,10.5,12,0.140000001,11,13.65,3,57.5,3,57.5,,12/3/2018
2017,BUFFRMFISHBT31,BUFFRMFISH2017Jun22,main,2,R,RU,N/A,10.5,14,0.079999998,10,9.65,4,87.5,3,57.5,,12/3/2018
2017,BUFFRMFISHBT31,BUFFRMFISH2017Jun22,main,3,L,PO,L,11.5,36,0.01,1,0.031,4,87.5,2,25,,12/3/2018
2017,BUFFRMFISHBT31,BUFFRMFISH2017Jun22,main,3,M,PO,L,11.5,70,0.050000001,3,0.1875,4,87.5,4,87.5,,12/3/2018
2017,BUFFRMFISHBT31,BUFFRMFISH2017Jun22,main,3,R,PO,L,11.5,54,0.059999999,3,0.1875,4,87.5,4,87.5,,12/3/2018
2017,BUFFRMFISHBT31,BUFFRMFISH2017Jun22,main,4,L,RU,N/A,10,22,0.090000004,11,13.65,3,57.5,0,0,,12/3/2018
2017,BUFFRMFISHBT31,BUFFRMFISH2017Jun22,main,4,M,RU,N/A,10,20,0.119999997,11,13.65,3,57.5,0,0,,12/3/2018
2017,BUFFRMFISHBT31,BUFFRMFISH2017Jun22,main,4,R,RU,N/A,10,32,0.029999999,8,4.85,4,87.5,3,57.5,,12/3/2018
2017,BUFFRMFISHBT31,BUFFRMFISH2017Jun22,main,5,L,RI,N/A,2,6,0.25999999,8,4.85,2,25,4,87.5,,12/3/2018
2017,BUFFRMFISHBT31,BUFFRMFISH2017Jun22,main,5,M,RI,N/A,2,8,0.439999998,13,27.3,2,25,4,87.5,,12/3/2018
2017,BUFFRMFISHBT31,BUFFRMFISH2017Jun22,main,5,R,RI,N/A,2,8,0.159999996,12,19.3,2,25,4,87.5,,12/3/2018
2017,BUFFRMFISHBT31,BUFFRMFISH2017Jun22,main,6,L,RI,N/A,8.5,6,0.189999998,13,27.3,2,25,0,0,,12/3/2018
2017,BUFFRMFISHBT31,BUFFRMFISH2017Jun22,main,6,M,RI,N/A,8.5,6,0.340000004,11,13.65,2,25,0,0,,12/3/2018
2017,BUFFRMFISHBT31,BUFFRMFISH2017Jun22,main,6,R,RI,N/A,8.5,6,0.219999999,12,19.3,2,25,2,25,,12/3/2018
2017,BUFFRMFISHBT31,BUFFRMFISH2017Jun22,main,7,L,RU,N/A,8,16,0.07,12,19.3,3,57.5,0,0,,12/3/2018
2017,BUFFRMFISHBT31,BUFFRMFISH2017Jun22,main,7,M,RU,N/A,8,29,0.039999999,14,38.5,3,57.5,0,0,,12/3/2018
2017,BUFFRMFISHBT31,BUFFRMFISH2017Jun22,main,7,R,RU,N/A,8,15,0.07,11,13.65,3,57.5,0,0,,12/3/2018
2017,BUFFRMFISHBT31,BUFFRMFISH2017Jun22,main,8,L,RRX,N/A,10,39,0.01,13,27.3,3,57.5,4,87.5,,12/3/2018
2017,BUFFRMFISHBT31,BUFFRMFISH2017Jun22,main,8,M,RRX,N/A,10,5,0.07,3,0.1875,4,87.5,4,87.5,,12/3/2018
2017,BUFFRMFISHBT31,BUFFRMFISH2017Jun22,main,8,R,RRX,N/A,10,6,0.400000006,12,19.3,1,5,1,5,,12/3/2018
2017,BUFFRMFISHBT31,BUFFRMFISH2017Jun22,main,9,L,RI,N/A,13,6,0.310000002,16,77,2,25,2,25,,12/3/2018
2017,BUFFRMFISHBT31,BUFFRMFISH2017Jun22,main,9,M,RI,N/A,13,4,0.129999995,11,13.65,1,5,0,0,,12/3/2018
2017,BUFFRMFISHBT31,BUFFRMFISH2017Jun22,main,9,R,RI,N/A,13,6,0.319999993,12,19.3,1,5,0,0,,12/3/2018
2017,BUFFRMFISHBT31,BUFFRMFISH2017Jun22,main,10,L,RI,N/A,17,10,0.050000001,13,27.3,3,57.5,0,0,,12/3/2018
2017,BUFFRMFISHBT31,BUFFRMFISH2017Jun22,main,10,M,RI,N/A,17,5,0.07,9,6.85,3,57.5,1,5,,12/3/2018
2017,BUFFRMFISHBT31,BUFFRMFISH2017Jun22,main,10,R,RI,N/A,17,6,0.209999993,8,4.85,2,25,4,87.5,,12/3/2018
2017,BUFFRMFISHBT31,BUFFRMFISH2017Jun22,main,11,L,RU,N/A,13,16,0.059999999,11,13.65,3,57.5,0,0,,12/3/2018
2017,BUFFRMFISHBT31,BUFFRMFISH2017Jun22,main,11,M,RU,N/A,13,12,0.050000001,3,0.1875,4,87.5,0,0,,12/3/2018
2017,BUFFRMFISHBT31,BUFFRMFISH2017Jun22,main,11,R,RU,N/A,13,12,0.059999999,3,0.1875,4,87.5,0,0,,12/3/2018
2019,BUFFRMFISHBM01,BUFFRMFISH2019May23,main,1,L,RI,N/A,28.5,26,0.57,14,38.5,2,25,0,0,,3/27/2020
2019,BUFFRMFISHBM01,BUFFRMFISH2019May23,main,1,M,RI,N/A,28.5,34,0.58,18,154,2,25,0,0,,3/27/2020
2019,BUFFRMFISHBM01,BUFFRMFISH2019May23,main,1,R,RI,N/A,28.5,26,0.54,13,27.3,2,25,0,0,,3/27/2020
2019,BUFFRMFISHBM01,BUFFRMFISH2019May23,main,2,L,RU,N/A,21.5,64,0.52,15,54.5,2,25,0,0,,3/27/2020
2019,BUFFRMFISHBM01,BUFFRMFISH2019May23,main,2,M,RU,N/A,21.5,50,0.27,11,13.65,2,25,0,0,,3/27/2020
2019,BUFFRMFISHBM01,BUFFRMFISH2019May23,main,2,R,RU,N/A,21.5,28,0.22,15,54.5,2,25,0,0,,3/27/2020
2019,BUFFRMFISHBM01,BUFFRMFISH2019May23,main,3,L,RU,N/A,21.5,46,0.5,10,9.65,2,25,0,0,,3/27/2020
2019,BUFFRMFISHBM01,BUFFRMFISH2019May23,main,3,M,RU,N/A,21.5,34,0.52,11,13.65,2,25,0,0,,3/27/2020
2019,BUFFRMFISHBM01,BUFFRMFISH2019May23,main,3,R,RU,N/A,21.5,27,0.26,13,27.3,2,25,0,0,,3/27/2020
2019,BUFFRMFISHBM01,BUFFRMFISH2019May23,main,4,L,RU,N/A,21.5,42,0.49,10,9.65,2,25,0,0,,3/27/2020
2019,BUFFRMFISHBM01,BUFFRMFISH2019May23,main,4,M,RU,N/A,21.5,46,0.41,13,27.3,2,25,0,0,,3/27/2020
2019,BUFFRMFISHBM01,BUFFRMFISH2019May23,main,4,R,RU,N/A,21.5,36,0.43,11,13.65,2,25,0,0,,3/27/2020
2019,BUFFRMFISHBM01,BUFFRMFISH2019May23,main,5,L,RU,N/A,28.5,56,0.17,15,54.5,2,25,0,0,,3/27/2020
2019,BUFFRMFISHBM01,BUFFRMFISH2019May23,main,5,M,RU,N/A,28.5,84,0.2,17,109,2,25,0,0,,3/27/2020
2019,BUFFRMFISHBM01,BUFFRMFISH2019May23,main,5,R,RU,N/A,28.5,62,0.12,13,27.3,2,25,1,5,,3/27/2020
2019,BUFFRMFISHBM01,BUFFRMFISH2019May23,main,6,L,RU,N/A,46,34,0.23,17,109,2,25,2,25,,3/27/2020
2019,BUFFRMFISHBM01,BUFFRMFISH2019May23,main,6,M,RU,N/A,46,82,0.06,14,38.5,2,25,0,0,,3/27/2020
2019,BUFFRMFISHBM01,BUFFRMFISH2019May23,main,6,R,RU,N/A,46,100,0.05,17,109,2,25,0,0,,3/27/2020
2019,BUFFRMFISHBM01,BUFFRMFISH2019May23,main,7,L,RU,N/A,36.5,92,0.09,16,77,2,25,0,0,,3/27/2020
2019,BUFFRMFISHBM01,BUFFRMFISH2019May23,main,7,M,RU,N/A,36.5,118,0.08,16,77,2,25,0,0,,3/27/2020
2019,BUFFRMFISHBM01,BUFFRMFISH2019May23,main,7,R,RU,N/A,36.5,158,0.17,18,154,2,25,2,25,,3/27/2020
2019,BUFFRMFISHBM01,BUFFRMFISH2019May23,main,8,L,PO,L,35,110,0.09,15,54.5,2,25,0,0,,3/27/2020
2019,BUFFRMFISHBM01,BUFFRMFISH2019May23,main,8,M,PO,L,35,150,0.05,15,54.5,2,25,0,0,,3/27/2020
2019,BUFFRMFISHBM01,BUFFRMFISH2019May23,main,8,R,PO,L,35,168,0.09,16,77,2,25,0,0,,3/27/2020
2019,BUFFRMFISHBM01,BUFFRMFISH2019May23,main,9,L,PO,L,33.5,132,0.03,15,54.5,2,25,0,0,,3/27/2020
2019,BUFFRMFISHBM01,BUFFRMFISH2019May23,main,9,M,PO,L,33.5,150,0.05,13,27.3,2,25,0,0,,3/27/2020
2019,BUFFRMFISHBM01,BUFFRMFISH2019May23,main,9,R,PO,L,33.5,174,0.1,17,109,2,25,0,0,,3/27/2020
2019,BUFFRMFISHBM01,BUFFRMFISH2019May23,main,10,L,PO,L,32.5,164,0.11,15,54.5,2,25,2,25,,3/27/2020
2019,BUFFRMFISHBM01,BUFFRMFISH2019May23,main,10,M,PO,L,32.5,148,0.09,13,27.3,2,25,0,0,,3/27/2020
2019,BUFFRMFISHBM01,BUFFRMFISH2019May23,main,10,R,PO,L,32.5,170,0.06,16,77,2,25,2,25,,3/27/2020
2019,BUFFRMFISHBM01,BUFFRMFISH2019May23,main,11,L,PO,L,35.5,92,0.12,12,19.3,2,25,0,0,,3/27/2020
2019,BUFFRMFISHBM01,BUFFRMFISH2019May23,main,11,M,PO,L,35.5,96,0.13,15,54.5,2,25,0,0,,3/27/2020
2019,BUFFRMFISHBM01,BUFFRMFISH2019May23,main,11,R,PO,L,35.5,110,0.08,17,109,2,25,4,87.5,,3/27/2020
2019,BUFFRMFISHBM01,BUFFRMFISH2019May23,side channel,1,L,RU,N/A,18,29,0.47,13,27.3,2,25,0,0,,3/27/2020
2019,BUFFRMFISHBM01,BUFFRMFISH2019May23,side channel,1,M,RU,N/A,18,16,0.27,14,38.5,2,25,0,0,,3/27/2020
2019,BUFFRMFISHBM01,BUFFRMFISH2019May23,side channel,1,R,RU,N/A,18,30,0.35,15,54.5,2,25,0,0,,3/27/2020
2019,BUFFRMFISHBM01,BUFFRMFISH2019May23,side channel,2,L,RU,N/A,12.7,20,0.22,13,27.3,2,25,1,5,,3/27/2020
2019,BUFFRMFISHBM01,BUFFRMFISH2019May23,side channel,2,M,RU,N/A,12.7,48,0.35,14,38.5,2,25,0,0,,3/27/2020
2019,BUFFRMFISHBM01,BUFFRMFISH2019May23,side channel,2,R,RU,N/A,12.7,38,0.44,14,38.5,2,25,0,0,,3/27/2020
2019,BUFFRMFISHBM01,BUFFRMFISH2019May23,side channel,3,L,RI,N/A,20.4,20,0.37,15,54.5,2,25,0,0,,3/27/2020
2019,BUFFRMFISHBM01,BUFFRMFISH2019May23,side channel,3,M,RI,N/A,20.4,16,0.58,13,27.3,2,25,0,0,,3/27/2020
2019,BUFFRMFISHBM01,BUFFRMFISH2019May23,side channel,3,R,RI,N/A,20.4,14,0.49,15,54.5,2,25,3,57.5,,3/27/2020
2019,BUFFRMFISHBM01,BUFFRMFISH2019May23,side channel,4,L,RI,N/A,28.6,28,0.48,17,109,2,25,1,5,,3/27/2020
2019,BUFFRMFISHBM01,BUFFRMFISH2019May23,side channel,4,M,RI,N/A,28.6,32,0.28,15,54.5,2,25,1,5,,3/27/2020
2019,BUFFRMFISHBM01,BUFFRMFISH2019May23,side channel,4,R,RI,N/A,28.6,14,0.37,16,77,2,25,0,0,,3/27/2020
2019,BUFFRMFISHBM01,BUFFRMFISH2019May23,side channel,5,L,RI,N/A,29.3,8,0.22,13,27.3,2,25,4,87.5,,3/27/2020
2019,BUFFRMFISHBM01,BUFFRMFISH2019May23,side channel,5,M,RI,N/A,29.3,34,0.52,18,154,1,5,4,87.5,,3/27/2020
2019,BUFFRMFISHBM01,BUFFRMFISH2019May23,side channel,5,R,RI,N/A,29.3,8,0.59,16,77,1,5,2,25,,3/27/2020
2019,BUFFRMFISHBM02,BUFFRMFISH2019Jun12,main,1,L,RU,N/A,41.8,42,0.26,12,19.3,3,57.5,0,0,,3/27/2020
2019,BUFFRMFISHBM02,BUFFRMFISH2019Jun12,main,1,M,RU,N/A,41.8,40,0.72,13,27.3,2,25,0,0,,3/27/2020
2019,BUFFRMFISHBM02,BUFFRMFISH2019Jun12,main,1,R,RU,N/A,41.8,44,0.42,14,38.5,2,25,2,25,,3/27/2020
2019,BUFFRMFISHBM02,BUFFRMFISH2019Jun12,main,2,L,RU,N/A,41.2,14,0.04,12,19.3,3,57.5,0,0,,3/27/2020
2019,BUFFRMFISHBM02,BUFFRMFISH2019Jun12,main,2,M,RU,N/A,41.2,64,0.61,12,19.3,3,57.5,0,0,,3/27/2020
2019,BUFFRMFISHBM02,BUFFRMFISH2019Jun12,main,2,R,RU,N/A,41.2,60,0.53,14,38.5,2,25,1,5,,3/27/2020
2019,BUFFRMFISHBM02,BUFFRMFISH2019Jun12,main,3,L,RU,N/A,27.4,36,0.31,14,38.5,2,25,0,0,,3/27/2020
2019,BUFFRMFISHBM02,BUFFRMFISH2019Jun12,main,3,M,RU,N/A,27.4,72,0.31,13,27.3,2,25,0,0,,3/27/2020
2019,BUFFRMFISHBM02,BUFFRMFISH2019Jun12,main,3,R,RU,N/A,27.4,96,0.59,16,77,3,57.5,2,25,,3/27/2020
2019,BUFFRMFISHBM02,BUFFRMFISH2019Jun12,main,4,L,RU,N/A,25.4,88,0.2,14,38.5,2,25,0,0,,3/27/2020
2019,BUFFRMFISHBM02,BUFFRMFISH2019Jun12,main,4,M,RU,N/A,25.4,92,0.29,12,19.3,3,57.5,2,25,,3/27/2020
2019,BUFFRMFISHBM02,BUFFRMFISH2019Jun12,main,4,R,RU,N/A,25.4,70,0.37,24,10000,0,0,3,57.5,,3/27/2020
2019,BUFFRMFISHBM02,BUFFRMFISH2019Jun12,main,5,L,RU,N/A,16.8,86,0.14,13,27.3,2,25,0,0,,3/27/2020
2019,BUFFRMFISHBM02,BUFFRMFISH2019Jun12,main,5,M,RU,N/A,16.8,136,0.64,24,10000,0,0,0,0,,3/27/2020
2019,BUFFRMFISHBM02,BUFFRMFISH2019Jun12,main,5,R,RU,N/A,16.8,128,0.6,24,10000,0,0,0,0,,3/27/2020
2019,BUFFRMFISHBM02,BUFFRMFISH2019Jun12,main,6,L,RU,N/A,16.8,78,0.4,12,19.3,3,57.5,0,0,,3/27/2020
2019,BUFFRMFISHBM02,BUFFRMFISH2019Jun12,main,6,M,RU,N/A,16.8,75,0.17,3,0.1875,4,87.5,0,0,,3/27/2020
2019,BUFFRMFISHBM02,BUFFRMFISH2019Jun12,main,6,R,RU,N/A,16.8,115,0.91,24,10000,0,0,0,0,,3/27/2020
2019,BUFFRMFISHBM02,BUFFRMFISH2019Jun12,main,7,L,RI,N/A,46.2,38,1.04,13,27.3,2,25,0,0,,3/27/2020
2019,BUFFRMFISHBM02,BUFFRMFISH2019Jun12,main,7,M,RI,N/A,46.2,6,0.25,11,13.65,2,25,0,0,,3/27/2020
2019,BUFFRMFISHBM02,BUFFRMFISH2019Jun12,main,7,R,RI,N/A,46.2,52,0.97,12,19.3,2,25,4,87.5,,3/27/2020
2019,BUFFRMFISHBM02,BUFFRMFISH2019Jun12,main,8,L,PO,F,33.8,200,0.1,,,,,0,0,,3/27/2020
2019,BUFFRMFISHBM02,BUFFRMFISH2019Jun12,main,8,M,PO,F,33.8,184,0,10,9.65,2,25,0,0,,3/27/2020
2019,BUFFRMFISHBM02,BUFFRMFISH2019Jun12,main,8,R,PO,F,33.8,48,0.03,9,6.85,3,57.5,0,0,,3/27/2020
2019,BUFFRMFISHBM02,BUFFRMFISH2019Jun12,main,9,L,PO,F,22.8,200,0.33,,,,,0,0,,3/27/2020
2019,BUFFRMFISHBM02,BUFFRMFISH2019Jun12,main,9,M,PO,F,22.8,200,0.17,,,,,0,0,,3/27/2020
2019,BUFFRMFISHBM02,BUFFRMFISH2019Jun12,main,9,R,PO,F,22.8,108,0.01,12,19.3,3,57.5,0,0,,3/27/2020
2019,BUFFRMFISHBM02,BUFFRMFISH2019Jun12,main,10,L,RRX,N/A,29.8,44,1.32,13,27.3,2,25,1,5,,3/27/2020
2019,BUFFRMFISHBM02,BUFFRMFISH2019Jun12,main,10,M,RRX,N/A,29.8,25,0.16,13,27.3,2,25,0,0,,3/27/2020
2019,BUFFRMFISHBM02,BUFFRMFISH2019Jun12,main,10,R,RRX,N/A,29.8,24,0.81,14,38.5,2,25,0,0,,3/27/2020
2019,BUFFRMFISHBM02,BUFFRMFISH2019Jun12,main,11,L,RRX,N/A,40.8,74,0.48,13,27.3,2,25,3,57.5,,3/27/2020
2019,BUFFRMFISHBM02,BUFFRMFISH2019Jun12,main,11,M,RRX,N/A,40.8,56,0.63,14,38.5,2,25,0,0,,3/27/2020
2019,BUFFRMFISHBM02,BUFFRMFISH2019Jun12,main,11,R,RRX,N/A,40.8,28,0.59,13,27.3,2,25,0,0,,3/27/2020
2019,BUFFRMFISHBM03,BUFFRMFISH2019Jun14,main,1,L,RI,N/A,36,32,0.69,13,27.3,2,25,0,0,,3/27/2020
2019,BUFFRMFISHBM03,BUFFRMFISH2019Jun14,main,1,M,RI,N/A,36,60,0.94,13,27.3,2,25,0,0,,3/27/2020
2019,BUFFRMFISHBM03,BUFFRMFISH2019Jun14,main,1,R,RI,N/A,36,70,1.01,13,27.3,2,25,0,0,,3/27/2020
2019,BUFFRMFISHBM03,BUFFRMFISH2019Jun14,main,2,L,RU,N/A,61.5,104,0.26,3,0.1875,4,87.5,0,0,,3/27/2020
2019,BUFFRMFISHBM03,BUFFRMFISH2019Jun14,main,2,M,RU,N/A,61.5,40,0.49,12,19.3,2,25,0,0,,3/27/2020
2019,BUFFRMFISHBM03,BUFFRMFISH2019Jun14,main,2,R,RU,N/A,61.5,48,0.47,8,4.85,3,57.5,0,0,,3/27/2020
2019,BUFFRMFISHBM03,BUFFRMFISH2019Jun14,main,3,L,RU,N/A,55,110,0.01,17,109,3,57.5,0,0,,3/27/2020
2019,BUFFRMFISHBM03,BUFFRMFISH2019Jun14,main,3,M,RU,N/A,55,120,0.52,13,27.3,2,25,0,0,,3/27/2020
2019,BUFFRMFISHBM03,BUFFRMFISH2019Jun14,main,3,R,RU,N/A,55,60,0.3,3,0.1875,4,87.5,0,0,,3/27/2020
2019,BUFFRMFISHBM03,BUFFRMFISH2019Jun14,main,4,L,RU,N/A,50.5,108,-0.02,18,154,3,57.5,0,0,,3/27/2020
2019,BUFFRMFISHBM03,BUFFRMFISH2019Jun14,main,4,M,RU,N/A,50.5,116,0.56,13,27.3,2,25,0,0,,3/27/2020
2019,BUFFRMFISHBM03,BUFFRMFISH2019Jun14,main,4,R,RU,N/A,50.5,28,0.06,3,0.1875,4,87.5,0,0,,3/27/2020
2019,BUFFRMFISHBM03,BUFFRMFISH2019Jun14,main,5,L,RU,N/A,38.5,140,0.53,14,38.5,2,25,0,0,,3/27/2020
2019,BUFFRMFISHBM03,BUFFRMFISH2019Jun14,main,5,M,RU,N/A,38.5,202,0.68,14,38.5,2,25,0,0,,3/27/2020
2019,BUFFRMFISHBM03,BUFFRMFISH2019Jun14,main,5,R,RU,N/A,38.5,22,0.5,13,27.3,2,25,0,0,,3/27/2020
2019,BUFFRMFISHBM03,BUFFRMFISH2019Jun14,main,6,L,RU,N/A,37,130,0.19,20,309,3,57.5,1,5,,3/27/2020
2019,BUFFRMFISHBM03,BUFFRMFISH2019Jun14,main,6,M,RU,N/A,37,124,0.73,15,54.5,2,25,0,0,,3/27/2020
2019,BUFFRMFISHBM03,BUFFRMFISH2019Jun14,main,6,R,RU,N/A,37,52,0.64,13,27.3,2,25,0,0,,3/27/2020
2019,BUFFRMFISHBM03,BUFFRMFISH2019Jun14,main,7,L,RU,N/A,36,118,0.39,16,77,2,25,0,0,,3/27/2020
2019,BUFFRMFISHBM03,BUFFRMFISH2019Jun14,main,7,M,RU,N/A,36,126,0.51,18,154,2,25,0,0,,3/27/2020
2019,BUFFRMFISHBM03,BUFFRMFISH2019Jun14,main,7,R,RU,N/A,36,92,0.3,10,9.65,3,57.5,0,0,,3/27/2020
2019,BUFFRMFISHBM03,BUFFRMFISH2019Jun14,main,8,L,PO,F,40.5,110,0.09,18,154,3,57.5,0,0,,3/27/2020
2019,BUFFRMFISHBM03,BUFFRMFISH2019Jun14,main,8,M,PO,F,40.5,170,0.38,16,77,2,25,0,0,,3/27/2020
2019,BUFFRMFISHBM03,BUFFRMFISH2019Jun14,main,8,R,PO,F,40.5,42,0.17,3,0.1875,4,87.5,0,0,,3/27/2020
2019,BUFFRMFISHBM03,BUFFRMFISH2019Jun14,main,9,L,RU,N/A,51.5,110,0.17,22,768,0,0,0,0,,3/27/2020
2019,BUFFRMFISHBM03,BUFFRMFISH2019Jun14,main,9,M,RU,N/A,51.5,90,0.27,13,27.3,2,25,0,0,,3/27/2020
2019,BUFFRMFISHBM03,BUFFRMFISH2019Jun14,main,9,R,RU,N/A,51.5,70,0.46,12,19.3,2,25,0,0,,3/27/2020
2019,BUFFRMFISHBM03,BUFFRMFISH2019Jun14,main,10,L,RU,N/A,59,68,0.49,13,27.3,3,57.5,0,0,,3/27/2020
2019,BUFFRMFISHBM03,BUFFRMFISH2019Jun14,main,10,M,RU,N/A,59,52,0.34,14,38.5,2,25,0,0,,3/27/2020
2019,BUFFRMFISHBM03,BUFFRMFISH2019Jun14,main,10,R,RU,N/A,59,74,0.64,11,13.65,2,25,0,0,,3/27/2020
2019,BUFFRMFISHBM03,BUFFRMFISH2019Jun14,main,11,L,RU,N/A,40.5,72,0.26,24,10000,0,0,0,0,,3/27/2020
2019,BUFFRMFISHBM03,BUFFRMFISH2019Jun14,main,11,M,RU,N/A,40.5,146,0.64,12,19.3,2,25,0,0,,3/27/2020
2019,BUFFRMFISHBM03,BUFFRMFISH2019Jun14,main,11,R,RU,N/A,40.5,48,0.3,3,0.1875,4,87.5,0,0,,3/27/2020
2019,BUFFRMFISHBM04,BUFFRMFISH2019Jun19,main,1,L,RRX,N/A,49,21,0.29,13,27.3,2,25,0,0,,4/6/2020
2019,BUFFRMFISHBM04,BUFFRMFISH2019Jun19,main,1,M,RRX,N/A,49,59,0.97,14,38.5,2,25,0,0,,4/6/2020
2019,BUFFRMFISHBM04,BUFFRMFISH2019Jun19,main,1,R,RRX,N/A,49,60,0.54,12,19.3,3,57.5,0,0,,4/6/2020
2019,BUFFRMFISHBM04,BUFFRMFISH2019Jun19,main,2,L,RRX,N/A,43,68,0.57,15,54.5,2,25,0,0,,4/6/2020
2019,BUFFRMFISHBM04,BUFFRMFISH2019Jun19,main,2,M,RRX,N/A,43,72,0.76,16,77,2,25,0,0,,4/6/2020
2019,BUFFRMFISHBM04,BUFFRMFISH2019Jun19,main,2,R,RRX,N/A,43,52,0.26,16,77,2,25,0,0,,4/6/2020
2019,BUFFRMFISHBM04,BUFFRMFISH2019Jun19,main,3,L,GL,N/A,51.5,60,0.86,14,38.5,2,25,0,0,,4/6/2020
2019,BUFFRMFISHBM04,BUFFRMFISH2019Jun19,main,3,M,GL,N/A,51.5,124,0.36,14,38.5,2,25,0,0,,4/6/2020
2019,BUFFRMFISHBM04,BUFFRMFISH2019Jun19,main,3,R,GL,N/A,51.5,80,0.43,13,27.3,3,57.5,1,5,,4/6/2020
2019,BUFFRMFISHBM04,BUFFRMFISH2019Jun19,main,4,L,RU,N/A,60,66,0.15,24,10000,0,0,0,0,,4/6/2020
2019,BUFFRMFISHBM04,BUFFRMFISH2019Jun19,main,4,M,RU,N/A,60,75,0.41,13,27.3,2,25,0,0,,4/6/2020
2019,BUFFRMFISHBM04,BUFFRMFISH2019Jun19,main,4,R,RU,N/A,60,86,0.37,10,9.65,3,57.5,0,0,,4/6/2020
2019,BUFFRMFISHBM04,BUFFRMFISH2019Jun19,main,5,L,RU,N/A,57,51,0.25,14,38.5,2,25,0,0,,4/6/2020
2019,BUFFRMFISHBM04,BUFFRMFISH2019Jun19,main,5,M,RU,N/A,57,84,0.49,12,19.3,2,25,0,0,,4/6/2020
2019,BUFFRMFISHBM04,BUFFRMFISH2019Jun19,main,5,R,RU,N/A,57,72,0.41,13,27.3,2,25,0,0,,4/6/2020
2019,BUFFRMFISHBM04,BUFFRMFISH2019Jun19,main,6,L,RU,N/A,59,80,0.33,24,10000,0,0,0,0,,4/6/2020
2019,BUFFRMFISHBM04,BUFFRMFISH2019Jun19,main,6,M,RU,N/A,59,78,0.6,24,10000,0,0,0,0,,4/6/2020
2019,BUFFRMFISHBM04,BUFFRMFISH2019Jun19,main,6,R,RU,N/A,59,36,0.2,8,4.85,4,87.5,1,5,,4/6/2020
2019,BUFFRMFISHBM04,BUFFRMFISH2019Jun19,main,7,L,RU,N/A,55.5,64,0.35,19,218,2,25,0,0,,4/6/2020
2019,BUFFRMFISHBM04,BUFFRMFISH2019Jun19,main,7,M,RU,N/A,55.5,76,0.72,15,54.5,2,25,0,0,,4/6/2020
2019,BUFFRMFISHBM04,BUFFRMFISH2019Jun19,main,7,R,RU,N/A,55.5,52,0.66,13,27.3,2,25,0,0,,4/6/2020
2019,BUFFRMFISHBM04,BUFFRMFISH2019Jun19,main,8,L,RU,N/A,46.5,104,0.18,21,437,2,25,0,0,,4/6/2020
2019,BUFFRMFISHBM04,BUFFRMFISH2019Jun19,main,8,M,RU,N/A,46.5,114,0.6,24,10000,0,0,0,0,,4/6/2020
2019,BUFFRMFISHBM04,BUFFRMFISH2019Jun19,main,8,R,RU,N/A,46.5,44,0.18,12,19.3,2,25,0,0,,4/6/2020
2019,BUFFRMFISHBM04,BUFFRMFISH2019Jun19,main,9,L,RU,N/A,55.5,109,0.56,24,10000,0,0,0,0,,4/6/2020
2019,BUFFRMFISHBM04,BUFFRMFISH2019Jun19,main,9,M,RU,N/A,55.5,124,0.33,10,9.65,2,25,0,0,,4/6/2020
2019,BUFFRMFISHBM04,BUFFRMFISH2019Jun19,main,9,R,RU,N/A,55.5,32,0.05,13,27.3,2,25,0,0,,4/6/2020
2019,BUFFRMFISHBM05,BUFFRMFISH2019Jun18,main,1,L,RU,N/A,64.5,38,0.42,14,38.5,2,25,0,0,,4/6/2020
2019,BUFFRMFISHBM05,BUFFRMFISH2019Jun18,main,1,M,RU,N/A,64.5,102,0.88,12,19.3,2,25,0,0,,4/6/2020
2019,BUFFRMFISHBM05,BUFFRMFISH2019Jun18,main,1,R,RU,N/A,64.5,72,0.21,14,38.5,2,25,4,87.5,,4/6/2020
2019,BUFFRMFISHBM05,BUFFRMFISH2019Jun18,main,2,L,RU,N/A,65,52,0.49,14,38.5,2,25,0,0,,4/6/2020
2019,BUFFRMFISHBM05,BUFFRMFISH2019Jun18,main,2,M,RU,N/A,65,102,0.54,16,77,2,25,0,0,,4/6/2020
2019,BUFFRMFISHBM05,BUFFRMFISH2019Jun18,main,2,R,RU,N/A,65,54,0.52,13,27.3,2,25,0,0,,4/6/2020
2019,BUFFRMFISHBM05,BUFFRMFISH2019Jun18,main,3,L,RU,N/A,63,88,0.38,9,6.85,2,25,0,0,,4/6/2020
2019,BUFFRMFISHBM05,BUFFRMFISH2019Jun18,main,3,M,RU,N/A,63,158,0.28,24,10000,0,0,0,0,,4/6/2020
2019,BUFFRMFISHBM05,BUFFRMFISH2019Jun18,main,3,R,RU,N/A,63,92,0.23,11,13.65,3,57.5,0,0,,4/6/2020
2019,BUFFRMFISHBM05,BUFFRMFISH2019Jun18,main,4,L,RU,N/A,61.5,114,0.23,10,9.65,3,57.5,0,0,,4/6/2020
2019,BUFFRMFISHBM05,BUFFRMFISH2019Jun18,main,4,M,RU,N/A,61.5,178,0.34,24,10000,0,0,0,0,,4/6/2020
2019,BUFFRMFISHBM05,BUFFRMFISH2019Jun18,main,4,R,RU,N/A,61.5,110,0.11,24,10000,0,0,0,0,,4/6/2020
2019,BUFFRMFISHBM05,BUFFRMFISH2019Jun18,main,5,L,RU,N/A,64,152,0.22,8,4.85,3,57.5,0,0,,4/6/2020
2019,BUFFRMFISHBM05,BUFFRMFISH2019Jun18,main,5,M,RU,N/A,64,200,0.31,24,10000,0,0,0,0,,4/6/2020
2019,BUFFRMFISHBM05,BUFFRMFISH2019Jun18,main,5,R,RU,N/A,64,72,0.1,17,109,2,25,0,0,,4/6/2020
2019,BUFFRMFISHBM05,BUFFRMFISH2019Jun18,main,6,L,RU,N/A,52,132,0.12,15,54.5,2,25,0,0,,4/6/2020
2019,BUFFRMFISHBM05,BUFFRMFISH2019Jun18,main,6,M,RU,N/A,52,188,0.46,17,109,2,25,0,0,,4/6/2020
2019,BUFFRMFISHBM05,BUFFRMFISH2019Jun18,main,6,R,RU,N/A,52,132,0.13,24,10000,0,0,0,0,,4/6/2020
2019,BUFFRMFISHBM05,BUFFRMFISH2019Jun18,main,7,L,RU,N/A,38.5,74,0.05,24,10000,0,0,,,,4/6/2020
2019,BUFFRMFISHBM05,BUFFRMFISH2019Jun18,main,7,M,RU,N/A,38.5,180,0.66,24,10000,0,0,0,0,,4/6/2020
2019,BUFFRMFISHBM05,BUFFRMFISH2019Jun18,main,7,R,RU,N/A,38.5,110,0.31,24,10000,0,0,0,0,,4/6/2020
2019,BUFFRMFISHBM05,BUFFRMFISH2019Jun18,main,8,L,RU,N/A,32,88,-0.04,24,10000,0,0,0,0,,4/6/2020
2019,BUFFRMFISHBM05,BUFFRMFISH2019Jun18,main,8,M,RU,N/A,32,182,0.7,3,0.1875,4,87.5,0,0,,4/6/2020
2019,BUFFRMFISHBM05,BUFFRMFISH2019Jun18,main,8,R,RU,N/A,32,140,0.66,24,10000,0,0,4,87.5,,4/6/2020
2019,BUFFRMFISHBM05,BUFFRMFISH2019Jun18,main,9,L,RU,N/A,30,108,-0.04,15,54.5,3,57.5,0,0,,4/6/2020
2019,BUFFRMFISHBM05,BUFFRMFISH2019Jun18,main,9,M,RU,N/A,30,156,0.81,12,19.3,2,25,0,0,,4/6/2020
2019,BUFFRMFISHBM05,BUFFRMFISH2019Jun18,main,9,R,RU,N/A,30,156,0.53,24,10000,0,0,3,57.5,,4/6/2020
2019,BUFFRMFISHBM05,BUFFRMFISH2019Jun18,main,10,L,RU,N/A,28,86,0.15,15,54.5,3,57.5,0,0,,4/6/2020
2019,BUFFRMFISHBM05,BUFFRMFISH2019Jun18,main,10,M,RU,N/A,28,132,0.99,11,13.65,2,25,0,0,,4/6/2020
2019,BUFFRMFISHBM05,BUFFRMFISH2019Jun18,main,10,R,RU,N/A,28,126,0.82,16,77,2,25,3,57.5,,4/6/2020
2019,BUFFRMFISHBM05,BUFFRMFISH2019Jun18,main,11,L,RU,N/A,33,30,-0.04,13,27.3,3,57.5,0,0,,4/6/2020
2019,BUFFRMFISHBM05,BUFFRMFISH2019Jun18,main,11,M,RU,N/A,33,100,0.4,10,9.65,2,25,0,0,,4/6/2020
2019,BUFFRMFISHBM05,BUFFRMFISH2019Jun18,main,11,R,RU,N/A,33,110,1.85,24,10000,0,0,0,0,,4/6/2020
2019,BUFFRMFISHBM06,BUFFRMFISH2019Jun20,main,1,L,RI,N/A,39,82,0.7,24,10000,0,0,3,57.5,,4/6/2020
2019,BUFFRMFISHBM06,BUFFRMFISH2019Jun20,main,1,M,RI,N/A,39,28,0.66,12,19.3,2,25,0,0,,4/6/2020
2019,BUFFRMFISHBM06,BUFFRMFISH2019Jun20,main,1,R,RI,N/A,39,72,1.85,13,27.3,1,5,0,0,,4/6/2020
2019,BUFFRMFISHBM06,BUFFRMFISH2019Jun20,main,2,L,RU,N/A,78.5,24,0.49,10,9.65,3,57.5,0,0,,4/6/2020
2019,BUFFRMFISHBM06,BUFFRMFISH2019Jun20,main,2,M,RU,N/A,78.5,48,0.67,12,19.3,2,25,0,0,,4/6/2020
2019,BUFFRMFISHBM06,BUFFRMFISH2019Jun20,main,2,R,RU,N/A,78.5,78,0.62,12,19.3,2,25,0,0,,4/6/2020
2019,BUFFRMFISHBM06,BUFFRMFISH2019Jun20,main,3,L,RU,N/A,72.5,54,0.59,12,19.3,3,57.5,0,0,,4/6/2020
2019,BUFFRMFISHBM06,BUFFRMFISH2019Jun20,main,3,M,RU,N/A,72.5,66,0.56,10,9.65,2,25,0,0,,4/6/2020
2019,BUFFRMFISHBM06,BUFFRMFISH2019Jun20,main,3,R,RU,N/A,72.5,70,0.55,13,27.3,2,25,0,0,,4/6/2020
2019,BUFFRMFISHBM06,BUFFRMFISH2019Jun20,main,4,L,RU,N/A,69,70,0.47,10,9.65,3,57.5,0,0,,4/6/2020
2019,BUFFRMFISHBM06,BUFFRMFISH2019Jun20,main,4,M,RU,N/A,69,70,0.52,10,9.65,2,25,0,0,,4/6/2020
2019,BUFFRMFISHBM06,BUFFRMFISH2019Jun20,main,4,R,RU,N/A,69,52,0.52,13,27.3,2,25,0,0,,4/6/2020
2019,BUFFRMFISHBM06,BUFFRMFISH2019Jun20,main,5,L,RU,N/A,63,74,0.31,3,0.1875,4,87.5,0,0,,4/6/2020
2019,BUFFRMFISHBM06,BUFFRMFISH2019Jun20,main,5,M,RU,N/A,63,94,0.53,10,9.65,2,25,0,0,,4/6/2020
2019,BUFFRMFISHBM06,BUFFRMFISH2019Jun20,main,5,R,RU,N/A,63,72,0.25,13,27.3,2,25,0,0,,4/6/2020
2019,BUFFRMFISHBM06,BUFFRMFISH2019Jun20,main,6,L,RU,N/A,62,54,0.56,8,4.85,3,57.5,0,0,,4/6/2020
2019,BUFFRMFISHBM06,BUFFRMFISH2019Jun20,main,6,M,RU,N/A,62,98,0.58,12,19.3,2,25,0,0,,4/6/2020
2019,BUFFRMFISHBM06,BUFFRMFISH2019Jun20,main,6,R,RU,N/A,62,82,0.41,14,38.5,2,25,0,0,,4/6/2020
2019,BUFFRMFISHBM06,BUFFRMFISH2019Jun20,main,7,L,RU,N/A,63.5,60,0.26,3,0.1875,4,87.5,0,0,,4/6/2020
2019,BUFFRMFISHBM06,BUFFRMFISH2019Jun20,main,7,M,RU,N/A,63.5,98,0.76,10,9.65,2,25,0,0,,4/6/2020
2019,BUFFRMFISHBM06,BUFFRMFISH2019Jun20,main,7,R,RU,N/A,63.5,100,0.35,15,54.5,2,25,0,0,,4/6/2020
2019,BUFFRMFISHBM06,BUFFRMFISH2019Jun20,main,8,L,RU,N/A,56,40,0.36,8,4.85,3,57.5,0,0,,4/6/2020
2019,BUFFRMFISHBM06,BUFFRMFISH2019Jun20,main,8,M,RU,N/A,56,90,0.59,10,9.65,2,25,0,0,,4/6/2020
2019,BUFFRMFISHBM06,BUFFRMFISH2019Jun20,main,8,R,RU,N/A,56,128,0.61,16,77,2,25,0,0,,4/6/2020
2019,BUFFRMFISHBM06,BUFFRMFISH2019Jun20,main,9,L,RU,N/A,53.5,80,0.2,3,0.1875,4,87.5,0,0,,4/6/2020
2019,BUFFRMFISHBM06,BUFFRMFISH2019Jun20,main,9,M,RU,N/A,53.5,112,0.45,10,9.65,2,25,0,0,,4/6/2020
2019,BUFFRMFISHBM06,BUFFRMFISH2019Jun20,main,9,R,RU,N/A,53.5,128,0.22,18,154,2,25,0,0,,4/6/2020
2019,BUFFRMFISHBM06,BUFFRMFISH2019Jun20,main,10,L,RU,N/A,66,58,0.77,11,13.65,2,25,0,0,,4/6/2020
2019,BUFFRMFISHBM06,BUFFRMFISH2019Jun20,main,10,M,RU,N/A,66,50,0.96,10,9.65,2,25,0,0,,4/6/2020
2019,BUFFRMFISHBM06,BUFFRMFISH2019Jun20,main,10,R,RU,N/A,66,62,0.72,12,19.3,2,25,0,0,,4/6/2020
2019,BUFFRMFISHBM06,BUFFRMFISH2019Jun20,main,11,L,RU,N/A,73,25,0.08,3,0.1875,4,87.5,0,0,,4/6/2020
2019,BUFFRMFISHBM06,BUFFRMFISH2019Jun20,main,11,M,RU,N/A,73,76,0.58,8,4.85,3,57.5,0,0,,4/6/2020
2019,BUFFRMFISHBM06,BUFFRMFISH2019Jun20,main,11,R,RU,N/A,73,110,0.53,12,19.3,2,25,0,0,,4/6/2020
2019,BUFFRMFISHBT05,BUFFRMFISH2019Jun05,main,1,L,RU,N/A,11,10,0.06,24,10000,0,0,0,0,,4/9/2020
2019,BUFFRMFISHBT05,BUFFRMFISH2019Jun05,main,1,M,RU,N/A,11,9,-0.06,24,10000,0,0,0,0,,4/9/2020
2019,BUFFRMFISHBT05,BUFFRMFISH2019Jun05,main,1,R,RU,N/A,11,30,0.38,24,10000,0,0,0,0,,4/9/2020
2019,BUFFRMFISHBT05,BUFFRMFISH2019Jun05,main,2,L,RI,N/A,5.5,12,0.31,17,109,1,5,2,25,,4/9/2020
2019,BUFFRMFISHBT05,BUFFRMFISH2019Jun05,main,2,M,RI,N/A,5.5,14,0.4,18,154,1,5,4,87.5,,4/9/2020
2019,BUFFRMFISHBT05,BUFFRMFISH2019Jun05,main,2,R,RI,N/A,5.5,20,0.27,17,109,1,5,4,87.5,,4/9/2020
2019,BUFFRMFISHBT05,BUFFRMFISH2019Jun05,main,3,L,RU,N/A,11.5,20,0.1,17,109,2,25,0,0,,4/9/2020
2019,BUFFRMFISHBT05,BUFFRMFISH2019Jun05,main,3,M,RU,N/A,11.5,10,0.01,16,77,2,25,1,5,,4/9/2020
2019,BUFFRMFISHBT05,BUFFRMFISH2019Jun05,main,3,R,RU,N/A,11.5,20,0.03,17,109,2,25,1,5,,4/9/2020
2019,BUFFRMFISHBT05,BUFFRMFISH2019Jun05,main,4,L,RU,N/A,12.5,8,0.02,15,54.5,2,25,0,0,,4/9/2020
2019,BUFFRMFISHBT05,BUFFRMFISH2019Jun05,main,4,M,RU,N/A,12.5,22,0.04,14,38.5,2,25,0,0,,4/9/2020
2019,BUFFRMFISHBT05,BUFFRMFISH2019Jun05,main,4,R,RU,N/A,12.5,32,0.03,14,38.5,2,25,0,0,,4/9/2020
2019,BUFFRMFISHBT05,BUFFRMFISH2019Jun05,main,5,L,RU,N/A,12,8,0,16,77,2,25,0,0,,4/9/2020
2019,BUFFRMFISHBT05,BUFFRMFISH2019Jun05,main,5,M,RU,N/A,12,23,0.04,8,4.85,3,57.5,0,0,,4/9/2020
2019,BUFFRMFISHBT05,BUFFRMFISH2019Jun05,main,5,R,RU,N/A,12,40,0.05,7,3,3,57.5,1,5,,4/9/2020
2019,BUFFRMFISHBT05,BUFFRMFISH2019Jun05,main,6,L,RU,N/A,15.5,20,0.05,16,77,2,25,0,0,,4/9/2020
2019,BUFFRMFISHBT05,BUFFRMFISH2019Jun05,main,6,M,RU,N/A,15.5,22,0.1,15,54.5,2,25,0,0,,4/9/2020
2019,BUFFRMFISHBT05,BUFFRMFISH2019Jun05,main,6,R,RU,N/A,15.5,12,0.03,10,9.65,3,57.5,0,0,,4/9/2020
2019,BUFFRMFISHBT05,BUFFRMFISH2019Jun05,main,7,L,RU,N/A,9.5,24,0.11,16,77,2,25,3,57.5,,4/9/2020
2019,BUFFRMFISHBT05,BUFFRMFISH2019Jun05,main,7,M,RU,N/A,9.5,26,0.1,16,77,2,25,1,5,,4/9/2020
2019,BUFFRMFISHBT05,BUFFRMFISH2019Jun05,main,7,R,RU,N/A,9.5,5,0,7,3,3,57.5,0,0,,4/9/2020
2019,BUFFRMFISHBT05,BUFFRMFISH2019Jun05,main,8,L,RU,N/A,14,11,0.07,16,77,2,25,0,0,,4/9/2020
2019,BUFFRMFISHBT05,BUFFRMFISH2019Jun05,main,8,M,RU,N/A,14,12,0.12,16,77,2,25,0,0,,4/9/2020
2019,BUFFRMFISHBT05,BUFFRMFISH2019Jun05,main,8,R,RU,N/A,14,18,0.14,8,4.85,2,25,0,0,,4/9/2020
2019,BUFFRMFISHBT05,BUFFRMFISH2019Jun05,main,9,L,RU,N/A,11,20,0.05,17,109,2,25,1,5,,4/9/2020
2019,BUFFRMFISHBT05,BUFFRMFISH2019Jun05,main,9,M,RU,N/A,11,22,0.09,13,27.3,2,25,0,0,,4/9/2020
2019,BUFFRMFISHBT05,BUFFRMFISH2019Jun05,main,9,R,RU,N/A,11,14,0.02,7,3,3,57.5,0,0,,4/9/2020
2019,BUFFRMFISHBT05,BUFFRMFISH2019Jun05,main,10,L,RU,N/A,13.5,23,0.12,17,109,2,25,0,0,,4/9/2020
2019,BUFFRMFISHBT05,BUFFRMFISH2019Jun05,main,10,M,RU,N/A,13.5,19,0.05,17,109,2,25,1,5,,4/9/2020
2019,BUFFRMFISHBT05,BUFFRMFISH2019Jun05,main,10,R,RU,N/A,13.5,32,0.01,16,77,2,25,4,87.5,,4/9/2020
2019,BUFFRMFISHBT07,BUFFRMFISH2019May22,main,1,L,GL,N/A,18.5,20,0.13,13,27.3,2,25,4,87.5,,4/6/2020
2019,BUFFRMFISHBT07,BUFFRMFISH2019May22,main,1,M,GL,N/A,18.5,24,0.2,14,38.5,3,57.5,0,0,,4/6/2020
2019,BUFFRMFISHBT07,BUFFRMFISH2019May22,main,1,R,GL,N/A,18.5,32,0.4,12,19.3,2,25,4,87.5,,4/6/2020
2019,BUFFRMFISHBT07,BUFFRMFISH2019May22,main,2,L,RU,N/A,14.5,20,0.23,6,1.5,4,87.5,4,87.5,,4/6/2020
2019,BUFFRMFISHBT07,BUFFRMFISH2019May22,main,2,M,RU,N/A,14.5,22,0.13,13,27.3,2,25,0,0,,4/6/2020
2019,BUFFRMFISHBT07,BUFFRMFISH2019May22,main,2,R,RU,N/A,14.5,52,0.31,15,54.5,2,25,4,87.5,,4/6/2020
2019,BUFFRMFISHBT07,BUFFRMFISH2019May22,main,3,L,RU,N/A,20,54,0.24,7,3,3,57.5,1,5,,4/6/2020
2019,BUFFRMFISHBT07,BUFFRMFISH2019May22,main,3,M,RU,N/A,20,46,0.2,8,4.85,3,57.5,0,0,,4/6/2020
2019,BUFFRMFISHBT07,BUFFRMFISH2019May22,main,3,R,RU,N/A,20,18,0.14,15,54.5,3,57.5,4,87.5,,4/6/2020
2019,BUFFRMFISHBT07,BUFFRMFISH2019May22,main,4,L,RU,N/A,15,97,0.2,24,10000,0,0,1,5,,4/6/2020
2019,BUFFRMFISHBT07,BUFFRMFISH2019May22,main,4,M,RU,N/A,15,74,0.19,6,1.5,3,57.5,0,0,,4/6/2020
2019,BUFFRMFISHBT07,BUFFRMFISH2019May22,main,4,R,RU,N/A,15,30,0.05,3,0.1875,4,87.5,1,5,,4/6/2020
2019,BUFFRMFISHBT07,BUFFRMFISH2019May22,main,5,L,RU,N/A,13,75,0.21,12,19.3,2,25,1,5,,4/6/2020
2019,BUFFRMFISHBT07,BUFFRMFISH2019May22,main,5,M,RU,N/A,13,79,0.2,8,4.85,2,25,0,0,,4/6/2020
2019,BUFFRMFISHBT07,BUFFRMFISH2019May22,main,5,R,RU,N/A,13,73,0.07,7,3,3,57.5,0,0,,4/6/2020
2019,BUFFRMFISHBT07,BUFFRMFISH2019May22,main,6,L,RU,N/A,11.5,74,0.33,11,13.65,2,25,1,5,,4/6/2020
2019,BUFFRMFISHBT07,BUFFRMFISH2019May22,main,6,M,RU,N/A,11.5,74,0.28,11,13.65,3,57.5,0,0,,4/6/2020
2019,BUFFRMFISHBT07,BUFFRMFISH2019May22,main,6,R,RU,N/A,11.5,50,0.1,15,54.5,3,57.5,0,0,,4/6/2020
2019,BUFFRMFISHBT07,BUFFRMFISH2019May22,main,7,L,RU,N/A,9,82,0.44,15,54.5,2,25,1,5,,4/6/2020
2019,BUFFRMFISHBT07,BUFFRMFISH2019May22,main,7,M,RU,N/A,9,65,0.36,16,77,2,25,0,0,,4/6/2020
2019,BUFFRMFISHBT07,BUFFRMFISH2019May22,main,7,R,RU,N/A,9,38,0.16,15,54.5,2,25,0,0,,4/6/2020
2019,BUFFRMFISHBT07,BUFFRMFISH2019May22,main,8,L,RU,N/A,9.5,54,0.37,24,10000,0,0,0,0,,4/6/2020
2019,BUFFRMFISHBT07,BUFFRMFISH2019May22,main,8,M,RU,N/A,9.5,56,0.38,13,27.3,2,25,0,0,,4/6/2020
2019,BUFFRMFISHBT07,BUFFRMFISH2019May22,main,8,R,RU,N/A,9.5,39,0.19,14,38.5,2,25,0,0,,4/6/2020
2019,BUFFRMFISHBT07,BUFFRMFISH2019May22,main,9,L,RU,N/A,9,56,0.39,11,13.65,2,25,3,57.5,,4/6/2020
2019,BUFFRMFISHBT07,BUFFRMFISH2019May22,main,9,M,RU,N/A,9,42,0.37,13,27.3,2,25,4,87.5,,4/6/2020
2019,BUFFRMFISHBT07,BUFFRMFISH2019May22,main,9,R,RU,N/A,9,32,0.45,12,19.3,2,25,2,25,,4/6/2020
2019,BUFFRMFISHBT07,BUFFRMFISH2019May22,main,10,L,RU,N/A,6,53,0.4,11,13.65,2,25,1,5,,4/6/2020
2019,BUFFRMFISHBT07,BUFFRMFISH2019May22,main,10,M,RU,N/A,6,54,0.42,10,9.65,2,25,3,57.5,,4/6/2020
2019,BUFFRMFISHBT07,BUFFRMFISH2019May22,main,10,R,RU,N/A,6,50,0.44,13,27.3,2,25,3,57.5,,4/6/2020
2019,BUFFRMFISHBT07,BUFFRMFISH2019May22,main,11,L,RI,N/A,6.5,32,0.9,14,38.5,2,25,1,5,,4/6/2020
2019,BUFFRMFISHBT07,BUFFRMFISH2019May22,main,11,M,RI,N/A,6.5,40,0.73,15,54.5,2,25,1,5,,4/6/2020
2019,BUFFRMFISHBT07,BUFFRMFISH2019May22,main,11,R,RI,N/A,6.5,36,0.81,12,19.3,2,25,0,0,,4/6/2020
2019,BUFFRMFISHBT09,BUFFRMFISH2019Jun12,main,1,L,PGX,N/A,41.5,126,0.3,11,13.65,2,25,0,0,,4/7/2020
2019,BUFFRMFISHBT09,BUFFRMFISH2019Jun12,main,1,M,PGX,N/A,41.5,76,0.27,13,27.3,2,25,0,0,,4/7/2020
2019,BUFFRMFISHBT09,BUFFRMFISH2019Jun12,main,1,R,PGX,N/A,41.5,30,0.29,14,38.5,3,57.5,0,0,,4/7/2020
2019,BUFFRMFISHBT09,BUFFRMFISH2019Jun12,main,2,L,PO,F,31,122,0.26,24,10000,0,0,0,0,,4/7/2020
2019,BUFFRMFISHBT09,BUFFRMFISH2019Jun12,main,2,M,PO,F,31,112,0.26,15,54.5,2,25,0,0,,4/7/2020
2019,BUFFRMFISHBT09,BUFFRMFISH2019Jun12,main,2,R,PO,F,31,56,0.19,12,19.3,2,25,0,0,,4/7/2020
2019,BUFFRMFISHBT09,BUFFRMFISH2019Jun12,main,3,L,PO,F,31,144,0.22,14,38.5,2,25,0,0,,4/7/2020
2019,BUFFRMFISHBT09,BUFFRMFISH2019Jun12,main,3,M,PO,F,31,130,0.21,11,13.65,2,25,0,0,,4/7/2020
2019,BUFFRMFISHBT09,BUFFRMFISH2019Jun12,main,3,R,PO,F,31,64,0.11,11,13.65,2,25,0,0,,4/7/2020
2019,BUFFRMFISHBT09,BUFFRMFISH2019Jun12,main,4,L,PO,F,32,140,0.2,24,10000,0,0,0,0,,4/7/2020
2019,BUFFRMFISHBT09,BUFFRMFISH2019Jun12,main,4,M,PO,F,32,110,0.3,13,27.3,2,25,0,0,,4/7/2020
2019,BUFFRMFISHBT09,BUFFRMFISH2019Jun12,main,4,R,PO,F,32,48,0.2,9,6.85,2,25,0,0,,4/7/2020
2019,BUFFRMFISHBT09,BUFFRMFISH2019Jun12,main,5,L,RU,N/A,37.5,88,0.3,11,13.65,2,25,1,5,,4/7/2020
2019,BUFFRMFISHBT09,BUFFRMFISH2019Jun12,main,5,M,RU,N/A,37.5,42,0.31,13,27.3,2,25,0,0,,4/7/2020
2019,BUFFRMFISHBT09,BUFFRMFISH2019Jun12,main,5,R,RU,N/A,37.5,34,0.41,12,19.3,2,25,0,0,,4/7/2020
2019,BUFFRMFISHBT09,BUFFRMFISH2019Jun12,main,6,L,RU,N/A,39.5,44,0.4,14,38.5,2,25,2,25,,4/7/2020
2019,BUFFRMFISHBT09,BUFFRMFISH2019Jun12,main,6,M,RU,N/A,39.5,56,0.42,15,54.5,2,25,0,0,,4/7/2020
2019,BUFFRMFISHBT09,BUFFRMFISH2019Jun12,main,6,R,RU,N/A,39.5,34,0.35,12,19.3,2,25,0,0,,4/7/2020
2019,BUFFRMFISHBT09,BUFFRMFISH2019Jun12,main,7,L,RU,N/A,32.5,122,0.24,14,38.5,2,25,1,5,,4/7/2020
2019,BUFFRMFISHBT09,BUFFRMFISH2019Jun12,main,7,M,RU,N/A,32.5,76,0.34,13,27.3,2,25,0,0,,4/7/2020
2019,BUFFRMFISHBT09,BUFFRMFISH2019Jun12,main,7,R,RU,N/A,32.5,46,0.21,12,19.3,2,25,0,0,,4/7/2020
2019,BUFFRMFISHBT09,BUFFRMFISH2019Jun12,main,8,L,RU,N/A,33,130,0.03,14,38.5,2,25,1,5,,4/7/2020
2019,BUFFRMFISHBT09,BUFFRMFISH2019Jun12,main,8,M,RU,N/A,33,105,0.31,10,9.65,3,57.5,0,0,,4/7/2020
2019,BUFFRMFISHBT09,BUFFRMFISH2019Jun12,main,8,R,RU,N/A,33,88,0.24,13,27.3,2,25,0,0,,4/7/2020
2019,BUFFRMFISHBT09,BUFFRMFISH2019Jun12,main,9,L,RU,N/A,27,112,-0.12,24,10000,0,0,2,25,,4/7/2020
2019,BUFFRMFISHBT09,BUFFRMFISH2019Jun12,main,9,M,RU,N/A,27,122,0.18,12,19.3,2,25,0,0,,4/7/2020
2019,BUFFRMFISHBT09,BUFFRMFISH2019Jun12,main,9,R,RU,N/A,27,90,0.19,15,54.5,1,5,0,0,,4/7/2020
2019,BUFFRMFISHBT09,BUFFRMFISH2019Jun12,main,10,L,RU,N/A,28.5,80,-0.08,24,10000,0,0,4,87.5,,4/7/2020
2019,BUFFRMFISHBT09,BUFFRMFISH2019Jun12,main,10,M,RU,N/A,28.5,130,0.24,24,10000,0,0,0,0,,4/7/2020
2019,BUFFRMFISHBT09,BUFFRMFISH2019Jun12,main,10,R,RU,N/A,28.5,120,0.33,16,77,2,25,0,0,,4/7/2020
2019,BUFFRMFISHBT09,BUFFRMFISH2019Jun12,main,11,L,RU,N/A,20.5,128,0.32,16,77,1,5,0,0,,4/7/2020
2019,BUFFRMFISHBT09,BUFFRMFISH2019Jun12,main,11,M,RU,N/A,20.5,130,0.51,16,77,1,5,0,0,,4/7/2020
2019,BUFFRMFISHBT09,BUFFRMFISH2019Jun12,main,11,R,RU,N/A,20.5,56,-0.03,13,27.3,2,25,0,0,,4/7/2020
2019,BUFFRMFISHBT15,BUFFRMFISH2019Jun06,main,1,L,RU,N/A,11.5,26,0.18,10,9.65,2,25,4,87.5,,4/8/2020
2019,BUFFRMFISHBT15,BUFFRMFISH2019Jun06,main,1,M,RU,N/A,11.5,24,0.23,7,3,2,25,0,0,,4/8/2020
2019,BUFFRMFISHBT15,BUFFRMFISH2019Jun06,main,1,R,RU,N/A,11.5,16,0.15,11,13.65,2,25,1,5,,4/8/2020
2019,BUFFRMFISHBT15,BUFFRMFISH2019Jun06,main,2,L,RU,N/A,7.5,86,0.13,24,10000,0,0,4,87.5,,4/8/2020
2019,BUFFRMFISHBT15,BUFFRMFISH2019Jun06,main,2,M,RU,N/A,7.5,49,0.17,11,13.65,2,25,4,87.5,,4/8/2020
2019,BUFFRMFISHBT15,BUFFRMFISH2019Jun06,main,2,R,RU,N/A,7.5,26,-0.02,8,4.85,3,57.5,4,87.5,,4/8/2020
2019,BUFFRMFISHBT15,BUFFRMFISH2019Jun06,main,3,L,RRX,N/A,5.5,40,0.33,9,6.85,2,25,4,87.5,,4/8/2020
2019,BUFFRMFISHBT15,BUFFRMFISH2019Jun06,main,3,M,RRX,N/A,5.5,22,0.62,13,27.3,2,25,4,87.5,,4/8/2020
2019,BUFFRMFISHBT15,BUFFRMFISH2019Jun06,main,3,R,RRX,N/A,5.5,6,0.68,13,27.3,2,25,4,87.5,,4/8/2020
2019,BUFFRMFISHBT15,BUFFRMFISH2019Jun06,main,4,L,GL,N/A,10,10,0.29,8,4.85,2,25,2,25,,4/8/2020
2019,BUFFRMFISHBT15,BUFFRMFISH2019Jun06,main,4,M,GL,N/A,10,22,0.42,11,13.65,2,25,0,0,,4/8/2020
2019,BUFFRMFISHBT15,BUFFRMFISH2019Jun06,main,4,R,GL,N/A,10,18,0.42,12,19.3,2,25,0,0,,4/8/2020
2019,BUFFRMFISHBT15,BUFFRMFISH2019Jun06,main,5,L,RI,N/A,8.5,12,0.21,12,19.3,2,25,4,87.5,,4/8/2020
2019,BUFFRMFISHBT15,BUFFRMFISH2019Jun06,main,5,M,RI,N/A,8.5,16,0.26,9,6.85,2,25,4,87.5,,4/8/2020
2019,BUFFRMFISHBT15,BUFFRMFISH2019Jun06,main,5,R,RI,N/A,8.5,28,0.55,8,4.85,2,25,4,87.5,,4/8/2020
2019,BUFFRMFISHBT15,BUFFRMFISH2019Jun06,main,6,L,RI,N/A,13.5,10,0.31,11,13.65,2,25,4,87.5,,4/8/2020
2019,BUFFRMFISHBT15,BUFFRMFISH2019Jun06,main,6,M,RI,N/A,13.5,6,0.4,11,13.65,2,25,0,0,,4/8/2020
2019,BUFFRMFISHBT15,BUFFRMFISH2019Jun06,main,6,R,RI,N/A,13.5,10,0.51,12,19.3,2,25,0,0,,4/8/2020
2019,BUFFRMFISHBT15,BUFFRMFISH2019Jun06,main,7,L,RI,N/A,15,2,0.03,8,4.85,2,25,3,57.5,,4/8/2020
2019,BUFFRMFISHBT15,BUFFRMFISH2019Jun06,main,7,M,RI,N/A,15,12,0.29,10,9.65,2,25,0,0,,4/8/2020
2019,BUFFRMFISHBT15,BUFFRMFISH2019Jun06,main,7,R,RI,N/A,15,10,0.46,12,19.3,2,25,0,0,,4/8/2020
2019,BUFFRMFISHBT15,BUFFRMFISH2019Jun06,main,8,L,RI,N/A,15.5,6,0.29,10,9.65,2,25,4,87.5,,4/8/2020
2019,BUFFRMFISHBT15,BUFFRMFISH2019Jun06,main,8,M,RI,N/A,15.5,10,0.29,12,19.3,2,25,3,57.5,,4/8/2020
2019,BUFFRMFISHBT15,BUFFRMFISH2019Jun06,main,8,R,RI,N/A,15.5,18,0.47,10,9.65,2,25,0,0,,4/8/2020
2019,BUFFRMFISHBT15,BUFFRMFISH2019Jun06,main,9,L,RI,N/A,15.5,22,0.47,12,19.3,1,5,0,0,,4/8/2020
2019,BUFFRMFISHBT15,BUFFRMFISH2019Jun06,main,9,M,RI,N/A,15.5,18,0.18,14,38.5,1,5,0,0,,4/8/2020
2019,BUFFRMFISHBT15,BUFFRMFISH2019Jun06,main,9,R,RI,N/A,15.5,18,0.35,13,27.3,1,5,0,0,,4/8/2020
2019,BUFFRMFISHBT15,BUFFRMFISH2019Jun06,main,10,L,RI,N/A,14,13,0.22,13,27.3,2,25,2,25,,4/8/2020
2019,BUFFRMFISHBT15,BUFFRMFISH2019Jun06,main,10,M,RI,N/A,14,14,0.4,11,13.65,2,25,4,87.5,,4/8/2020
2019,BUFFRMFISHBT15,BUFFRMFISH2019Jun06,main,10,R,RI,N/A,14,12,0.41,11,13.65,2,25,4,87.5,,4/8/2020
2019,BUFFRMFISHBT15,BUFFRMFISH2019Jun06,main,11,L,RI,N/A,14.5,14,0.29,13,27.3,2,25,4,87.5,,4/8/2020
2019,BUFFRMFISHBT15,BUFFRMFISH2019Jun06,main,11,M,RI,N/A,14.5,14,0.24,14,38.5,2,25,0,0,,4/8/2020
2019,BUFFRMFISHBT15,BUFFRMFISH2019Jun06,main,11,R,RI,N/A,14.5,10,0.25,13,27.3,2,25,0,0,,4/8/2020
2019,BUFFRMFISHBT19,BUFFRMFISH2019May24,main,1,L,PO,L,16,104,0.12,24,10000,0,0,0,0,,4/8/2020
2019,BUFFRMFISHBT19,BUFFRMFISH2019May24,main,1,M,PO,L,16,95,0.18,12,19.3,3,57.5,0,0,,4/8/2020
2019,BUFFRMFISHBT19,BUFFRMFISH2019May24,main,1,R,PO,L,16,30,0.12,10,9.65,3,57.5,0,0,,4/8/2020
2019,BUFFRMFISHBT19,BUFFRMFISH2019May24,main,2,L,RU,N/A,13.5,66,0.12,24,10000,0,0,1,5,,4/8/2020
2019,BUFFRMFISHBT19,BUFFRMFISH2019May24,main,2,M,RU,N/A,13.5,85,0.28,10,9.65,2,25,0,0,,4/8/2020
2019,BUFFRMFISHBT19,BUFFRMFISH2019May24,main,2,R,RU,N/A,13.5,46,0.21,8,4.85,2,25,0,0,,4/8/2020
2019,BUFFRMFISHBT19,BUFFRMFISH2019May24,main,3,L,RU,N/A,14.5,46,0.08,24,10000,0,0,4,87.5,,4/8/2020
2019,BUFFRMFISHBT19,BUFFRMFISH2019May24,main,3,M,RU,N/A,14.5,64,0.31,13,27.3,2,25,4,87.5,,4/8/2020
2019,BUFFRMFISHBT19,BUFFRMFISH2019May24,main,3,R,RU,N/A,14.5,50,0.23,8,4.85,3,57.5,3,57.5,,4/8/2020
2019,BUFFRMFISHBT19,BUFFRMFISH2019May24,main,4,L,PO,L,11.5,72,0.12,24,10000,0,0,0,0,,4/8/2020
2019,BUFFRMFISHBT19,BUFFRMFISH2019May24,main,4,M,PO,L,11.5,78,0.36,24,10000,0,0,0,0,,4/8/2020
2019,BUFFRMFISHBT19,BUFFRMFISH2019May24,main,4,R,PO,L,11.5,41,0.13,8,4.85,3,57.5,0,0,,4/8/2020
2019,BUFFRMFISHBT19,BUFFRMFISH2019May24,main,5,L,RU,N/A,13.5,46,0.31,24,10000,0,0,0,0,,4/8/2020
2019,BUFFRMFISHBT19,BUFFRMFISH2019May24,main,5,M,RU,N/A,13.5,84,0.24,24,10000,0,0,2,25,,4/8/2020
2019,BUFFRMFISHBT19,BUFFRMFISH2019May24,main,5,R,RU,N/A,13.5,20,0.12,5,0.75,3,57.5,0,0,,4/8/2020
2019,BUFFRMFISHBT19,BUFFRMFISH2019May24,main,6,L,RRX,N/A,11,28,0.56,14,38.5,2,25,0,0,,4/8/2020
2019,BUFFRMFISHBT19,BUFFRMFISH2019May24,main,6,M,RRX,N/A,11,20,0.76,13,27.3,2,25,0,0,,4/8/2020
2019,BUFFRMFISHBT19,BUFFRMFISH2019May24,main,6,R,RRX,N/A,11,20,0.4,12,19.3,2,25,0,0,,4/8/2020
2019,BUFFRMFISHBT19,BUFFRMFISH2019May24,main,7,L,RI,N/A,12,12,0.47,14,38.5,2,25,0,0,,4/8/2020
2019,BUFFRMFISHBT19,BUFFRMFISH2019May24,main,7,M,RI,N/A,12,24,0.9,14,38.5,2,25,0,0,,4/8/2020
2019,BUFFRMFISHBT19,BUFFRMFISH2019May24,main,7,R,RI,N/A,12,21,0.66,12,19.3,2,25,0,0,,4/8/2020
2019,BUFFRMFISHBT19,BUFFRMFISH2019May24,main,8,L,GL,N/A,16.5,21,0.3,11,13.65,2,25,0,0,,4/8/2020
2019,BUFFRMFISHBT19,BUFFRMFISH2019May24,main,8,M,GL,N/A,16.5,32,0.29,10,9.65,2,25,0,0,,4/8/2020
2019,BUFFRMFISHBT19,BUFFRMFISH2019May24,main,8,R,GL,N/A,16.5,54,0.14,8,4.85,2,25,4,87.5,,4/8/2020
2019,BUFFRMFISHBT19,BUFFRMFISH2019May24,main,9,L,PO,L,11,48,0.14,8,4.85,3,57.5,0,0,,4/8/2020
2019,BUFFRMFISHBT19,BUFFRMFISH2019May24,main,9,M,PO,L,11,100,0.23,12,19.3,3,57.5,0,0,,4/8/2020
2019,BUFFRMFISHBT19,BUFFRMFISH2019May24,main,9,R,PO,L,11,120,0.06,24,10000,0,0,2,25,,4/8/2020
2019,BUFFRMFISHBT19,BUFFRMFISH2019May24,main,10,L,RU,N/A,13,12,0.17,13,27.3,2,25,0,0,,4/8/2020
2019,BUFFRMFISHBT19,BUFFRMFISH2019May24,main,10,M,RU,N/A,13,34,0.34,8,4.85,3,57.5,0,0,,4/8/2020
2019,BUFFRMFISHBT19,BUFFRMFISH2019May24,main,10,R,RU,N/A,13,41,0.42,13,27.3,2,25,0,0,,4/8/2020
2019,BUFFRMFISHBT19,BUFFRMFISH2019May24,main,11,L,RU,N/A,10.5,20,0.36,11,13.65,2,25,0,0,,4/8/2020
2019,BUFFRMFISHBT19,BUFFRMFISH2019May24,main,11,M,RU,N/A,10.5,36,0.44,12,19.3,2,25,0,0,,4/8/2020
2019,BUFFRMFISHBT19,BUFFRMFISH2019May24,main,11,R,RU,N/A,10.5,54,0.48,8,4.85,3,57.5,0,0,,4/8/2020
2019,BUFFRMFISHBT20,BUFFRMFISH2019May28,main,1,L,RI,N/A,12,28,0.88,12,19.3,1,5,1,5,,4/9/2020
2019,BUFFRMFISHBT20,BUFFRMFISH2019May28,main,1,M,RI,N/A,12,14,0.62,14,38.5,1,5,0,0,,4/9/2020
2019,BUFFRMFISHBT20,BUFFRMFISH2019May28,main,1,R,RI,N/A,12,20,0.77,13,27.3,1,5,0,0,,4/9/2020
2019,BUFFRMFISHBT20,BUFFRMFISH2019May28,main,2,L,GL,N/A,22.5,26,0.24,8,4.85,3,57.5,0,0,,4/9/2020
2019,BUFFRMFISHBT20,BUFFRMFISH2019May28,main,2,M,GL,N/A,22.5,38,0.34,11,13.65,2,25,0,0,,4/9/2020
2019,BUFFRMFISHBT20,BUFFRMFISH2019May28,main,2,R,GL,N/A,22.5,24,0.23,13,27.3,2,25,0,0,,4/9/2020
2019,BUFFRMFISHBT20,BUFFRMFISH2019May28,main,3,L,RU,N/A,21,2,0.02,11,13.65,3,57.5,1,5,,4/9/2020
2019,BUFFRMFISHBT20,BUFFRMFISH2019May28,main,3,M,RU,N/A,21,20,0.14,13,27.3,2,25,0,0,,4/9/2020
2019,BUFFRMFISHBT20,BUFFRMFISH2019May28,main,3,R,RU,N/A,21,52,0.5,14,38.5,2,25,3,57.5,,4/9/2020
2019,BUFFRMFISHBT20,BUFFRMFISH2019May28,main,4,L,RU,N/A,17,53,0.03,9,6.85,3,57.5,4,87.5,,4/9/2020
2019,BUFFRMFISHBT20,BUFFRMFISH2019May28,main,4,M,RU,N/A,17,70,0.23,14,38.5,2,25,0,0,,4/9/2020
2019,BUFFRMFISHBT20,BUFFRMFISH2019May28,main,4,R,RU,N/A,17,62,0.22,24,10000,0,0,1,5,,4/9/2020
2019,BUFFRMFISHBT20,BUFFRMFISH2019May28,main,5,L,RI,N/A,23,36,0.26,8,4.85,2,25,0,0,,4/9/2020
2019,BUFFRMFISHBT20,BUFFRMFISH2019May28,main,5,M,RI,N/A,23,20,0.19,13,27.3,1,5,0,0,,4/9/2020
2019,BUFFRMFISHBT20,BUFFRMFISH2019May28,main,5,R,RI,N/A,23,12,0.32,12,19.3,1,5,0,0,,4/9/2020
2019,BUFFRMFISHBT20,BUFFRMFISH2019May28,main,6,L,RU,N/A,21.5,20,0.31,10,9.65,2,25,2,25,,4/9/2020
2019,BUFFRMFISHBT20,BUFFRMFISH2019May28,main,6,M,RU,N/A,21.5,25,0.48,12,19.3,1,5,0,0,,4/9/2020
2019,BUFFRMFISHBT20,BUFFRMFISH2019May28,main,6,R,RU,N/A,21.5,18,0.35,13,27.3,1,5,0,0,,4/9/2020
2019,BUFFRMFISHBT20,BUFFRMFISH2019May28,main,7,L,RU,N/A,15.5,22,0.3,14,38.5,1,5,0,0,,4/9/2020
2019,BUFFRMFISHBT20,BUFFRMFISH2019May28,main,7,M,RU,N/A,15.5,38,0.4,12,19.3,1,5,1,5,,4/9/2020
2019,BUFFRMFISHBT20,BUFFRMFISH2019May28,main,7,R,RU,N/A,15.5,66,0.25,13,27.3,1,5,4,87.5,,4/9/2020
2019,BUFFRMFISHBT20,BUFFRMFISH2019May28,main,8,L,RU,N/A,16,10,0.18,12,19.3,2,25,0,0,,4/9/2020
2019,BUFFRMFISHBT20,BUFFRMFISH2019May28,main,8,M,RU,N/A,16,54,0.65,18,154,1,5,0,0,,4/9/2020
2019,BUFFRMFISHBT20,BUFFRMFISH2019May28,main,8,R,RU,N/A,16,52,0.58,14,38.5,1,5,0,0,,4/9/2020
2019,BUFFRMFISHBT20,BUFFRMFISH2019May28,main,9,L,RI,N/A,17,14,0.4,12,19.3,1,5,0,0,,4/9/2020
2019,BUFFRMFISHBT20,BUFFRMFISH2019May28,main,9,M,RI,N/A,17,28,0.35,24,10000,0,0,0,0,,4/9/2020
2019,BUFFRMFISHBT20,BUFFRMFISH2019May28,main,9,R,RI,N/A,17,51,0.46,20,309,1,5,0,0,,4/9/2020
2019,BUFFRMFISHBT20,BUFFRMFISH2019May28,main,10,L,PO,M,13,98,0.01,10,9.65,3,57.5,0,0,,4/9/2020
2019,BUFFRMFISHBT20,BUFFRMFISH2019May28,main,10,M,PO,M,13,115,0.22,24,10000,0,0,0,0,,4/9/2020
2019,BUFFRMFISHBT20,BUFFRMFISH2019May28,main,10,R,PO,M,13,98,-0.03,24,10000,0,0,0,0,,4/9/2020
2019,BUFFRMFISHBT20,BUFFRMFISH2019May28,main,11,L,RI,N/A,13,10,0.04,13,27.3,2,25,0,0,,4/9/2020
2019,BUFFRMFISHBT20,BUFFRMFISH2019May28,main,11,M,RI,N/A,13,18,0.55,15,54.5,2,25,0,0,,4/9/2020
2019,BUFFRMFISHBT20,BUFFRMFISH2019May28,main,11,R,RI,N/A,13,40,0.74,15,54.5,1,5,0,0,,4/9/2020
2019,BUFFRMFISHBT23,BUFFRMFISH2019Jun17,main,1,L,RI,N/A,10.5,18,0.82,13,27.3,2,25,1,5,,4/9/2020
2019,BUFFRMFISHBT23,BUFFRMFISH2019Jun17,main,1,M,RI,N/A,10.5,22,0.73,11,13.65,2,25,0,0,,4/9/2020
2019,BUFFRMFISHBT23,BUFFRMFISH2019Jun17,main,1,R,RI,N/A,10.5,18,0.53,12,19.3,2,25,0,0,,4/9/2020
2019,BUFFRMFISHBT23,BUFFRMFISH2019Jun17,main,2,L,RU,N/A,10.4,54,0.22,24,10000,0,0,4,87.5,,4/9/2020
2019,BUFFRMFISHBT23,BUFFRMFISH2019Jun17,main,2,M,RU,N/A,10.4,40,0.26,3,0.1875,4,87.5,1,5,,4/9/2020
2019,BUFFRMFISHBT23,BUFFRMFISH2019Jun17,main,2,R,RU,N/A,10.4,16,0.13,8,4.85,3,57.5,0,0,,4/9/2020
2019,BUFFRMFISHBT23,BUFFRMFISH2019Jun17,main,3,L,RU,N/A,8.5,70,0.24,24,10000,0,0,4,87.5,,4/9/2020
2019,BUFFRMFISHBT23,BUFFRMFISH2019Jun17,main,3,M,RU,N/A,8.5,60,0.4,8,4.85,3,57.5,4,87.5,,4/9/2020
2019,BUFFRMFISHBT23,BUFFRMFISH2019Jun17,main,3,R,RU,N/A,8.5,57,0.13,3,0.1875,4,87.5,4,87.5,,4/9/2020
2019,BUFFRMFISHBT23,BUFFRMFISH2019Jun17,main,4,L,RU,N/A,5.7,45,0.55,24,10000,0,0,4,87.5,,4/9/2020
2019,BUFFRMFISHBT23,BUFFRMFISH2019Jun17,main,4,M,RU,N/A,5.7,76,0.5,11,13.65,3,57.5,4,87.5,,4/9/2020
2019,BUFFRMFISHBT23,BUFFRMFISH2019Jun17,main,4,R,RU,N/A,5.7,20,0.16,11,13.65,3,57.5,2,25,,4/9/2020
2019,BUFFRMFISHBT23,BUFFRMFISH2019Jun17,main,5,L,RU,N/A,7,48,0.7,14,38.5,2,25,4,87.5,,4/9/2020
2019,BUFFRMFISHBT23,BUFFRMFISH2019Jun17,main,5,M,RU,N/A,7,24,0.52,13,27.3,2,25,3,57.5,,4/9/2020
2019,BUFFRMFISHBT23,BUFFRMFISH2019Jun17,main,5,R,RU,N/A,7,10,0.27,12,19.3,2,25,1,5,,4/9/2020
2019,BUFFRMFISHBT23,BUFFRMFISH2019Jun17,main,6,L,RU,N/A,8.6,29,0.5,12,19.3,2,25,0,0,,4/9/2020
2019,BUFFRMFISHBT23,BUFFRMFISH2019Jun17,main,6,M,RU,N/A,8.6,24,0.68,11,13.65,2,25,0,0,,4/9/2020
2019,BUFFRMFISHBT23,BUFFRMFISH2019Jun17,main,6,R,RU,N/A,8.6,20,0.38,12,19.3,2,25,0,0,,4/9/2020
2019,BUFFRMFISHBT23,BUFFRMFISH2019Jun17,main,7,L,RU,N/A,7.8,18,0.65,14,38.5,2,25,2,25,,4/9/2020
2019,BUFFRMFISHBT23,BUFFRMFISH2019Jun17,main,7,M,RU,N/A,7.8,20,0.46,11,13.65,2,25,4,87.5,,4/9/2020
2019,BUFFRMFISHBT23,BUFFRMFISH2019Jun17,main,7,R,RU,N/A,7.8,30,0.68,12,19.3,2,25,4,87.5,,4/9/2020
2019,BUFFRMFISHBT23,BUFFRMFISH2019Jun17,main,8,L,RU,N/A,8.3,30,0.82,13,27.3,3,57.5,0,0,,4/9/2020
2019,BUFFRMFISHBT23,BUFFRMFISH2019Jun17,main,8,M,RU,N/A,8.3,32,0.73,12,19.3,3,57.5,0,0,,4/9/2020
2019,BUFFRMFISHBT23,BUFFRMFISH2019Jun17,main,8,R,RU,N/A,8.3,20,0.54,11,13.65,2,25,2,25,,4/9/2020
2019,BUFFRMFISHBT23,BUFFRMFISH2019Jun17,main,9,L,RU,N/A,7.9,38,0.4,13,27.3,2,25,3,57.5,,4/9/2020
2019,BUFFRMFISHBT23,BUFFRMFISH2019Jun17,main,9,M,RU,N/A,7.9,74,0.38,24,10000,0,0,4,87.5,,4/9/2020
2019,BUFFRMFISHBT23,BUFFRMFISH2019Jun17,main,9,R,RU,N/A,7.9,36,0.5,24,10000,0,0,4,87.5,,4/9/2020
2019,BUFFRMFISHBT23,BUFFRMFISH2019Jun17,main,10,L,RU,N/A,6.5,14,0.55,15,54.5,2,25,1,5,,4/9/2020
2019,BUFFRMFISHBT23,BUFFRMFISH2019Jun17,main,10,M,RU,N/A,6.5,34,0.91,14,38.5,3,57.5,1,5,,4/9/2020
2019,BUFFRMFISHBT23,BUFFRMFISH2019Jun17,main,10,R,RU,N/A,6.5,36,0.88,13,27.3,3,57.5,1,5,,4/9/2020
2019,BUFFRMFISHBT23,BUFFRMFISH2019Jun17,main,11,L,RU,N/A,5.5,12,0.42,11,13.65,2,25,1,5,,4/9/2020
2019,BUFFRMFISHBT23,BUFFRMFISH2019Jun17,main,11,M,RU,N/A,5.5,34,0.67,14,38.5,3,57.5,4,87.5,,4/9/2020
2019,BUFFRMFISHBT23,BUFFRMFISH2019Jun17,main,11,R,RU,N/A,5.5,40,0.52,14,38.5,3,57.5,4,87.5,,4/9/2020
2021,BUFFRMFISHBT07,BUFFRMFISH2021May18,main,1,L,RRX,N/A,21,50,0.15,3,0.1875,4,87.5,2,25,,9/9/2021
2021,BUFFRMFISHBT07,BUFFRMFISH2021May18,main,1,M,RRX,N/A,21,54,0.16,3,0.1875,4,87.5,0,0,,9/9/2021
2021,BUFFRMFISHBT07,BUFFRMFISH2021May18,main,1,R,RRX,N/A,21,24,0.12,10,9.65,3,57.5,1,5,,9/9/2021
2021,BUFFRMFISHBT07,BUFFRMFISH2021May18,main,2,L,RU,N/A,20.5,46,0.1,10,9.65,4,87.5,0,0,,9/9/2021
2021,BUFFRMFISHBT07,BUFFRMFISH2021May18,main,2,M,RU,N/A,20.5,72,0.19,3,0.1875,4,87.5,0,0,,9/9/2021
2021,BUFFRMFISHBT07,BUFFRMFISH2021May18,main,2,R,RU,N/A,20.5,52,0.12,5,0.75,4,87.5,2,25,,9/9/2021
2021,BUFFRMFISHBT07,BUFFRMFISH2021May18,main,3,L,RU,N/A,20.5,102,0.18,3,0.1875,4,87.5,1,5,,9/9/2021
2021,BUFFRMFISHBT07,BUFFRMFISH2021May18,main,3,M,RU,N/A,20.5,76,0.13,3,0.1875,4,87.5,0,0,,9/9/2021
2021,BUFFRMFISHBT07,BUFFRMFISH2021May18,main,3,R,RU,N/A,20.5,72,0.11,8,4.85,4,87.5,2,25,,9/9/2021
2021,BUFFRMFISHBT07,BUFFRMFISH2021May18,main,4,L,RU,N/A,17.5,102,0.16,3,0.1875,4,87.5,1,5,,9/9/2021
2021,BUFFRMFISHBT07,BUFFRMFISH2021May18,main,4,M,RU,N/A,17.5,88,0.12,3,0.1875,4,87.5,0,0,,9/9/2021
2021,BUFFRMFISHBT07,BUFFRMFISH2021May18,main,4,R,RU,N/A,17.5,88,0.04,3,0.1875,4,87.5,4,87.5,,9/9/2021
2021,BUFFRMFISHBT07,BUFFRMFISH2021May18,main,5,L,RU,N/A,13,110,0.23,5,0.75,4,87.5,1,5,,9/9/2021
2021,BUFFRMFISHBT07,BUFFRMFISH2021May18,main,5,M,RU,N/A,13,106,0.13,8,4.85,4,87.5,0,0,,9/9/2021
2021,BUFFRMFISHBT07,BUFFRMFISH2021May18,main,5,R,RU,N/A,13,90,0.09,10,9.65,4,87.5,0,0,,9/9/2021
2021,BUFFRMFISHBT07,BUFFRMFISH2021May18,main,6,L,RU,N/A,13,44,0.55,12,19.3,2,25,0,0,,9/9/2021
2021,BUFFRMFISHBT07,BUFFRMFISH2021May18,main,6,M,RU,N/A,13,24,0.43,13,27.3,2,25,0,0,,9/9/2021
2021,BUFFRMFISHBT07,BUFFRMFISH2021May18,main,6,R,RU,N/A,13,32,0.24,12,19.3,2,25,0,0,,9/9/2021
2021,BUFFRMFISHBT07,BUFFRMFISH2021May18,main,7,L,RU,N/A,11,40,0.63,12,19.3,2,25,1,5,,9/9/2021
2021,BUFFRMFISHBT07,BUFFRMFISH2021May18,main,7,M,RU,N/A,11,40,0.43,12,19.3,2,25,0,0,,9/9/2021
2021,BUFFRMFISHBT07,BUFFRMFISH2021May18,main,7,R,RU,N/A,11,22,0.27,12,19.3,2,25,0,0,,9/9/2021
2021,BUFFRMFISHBT07,BUFFRMFISH2021May18,main,8,L,RU,N/A,10,60,0.44,24,10000,0,0,0,0,,9/9/2021
2021,BUFFRMFISHBT07,BUFFRMFISH2021May18,main,8,M,RU,N/A,10,50,0.49,12,19.3,2,25,0,0,,9/9/2021
2021,BUFFRMFISHBT07,BUFFRMFISH2021May18,main,8,R,RU,N/A,10,34,0.24,13,27.3,2,25,0,0,,9/9/2021
2021,BUFFRMFISHBT07,BUFFRMFISH2021May18,main,9,L,RU,N/A,10.5,40,0.41,12,19.3,2,25,4,87.5,,9/9/2021
2021,BUFFRMFISHBT07,BUFFRMFISH2021May18,main,9,M,RU,N/A,10.5,46,0.65,13,27.3,2,25,1,5,,9/9/2021
2021,BUFFRMFISHBT07,BUFFRMFISH2021May18,main,9,R,RU,N/A,10.5,26,0.41,14,38.5,2,25,0,0,,9/9/2021
2021,BUFFRMFISHBT07,BUFFRMFISH2021May18,main,10,L,RU,N/A,6.5,62,0.44,11,13.65,2,25,4,87.5,,9/9/2021
2021,BUFFRMFISHBT07,BUFFRMFISH2021May18,main,10,M,RU,N/A,6.5,64,0.53,15,54.5,2,25,3,57.5,,9/9/2021
2021,BUFFRMFISHBT07,BUFFRMFISH2021May18,main,10,R,RU,N/A,6.5,52,0.34,14,38.5,2,25,2,25,,9/9/2021
2021,BUFFRMFISHBT07,BUFFRMFISH2021May18,main,11,L,RU,N/A,6.5,110,0.61,24,10000,0,0,3,57.5,,9/9/2021
2021,BUFFRMFISHBT07,BUFFRMFISH2021May18,main,11,M,RU,N/A,6.5,70,-0.08,10,9.65,3,57.5,3,57.5,,9/9/2021
2021,BUFFRMFISHBT07,BUFFRMFISH2021May18,main,11,R,RU,N/A,6.5,18,0.07,9,6.85,3,57.5,0,0,,9/9/2021
2021,BUFFRMFISHBT15,BUFFRMFISH2021May17,main,1,L,RU,N/A,8.5,52,0.35,11,13.65,3,57.5,3,57.5,,9/3/2021
2021,BUFFRMFISHBT15,BUFFRMFISH2021May17,main,1,M,RU,N/A,8.5,37,0.32,12,19.3,3,57.5,2,25,,9/3/2021
2021,BUFFRMFISHBT15,BUFFRMFISH2021May17,main,1,R,RU,N/A,8.5,12,0.33,14,38.5,2,25,2,25,,9/3/2021
2021,BUFFRMFISHBT15,BUFFRMFISH2021May17,main,2,L,RU,N/A,9,66,0.1,15,54.5,3,57.5,2,25,,9/3/2021
2021,BUFFRMFISHBT15,BUFFRMFISH2021May17,main,2,M,RU,N/A,9,50,0.36,13,27.3,2,25,2,25,,9/3/2021
2021,BUFFRMFISHBT15,BUFFRMFISH2021May17,main,2,R,RU,N/A,9,30,0.08,1,0.031,4,87.5,2,25,,9/3/2021
2021,BUFFRMFISHBT15,BUFFRMFISH2021May17,main,3,L,RU,N/A,6.5,75,0.96,24,10000,0,0,4,87.5,,9/3/2021
2021,BUFFRMFISHBT15,BUFFRMFISH2021May17,main,3,M,RU,N/A,6.5,34,0,13,27.3,3,57.5,3,57.5,,9/3/2021
2021,BUFFRMFISHBT15,BUFFRMFISH2021May17,main,3,R,RU,N/A,6.5,16,0.03,12,19.3,2,25,2,25,,9/3/2021
2021,BUFFRMFISHBT15,BUFFRMFISH2021May17,main,4,L,RI,N/A,12.5,12,0.41,14,38.5,2,25,4,87.5,,9/3/2021
2021,BUFFRMFISHBT15,BUFFRMFISH2021May17,main,4,M,RI,N/A,12.5,21,0.48,12,19.3,2,25,2,25,,9/3/2021
2021,BUFFRMFISHBT15,BUFFRMFISH2021May17,main,4,R,RI,N/A,12.5,21,0.3,13,27.3,2,25,0,0,,9/3/2021
2021,BUFFRMFISHBT15,BUFFRMFISH2021May17,main,5,L,RU,N/A,9.5,32,-0.1,1,0.031,4,87.5,4,87.5,,9/3/2021
2021,BUFFRMFISHBT15,BUFFRMFISH2021May17,main,5,M,RU,N/A,9.5,44,0.19,13,27.3,3,57.5,3,57.5,,9/3/2021
2021,BUFFRMFISHBT15,BUFFRMFISH2021May17,main,5,R,RU,N/A,9.5,42,0.76,12,19.3,2,25,4,87.5,,9/3/2021
2021,BUFFRMFISHBT15,BUFFRMFISH2021May17,main,6,L,RI,N/A,15.5,7,0.18,14,38.5,2,25,4,87.5,,9/3/2021
2021,BUFFRMFISHBT15,BUFFRMFISH2021May17,main,6,M,RI,N/A,15.5,6,0.17,14,38.5,2,25,1,5,,9/3/2021
2021,BUFFRMFISHBT15,BUFFRMFISH2021May17,main,6,R,RI,N/A,15.5,22,0.91,15,54.5,2,25,3,57.5,,9/3/2021
2021,BUFFRMFISHBT15,BUFFRMFISH2021May17,main,7,L,RI,N/A,16,6,0.15,11,13.65,2,25,4,87.5,,9/3/2021
2021,BUFFRMFISHBT15,BUFFRMFISH2021May17,main,7,M,RI,N/A,16,14,0.43,14,38.5,2,25,0,0,,9/3/2021
2021,BUFFRMFISHBT15,BUFFRMFISH2021May17,main,7,R,RI,N/A,16,19,0.6,13,27.3,2,25,3,57.5,,9/3/2021
2021,BUFFRMFISHBT15,BUFFRMFISH2021May17,main,8,L,RI,N/A,17,11,0.21,14,38.5,3,57.5,4,87.5,,9/3/2021
2021,BUFFRMFISHBT15,BUFFRMFISH2021May17,main,8,M,RI,N/A,17,11,0.3,15,54.5,2,25,0,0,,9/3/2021
2021,BUFFRMFISHBT15,BUFFRMFISH2021May17,main,8,R,RI,N/A,17,20,0.6,15,54.5,2,25,4,87.5,,9/3/2021
2021,BUFFRMFISHBT15,BUFFRMFISH2021May17,main,9,L,RRX,N/A,17,18,0.35,14,38.5,2,25,4,87.5,,9/3/2021
2021,BUFFRMFISHBT15,BUFFRMFISH2021May17,main,9,M,RRX,N/A,17,28,0.13,10,9.65,4,87.5,4,87.5,,9/3/2021
2021,BUFFRMFISHBT15,BUFFRMFISH2021May17,main,9,R,RRX,N/A,17,20,0.57,13,27.3,2,25,4,87.5,,9/3/2021
2021,BUFFRMFISHBT15,BUFFRMFISH2021May17,main,10,L,RI,N/A,18,6,0,13,27.3,2,25,3,57.5,,9/3/2021
2021,BUFFRMFISHBT15,BUFFRMFISH2021May17,main,10,M,RI,N/A,18,12,0.31,16,77,2,25,1,5,,9/3/2021
2021,BUFFRMFISHBT15,BUFFRMFISH2021May17,main,10,R,RI,N/A,18,28,0.52,13,27.3,2,25,3,57.5,,9/3/2021
2021,BUFFRMFISHBT15,BUFFRMFISH2021May17,main,11,L,RU,N/A,15.5,54,0.21,9,6.85,3,57.5,4,87.5,,9/3/2021
2021,BUFFRMFISHBT15,BUFFRMFISH2021May17,main,11,M,RU,N/A,15.5,22,0.19,14,38.5,2,25,1,5,,9/3/2021
2021,BUFFRMFISHBT15,BUFFRMFISH2021May17,main,11,R,RU,N/A,15.5,20,0.12,9,6.85,3,57.5,4,87.5,,9/3/2021
2021,BUFFRMFISHBT19,BUFFRMFISH2021Jun09,main,1,L,RU,N/A,14,90,0.02,24,10000,0,0,0,0,,9/3/2021
2021,BUFFRMFISHBT19,BUFFRMFISH2021Jun09,main,1,M,RU,N/A,14,116,0.36,16,77,2,25,0,0,,9/3/2021
2021,BUFFRMFISHBT19,BUFFRMFISH2021Jun09,main,1,R,RU,N/A,14,31,0.09,9,6.85,4,87.5,0,0,,9/3/2021
2021,BUFFRMFISHBT19,BUFFRMFISH2021Jun09,main,2,L,RU,N/A,15,88,0.04,24,10000,0,0,2,25,,9/3/2021
2021,BUFFRMFISHBT19,BUFFRMFISH2021Jun09,main,2,M,RU,N/A,15,95,0.35,17,109,2,25,1,5,,9/3/2021
2021,BUFFRMFISHBT19,BUFFRMFISH2021Jun09,main,2,R,RU,N/A,15,38,0.28,12,19.3,3,57.5,0,0,,9/3/2021
2021,BUFFRMFISHBT19,BUFFRMFISH2021Jun09,main,3,L,RU,N/A,13.5,70,0.29,24,10000,0,0,4,87.5,,9/3/2021
2021,BUFFRMFISHBT19,BUFFRMFISH2021Jun09,main,3,M,RU,N/A,13.5,88,0.4,24,10000,0,0,4,87.5,,9/3/2021
2021,BUFFRMFISHBT19,BUFFRMFISH2021Jun09,main,3,R,RU,N/A,13.5,77,0.1,1,0.031,4,87.5,1,5,,9/3/2021
2021,BUFFRMFISHBT19,BUFFRMFISH2021Jun09,main,4,L,RU,N/A,31,62,0.15,1,0.031,4,87.5,0,0,,9/3/2021
2021,BUFFRMFISHBT19,BUFFRMFISH2021Jun09,main,4,M,RU,N/A,31,86,0.1,11,13.65,3,57.5,0,0,,9/3/2021
2021,BUFFRMFISHBT19,BUFFRMFISH2021Jun09,main,4,R,RU,N/A,31,25,0.4,8,4.85,4,87.5,0,0,,9/3/2021
2021,BUFFRMFISHBT19,BUFFRMFISH2021Jun09,main,5,L,RU,N/A,21,76,-0.06,9,6.85,4,87.5,0,0,,9/3/2021
2021,BUFFRMFISHBT19,BUFFRMFISH2021Jun09,main,5,M,RU,N/A,21,48,0.44,14,38.5,3,57.5,0,0,,9/3/2021
2021,BUFFRMFISHBT19,BUFFRMFISH2021Jun09,main,5,R,RU,N/A,21,40,0.19,10,9.65,4,87.5,0,0,,9/3/2021
2021,BUFFRMFISHBT19,BUFFRMFISH2021Jun09,main,6,L,RRX,N/A,24,18,0.2,13,27.3,3,57.5,0,0,,9/3/2021
2021,BUFFRMFISHBT19,BUFFRMFISH2021Jun09,main,6,M,RRX,N/A,24,60,0.8,12,19.3,2,25,0,0,,9/3/2021
2021,BUFFRMFISHBT19,BUFFRMFISH2021Jun09,main,6,R,RRX,N/A,24,60,0.73,13,27.3,4,87.5,1,5,,9/3/2021
2021,BUFFRMFISHBT19,BUFFRMFISH2021Jun09,main,7,L,RRX,N/A,17.5,14,0.53,12,19.3,2,25,0,0,,9/3/2021
2021,BUFFRMFISHBT19,BUFFRMFISH2021Jun09,main,7,M,RRX,N/A,17.5,28,0.26,13,27.3,3,57.5,0,0,,9/3/2021
2021,BUFFRMFISHBT19,BUFFRMFISH2021Jun09,main,7,R,RRX,N/A,17.5,65,0.61,9,6.85,2,25,2,25,,9/3/2021
2021,BUFFRMFISHBT19,BUFFRMFISH2021Jun09,main,8,L,RRX,N/A,17,6,0.33,13,27.3,3,57.5,0,0,,9/3/2021
2021,BUFFRMFISHBT19,BUFFRMFISH2021Jun09,main,8,M,RRX,N/A,17,4,0.25,13,27.3,2,25,0,0,,9/3/2021
2021,BUFFRMFISHBT19,BUFFRMFISH2021Jun09,main,8,R,RRX,N/A,17,68,0.06,1,0.031,4,87.5,0,0,,9/3/2021
2021,BUFFRMFISHBT19,BUFFRMFISH2021Jun09,main,9,L,RI,N/A,21.5,14,0.26,14,38.5,2,25,0,0,,9/3/2021
2021,BUFFRMFISHBT19,BUFFRMFISH2021Jun09,main,9,M,RI,N/A,21.5,16,0.15,17,109,2,25,0,0,,9/3/2021
2021,BUFFRMFISHBT19,BUFFRMFISH2021Jun09,main,9,R,RI,N/A,21.5,48,0.45,12,19.3,1,5,1,5,,9/3/2021
2021,BUFFRMFISHBT19,BUFFRMFISH2021Jun09,main,10,L,RU,N/A,26,35,0.66,15,54.5,2,25,0,0,,9/3/2021
2021,BUFFRMFISHBT19,BUFFRMFISH2021Jun09,main,10,M,RU,N/A,26,36,0.52,15,54.5,3,57.5,0,0,,9/3/2021
2021,BUFFRMFISHBT19,BUFFRMFISH2021Jun09,main,10,R,RU,N/A,26,71,0.04,1,0.031,4,87.5,0,0,,9/3/2021
2021,BUFFRMFISHBT19,BUFFRMFISH2021Jun09,main,11,L,RU,N/A,23.5,36,0.47,12,19.3,2,25,0,0,,9/3/2021
2021,BUFFRMFISHBT19,BUFFRMFISH2021Jun09,main,11,M,RU,N/A,23.5,31,0.36,15,54.5,3,57.5,0,0,,9/3/2021
2021,BUFFRMFISHBT19,BUFFRMFISH2021Jun09,main,11,R,RU,N/A,23.5,45,0.02,8,4.85,4,87.5,3,57.5,,9/3/2021
2021,BUFFRMFISHBT20,BUFFRMFISH2021Jun16,main,1,L,RI,N/A,22.5,16,0.77,9,6.85,2,25,2,25,,9/3/2021
2021,BUFFRMFISHBT20,BUFFRMFISH2021Jun16,main,1,M,RI,N/A,22.5,18,0.54,12,19.3,2,25,0,0,,9/3/2021
2021,BUFFRMFISHBT20,BUFFRMFISH2021Jun16,main,1,R,RI,N/A,22.5,6,0.09,11,13.65,2,25,0,0,,9/3/2021
2021,BUFFRMFISHBT20,BUFFRMFISH2021Jun16,main,2,L,RU,N/A,23,12,0.19,12,19.3,2,25,0,0,,9/3/2021
2021,BUFFRMFISHBT20,BUFFRMFISH2021Jun16,main,2,M,RU,N/A,23,48,0.31,13,27.3,2,25,0,0,,9/3/2021
2021,BUFFRMFISHBT20,BUFFRMFISH2021Jun16,main,2,R,RU,N/A,23,32,0.21,14,38.5,2,25,4,87.5,,9/3/2021
2021,BUFFRMFISHBT20,BUFFRMFISH2021Jun16,main,3,L,RU,N/A,23.5,24,0.15,11,13.65,3,57.5,3,57.5,,9/3/2021
2021,BUFFRMFISHBT20,BUFFRMFISH2021Jun16,main,3,M,RU,N/A,23.5,32,0.22,12,19.3,2,25,0,0,,9/3/2021
2021,BUFFRMFISHBT20,BUFFRMFISH2021Jun16,main,3,R,RU,N/A,23.5,62,0.23,16,77,2,25,3,57.5,,9/3/2021
2021,BUFFRMFISHBT20,BUFFRMFISH2021Jun16,main,4,L,RU,N/A,17,30,-0.04,10,9.65,3,57.5,4,87.5,,9/3/2021
2021,BUFFRMFISHBT20,BUFFRMFISH2021Jun16,main,4,M,RU,N/A,17,74,0.32,13,27.3,2,25,0,0,,9/3/2021
2021,BUFFRMFISHBT20,BUFFRMFISH2021Jun16,main,4,R,RU,N/A,17,54,0.25,24,10000,0,0,3,57.5,,9/3/2021
2021,BUFFRMFISHBT20,BUFFRMFISH2021Jun16,main,5,L,RI,N/A,20.5,40,0.69,13,27.3,2,25,0,0,,9/3/2021
2021,BUFFRMFISHBT20,BUFFRMFISH2021Jun16,main,5,M,RI,N/A,20.5,20,0.13,15,54.5,2,25,0,0,,9/3/2021
2021,BUFFRMFISHBT20,BUFFRMFISH2021Jun16,main,5,R,RI,N/A,20.5,26,0.46,16,77,2,25,2,25,,9/3/2021
2021,BUFFRMFISHBT20,BUFFRMFISH2021Jun16,main,6,L,RRX,N/A,25,28,0.34,12,19.3,2,25,3,57.5,,9/3/2021
2021,BUFFRMFISHBT20,BUFFRMFISH2021Jun16,main,6,M,RRX,N/A,25,10,0.03,13,27.3,2,25,2,25,,9/3/2021
2021,BUFFRMFISHBT20,BUFFRMFISH2021Jun16,main,6,R,RRX,N/A,25,42,0.33,13,27.3,2,25,1,5,,9/3/2021
2021,BUFFRMFISHBT20,BUFFRMFISH2021Jun16,main,7,L,RU,N/A,21,28,0.44,11,13.65,2,25,0,0,,9/3/2021
2021,BUFFRMFISHBT20,BUFFRMFISH2021Jun16,main,7,M,RU,N/A,21,42,0.21,14,38.5,2,25,0,0,,9/3/2021
2021,BUFFRMFISHBT20,BUFFRMFISH2021Jun16,main,7,R,RU,N/A,21,44,0.17,12,19.3,3,57.5,2,25,,9/3/2021
2021,BUFFRMFISHBT20,BUFFRMFISH2021Jun16,main,8,L,RI,N/A,14.5,6,0.48,13,27.3,2,25,0,0,,9/3/2021
2021,BUFFRMFISHBT20,BUFFRMFISH2021Jun16,main,8,M,RI,N/A,14.5,40,0.67,14,38.5,2,25,0,0,,9/3/2021
2021,BUFFRMFISHBT20,BUFFRMFISH2021Jun16,main,8,R,RI,N/A,14.5,40,0.35,14,38.5,2,25,3,57.5,,9/3/2021
2021,BUFFRMFISHBT20,BUFFRMFISH2021Jun16,main,9,L,RU,N/A,16.5,10,0.01,14,38.5,3,57.5,0,0,,9/3/2021
2021,BUFFRMFISHBT20,BUFFRMFISH2021Jun16,main,9,M,RU,N/A,16.5,74,0.54,17,109,2,25,0,0,,9/3/2021
2021,BUFFRMFISHBT20,BUFFRMFISH2021Jun16,main,9,R,RU,N/A,16.5,70,0.2,20,309,2,25,0,0,,9/3/2021
2021,BUFFRMFISHBT20,BUFFRMFISH2021Jun16,main,10,L,RU,N/A,17,70,-0.01,3,0.1875,4,87.5,0,0,,9/3/2021
2021,BUFFRMFISHBT20,BUFFRMFISH2021Jun16,main,10,M,RU,N/A,17,120,0.3,24,10000,0,0,0,0,,9/3/2021
2021,BUFFRMFISHBT20,BUFFRMFISH2021Jun16,main,10,R,RU,N/A,17,74,-0.04,24,10000,0,0,1,5,,9/3/2021
2021,BUFFRMFISHBT20,BUFFRMFISH2021Jun16,main,11,L,RRX,N/A,17,38,0.25,13,27.3,2,25,0,0,,9/3/2021
2021,BUFFRMFISHBT20,BUFFRMFISH2021Jun16,main,11,M,RRX,N/A,17,10,0.58,14,38.5,2,25,0,0,,9/3/2021
2021,BUFFRMFISHBT20,BUFFRMFISH2021Jun16,main,11,R,RRX,N/A,17,44,0.58,17,109,2,25,2,25,,9/3/2021
2021,BUFFRMFISHBT27,BUFFRMFISH2021May24,main,1,L,RU,N/A,19.5,26,0.03,15,54.5,2,25,0,0,,9/7/2021
2021,BUFFRMFISHBT27,BUFFRMFISH2021May24,main,1,M,RU,N/A,19.5,44,0.17,13,27.3,2,25,0,0,,9/7/2021
2021,BUFFRMFISHBT27,BUFFRMFISH2021May24,main,1,R,RU,N/A,19.5,24,0.23,11,13.65,3,57.5,2,25,,9/7/2021
2021,BUFFRMFISHBT27,BUFFRMFISH2021May24,main,2,L,PO,F,19,76,0.12,15,54.5,2,25,0,0,,9/7/2021
2021,BUFFRMFISHBT27,BUFFRMFISH2021May24,main,2,M,PO,F,19,40,0.14,16,77,2,25,0,0,,9/7/2021
2021,BUFFRMFISHBT27,BUFFRMFISH2021May24,main,2,R,PO,F,19,36,0.2,8,4.85,3,57.5,0,0,,9/7/2021
2021,BUFFRMFISHBT27,BUFFRMFISH2021May24,main,3,L,PO,F,17.5,90,0.03,24,10000,0,0,0,0,,9/7/2021
2021,BUFFRMFISHBT27,BUFFRMFISH2021May24,main,3,M,PO,F,17.5,50,0.18,15,54.5,2,25,0,0,,9/7/2021
2021,BUFFRMFISHBT27,BUFFRMFISH2021May24,main,3,R,PO,F,17.5,54,0.16,13,27.3,2,25,4,87.5,,9/7/2021
2021,BUFFRMFISHBT27,BUFFRMFISH2021May24,main,4,L,RU,N/A,18.5,104,0.23,24,10000,0,0,0,0,,9/7/2021
2021,BUFFRMFISHBT27,BUFFRMFISH2021May24,main,4,M,RU,N/A,18.5,74,0.07,1,0.031,4,87.5,0,0,,9/7/2021
2021,BUFFRMFISHBT27,BUFFRMFISH2021May24,main,4,R,RU,N/A,18.5,54,-0.07,8,4.85,4,87.5,0,0,,9/7/2021
2021,BUFFRMFISHBT27,BUFFRMFISH2021May24,main,5,L,RU,N/A,13.5,24,0.56,24,10000,0,0,2,25,,9/7/2021
2021,BUFFRMFISHBT27,BUFFRMFISH2021May24,main,5,M,RU,N/A,13.5,48,0.31,11,13.65,2,25,0,0,,9/7/2021
2021,BUFFRMFISHBT27,BUFFRMFISH2021May24,main,5,R,RU,N/A,13.5,34,0,10,9.65,3,57.5,1,5,,9/7/2021
2021,BUFFRMFISHBT27,BUFFRMFISH2021May24,main,6,L,RU,N/A,7,36,0.66,24,10000,0,0,2,25,,9/7/2021
2021,BUFFRMFISHBT27,BUFFRMFISH2021May24,main,6,M,RU,N/A,7,42,1.05,24,10000,0,0,1,5,,9/7/2021
2021,BUFFRMFISHBT27,BUFFRMFISH2021May24,main,6,R,RU,N/A,7,22,-0.03,12,19.3,2,25,0,0,,9/7/2021
2021,BUFFRMFISHBT27,BUFFRMFISH2021May24,main,7,L,RI,N/A,17,28,0.88,13,27.3,2,25,0,0,,9/7/2021
2021,BUFFRMFISHBT27,BUFFRMFISH2021May24,main,7,M,RI,N/A,17,10,0.35,12,19.3,2,25,0,0,,9/7/2021
2021,BUFFRMFISHBT27,BUFFRMFISH2021May24,main,7,R,RI,N/A,17,4,0.05,11,13.65,2,25,0,0,,9/7/2021
2021,BUFFRMFISHBT27,BUFFRMFISH2021May24,main,8,L,RI,N/A,17,24,0.71,12,19.3,2,25,1,5,,9/7/2021
2021,BUFFRMFISHBT27,BUFFRMFISH2021May24,main,8,M,RI,N/A,17,8,0.14,11,13.65,2,25,0,0,,9/7/2021
2021,BUFFRMFISHBT27,BUFFRMFISH2021May24,main,8,R,RI,N/A,17,12,0.2,10,9.65,2,25,0,0,,9/7/2021
2021,BUFFRMFISHBT27,BUFFRMFISH2021May24,main,9,L,PGX,N/A,16,24,0.21,12,19.3,2,25,1,5,,9/7/2021
2021,BUFFRMFISHBT27,BUFFRMFISH2021May24,main,9,M,PGX,N/A,16,26,0.12,9,6.85,2,25,0,0,,9/7/2021
2021,BUFFRMFISHBT27,BUFFRMFISH2021May24,main,9,R,PGX,N/A,16,64,0.18,7,3,3,57.5,0,0,,9/7/2021
2021,BUFFRMFISHBT27,BUFFRMFISH2021May24,main,10,L,RU,N/A,16,76,0.01,24,10000,0,0,1,5,,9/7/2021
2021,BUFFRMFISHBT27,BUFFRMFISH2021May24,main,10,M,RU,N/A,16,44,0.45,24,10000,0,0,0,0,,9/7/2021
2021,BUFFRMFISHBT27,BUFFRMFISH2021May24,main,10,R,RU,N/A,16,38,0.35,12,19.3,2,25,0,0,,9/7/2021
2021,BUFFRMFISHBT27,BUFFRMFISH2021May24,main,11,L,RU,N/A,11.5,36,0.18,11,13.65,2,25,0,0,,9/7/2021
2021,BUFFRMFISHBT27,BUFFRMFISH2021May24,main,11,M,RU,N/A,11.5,28,0.21,13,27.3,2,25,0,0,,9/7/2021
2021,BUFFRMFISHBT27,BUFFRMFISH2021May24,main,11,R,RU,N/A,11.5,26,0.25,24,10000,0,0,3,57.5,,9/7/2021
2021,BUFFRMFISHBT30,BUFFRMFISH2021Jun10,main,1,L,RU,N/A,13,18,0.12,9,6.85,4,87.5,0,0,,9/2/2021
2021,BUFFRMFISHBT30,BUFFRMFISH2021Jun10,main,1,M,RU,N/A,13,30,0.24,3,0.1875,4,87.5,0,0,,9/2/2021
2021,BUFFRMFISHBT30,BUFFRMFISH2021Jun10,main,1,R,RU,N/A,13,40,0.19,3,0.1875,4,87.5,0,0,,9/2/2021
2021,BUFFRMFISHBT30,BUFFRMFISH2021Jun10,main,2,L,RU,N/A,10,20,0,8,4.85,4,87.5,1,5,,9/2/2021
2021,BUFFRMFISHBT30,BUFFRMFISH2021Jun10,main,2,M,RU,N/A,10,40,0.4,12,19.3,2,25,3,57.5,,9/2/2021
2021,BUFFRMFISHBT30,BUFFRMFISH2021Jun10,main,2,R,RU,N/A,10,40,0.23,3,0.1875,4,87.5,3,57.5,,9/2/2021
2021,BUFFRMFISHBT30,BUFFRMFISH2021Jun10,main,3,L,RU,N/A,6,20,0.29,12,19.3,2,25,4,87.5,,9/2/2021
2021,BUFFRMFISHBT30,BUFFRMFISH2021Jun10,main,3,M,RU,N/A,6,40,0.54,24,10000,0,0,4,87.5,,9/2/2021
2021,BUFFRMFISHBT30,BUFFRMFISH2021Jun10,main,3,R,RU,N/A,6,10,0.21,24,10000,0,0,3,57.5,,9/2/2021
2021,BUFFRMFISHBT30,BUFFRMFISH2021Jun10,main,4,L,RI,N/A,8,6,0.52,13,27.3,3,57.5,4,87.5,,9/2/2021
2021,BUFFRMFISHBT30,BUFFRMFISH2021Jun10,main,4,M,RI,N/A,8,26,0.38,8,4.85,4,87.5,2,25,,9/2/2021
2021,BUFFRMFISHBT30,BUFFRMFISH2021Jun10,main,4,R,RI,N/A,8,52,0.18,15,54.5,2,25,1,5,,9/2/2021
2021,BUFFRMFISHBT30,BUFFRMFISH2021Jun10,main,5,L,PO,F,15.5,20,1.02,12,19.3,2,25,1,5,,9/2/2021
2021,BUFFRMFISHBT30,BUFFRMFISH2021Jun10,main,5,M,PO,F,15.5,90,0.04,15,54.5,3,57.5,0,0,,9/2/2021
2021,BUFFRMFISHBT30,BUFFRMFISH2021Jun10,main,5,R,PO,F,15.5,90,-0.01,24,10000,0,0,0,0,,9/2/2021
2021,BUFFRMFISHBT30,BUFFRMFISH2021Jun10,main,6,L,RI,N/A,10,22,0.96,13,27.3,2,25,1,5,,9/2/2021
2021,BUFFRMFISHBT30,BUFFRMFISH2021Jun10,main,6,M,RI,N/A,10,18,0.6,12,19.3,2,25,1,5,,9/2/2021
2021,BUFFRMFISHBT30,BUFFRMFISH2021Jun10,main,6,R,RI,N/A,10,28,0.33,24,10000,0,0,4,87.5,,9/2/2021
2021,BUFFRMFISHBT30,BUFFRMFISH2021Jun10,main,7,L,PO,F,9,44,0.12,3,0.1875,4,87.5,0,0,,9/2/2021
2021,BUFFRMFISHBT30,BUFFRMFISH2021Jun10,main,7,M,PO,F,9,86,0.05,2,0.0935,4,87.5,0,0,,9/2/2021
2021,BUFFRMFISHBT30,BUFFRMFISH2021Jun10,main,7,R,PO,F,9,52,0.08,24,10000,0,0,4,87.5,,9/2/2021
2021,BUFFRMFISHBT30,BUFFRMFISH2021Jun10,main,8,L,RI,N/A,12,10,1.02,13,27.3,2,25,0,0,,9/2/2021
2021,BUFFRMFISHBT30,BUFFRMFISH2021Jun10,main,8,M,RI,N/A,12,8,0.43,11,13.65,2,25,0,0,,9/2/2021
2021,BUFFRMFISHBT30,BUFFRMFISH2021Jun10,main,8,R,RI,N/A,12,12,0.67,13,27.3,2,25,1,5,,9/2/2021
2021,BUFFRMFISHBT30,BUFFRMFISH2021Jun10,main,9,L,RI,N/A,15.5,18,0.62,12,19.3,2,25,4,87.5,,9/2/2021
2021,BUFFRMFISHBT30,BUFFRMFISH2021Jun10,main,9,M,RI,N/A,15.5,8,0.33,11,13.65,2,25,4,87.5,,9/2/2021
2021,BUFFRMFISHBT30,BUFFRMFISH2021Jun10,main,9,R,RI,N/A,15.5,12,0.71,12,19.3,2,25,3,57.5,,9/2/2021
2021,BUFFRMFISHBT30,BUFFRMFISH2021Jun10,main,10,L,RI,N/A,15.5,8,0.32,12,19.3,2,25,4,87.5,,9/2/2021
2021,BUFFRMFISHBT30,BUFFRMFISH2021Jun10,main,10,M,RI,N/A,15.5,14,0.56,12,19.3,2,25,0,0,,9/2/2021
2021,BUFFRMFISHBT30,BUFFRMFISH2021Jun10,main,10,R,RI,N/A,15.5,10,0.49,11,13.65,2,25,0,0,,9/2/2021
2021,BUFFRMFISHBT30,BUFFRMFISH2021Jun10,main,11,L,RU,N/A,13.5,20,0.28,10,9.65,3,57.5,2,25,,9/2/2021
2021,BUFFRMFISHBT30,BUFFRMFISH2021Jun10,main,11,M,RU,N/A,13.5,20,0.33,11,13.65,3,57.5,0,0,,9/2/2021
2021,BUFFRMFISHBT30,BUFFRMFISH2021Jun10,main,11,R,RU,N/A,13.5,18,0.15,11,13.65,3,57.5,1,5,,9/2/2021
2021,BUFFRMFISHBT31,BUFFRMFISH2021Jun11,main,1,L,PO,L,18,50,0.08,2,0.0935,4,87.5,1,5,,9/9/2021
2021,BUFFRMFISHBT31,BUFFRMFISH2021Jun11,main,1,M,PO,L,18,62,0.01,10,9.65,4,87.5,3,57.5,,9/9/2021
2021,BUFFRMFISHBT31,BUFFRMFISH2021Jun11,main,1,R,PO,L,18,108,0.03,1,0.031,4,87.5,3,57.5,,9/9/2021
2021,BUFFRMFISHBT31,BUFFRMFISH2021Jun11,main,2,L,PO,L,14,56,0.01,1,0.031,4,87.5,0,0,,9/9/2021
2021,BUFFRMFISHBT31,BUFFRMFISH2021Jun11,main,2,M,PO,L,14,100,0.01,1,0.031,4,87.5,0,0,,9/9/2021
2021,BUFFRMFISHBT31,BUFFRMFISH2021Jun11,main,2,R,PO,L,14,94,0.05,1,0.031,4,87.5,1,5,,9/9/2021
2021,BUFFRMFISHBT31,BUFFRMFISH2021Jun11,main,3,L,PO,L,13,62,0.01,12,19.3,3,57.5,0,0,,9/9/2021
2021,BUFFRMFISHBT31,BUFFRMFISH2021Jun11,main,3,M,PO,L,13,84,0.05,4,0.375,2,25,1,5,,9/9/2021
2021,BUFFRMFISHBT31,BUFFRMFISH2021Jun11,main,3,R,PO,L,13,52,0.08,3,0.1875,4,87.5,4,87.5,,9/9/2021
2021,BUFFRMFISHBT31,BUFFRMFISH2021Jun11,main,4,L,RU,N/A,11,24,0.07,3,0.1875,4,87.5,0,0,,9/9/2021
2021,BUFFRMFISHBT31,BUFFRMFISH2021Jun11,main,4,M,RU,N/A,11,32,0.13,10,9.65,4,87.5,0,0,,9/9/2021
2021,BUFFRMFISHBT31,BUFFRMFISH2021Jun11,main,4,R,RU,N/A,11,48,0.14,5,0.75,4,87.5,0,0,,9/9/2021
2021,BUFFRMFISHBT31,BUFFRMFISH2021Jun11,main,5,L,RU,N/A,12.5,16,0.05,12,19.3,3,57.5,0,0,,9/9/2021
2021,BUFFRMFISHBT31,BUFFRMFISH2021Jun11,main,5,M,RU,N/A,12.5,24,0.2,8,4.85,4,87.5,0,0,,9/9/2021
2021,BUFFRMFISHBT31,BUFFRMFISH2021Jun11,main,5,R,RU,N/A,12.5,32,0.01,5,0.75,4,87.5,0,0,,9/9/2021
2021,BUFFRMFISHBT31,BUFFRMFISH2021Jun11,main,6,L,RU,N/A,9,28,0.11,13,27.3,3,57.5,0,0,,9/9/2021
2021,BUFFRMFISHBT31,BUFFRMFISH2021Jun11,main,6,M,RU,N/A,9,22,0.23,3,0.1875,4,87.5,0,0,,9/9/2021
2021,BUFFRMFISHBT31,BUFFRMFISH2021Jun11,main,6,R,RU,N/A,9,18,0.17,8,4.85,4,87.5,0,0,,9/9/2021
2021,BUFFRMFISHBT31,BUFFRMFISH2021Jun11,main,7,L,RU,N/A,7,42,-0.03,20,309,2,25,0,0,,9/9/2021
2021,BUFFRMFISHBT31,BUFFRMFISH2021Jun11,main,7,M,RU,N/A,7,36,0.42,8,4.85,4,87.5,0,0,,9/9/2021
2021,BUFFRMFISHBT31,BUFFRMFISH2021Jun11,main,7,R,RU,N/A,7,24,0.35,10,9.65,3,57.5,0,0,,9/9/2021
2021,BUFFRMFISHBT31,BUFFRMFISH2021Jun11,main,8,L,RI,N/A,8.5,30,0.37,16,77,2,25,1,5,,9/9/2021
2021,BUFFRMFISHBT31,BUFFRMFISH2021Jun11,main,8,M,RI,N/A,8.5,12,0.06,13,27.3,2,25,0,0,,9/9/2021
2021,BUFFRMFISHBT31,BUFFRMFISH2021Jun11,main,8,R,RI,N/A,8.5,10,0.12,12,19.3,3,57.5,4,87.5,,9/9/2021
2021,BUFFRMFISHBT31,BUFFRMFISH2021Jun11,main,9,L,RI,N/A,15.5,10,0.44,15,54.5,2,25,4,87.5,,9/9/2021
2021,BUFFRMFISHBT31,BUFFRMFISH2021Jun11,main,9,M,RI,N/A,15.5,6,0.39,12,19.3,2,25,0,0,,9/9/2021
2021,BUFFRMFISHBT31,BUFFRMFISH2021Jun11,main,9,R,RI,N/A,15.5,10,0.11,13,27.3,2,25,4,87.5,,9/9/2021
2021,BUFFRMFISHBT31,BUFFRMFISH2021Jun11,main,10,L,RI,N/A,15,30,0.16,14,38.5,2,25,3,57.5,,9/9/2021
2021,BUFFRMFISHBT31,BUFFRMFISH2021Jun11,main,10,M,RI,N/A,15,8,0.39,12,19.3,2,25,0,0,,9/9/2021
2021,BUFFRMFISHBT31,BUFFRMFISH2021Jun11,main,10,R,RI,N/A,15,8,0.17,12,19.3,2,25,4,87.5,,9/9/2021
2021,BUFFRMFISHBT31,BUFFRMFISH2021Jun11,main,11,L,GL,N/A,17.5,44,0.1,15,54.5,3,57.5,1,5,,9/9/2021
2021,BUFFRMFISHBT31,BUFFRMFISH2021Jun11,main,11,M,GL,N/A,17.5,10,0.03,12,19.3,3,57.5,0,0,,9/9/2021
2021,BUFFRMFISHBT31,BUFFRMFISH2021Jun11,main,11,R,GL,N/A,17.5,16,0,3,0.1875,4,87.5,1,5,,9/9/2021
2023,BUFFRMFISHBM01,BUFFRMFISH2023May24,main,1,L,RI,N/A,18,34,0.12,16,77,1,5,0,0,,6/29/2023
2023,BUFFRMFISHBM01,BUFFRMFISH2023May24,main,1,M,RI,N/A,18,34,0.14,18,154,1,5,0,0,,6/29/2023
2023,BUFFRMFISHBM01,BUFFRMFISH2023May24,main,1,R,RI,N/A,18,16,0.25,15,54.5,1,5,0,0,,6/29/2023
2023,BUFFRMFISHBM01,BUFFRMFISH2023May24,main,2,L,RI,N/A,16,41,0.2,20,309,1,5,0,0,,6/29/2023
2023,BUFFRMFISHBM01,BUFFRMFISH2023May24,main,2,M,RI,N/A,16,30,0.19,15,54.5,1,5,0,0,,6/29/2023
2023,BUFFRMFISHBM01,BUFFRMFISH2023May24,main,2,R,RI,N/A,16,22,0.04,15,54.5,1,5,0,0,,6/29/2023
2023,BUFFRMFISHBM01,BUFFRMFISH2023May24,main,3,L,RI,N/A,21.5,20,0.16,13,27.3,2,25,0,0,,6/29/2023
2023,BUFFRMFISHBM01,BUFFRMFISH2023May24,main,3,M,RI,N/A,21.5,35,0.33,15,54.5,2,25,0,0,,6/29/2023
2023,BUFFRMFISHBM01,BUFFRMFISH2023May24,main,3,R,RI,N/A,21.5,16,0.2,13,27.3,2,25,0,0,,6/29/2023
2023,BUFFRMFISHBM01,BUFFRMFISH2023May24,main,4,L,RI,N/A,21.5,26,0.11,10,9.65,2,25,0,0,,6/29/2023
2023,BUFFRMFISHBM01,BUFFRMFISH2023May24,main,4,M,RI,N/A,21.5,28,0.2,14,38.5,2,25,0,0,,6/29/2023
2023,BUFFRMFISHBM01,BUFFRMFISH2023May24,main,4,R,RI,N/A,21.5,46,0.16,16,77,2,25,0,0,,6/29/2023
2023,BUFFRMFISHBM01,BUFFRMFISH2023May24,main,5,L,GL,N/A,29,36,0.03,16,77,3,57.5,0,0,,6/29/2023
2023,BUFFRMFISHBM01,BUFFRMFISH2023May24,main,5,M,GL,N/A,29,70,0.04,16,77,3,57.5,0,0,,6/29/2023
2023,BUFFRMFISHBM01,BUFFRMFISH2023May24,main,5,R,GL,N/A,29,88,0.04,13,27.3,3,57.5,0,0,,6/29/2023
2023,BUFFRMFISHBM01,BUFFRMFISH2023May24,main,6,L,PO,M,37,81,0,14,38.5,3,57.5,0,0,,6/29/2023
2023,BUFFRMFISHBM01,BUFFRMFISH2023May24,main,6,M,PO,M,37,98,0.07,14,38.5,1,5,0,0,,6/29/2023
2023,BUFFRMFISHBM01,BUFFRMFISH2023May24,main,6,R,PO,M,37,94,0.03,17,109,1,5,2,25,,6/29/2023
2023,BUFFRMFISHBM01,BUFFRMFISH2023May24,main,7,L,PO,M,34,91,0.06,16,77,2,25,0,0,,6/29/2023
2023,BUFFRMFISHBM01,BUFFRMFISH2023May24,main,7,M,PO,M,34,133,0.02,14,38.5,2,25,0,0,,6/29/2023
2023,BUFFRMFISHBM01,BUFFRMFISH2023May24,main,7,R,PO,M,34,152,0.04,18,154,2,25,2,25,,6/29/2023
2023,BUFFRMFISHBM01,BUFFRMFISH2023May24,main,8,L,PO,M,36,120,0.04,15,54.5,2,25,0,0,,6/29/2023
2023,BUFFRMFISHBM01,BUFFRMFISH2023May24,main,8,M,PO,M,36,150,0.03,17,109,1,5,0,0,,6/29/2023
2023,BUFFRMFISHBM01,BUFFRMFISH2023May24,main,8,R,PO,M,36,156,0,18,154,2,25,0,0,,6/29/2023
2023,BUFFRMFISHBM01,BUFFRMFISH2023May24,main,9,L,PO,M,31,110,0,18,154,4,87.5,1,5,,6/29/2023
2023,BUFFRMFISHBM01,BUFFRMFISH2023May24,main,9,M,PO,M,31,158,0,16,77,2,25,0,0,,6/29/2023
2023,BUFFRMFISHBM01,BUFFRMFISH2023May24,main,9,R,PO,M,31,150,0,21,437,1,5,0,0,,6/29/2023
2023,BUFFRMFISHBM01,BUFFRMFISH2023May24,main,10,L,PO,L,31,100,0,17,109,2,25,0,0,,6/29/2023
2023,BUFFRMFISHBM01,BUFFRMFISH2023May24,main,10,M,PO,L,31,134,0.05,13,27.3,3,57.5,0,0,,6/29/2023
2023,BUFFRMFISHBM01,BUFFRMFISH2023May24,main,10,R,PO,L,31,161,0,5,0.75,4,87.5,0,0,,6/29/2023
2023,BUFFRMFISHBM01,BUFFRMFISH2023May24,main,11,L,PO,L,34,54,0,16,77,2,25,0,0,,6/29/2023
2023,BUFFRMFISHBM01,BUFFRMFISH2023May24,main,11,M,PO,L,34,51,0.05,12,19.3,2,25,0,0,,6/29/2023
2023,BUFFRMFISHBM01,BUFFRMFISH2023May24,main,11,R,PO,L,34,111,0.01,24,10000,0,0,4,87.5,,6/29/2023
2023,BUFFRMFISHBM01,BUFFRMFISH2023May24,side channel,1,L,RRX,N/A,12.7,7,0.03,19,218,3,57.5,0,0,,6/29/2023
2023,BUFFRMFISHBM01,BUFFRMFISH2023May24,side channel,1,M,RRX,N/A,12.7,21,0.23,21,437,2,25,0,0,,6/29/2023
2023,BUFFRMFISHBM01,BUFFRMFISH2023May24,side channel,1,R,RRX,N/A,12.7,26,0.02,17,109,2,25,0,0,,6/29/2023
2023,BUFFRMFISHBM01,BUFFRMFISH2023May24,side channel,2,L,RRX,N/A,17.5,14,0.17,15,54.5,2,25,0,0,,6/29/2023
2023,BUFFRMFISHBM01,BUFFRMFISH2023May24,side channel,2,M,RRX,N/A,17.5,16,0.2,19,218,2,25,0,0,,6/29/2023
2023,BUFFRMFISHBM01,BUFFRMFISH2023May24,side channel,2,R,RRX,N/A,17.5,9,0.32,17,109,2,25,1,5,,6/29/2023
2023,BUFFRMFISHBM01,BUFFRMFISH2023May24,side channel,3,L,RU,N/A,11.4,10,0.01,22,768,2,25,1,5,,6/29/2023
2023,BUFFRMFISHBM01,BUFFRMFISH2023May24,side channel,3,M,RU,N/A,11.4,47,0.15,18,154,2,25,0,0,,6/29/2023
2023,BUFFRMFISHBM01,BUFFRMFISH2023May24,side channel,3,R,RU,N/A,11.4,22,0.06,17,109,2,25,0,0,,6/29/2023
2023,BUFFRMFISHBM01,BUFFRMFISH2023May24,side channel,4,L,RRX,N/A,11.9,11,0.07,20,309,2,25,2,25,,6/29/2023
2023,BUFFRMFISHBM01,BUFFRMFISH2023May24,side channel,4,M,RRX,N/A,11.9,6,0.1,17,109,2,25,0,0,,6/29/2023
2023,BUFFRMFISHBM01,BUFFRMFISH2023May24,side channel,4,R,RRX,N/A,11.9,25,0.14,21,437,2,25,3,57.5,,6/29/2023
2023,BUFFRMFISHBM01,BUFFRMFISH2023May24,side channel,5,L,RU,N/A,25.6,42,0.07,21,437,2,25,4,87.5,,6/29/2023
2023,BUFFRMFISHBM01,BUFFRMFISH2023May24,side channel,5,M,RU,N/A,25.6,32,0.02,17,109,2,25,3,57.5,,6/29/2023
2023,BUFFRMFISHBM01,BUFFRMFISH2023May24,side channel,5,R,RU,N/A,25.6,18,0.32,19,218,2,25,1,5,,6/29/2023
2023,BUFFRMFISHBM01,BUFFRMFISH2023May24,side channel,6,L,RRX,N/A,19.2,16,0.34,18,154,2,25,3,57.5,,6/29/2023
2023,BUFFRMFISHBM01,BUFFRMFISH2023May24,side channel,6,M,RRX,N/A,19.2,16,0.01,21,437,2,25,3,57.5,,6/29/2023
2023,BUFFRMFISHBM01,BUFFRMFISH2023May24,side channel,6,R,RRX,N/A,19.2,22,0.29,17,109,2,25,1,5,,6/29/2023
2023,BUFFRMFISHBM03,BUFFRMFISH2023May25,main,1,L,RI,N/A,20.5,26,0.3,14,38.5,2,25,0,0,,6/29/2023
2023,BUFFRMFISHBM03,BUFFRMFISH2023May25,main,1,M,RI,N/A,20.5,70,1.4,13,27.3,2,25,0,0,,6/29/2023
2023,BUFFRMFISHBM03,BUFFRMFISH2023May25,main,1,R,RI,N/A,20.5,36,0.47,12,19.3,2,25,0,0,,6/29/2023
2023,BUFFRMFISHBM03,BUFFRMFISH2023May25,main,2,L,PO,L,59,79,0.14,15,54.5,3,57.5,0,0,,6/29/2023
2023,BUFFRMFISHBM03,BUFFRMFISH2023May25,main,2,M,PO,L,59,47,0.25,12,19.3,2,25,0,0,,6/29/2023
2023,BUFFRMFISHBM03,BUFFRMFISH2023May25,main,2,R,PO,L,59,48,0.18,10,9.65,3,57.5,0,0,,6/29/2023
2023,BUFFRMFISHBM03,BUFFRMFISH2023May25,main,3,L,PO,L,52.5,120,-0.02,17,109,3,57.5,1,5,,6/29/2023
2023,BUFFRMFISHBM03,BUFFRMFISH2023May25,main,3,M,PO,L,52.5,88,0.12,13,27.3,3,57.5,0,0,,6/29/2023
2023,BUFFRMFISHBM03,BUFFRMFISH2023May25,main,3,R,PO,L,52.5,54,0.21,2,0.0935,4,87.5,0,0,,6/29/2023
2023,BUFFRMFISHBM03,BUFFRMFISH2023May25,main,4,L,PO,F,49,130,0.27,18,154,2,25,0,0,,7/13/2023
2023,BUFFRMFISHBM03,BUFFRMFISH2023May25,main,4,M,PO,F,49,56,0.4,14,38.5,2,25,0,0,,6/29/2023
2023,BUFFRMFISHBM03,BUFFRMFISH2023May25,main,4,R,PO,F,49,6,0.01,13,27.3,3,57.5,0,0,,6/29/2023
2023,BUFFRMFISHBM03,BUFFRMFISH2023May25,main,5,L,PO,F,61,138,0.21,24,10000,0,0,0,0,,6/29/2023
2023,BUFFRMFISHBM03,BUFFRMFISH2023May25,main,5,M,PO,F,61,128,0.32,14,38.5,2,25,0,0,,6/29/2023
2023,BUFFRMFISHBM03,BUFFRMFISH2023May25,main,5,R,PO,F,61,14,0,12,19.3,3,57.5,0,0,,6/29/2023
2023,BUFFRMFISHBM03,BUFFRMFISH2023May25,main,6,L,PO,F,46.5,144,0.12,22,768,2,25,0,0,,6/29/2023
2023,BUFFRMFISHBM03,BUFFRMFISH2023May25,main,6,M,PO,F,46.5,150,0.12,14,38.5,2,25,0,0,,6/29/2023
2023,BUFFRMFISHBM03,BUFFRMFISH2023May25,main,6,R,PO,F,46.5,94,0.27,13,27.3,3,57.5,0,0,,6/29/2023
2023,BUFFRMFISHBM03,BUFFRMFISH2023May25,main,7,L,PO,F,41,148,0.07,21,437,3,57.5,0,0,,6/29/2023
2023,BUFFRMFISHBM03,BUFFRMFISH2023May25,main,7,M,PO,F,41,200,0.32,24,10000,0,0,0,0,,6/29/2023
2023,BUFFRMFISHBM03,BUFFRMFISH2023May25,main,7,R,PO,F,41,88,0.01,3,0.1875,4,87.5,0,0,,6/29/2023
2023,BUFFRMFISHBM03,BUFFRMFISH2023May25,main,8,L,PO,F,35,150,0.08,24,10000,0,0,0,0,,6/29/2023
2023,BUFFRMFISHBM03,BUFFRMFISH2023May25,main,8,M,PO,F,35,172,0.12,24,10000,0,0,0,0,,6/29/2023
2023,BUFFRMFISHBM03,BUFFRMFISH2023May25,main,8,R,PO,F,35,56,0.01,5,0.75,4,87.5,0,0,,6/29/2023
2023,BUFFRMFISHBM03,BUFFRMFISH2023May25,main,9,L,PO,F,51,120,0.19,3,0.1875,4,87.5,0,0,,6/29/2023
2023,BUFFRMFISHBM03,BUFFRMFISH2023May25,main,9,M,PO,F,51,68,0.2,14,38.5,3,57.5,0,0,,6/29/2023
2023,BUFFRMFISHBM03,BUFFRMFISH2023May25,main,9,R,PO,F,51,44,0.48,13,27.3,3,57.5,0,0,,6/29/2023
2023,BUFFRMFISHBM03,BUFFRMFISH2023May25,main,10,L,RU,N/A,56.5,46,0.06,13,27.3,3,57.5,0,0,,6/29/2023
2023,BUFFRMFISHBM03,BUFFRMFISH2023May25,main,10,M,RU,N/A,56.5,82,0.21,7,3,4,87.5,0,0,,6/29/2023
2023,BUFFRMFISHBM03,BUFFRMFISH2023May25,main,10,R,RU,N/A,56.5,60,0.19,10,9.65,4,87.5,0,0,,6/29/2023
2023,BUFFRMFISHBM03,BUFFRMFISH2023May25,main,11,L,PO,F,53.5,70,0.07,13,27.3,3,57.5,0,0,,6/29/2023
2023,BUFFRMFISHBM03,BUFFRMFISH2023May25,main,11,M,PO,F,53.5,80,0.25,12,19.3,3,57.5,0,0,,6/29/2023
2023,BUFFRMFISHBM03,BUFFRMFISH2023May25,main,11,R,PO,F,53.5,100,0.01,3,0.1875,4,87.5,0,0,,6/29/2023
2023,BUFFRMFISHBM04,BUFFRMFISH2023Jun01,main,1,L,RI,N/A,35,34,0.4,17,109,2,25,0,0,,6/29/2023
2023,BUFFRMFISHBM04,BUFFRMFISH2023Jun01,main,1,M,RI,N/A,35,23,0.75,13,27.3,1,5,0,0,,6/29/2023
2023,BUFFRMFISHBM04,BUFFRMFISH2023Jun01,main,1,R,RI,N/A,35,25,0.73,13,27.3,2,25,0,0,,6/29/2023
2023,BUFFRMFISHBM04,BUFFRMFISH2023Jun01,main,2,L,GL,N/A,42,38,0.15,14,38.5,3,57.5,0,0,,6/29/2023
2023,BUFFRMFISHBM04,BUFFRMFISH2023Jun01,main,2,M,GL,N/A,42,44,0.5,14,38.5,3,57.5,0,0,,6/29/2023
2023,BUFFRMFISHBM04,BUFFRMFISH2023Jun01,main,2,R,GL,N/A,42,44,0.46,13,27.3,3,57.5,0,0,,6/29/2023
2023,BUFFRMFISHBM04,BUFFRMFISH2023Jun01,main,3,L,PO,L,42.5,51,0.23,14,38.5,3,57.5,0,0,,6/29/2023
2023,BUFFRMFISHBM04,BUFFRMFISH2023Jun01,main,3,M,PO,L,42.5,60,0.31,12,19.3,4,87.5,0,0,,6/29/2023
2023,BUFFRMFISHBM04,BUFFRMFISH2023Jun01,main,3,R,PO,L,42.5,64,0.23,12,19.3,4,87.5,0,0,,6/29/2023
2023,BUFFRMFISHBM04,BUFFRMFISH2023Jun01,main,4,L,RU,N/A,57,44,0.45,24,10000,0,0,0,0,,6/29/2023
2023,BUFFRMFISHBM04,BUFFRMFISH2023Jun01,main,4,M,RU,N/A,57,38,0.45,24,10000,0,0,0,0,,6/29/2023
2023,BUFFRMFISHBM04,BUFFRMFISH2023Jun01,main,4,R,RU,N/A,57,16,0.29,12,19.3,3,57.5,0,0,,6/29/2023
2023,BUFFRMFISHBM04,BUFFRMFISH2023Jun01,main,5,L,RU,N/A,54,44,0.36,14,38.5,3,57.5,0,0,,6/29/2023
2023,BUFFRMFISHBM04,BUFFRMFISH2023Jun01,main,5,M,RU,N/A,54,65,0.36,14,38.5,3,57.5,0,0,,6/29/2023
2023,BUFFRMFISHBM04,BUFFRMFISH2023Jun01,main,5,R,RU,N/A,54,20,0.23,13,27.3,3,57.5,0,0,,6/29/2023
2023,BUFFRMFISHBM04,BUFFRMFISH2023Jun01,main,6,L,RU,N/A,58.5,54,0.31,24,10000,0,0,0,0,,6/29/2023
2023,BUFFRMFISHBM04,BUFFRMFISH2023Jun01,main,6,M,RU,N/A,58.5,40,0.46,24,10000,0,0,0,0,,6/29/2023
2023,BUFFRMFISHBM04,BUFFRMFISH2023Jun01,main,6,R,RU,N/A,58.5,11,0.25,14,38.5,3,57.5,0,0,,6/29/2023
2023,BUFFRMFISHBM04,BUFFRMFISH2023Jun01,main,7,L,RU,N/A,49.5,48,0.22,24,10000,0,0,0,0,,6/29/2023
2023,BUFFRMFISHBM04,BUFFRMFISH2023Jun01,main,7,M,RU,N/A,49.5,64,0.31,13,27.3,2,25,0,0,,6/29/2023
2023,BUFFRMFISHBM04,BUFFRMFISH2023Jun01,main,7,R,RU,N/A,49.5,73,0.53,24,10000,0,0,0,0,,6/29/2023
2023,BUFFRMFISHBM04,BUFFRMFISH2023Jun01,main,8,L,RU,N/A,55.5,69,0.21,12,19.3,2,25,0,0,,6/29/2023
2023,BUFFRMFISHBM04,BUFFRMFISH2023Jun01,main,8,M,RU,N/A,55.5,50,0.01,10,9.65,4,87.5,0,0,,6/29/2023
2023,BUFFRMFISHBM04,BUFFRMFISH2023Jun01,main,8,R,RU,N/A,55.5,44,0.21,24,10000,0,0,1,5,,6/29/2023
2023,BUFFRMFISHBM04,BUFFRMFISH2023Jun01,main,9,L,RRX,N/A,56.6,66,0.5,24,10000,0,0,0,0,,6/29/2023
2023,BUFFRMFISHBM04,BUFFRMFISH2023Jun01,main,9,M,RRX,N/A,56.6,23,0.49,14,38.5,2,25,0,0,,6/29/2023
2023,BUFFRMFISHBM04,BUFFRMFISH2023Jun01,main,9,R,RRX,N/A,56.6,19,0.61,13,27.3,2,25,0,0,,6/29/2023
2023,BUFFRMFISHBM05,BUFFRMFISH2023Jun07,main,1,L,RU,N/A,56.5,20,0.07,12,19.3,2,25,0,0,,6/30/2023
2023,BUFFRMFISHBM05,BUFFRMFISH2023Jun07,main,1,M,RU,N/A,56.5,51,0.26,12,19.3,2,25,0,0,,6/30/2023
2023,BUFFRMFISHBM05,BUFFRMFISH2023Jun07,main,1,R,RU,N/A,56.5,78,0.25,12,19.3,3,57.5,2,25,,6/30/2023
2023,BUFFRMFISHBM05,BUFFRMFISH2023Jun07,main,2,L,RU,N/A,62,28,0.24,11,13.65,2,25,0,0,,6/30/2023
2023,BUFFRMFISHBM05,BUFFRMFISH2023Jun07,main,2,M,RU,N/A,62,66,0.27,12,19.3,2,25,0,0,,6/30/2023
2023,BUFFRMFISHBM05,BUFFRMFISH2023Jun07,main,2,R,RU,N/A,62,42,0.28,10,9.65,3,57.5,0,0,,6/30/2023
2023,BUFFRMFISHBM05,BUFFRMFISH2023Jun07,main,3,L,RU,N/A,55.5,84,0.12,11,13.65,3,57.5,0,0,,6/30/2023
2023,BUFFRMFISHBM05,BUFFRMFISH2023Jun07,main,3,M,RU,N/A,55.5,76,0.16,11,13.65,2,25,0,0,,6/30/2023
2023,BUFFRMFISHBM05,BUFFRMFISH2023Jun07,main,3,R,RU,N/A,55.5,87,0.08,8,4.85,3,57.5,0,0,,6/30/2023
2023,BUFFRMFISHBM05,BUFFRMFISH2023Jun07,main,4,L,RU,N/A,60,118,0.13,24,10000,0,0,0,0,,6/30/2023
2023,BUFFRMFISHBM05,BUFFRMFISH2023Jun07,main,4,M,RU,N/A,60,144,0.21,24,10000,0,0,0,0,,6/30/2023
2023,BUFFRMFISHBM05,BUFFRMFISH2023Jun07,main,4,R,RU,N/A,60,114,0.03,24,10000,0,0,0,0,,6/30/2023
2023,BUFFRMFISHBM05,BUFFRMFISH2023Jun07,main,5,L,RU,N/A,39.5,120,0.09,11,13.65,3,57.5,0,0,,6/30/2023
2023,BUFFRMFISHBM05,BUFFRMFISH2023Jun07,main,5,M,RU,N/A,39.5,106,0.2,11,13.65,3,57.5,0,0,,6/30/2023
2023,BUFFRMFISHBM05,BUFFRMFISH2023Jun07,main,5,R,RU,N/A,39.5,76,0.1,13,27.3,2,25,0,0,,6/30/2023
2023,BUFFRMFISHBM05,BUFFRMFISH2023Jun07,main,6,L,RU,N/A,45.5,80,0.23,12,19.3,3,57.5,0,0,,6/30/2023
2023,BUFFRMFISHBM05,BUFFRMFISH2023Jun07,main,6,M,RU,N/A,45.5,54,0.17,12,19.3,2,25,0,0,,6/30/2023
2023,BUFFRMFISHBM05,BUFFRMFISH2023Jun07,main,6,R,RU,N/A,45.5,106,0.05,15,54.5,2,25,0,0,,6/30/2023
2023,BUFFRMFISHBM05,BUFFRMFISH2023Jun07,main,7,L,RU,N/A,42.5,48,0.17,12,19.3,3,57.5,0,0,,6/30/2023
2023,BUFFRMFISHBM05,BUFFRMFISH2023Jun07,main,7,M,RU,N/A,42.5,96,0.17,14,38.5,2,25,0,0,,6/30/2023
2023,BUFFRMFISHBM05,BUFFRMFISH2023Jun07,main,7,R,RU,N/A,42.5,78,0.18,24,10000,0,0,0,0,,6/30/2023
2023,BUFFRMFISHBM05,BUFFRMFISH2023Jun07,main,8,L,RU,N/A,34.5,74,0.09,11,13.65,3,57.5,0,0,,6/30/2023
2023,BUFFRMFISHBM05,BUFFRMFISH2023Jun07,main,8,M,RU,N/A,34.5,126,0.24,12,19.3,3,57.5,0,0,,6/30/2023
2023,BUFFRMFISHBM05,BUFFRMFISH2023Jun07,main,8,R,RU,N/A,34.5,92,0.05,24,10000,0,0,0,0,,6/30/2023
2023,BUFFRMFISHBM05,BUFFRMFISH2023Jun07,main,9,L,RU,N/A,31.5,70,0.15,12,19.3,2,25,0,0,,6/30/2023
2023,BUFFRMFISHBM05,BUFFRMFISH2023Jun07,main,9,M,RU,N/A,31.5,106,0.3,14,38.5,2,25,0,0,,6/30/2023
2023,BUFFRMFISHBM05,BUFFRMFISH2023Jun07,main,9,R,RU,N/A,31.5,110,0.17,24,10000,0,0,2,25,,6/30/2023
2023,BUFFRMFISHBM05,BUFFRMFISH2023Jun07,main,10,L,RU,N/A,27.5,16,0.22,11,13.65,2,25,0,0,,6/30/2023
2023,BUFFRMFISHBM05,BUFFRMFISH2023Jun07,main,10,M,RU,N/A,27.5,64,0.47,12,19.3,2,25,0,0,,6/30/2023
2023,BUFFRMFISHBM05,BUFFRMFISH2023Jun07,main,10,R,RU,N/A,27.5,64,0.11,8,4.85,4,87.5,3,57.5,,6/30/2023
2023,BUFFRMFISHBM05,BUFFRMFISH2023Jun07,main,11,L,RU,N/A,22.5,50,0.33,10,9.65,3,57.5,0,0,,6/30/2023
2023,BUFFRMFISHBM05,BUFFRMFISH2023Jun07,main,11,M,RU,N/A,22.5,60,0.72,13,27.3,2,25,0,0,,6/30/2023
2023,BUFFRMFISHBM05,BUFFRMFISH2023Jun07,main,11,R,RU,N/A,22.5,70,0.8,24,10000,0,0,0,0,,6/30/2023
2023,BUFFRMFISHBM06,BUFFRMFISH2023Jun14,main,1,L,RRX,N/A,37,69,0.15,24,10000,0,0,4,87.5,,6/30/2023
2023,BUFFRMFISHBM06,BUFFRMFISH2023Jun14,main,1,M,RRX,N/A,37,51,0.45,14,38.5,2,25,0,0,,6/30/2023
2023,BUFFRMFISHBM06,BUFFRMFISH2023Jun14,main,1,R,RRX,N/A,37,76,1.11,13,27.3,1,5,0,0,,6/30/2023
2023,BUFFRMFISHBM06,BUFFRMFISH2023Jun14,main,2,L,RU,N/A,72.5,36,0.21,11,13.65,3,57.5,0,0,,6/30/2023
2023,BUFFRMFISHBM06,BUFFRMFISH2023Jun14,main,2,M,RU,N/A,72.5,32,0.59,11,13.65,2,25,0,0,,6/30/2023
2023,BUFFRMFISHBM06,BUFFRMFISH2023Jun14,main,2,R,RU,N/A,72.5,38,0.29,13,27.3,2,25,0,0,,6/30/2023
2023,BUFFRMFISHBM06,BUFFRMFISH2023Jun14,main,3,L,RU,N/A,65.5,58,0.57,13,27.3,3,57.5,0,0,,6/30/2023
2023,BUFFRMFISHBM06,BUFFRMFISH2023Jun14,main,3,M,RU,N/A,65.5,30,0.5,12,19.3,2,25,0,0,,6/30/2023
2023,BUFFRMFISHBM06,BUFFRMFISH2023Jun14,main,3,R,RU,N/A,65.5,12,0.13,12,19.3,2,25,0,0,,6/30/2023
2023,BUFFRMFISHBM06,BUFFRMFISH2023Jun14,main,4,L,RU,N/A,65.5,30,0.52,11,13.65,3,57.5,0,0,,6/30/2023
2023,BUFFRMFISHBM06,BUFFRMFISH2023Jun14,main,4,M,RU,N/A,65.5,49,0.46,10,9.65,3,57.5,0,0,,6/30/2023
2023,BUFFRMFISHBM06,BUFFRMFISH2023Jun14,main,4,R,RU,N/A,65.5,48,0.21,13,27.3,2,25,0,0,,6/30/2023
2023,BUFFRMFISHBM06,BUFFRMFISH2023Jun14,main,5,L,RU,N/A,55.5,46,0.26,3,0.1875,4,87.5,0,0,,6/30/2023
2023,BUFFRMFISHBM06,BUFFRMFISH2023Jun14,main,5,M,RU,N/A,55.5,66,0.31,11,13.65,2,25,0,0,,6/30/2023
2023,BUFFRMFISHBM06,BUFFRMFISH2023Jun14,main,5,R,RU,N/A,55.5,98,0.35,13,27.3,2,25,0,0,,6/30/2023
2023,BUFFRMFISHBM06,BUFFRMFISH2023Jun14,main,6,L,RU,N/A,58,40,0.2,3,0.1875,4,87.5,0,0,,6/30/2023
2023,BUFFRMFISHBM06,BUFFRMFISH2023Jun14,main,6,M,RU,N/A,58,58,0.34,12,19.3,2,25,0,0,,6/30/2023
2023,BUFFRMFISHBM06,BUFFRMFISH2023Jun14,main,6,R,RU,N/A,58,70,0.48,11,13.65,2,25,0,0,,6/30/2023
2023,BUFFRMFISHBM06,BUFFRMFISH2023Jun14,main,7,L,RU,N/A,56.5,34,0.22,12,19.3,4,87.5,0,0,,6/30/2023
2023,BUFFRMFISHBM06,BUFFRMFISH2023Jun14,main,7,M,RU,N/A,56.5,72,0.34,13,27.3,2,25,0,0,,6/30/2023
2023,BUFFRMFISHBM06,BUFFRMFISH2023Jun14,main,7,R,RU,N/A,56.5,98,0.45,13,27.3,2,25,0,0,,6/30/2023
2023,BUFFRMFISHBM06,BUFFRMFISH2023Jun14,main,8,L,RU,N/A,45,50,0.32,12,19.3,3,57.5,0,0,,6/30/2023
2023,BUFFRMFISHBM06,BUFFRMFISH2023Jun14,main,8,M,RU,N/A,45,79,0.41,11,13.65,2,25,0,0,,6/30/2023
2023,BUFFRMFISHBM06,BUFFRMFISH2023Jun14,main,8,R,RU,N/A,45,114,0.4,12,19.3,2,25,0,0,,6/30/2023
2023,BUFFRMFISHBM06,BUFFRMFISH2023Jun14,main,9,L,RU,N/A,47,90,0.48,12,19.3,3,57.5,0,0,,6/30/2023
2023,BUFFRMFISHBM06,BUFFRMFISH2023Jun14,main,9,M,RU,N/A,47,88,0.59,9,6.85,3,57.5,0,0,,6/30/2023
2023,BUFFRMFISHBM06,BUFFRMFISH2023Jun14,main,9,R,RU,N/A,47,49,0.38,12,19.3,2,25,0,0,,6/30/2023
2023,BUFFRMFISHBM06,BUFFRMFISH2023Jun14,main,10,L,RU,N/A,64,46,0.38,5,0.75,4,87.5,0,0,,6/30/2023
2023,BUFFRMFISHBM06,BUFFRMFISH2023Jun14,main,10,M,RU,N/A,64,15,0.19,12,19.3,2,25,0,0,,6/30/2023
2023,BUFFRMFISHBM06,BUFFRMFISH2023Jun14,main,10,R,RU,N/A,64,42,0.54,11,13.65,2,25,0,0,,6/30/2023
2023,BUFFRMFISHBM06,BUFFRMFISH2023Jun14,main,11,L,RU,N/A,61.5,42,0.35,3,0.1875,4,87.5,0,0,,6/30/2023
2023,BUFFRMFISHBM06,BUFFRMFISH2023Jun14,main,11,M,RU,N/A,61.5,58,0.22,11,13.65,3,57.5,0,0,,6/30/2023
2023,BUFFRMFISHBM06,BUFFRMFISH2023Jun14,main,11,R,RU,N/A,61.5,116,0.33,10,9.65,2,25,0,0,,6/30/2023
2023,BUFFRMFISHBT05,BUFFRMFISH2023Jun02,main,1,L,RU,N/A,6.9,19,-0.02,24,10000,0,0,0,0,,7/5/2023
2023,BUFFRMFISHBT05,BUFFRMFISH2023Jun02,main,1,M,RU,N/A,6.9,18,0.15,24,10000,0,0,0,0,,7/5/2023
2023,BUFFRMFISHBT05,BUFFRMFISH2023Jun02,main,1,R,RU,N/A,6.9,14,0.06,24,10000,0,0,0,0,,7/5/2023
2023,BUFFRMFISHBT05,BUFFRMFISH2023Jun02,main,2,L,RI,N/A,5.9,9,0.13,18,154,1,5,2,25,,7/5/2023
2023,BUFFRMFISHBT05,BUFFRMFISH2023Jun02,main,2,M,RI,N/A,5.9,10,0.13,20,309,1,5,2,25,,7/5/2023
2023,BUFFRMFISHBT05,BUFFRMFISH2023Jun02,main,2,R,RI,N/A,5.9,10,0.36,15,54.5,1,5,3,57.5,,7/5/2023
2023,BUFFRMFISHBT05,BUFFRMFISH2023Jun02,main,3,L,RI,N/A,11,24,0.18,17,109,1,5,0,0,,7/5/2023
2023,BUFFRMFISHBT05,BUFFRMFISH2023Jun02,main,3,M,RI,N/A,11,6,0.36,13,27.3,1,5,1,5,,7/5/2023
2023,BUFFRMFISHBT05,BUFFRMFISH2023Jun02,main,3,R,RI,N/A,11,8,0.11,12,19.3,2,25,4,87.5,,7/5/2023
2023,BUFFRMFISHBT05,BUFFRMFISH2023Jun02,main,4,L,RU,N/A,14.5,22,0.03,12,19.3,2,25,0,0,,7/5/2023
2023,BUFFRMFISHBT05,BUFFRMFISH2023Jun02,main,4,M,RU,N/A,14.5,22,0.06,13,27.3,2,25,0,0,,7/5/2023
2023,BUFFRMFISHBT05,BUFFRMFISH2023Jun02,main,4,R,RU,N/A,14.5,18,0.01,12,19.3,3,57.5,0,0,,7/5/2023
2023,BUFFRMFISHBT05,BUFFRMFISH2023Jun02,main,5,L,PO,M,16,20,-0.02,14,38.5,3,57.5,0,0,,7/5/2023
2023,BUFFRMFISHBT05,BUFFRMFISH2023Jun02,main,5,M,PO,M,16,34,0.05,11,13.65,3,57.5,0,0,,7/5/2023
2023,BUFFRMFISHBT05,BUFFRMFISH2023Jun02,main,5,R,PO,M,16,28,0.02,7,3,4,87.5,0,0,,7/5/2023
2023,BUFFRMFISHBT05,BUFFRMFISH2023Jun02,main,6,L,PO,M,17.5,23,0.01,13,27.3,3,57.5,0,0,,7/5/2023
2023,BUFFRMFISHBT05,BUFFRMFISH2023Jun02,main,6,M,PO,M,17.5,30,0.02,14,38.5,3,57.5,0,0,,7/5/2023
2023,BUFFRMFISHBT05,BUFFRMFISH2023Jun02,main,6,R,PO,M,17.5,14,0.01,10,9.65,4,87.5,3,57.5,,7/5/2023
2023,BUFFRMFISHBT05,BUFFRMFISH2023Jun02,main,7,L,GL,N/A,16,14,0.05,15,54.5,2,25,2,25,,7/5/2023
2023,BUFFRMFISHBT05,BUFFRMFISH2023Jun02,main,7,M,GL,N/A,16,20,0.02,13,27.3,2,25,2,25,,7/5/2023
2023,BUFFRMFISHBT05,BUFFRMFISH2023Jun02,main,7,R,GL,N/A,16,23,0,10,9.65,2,25,4,87.5,,7/5/2023
2023,BUFFRMFISHBT05,BUFFRMFISH2023Jun02,main,8,L,RRX,N/A,10.5,16,0.09,20,309,2,25,1,5,,7/5/2023
2023,BUFFRMFISHBT05,BUFFRMFISH2023Jun02,main,8,M,RRX,N/A,10.5,14,0.04,13,27.3,2,25,0,0,,7/5/2023
2023,BUFFRMFISHBT05,BUFFRMFISH2023Jun02,main,8,R,RRX,N/A,10.5,10,0.2,13,27.3,2,25,0,0,,7/5/2023
2023,BUFFRMFISHBT05,BUFFRMFISH2023Jun02,main,9,L,PO,M,8.4,48,0.02,13,27.3,3,57.5,2,25,,7/5/2023
2023,BUFFRMFISHBT05,BUFFRMFISH2023Jun02,main,9,M,PO,M,8.4,50,0.03,24,10000,0,0,1,5,,7/5/2023
2023,BUFFRMFISHBT05,BUFFRMFISH2023Jun02,main,9,R,PO,M,8.4,16,0,15,54.5,3,57.5,0,0,,7/5/2023
2023,BUFFRMFISHBT07,BUFFRMFISH2023May23,main,1,L,RU,N/A,20,32,0.02,13,27.3,3,57.5,3,57.5,,7/5/2023
2023,BUFFRMFISHBT07,BUFFRMFISH2023May23,main,1,M,RU,N/A,20,12,0.35,11,13.65,3,57.5,2,25,,7/5/2023
2023,BUFFRMFISHBT07,BUFFRMFISH2023May23,main,1,R,RU,N/A,20,18,0.3,13,27.3,3,57.5,2,25,,7/5/2023
2023,BUFFRMFISHBT07,BUFFRMFISH2023May23,main,2,L,RU,N/A,21,31,0.13,14,38.5,3,57.5,2,25,,7/5/2023
2023,BUFFRMFISHBT07,BUFFRMFISH2023May23,main,2,M,RU,N/A,21,8,0.02,12,19.3,3,57.5,2,25,,7/5/2023
2023,BUFFRMFISHBT07,BUFFRMFISH2023May23,main,2,R,RU,N/A,21,40,0.2,9,6.85,3,57.5,3,57.5,,7/5/2023
2023,BUFFRMFISHBT07,BUFFRMFISH2023May23,main,3,L,RU,N/A,15.5,15,0.33,11,13.65,2,25,2,25,,7/5/2023
2023,BUFFRMFISHBT07,BUFFRMFISH2023May23,main,3,M,RU,N/A,15.5,12,0.3,13,27.3,2,25,3,57.5,,7/5/2023
2023,BUFFRMFISHBT07,BUFFRMFISH2023May23,main,3,R,RU,N/A,15.5,6,0.16,12,19.3,3,57.5,4,87.5,,7/5/2023
2023,BUFFRMFISHBT07,BUFFRMFISH2023May23,main,4,L,RU,N/A,15,37,0.19,12,19.3,3,57.5,1,5,,7/5/2023
2023,BUFFRMFISHBT07,BUFFRMFISH2023May23,main,4,M,RU,N/A,15,20,0.14,11,13.65,2,25,0,0,,7/5/2023
2023,BUFFRMFISHBT07,BUFFRMFISH2023May23,main,4,R,RU,N/A,15,6,0.06,9,6.85,3,57.5,4,87.5,,7/5/2023
2023,BUFFRMFISHBT07,BUFFRMFISH2023May23,main,5,L,RU,N/A,13.5,41,0.12,12,19.3,2,25,0,0,,7/5/2023
2023,BUFFRMFISHBT07,BUFFRMFISH2023May23,main,5,M,RU,N/A,13.5,41,0.08,13,27.3,2,25,0,0,,7/5/2023
2023,BUFFRMFISHBT07,BUFFRMFISH2023May23,main,5,R,RU,N/A,13.5,30,0.08,7,3,4,87.5,0,0,,7/5/2023
2023,BUFFRMFISHBT07,BUFFRMFISH2023May23,main,6,L,RU,N/A,10.5,47,0.11,12,19.3,2,25,2,25,,7/5/2023
2023,BUFFRMFISHBT07,BUFFRMFISH2023May23,main,6,M,RU,N/A,10.5,24,0.08,9,6.85,2,25,1,5,,7/5/2023
2023,BUFFRMFISHBT07,BUFFRMFISH2023May23,main,6,R,RU,N/A,10.5,20,0.05,6,1.5,3,57.5,0,0,,7/5/2023
2023,BUFFRMFISHBT07,BUFFRMFISH2023May23,main,7,L,RU,N/A,10,46,0.11,12,19.3,2,25,2,25,,7/5/2023
2023,BUFFRMFISHBT07,BUFFRMFISH2023May23,main,7,M,RU,N/A,10,44,0.14,15,54.5,1,5,1,5,,7/5/2023
2023,BUFFRMFISHBT07,BUFFRMFISH2023May23,main,7,R,RU,N/A,10,15,0.13,11,13.65,2,25,0,0,,7/5/2023
2023,BUFFRMFISHBT07,BUFFRMFISH2023May23,main,8,L,RU,N/A,8.4,60,0.2,24,10000,0,0,4,87.5,,7/5/2023
2023,BUFFRMFISHBT07,BUFFRMFISH2023May23,main,8,M,RU,N/A,8.4,41,0.15,9,6.85,2,25,4,87.5,,7/5/2023
2023,BUFFRMFISHBT07,BUFFRMFISH2023May23,main,8,R,RU,N/A,8.4,32,0.09,11,13.65,2,25,4,87.5,,7/5/2023
2023,BUFFRMFISHBT07,BUFFRMFISH2023May23,main,9,L,RU,N/A,8.5,70,0.2,17,109,1,5,0,0,,7/5/2023
2023,BUFFRMFISHBT07,BUFFRMFISH2023May23,main,9,M,RU,N/A,8.5,30,0.18,11,13.65,2,25,0,0,,7/5/2023
2023,BUFFRMFISHBT07,BUFFRMFISH2023May23,main,9,R,RU,N/A,8.5,17,0.16,12,19.3,2,25,0,0,,7/5/2023
2023,BUFFRMFISHBT07,BUFFRMFISH2023May23,main,10,L,RU,N/A,5.6,62,0.25,11,13.65,3,57.5,4,87.5,,7/5/2023
2023,BUFFRMFISHBT07,BUFFRMFISH2023May23,main,10,M,RU,N/A,5.6,55,0.18,12,19.3,2,25,4,87.5,,7/5/2023
2023,BUFFRMFISHBT07,BUFFRMFISH2023May23,main,10,R,RU,N/A,5.6,34,0.2,12,19.3,2,25,4,87.5,,7/5/2023
2023,BUFFRMFISHBT07,BUFFRMFISH2023May23,main,11,L,RI,N/A,7.4,18,0.34,13,27.3,2,25,3,57.5,,7/5/2023
2023,BUFFRMFISHBT07,BUFFRMFISH2023May23,main,11,M,RI,N/A,7.4,18,0.33,15,54.5,1,5,0,0,,7/5/2023
2023,BUFFRMFISHBT07,BUFFRMFISH2023May23,main,11,R,RI,N/A,7.4,10,0.44,16,77,1,5,0,0,,7/5/2023
2023,BUFFRMFISHBT15,BUFFRMFISH2023May26,main,1,L,RU,N/A,9.6,20,0.15,9,6.85,2,25,4,87.5,,7/5/2023
2023,BUFFRMFISHBT15,BUFFRMFISH2023May26,main,1,M,RU,N/A,9.6,22,0.18,8,4.85,2,25,4,87.5,,7/5/2023
2023,BUFFRMFISHBT15,BUFFRMFISH2023May26,main,1,R,RU,N/A,9.6,21,0.16,7,3,2,25,4,87.5,,7/5/2023
2023,BUFFRMFISHBT15,BUFFRMFISH2023May26,main,2,L,RU,N/A,3.5,74,0.15,24,10000,0,0,4,87.5,,7/5/2023
2023,BUFFRMFISHBT15,BUFFRMFISH2023May26,main,2,M,RU,N/A,3.5,72,0.11,24,10000,0,0,4,87.5,,7/5/2023
2023,BUFFRMFISHBT15,BUFFRMFISH2023May26,main,2,R,RU,N/A,3.5,72,-0.03,24,10000,0,0,4,87.5,,7/5/2023
2023,BUFFRMFISHBT15,BUFFRMFISH2023May26,main,3,L,RI,N/A,14.9,10,0.94,13,27.3,1,5,3,57.5,,7/5/2023
2023,BUFFRMFISHBT15,BUFFRMFISH2023May26,main,3,M,RI,N/A,14.9,16,0.91,13,27.3,0,0,2,25,,7/5/2023
2023,BUFFRMFISHBT15,BUFFRMFISH2023May26,main,3,R,RI,N/A,14.9,4,0.13,14,38.5,2,25,4,87.5,,7/5/2023
2023,BUFFRMFISHBT15,BUFFRMFISH2023May26,main,4,L,RU,N/A,11.9,8,0.14,13,27.3,1,5,1,5,,7/5/2023
2023,BUFFRMFISHBT15,BUFFRMFISH2023May26,main,4,M,RU,N/A,11.9,16,0.28,14,38.5,2,25,0,0,,7/5/2023
2023,BUFFRMFISHBT15,BUFFRMFISH2023May26,main,4,R,RU,N/A,11.9,10,0.25,11,13.65,2,25,0,0,,7/5/2023
2023,BUFFRMFISHBT15,BUFFRMFISH2023May26,main,5,L,RU,N/A,9.6,11,0.04,12,19.3,2,25,4,87.5,,7/5/2023
2023,BUFFRMFISHBT15,BUFFRMFISH2023May26,main,5,M,RU,N/A,9.6,24,0.15,10,9.65,3,57.5,4,87.5,,7/5/2023
2023,BUFFRMFISHBT15,BUFFRMFISH2023May26,main,5,R,RU,N/A,9.6,22,0.22,13,27.3,2,25,4,87.5,,7/5/2023
2023,BUFFRMFISHBT15,BUFFRMFISH2023May26,main,6,L,RRX,N/A,5.5,6,-0.02,10,9.65,2,25,3,57.5,,7/5/2023
2023,BUFFRMFISHBT15,BUFFRMFISH2023May26,main,6,M,RRX,N/A,5.5,22,0.13,11,13.65,2,25,4,87.5,,7/5/2023
2023,BUFFRMFISHBT15,BUFFRMFISH2023May26,main,6,R,RRX,N/A,5.5,32,0.55,13,27.3,2,25,4,87.5,,7/5/2023
2023,BUFFRMFISHBT15,BUFFRMFISH2023May26,main,7,L,RI,N/A,14.4,2,-0.01,10,9.65,2,25,2,25,,7/5/2023
2023,BUFFRMFISHBT15,BUFFRMFISH2023May26,main,7,M,RI,N/A,14.4,4,0.03,10,9.65,2,25,0,0,,7/5/2023
2023,BUFFRMFISHBT15,BUFFRMFISH2023May26,main,7,R,RI,N/A,14.4,18,0.38,10,9.65,1,5,0,0,,7/5/2023
2023,BUFFRMFISHBT15,BUFFRMFISH2023May26,main,8,L,RRX,N/A,16,2,0,10,9.65,2,25,4,87.5,,7/5/2023
2023,BUFFRMFISHBT15,BUFFRMFISH2023May26,main,8,M,RRX,N/A,16,10,0.34,12,19.3,3,57.5,2,25,,7/5/2023
2023,BUFFRMFISHBT15,BUFFRMFISH2023May26,main,8,R,RRX,N/A,16,28,0.38,13,27.3,2,25,3,57.5,,7/5/2023
2023,BUFFRMFISHBT15,BUFFRMFISH2023May26,main,9,L,RU,N/A,13.1,20,0.36,14,38.5,1,5,3,57.5,,7/5/2023
2023,BUFFRMFISHBT15,BUFFRMFISH2023May26,main,9,M,RU,N/A,13.1,6,0.18,10,9.65,2,25,1,5,,7/5/2023
2023,BUFFRMFISHBT15,BUFFRMFISH2023May26,main,9,R,RU,N/A,13.1,4,-0.05,11,13.65,3,57.5,0,0,,7/5/2023
2023,BUFFRMFISHBT15,BUFFRMFISH2023May26,main,10,L,RU,N/A,8.6,28,0.34,9,6.85,2,25,3,57.5,,7/5/2023
2023,BUFFRMFISHBT15,BUFFRMFISH2023May26,main,10,M,RU,N/A,8.6,14,0.18,10,9.65,3,57.5,2,25,,7/5/2023
2023,BUFFRMFISHBT15,BUFFRMFISH2023May26,main,10,R,RU,N/A,8.6,4,0.07,13,27.3,3,57.5,3,57.5,,7/5/2023
2023,BUFFRMFISHBT15,BUFFRMFISH2023May26,main,11,L,RU,N/A,9.7,28,0.24,10,9.65,1,5,2,25,,7/5/2023
2023,BUFFRMFISHBT15,BUFFRMFISH2023May26,main,11,M,RU,N/A,9.7,22,0.14,12,19.3,3,57.5,1,5,,7/5/2023
2023,BUFFRMFISHBT15,BUFFRMFISH2023May26,main,11,R,RU,N/A,9.7,18,0.1,10,9.65,3,57.5,0,0,,7/5/2023
2023,BUFFRMFISHBT19,BUFFRMFISH2023May30,main,1,L,PO,L,10,65,0.01,5,0.75,4,87.5,4,87.5,,7/5/2023
2023,BUFFRMFISHBT19,BUFFRMFISH2023May30,main,1,M,PO,L,10,50,0.36,12,19.3,4,87.5,4,87.5,,7/5/2023
2023,BUFFRMFISHBT19,BUFFRMFISH2023May30,main,1,R,PO,L,10,34,0.02,3,0.1875,4,87.5,0,0,,7/5/2023
2023,BUFFRMFISHBT19,BUFFRMFISH2023May30,main,2,L,PO,L,8.7,33,0.57,14,38.5,2,25,0,0,,7/5/2023
2023,BUFFRMFISHBT19,BUFFRMFISH2023May30,main,2,M,PO,L,8.7,14,0.32,13,27.3,2,25,0,0,,7/5/2023
2023,BUFFRMFISHBT19,BUFFRMFISH2023May30,main,2,R,PO,L,8.7,8,0.2,12,19.3,3,57.5,0,0,,7/5/2023
2023,BUFFRMFISHBT19,BUFFRMFISH2023May30,main,3,L,PO,L,13.6,48,0.21,24,10000,0,0,1,5,,7/5/2023
2023,BUFFRMFISHBT19,BUFFRMFISH2023May30,main,3,M,PO,L,13.6,46,0.12,5,0.75,4,87.5,0,0,,7/5/2023
2023,BUFFRMFISHBT19,BUFFRMFISH2023May30,main,3,R,PO,L,13.6,24,0.32,13,27.3,2,25,0,0,,7/5/2023
2023,BUFFRMFISHBT19,BUFFRMFISH2023May30,main,4,L,PO,L,33,26,0.27,24,10000,0,0,4,87.5,,7/5/2023
2023,BUFFRMFISHBT19,BUFFRMFISH2023May30,main,4,M,PO,L,33,21,0.31,1,0.031,4,87.5,2,25,,7/5/2023
2023,BUFFRMFISHBT19,BUFFRMFISH2023May30,main,4,R,PO,L,33,6,0.11,12,19.3,2,25,0,0,,7/5/2023
2023,BUFFRMFISHBT19,BUFFRMFISH2023May30,main,5,L,RI,N/A,22,10,0.01,14,38.5,3,57.5,0,0,,7/5/2023
2023,BUFFRMFISHBT19,BUFFRMFISH2023May30,main,5,M,RI,N/A,22,46,0.08,7,3,4,87.5,0,0,,7/5/2023
2023,BUFFRMFISHBT19,BUFFRMFISH2023May30,main,5,R,RI,N/A,22,37,0.07,10,9.65,3,57.5,1,5,,7/5/2023
2023,BUFFRMFISHBT19,BUFFRMFISH2023May30,main,6,L,PO,M,11.4,18,0.04,13,27.3,2,25,0,0,,7/5/2023
2023,BUFFRMFISHBT19,BUFFRMFISH2023May30,main,6,M,PO,M,11.4,27,0.08,13,27.3,2,25,0,0,,7/5/2023
2023,BUFFRMFISHBT19,BUFFRMFISH2023May30,main,6,R,PO,M,11.4,6,0,13,27.3,2,25,0,0,,7/5/2023
2023,BUFFRMFISHBT19,BUFFRMFISH2023May30,main,7,L,PO,L,7.9,18,0,11,13.65,4,87.5,0,0,,7/5/2023
2023,BUFFRMFISHBT19,BUFFRMFISH2023May30,main,7,M,PO,L,7.9,10,0.01,10,9.65,3,57.5,0,0,,7/5/2023
2023,BUFFRMFISHBT19,BUFFRMFISH2023May30,main,7,R,PO,L,7.9,47,0.07,11,13.65,4,87.5,1,5,,7/5/2023
2023,BUFFRMFISHBT19,BUFFRMFISH2023May30,main,8,L,PO,L,7.8,7,0.01,12,19.3,3,57.5,0,0,,7/5/2023
2023,BUFFRMFISHBT19,BUFFRMFISH2023May30,main,8,M,PO,L,7.8,10,0.04,10,9.65,3,57.5,1,5,,7/5/2023
2023,BUFFRMFISHBT19,BUFFRMFISH2023May30,main,8,R,PO,L,7.8,45,0.07,11,13.65,3,57.5,1,5,,7/5/2023
2023,BUFFRMFISHBT19,BUFFRMFISH2023May30,main,9,L,RU,N/A,8.5,12,0.15,12,19.3,3,57.5,0,0,,7/5/2023
2023,BUFFRMFISHBT19,BUFFRMFISH2023May30,main,9,M,RU,N/A,8.5,8,0.2,14,38.5,2,25,0,0,,7/5/2023
2023,BUFFRMFISHBT19,BUFFRMFISH2023May30,main,9,R,RU,N/A,8.5,12,0.02,8,4.85,4,87.5,1,5,,7/5/2023
2023,BUFFRMFISHBT19,BUFFRMFISH2023May30,main,10,L,PO,L,5.9,8,0.06,12,19.3,3,57.5,0,0,,7/5/2023
2023,BUFFRMFISHBT19,BUFFRMFISH2023May30,main,10,M,PO,L,5.9,7,0.11,12,19.3,3,57.5,0,0,,7/5/2023
2023,BUFFRMFISHBT19,BUFFRMFISH2023May30,main,10,R,PO,L,5.9,22,0.07,3,0.1875,4,87.5,1,5,,7/5/2023
2023,BUFFRMFISHBT19,BUFFRMFISH2023May30,main,11,L,PO,M,4.9,30,0.01,1,0.031,4,87.5,1,5,,7/5/2023
2023,BUFFRMFISHBT19,BUFFRMFISH2023May30,main,11,M,PO,M,4.9,66,0.12,16,77,3,57.5,1,5,,7/5/2023
2023,BUFFRMFISHBT19,BUFFRMFISH2023May30,main,11,R,PO,M,4.9,12,-0.02,14,38.5,4,87.5,2,25,,7/5/2023
2023,BUFFRMFISHBT20,BUFFRMFISH2023May31,main,1,L,RI,N/A,21,16,0.71,10,9.65,2,25,2,25,,7/5/2023
2023,BUFFRMFISHBT20,BUFFRMFISH2023May31,main,1,M,RI,N/A,21,6,0.28,12,19.3,2,25,0,0,,7/5/2023
2023,BUFFRMFISHBT20,BUFFRMFISH2023May31,main,1,R,RI,N/A,21,12,0.44,11,13.65,2,25,0,0,,7/5/2023
2023,BUFFRMFISHBT20,BUFFRMFISH2023May31,main,2,L,RU,N/A,22,30,0.06,1,0.031,4,87.5,2,25,,7/5/2023
2023,BUFFRMFISHBT20,BUFFRMFISH2023May31,main,2,M,RU,N/A,22,47,0.08,10,9.65,2,25,0,0,,7/5/2023
2023,BUFFRMFISHBT20,BUFFRMFISH2023May31,main,2,R,RU,N/A,22,30,0.1,15,54.5,3,57.5,0,0,,7/5/2023
2023,BUFFRMFISHBT20,BUFFRMFISH2023May31,main,3,L,RU,N/A,18,13,0.05,11,13.65,2,25,1,5,,7/5/2023
2023,BUFFRMFISHBT20,BUFFRMFISH2023May31,main,3,M,RU,N/A,18,31,0.07,12,19.3,2,25,1,5,,7/5/2023
2023,BUFFRMFISHBT20,BUFFRMFISH2023May31,main,3,R,RU,N/A,18,61,0.03,24,10000,0,0,4,87.5,,7/5/2023
2023,BUFFRMFISHBT20,BUFFRMFISH2023May31,main,4,L,RU,N/A,16.5,20,0.05,11,13.65,3,57.5,2,25,,7/5/2023
2023,BUFFRMFISHBT20,BUFFRMFISH2023May31,main,4,M,RU,N/A,16.5,72,0.18,13,27.3,3,57.5,1,5,,7/5/2023
2023,BUFFRMFISHBT20,BUFFRMFISH2023May31,main,4,R,RU,N/A,16.5,70,0.08,24,10000,0,0,3,57.5,,7/5/2023
2023,BUFFRMFISHBT20,BUFFRMFISH2023May31,main,5,L,RRX,N/A,19.5,18,0.5,11,13.65,2,25,1,5,,7/5/2023
2023,BUFFRMFISHBT20,BUFFRMFISH2023May31,main,5,M,RRX,N/A,19.5,18,0.49,12,19.3,2,25,0,0,,7/5/2023
2023,BUFFRMFISHBT20,BUFFRMFISH2023May31,main,5,R,RRX,N/A,19.5,42,0.18,24,10000,0,0,0,0,,7/5/2023
2023,BUFFRMFISHBT20,BUFFRMFISH2023May31,main,6,L,RU,N/A,24,9,0.01,10,9.65,3,57.5,3,57.5,,7/5/2023
2023,BUFFRMFISHBT20,BUFFRMFISH2023May31,main,6,M,RU,N/A,24,27,0.15,13,27.3,2,25,0,0,,7/5/2023
2023,BUFFRMFISHBT20,BUFFRMFISH2023May31,main,6,R,RU,N/A,24,56,0.01,24,10000,0,0,1,5,,7/5/2023
2023,BUFFRMFISHBT20,BUFFRMFISH2023May31,main,7,L,RU,N/A,12,3,0.06,13,27.3,3,57.5,1,5,,7/5/2023
2023,BUFFRMFISHBT20,BUFFRMFISH2023May31,main,7,M,RU,N/A,12,16,0.16,14,38.5,2,25,2,25,,7/5/2023
2023,BUFFRMFISHBT20,BUFFRMFISH2023May31,main,7,R,RU,N/A,12,44,0.49,14,38.5,2,25,3,57.5,,7/5/2023
2023,BUFFRMFISHBT20,BUFFRMFISH2023May31,main,8,L,RU,N/A,11.5,36,0.1,15,54.5,2,25,0,0,,7/5/2023
2023,BUFFRMFISHBT20,BUFFRMFISH2023May31,main,8,M,RU,N/A,11.5,46,0.48,15,54.5,2,25,0,0,,7/5/2023
2023,BUFFRMFISHBT20,BUFFRMFISH2023May31,main,8,R,RU,N/A,11.5,36,0.12,19,218,2,25,0,0,,7/5/2023
2023,BUFFRMFISHBT20,BUFFRMFISH2023May31,main,9,L,RRX,N/A,15.5,16,0.18,16,77,2,25,0,0,,7/5/2023
2023,BUFFRMFISHBT20,BUFFRMFISH2023May31,main,9,M,RRX,N/A,15.5,28,0.19,20,309,2,25,0,0,,7/5/2023
2023,BUFFRMFISHBT20,BUFFRMFISH2023May31,main,9,R,RRX,N/A,15.5,46,0.35,23,2560,2,25,0,0,,7/5/2023
2023,BUFFRMFISHBT20,BUFFRMFISH2023May31,main,10,L,PO,F,10,90,0.05,13,27.3,3,57.5,0,0,,7/5/2023
2023,BUFFRMFISHBT20,BUFFRMFISH2023May31,main,10,M,PO,F,10,120,0.19,24,10000,0,0,0,0,,7/5/2023
2023,BUFFRMFISHBT20,BUFFRMFISH2023May31,main,10,R,PO,F,10,96,0.04,24,10000,0,0,0,0,,7/5/2023
2023,BUFFRMFISHBT20,BUFFRMFISH2023May31,main,11,L,RI,N/A,9,28,0.34,19,218,2,25,0,0,,7/5/2023
2023,BUFFRMFISHBT20,BUFFRMFISH2023May31,main,11,M,RI,N/A,9,42,0.15,17,109,2,25,0,0,,7/5/2023
2023,BUFFRMFISHBT20,BUFFRMFISH2023May31,main,11,R,RI,N/A,9,40,0.11,20,309,2,25,2,25,,7/5/2023
2023,BUFFRMFISHBT23,BUFFRMFISH2023Jun06,main,1,L,PO,F,12.5,118,0,13,27.3,4,87.5,4,87.5,,7/6/2023
2023,BUFFRMFISHBT23,BUFFRMFISH2023Jun06,main,1,M,PO,F,12.5,93,0.03,3,0.1875,4,87.5,4,87.5,,7/6/2023
2023,BUFFRMFISHBT23,BUFFRMFISH2023Jun06,main,1,R,PO,F,12.5,65,0.07,3,0.1875,4,87.5,1,5,,7/6/2023
2023,BUFFRMFISHBT23,BUFFRMFISH2023Jun06,main,2,L,PO,F,12,36,0.02,24,10000,0,0,2,25,,7/6/2023
2023,BUFFRMFISHBT23,BUFFRMFISH2023Jun06,main,2,M,PO,F,12,94,0.13,3,0.1875,4,87.5,1,5,,7/6/2023
2023,BUFFRMFISHBT23,BUFFRMFISH2023Jun06,main,2,R,PO,F,12,70,0.03,11,13.65,3,57.5,1,5,,7/6/2023
2023,BUFFRMFISHBT23,BUFFRMFISH2023Jun06,main,3,L,PO,F,12,42,0.01,3,0.1875,4,87.5,4,87.5,,7/6/2023
2023,BUFFRMFISHBT23,BUFFRMFISH2023Jun06,main,3,M,PO,F,12,65,0,4,0.375,4,87.5,3,57.5,,7/6/2023
2023,BUFFRMFISHBT23,BUFFRMFISH2023Jun06,main,3,R,PO,F,12,76,-0.02,3,0.1875,4,87.5,0,0,,7/6/2023
2023,BUFFRMFISHBT23,BUFFRMFISH2023Jun06,main,4,L,RI,N/A,4.7,13,-0.04,24,10000,0,0,4,87.5,,7/6/2023
2023,BUFFRMFISHBT23,BUFFRMFISH2023Jun06,main,4,M,RI,N/A,4.7,40,0.68,13,27.3,2,25,4,87.5,,7/6/2023
2023,BUFFRMFISHBT23,BUFFRMFISH2023Jun06,main,4,R,RI,N/A,4.7,9,0.16,12,19.3,1,5,4,87.5,,7/6/2023
2023,BUFFRMFISHBT23,BUFFRMFISH2023Jun06,main,5,L,RI,N/A,3.4,19,0.65,14,38.5,1,5,4,87.5,,7/6/2023
2023,BUFFRMFISHBT23,BUFFRMFISH2023Jun06,main,5,M,RI,N/A,3.4,29,0.59,13,27.3,1,5,4,87.5,,7/6/2023
2023,BUFFRMFISHBT23,BUFFRMFISH2023Jun06,main,5,R,RI,N/A,3.4,17,0.42,11,13.65,1,5,4,87.5,,7/6/2023
2023,BUFFRMFISHBT23,BUFFRMFISH2023Jun06,main,6,L,RI,N/A,12.5,26,0.01,14,38.5,1,5,4,87.5,,7/6/2023
2023,BUFFRMFISHBT23,BUFFRMFISH2023Jun06,main,6,M,RI,N/A,12.5,24,0.33,13,27.3,1,5,4,87.5,,7/6/2023
2023,BUFFRMFISHBT23,BUFFRMFISH2023Jun06,main,6,R,RI,N/A,12.5,27,0.46,11,13.65,2,25,3,57.5,,7/6/2023
2023,BUFFRMFISHBT23,BUFFRMFISH2023Jun06,main,7,L,RRX,N/A,16.5,14,0.3,10,9.65,2,25,4,87.5,,7/6/2023
2023,BUFFRMFISHBT23,BUFFRMFISH2023Jun06,main,7,M,RRX,N/A,16.5,10,0.44,12,19.3,1,5,2,25,,7/6/2023
2023,BUFFRMFISHBT23,BUFFRMFISH2023Jun06,main,7,R,RRX,N/A,16.5,14,0.59,13,27.3,2,25,3,57.5,,7/6/2023
2023,BUFFRMFISHBT23,BUFFRMFISH2023Jun06,main,8,L,RI,N/A,24.1,12,0.26,13,27.3,1,5,4,87.5,,7/6/2023
2023,BUFFRMFISHBT23,BUFFRMFISH2023Jun06,main,8,M,RI,N/A,24.1,12,0.47,12,19.3,2,25,0,0,,7/6/2023
2023,BUFFRMFISHBT23,BUFFRMFISH2023Jun06,main,8,R,RI,N/A,24.1,10,0.37,11,13.65,2,25,0,0,,7/6/2023
2023,BUFFRMFISHBT23,BUFFRMFISH2023Jun06,main,9,L,RU,N/A,35.8,20,0.28,13,27.3,2,25,4,87.5,,7/6/2023
2023,BUFFRMFISHBT23,BUFFRMFISH2023Jun06,main,9,M,RU,N/A,35.8,29,0.03,12,19.3,2,25,4,87.5,,7/6/2023
2023,BUFFRMFISHBT23,BUFFRMFISH2023Jun06,main,9,R,RU,N/A,35.8,39,0,16,77,2,25,4,87.5,,7/6/2023
2023,BUFFRMFISHBT23,BUFFRMFISH2023Jun06,main,10,L,RRX,N/A,37.1,14,0.32,12,19.3,2,25,1,5,,7/6/2023
2023,BUFFRMFISHBT23,BUFFRMFISH2023Jun06,main,10,M,RRX,N/A,37.1,20,0.14,11,13.65,3,57.5,2,25,,7/6/2023
2023,BUFFRMFISHBT23,BUFFRMFISH2023Jun06,main,10,R,RRX,N/A,37.1,22,0.14,24,10000,0,0,3,57.5,,7/6/2023
2023,BUFFRMFISHBT23,BUFFRMFISH2023Jun06,main,11,L,RI,N/A,32.8,14,0.44,14,38.5,2,25,4,87.5,,7/6/2023
2023,BUFFRMFISHBT23,BUFFRMFISH2023Jun06,main,11,M,RI,N/A,32.8,12,0.18,13,27.3,3,57.5,4,87.5,,7/6/2023
2023,BUFFRMFISHBT23,BUFFRMFISH2023Jun06,main,11,R,RI,N/A,32.8,23,0.02,7,3,4,87.5,4,87.5,,7/6/2023
