"","Season","LocationID","TaxonCode","ScientificName","CommonName","SpTot","SpCPUE","Length","Length_SD","Length_SE","Length_CI","Weights","CompAbu","CompBio"
"1",2006,"BUFFRMFISHBM01","ambcon","Ambloplites constellatus","Ozark bass",9,0.0651623024013515,55.2222222222222,14.5840476015558,4.86134920051859,9.52806934928902,3.44444444444444,0.640113798008535,0.285337434527412
"2",2006,"BUFFRMFISHBM01","amenat","Ameiurus natalis","Yellow bullhead",2,0.0144805116447448,87.5,9.19238815542512,6.5,12.7397658995103,10.5,0.142247510668563,0.193293100808892
"3",2006,"BUFFRMFISHBM01","camspp","Campostoma spp.","Stoneroller spp.",467,3.38119946904791,103.333333333333,19.8047944967241,3.61584423086998,7.08692446621209,15.6,33.2147937411095,67.0561380006162
"4",2006,"BUFFRMFISHBM01","chrery","Chrosomus erythrogaster","Southern redbelly dace",13,0.0941233256908411,54.6153846153846,8.93064444798976,2.47691511385884,4.85466441592624,1.69230769230769,0.924608819345662,0.202497534180744
"5",2006,"BUFFRMFISHBM01","cotcar","Cottus carolinae","Banded sculpin",115,0.832629419572825,82.8333333333333,16.8155989431269,3.07009428637022,6.01727423042783,9.06666666666667,8.17923186344239,9.59715586238435
"6",2006,"BUFFRMFISHBM01","ethaut","Etheostoma autmnale","Autumn darter",41,0.296850488717268,67.4473684210526,11.7489444457929,1.9059304647829,3.73555506801217,3.42105263157895,2.91607396870555,1.29104289136766
"7",2006,"BUFFRMFISHBM01","ethble","Etheostoma blennioides","Greenside darter",18,0.130324604802703,79.8888888888889,13.3279400857036,3.14142560461634,6.15708104515999,5.61111111111111,1.28022759601707,0.929647770557052
"8",2006,"BUFFRMFISHBM01","ethcae","Etheostoma caeruleum","Rainbow darter",397,2.87438156148184,52.7333333333333,7.8693352185308,1.43673747058639,2.8159536975885,1.86666666666667,28.2361308677098,6.82109875743379
"9",2006,"BUFFRMFISHBM01","ethspe","Etheostoma spectabile","Orangethroat darter",34,0.246168697960661,44.5882352941176,7.1440487928821,1.22519426016833,2.40133662399512,1.05882352941176,2.41820768136558,0.331359601386672
"10",2006,"BUFFRMFISHBM01","funcat","Fundulus catenatus","Northern studfish",18,0.130324604802703,64.3888888888889,24.5791372291239,5.79335820347608,11.3547734283528,3.72222222222222,1.28022759601707,0.616697035914084
"11",2006,"BUFFRMFISHBM01","hypnig","Hypentelium nigricans","Northern hog sucker",1,0.00724025582237239,145,NA,NA,NA,36,0.0711237553342817,0.331359601386672
"12",2006,"BUFFRMFISHBM01","ichamm","Ichthyomyzon spp.","Ichthyomyzon ammocoete",19,0.137564860625075,136.157894736842,17.6486170622666,4.0488704351404,7.9356402309442,4.68421052631579,1.35135135135135,0.819194570094828
"13",2006,"BUFFRMFISHBM01","lepcya","Lepomis cyanellus","Green sunfish",13,0.0941233256908411,51.7692307692308,18.2763683762842,5.06895256230471,9.93496446145925,3.30769230769231,0.924608819345662,0.395790634989636
"14",2006,"BUFFRMFISHBM01","lepmeg","Lepomis megalotis","Longear sunfish",26,0.188246651381682,39.3076923076923,8.05366615036522,1.57945387910284,3.09567271828365,1.23076923076923,1.84921763869132,0.294541867899264
"15",2006,"BUFFRMFISHBM01","luxchr","Luxilus chrysocephalus","Striped shiner",3,0.0217207674671172,109.666666666667,28.2901631902917,16.3333333333333,32.0127450808209,15.6666666666667,0.213371266002845,0.432608368477044
"16",2006,"BUFFRMFISHBM01","luxpil","Luxilus pilsbryi","Duskystripe shiner",63,0.456136116809461,90.0333333333333,7.95887417672371,1.45308497297898,2.84799421351515,7.1,4.48079658605974,4.1171430472294
"17",2006,"BUFFRMFISHBM01","moxspp","Moxostoma spp.","Redhorse spp.",1,0.00724025582237239,NA,NA,NA,NA,NA,0.0711237553342817,NA
"18",2006,"BUFFRMFISHBM01","notboo","Notropis boops","Bigeye shiner",12,0.0868830698684687,41.3333333333333,5.77350269189626,1.66666666666667,3.26660664090009,0.583333333333333,0.85348506401138,0.064431033602964
"19",2006,"BUFFRMFISHBM01","notexi","Noturus exilis","Slender madtom",31,0.224447930493544,101.193548387097,20.0273468950811,3.59701768788603,7.05002512001016,10.1935483870968,2.20483641536273,2.90860094550523
"20",2006,"BUFFRMFISHBM01","notnub","Notropis nubilus","Ozark minnow",115,0.832629419572825,67.6,9.62969545119463,1.7581338068414,3.44587894141144,3.03333333333333,8.17923186344239,3.21081317454771
"21",2006,"BUFFRMFISHBM01","notoza","Notropis ozarcanus","Ozark shiner",3,0.0217207674671172,49.3333333333333,5.13160143944688,2.96273147243853,5.80684698184284,0.666666666666667,0.213371266002845,0.018408866743704
"22",2006,"BUFFRMFISHBM01","nottel","Notropis telescopus","Telescope shiner",2,0.0144805116447448,57,7.07106781186548,5,9.79981992270027,1.5,0.142247510668563,0.027613300115556
"23",2006,"BUFFRMFISHBM01","pimnot","Pimephales notatus","Bluntnose minnow",3,0.0217207674671172,58,NA,NA,NA,2,0.213371266002845,0.055226600231112
"24",2006,"BUFFRMFISHBM02","ambcon","Ambloplites constellatus","Ozark bass",27,0.347564900236001,118.703703703704,49.6881156003006,9.56248230578626,18.7421209221426,50.4074074074074,2.10772833723653,6.88441381388834
"25",2006,"BUFFRMFISHBM02","amenat","Ameiurus natalis","Yellow bullhead",1,0.0128727740828148,211,NA,NA,NA,111,0.078064012490242,0.561476806275978
"26",2006,"BUFFRMFISHBM02","camspp","Campostoma spp.","Stoneroller spp.",23,0.296073803904741,80.75,6.13052471924984,3.06526235962492,6.00780382803111,5.25,1.79547228727557,0.610795714935354
"27",2006,"BUFFRMFISHBM02","cotcar","Cottus carolinae","Banded sculpin",5,0.0643638704140742,54.2,32.4915373597495,14.5306572459748,28.4795648738066,5.5,0.39032006245121,0.139104614167472
"28",2006,"BUFFRMFISHBM02","cypgal","Cyprinella galactura","Whitetail shiner",25,0.321819352070371,60.6,19.1876696518016,3.83753393036031,7.52142829295665,2.52,1.95160031225605,0.318676025183663
"29",2006,"BUFFRMFISHBM02","cypgre","Notropis greenei","Wedgespot shiner",3,0.0386183222484445,70.6666666666667,10.4083299973307,6.00925212577332,11.7779177405365,3.33333333333333,0.234192037470726,0.0505834960608989
"30",2006,"BUFFRMFISHBM02","erihar","Erimystax harryi","Ozark chub",1,0.0128727740828148,82,NA,NA,NA,5,0.078064012490242,0.0252917480304495
"31",2006,"BUFFRMFISHBM02","ethble","Etheostoma blennioides","Greenside darter",15,0.193091611242223,78.6666666666667,23.4784602399326,6.06211236692346,11.8815219094048,6.26666666666667,1.17096018735363,0.47548486297245
"32",2006,"BUFFRMFISHBM02","ethcae","Etheostoma caeruleum","Rainbow darter",77,0.991203604376743,44.1818181818182,6.3465273253102,1.10478860024879,2.16534586701804,1.18181818181818,6.01092896174863,0.46030981415418
"33",2006,"BUFFRMFISHBM02","etheux","Etheostoma euzonum","Arkansas saddled darter",13,0.167346063076593,61.6923076923077,6.71298015519952,1.86184570467262,3.64915052592894,2.15384615384615,1.01483216237315,0.141633788970517
"34",2006,"BUFFRMFISHBM02","ethjul","Etheostoma juliae","Yoke darter",20,0.257455481656297,44.7,7.54006840678169,1.68601055125624,3.30451995801675,1.25,1.56128024980484,0.126458740152247
"35",2006,"BUFFRMFISHBM02","ethspe","Etheostoma spectabile","Orangethroat darter",1,0.0128727740828148,37,NA,NA,NA,NA,0.078064012490242,NA
"36",2006,"BUFFRMFISHBM02","ethzon","Etheostoma zonale","Banded darter",2,0.0257455481656297,41.5,2.12132034355964,1.5,2.93994597681008,1,0.156128024980484,0.0101166992121798
"37",2006,"BUFFRMFISHBM02","funcat","Fundulus catenatus","Northern studfish",14,0.180218837159408,65.6428571428571,10.6019384501656,2.83348723687033,5.55353293491976,3.07142857142857,1.09289617486339,0.217509033061865
"38",2006,"BUFFRMFISHBM02","funoli","Fundulus olivaceus","Blackspotted topminnow",9,0.115854966745334,64.8888888888889,11.8474094683653,3.94913648945509,7.74016528936492,2.55555555555556,0.702576112412178,0.116342040940068
"39",2006,"BUFFRMFISHBM02","hypamb","Hybopsis amblops","Bigeye chub",76,0.978330830293928,66.3833333333333,5.9377895409629,0.766565333514463,1.50244044548528,2.31666666666667,5.93286494925839,0.890606753978894
"40",2006,"BUFFRMFISHBM02","hypnig","Hypentelium nigricans","Northern hog sucker",7,0.0901094185797039,182.714285714286,115.156001849251,43.5248775528019,85.3071924350075,151.285714285714,0.546448087431694,5.3567922328492
"41",2006,"BUFFRMFISHBM02","ichcas","Ichthyomyzon castaneus","Chestnut lamprey",5,0.0643638704140742,130.8,28.208154849263,12.6150703525585,24.7250835534536,3.8,0.39032006245121,0.096108642515708
"42",2006,"BUFFRMFISHBM02","ictpun","Ictalurus punctatus","Channel catfish",1,0.0128727740828148,410,NA,NA,NA,654,0.078064012490242,3.30816064238279
"43",2006,"BUFFRMFISHBM02","lepcya","Lepomis cyanellus","Green sunfish",28,0.360437674318816,60.3928571428571,37.0168523040163,6.99552753677395,13.7109820249351,12,2.18579234972678,1.6996054676462
"44",2006,"BUFFRMFISHBM02","lepmac","Lepomis macrochirus","Bluegill",5,0.0643638704140742,102.6,46.0521443583249,20.5951450589696,40.3657425719585,34.25,0.39032006245121,0.866242370042894
"45",2006,"BUFFRMFISHBM02","lepmeg","Lepomis megalotis","Longear sunfish",338,4.35099763999142,102.133333333333,19.383130477981,3.53885926595203,6.93603670762184,23.3,26.3856362217018,39.8365264878003
"46",2006,"BUFFRMFISHBM02","leposs","Lepisosteus osseus","Longnose gar",1,0.0128727740828148,647,NA,NA,NA,507,0.078064012490242,2.56458325028758
"47",2006,"BUFFRMFISHBM02","luxchr","Luxilus chrysocephalus","Striped shiner",7,0.0901094185797039,80.8571428571429,28.2985781234592,10.6958571673437,20.9634948317783,16.5,0.546448087431694,0.584239379503383
"48",2006,"BUFFRMFISHBM02","luxpil","Luxilus pilsbryi","Duskystripe shiner",20,0.257455481656297,80.6,13.4258195868613,3.00210452498699,5.88401674679923,5.1,1.56128024980484,0.515951659821169
"49",2006,"BUFFRMFISHBM02","micdol","Micropterus dolomieu","Smallmouth bass",5,0.0643638704140742,187.6,82.8752073903891,37.0629194748606,72.6419873326349,128.6,0.39032006245121,3.2525187967158
"50",2006,"BUFFRMFISHBM02","moxcar","Moxostoma carinatum","River redhorse",4,0.0514910963312594,192,103.308599190322,51.6542995951612,101.240566853158,103,0.312256049960968,2.08404003770904
"51",2006,"BUFFRMFISHBM02","moxduq","Moxostoma duquesnei","Black redhorse",5,0.0643638704140742,292,48.7288415622617,21.7922004396068,42.7119280055073,178.6,0.39032006245121,4.51710619823827
"52",2006,"BUFFRMFISHBM02","moxery","Moxostoma erythrurum","Golden redhorse",6,0.0772366444968891,324.833333333333,39.229665645614,16.0154439352909,31.3896933095905,403.666666666667,0.468384074941452,12.2513227459497
"53",2006,"BUFFRMFISHBM02","nocbig","Nocomis biguttatus","Hornyhead chub",8,0.102982192662519,78.25,17.6047883096779,6.22423259756345,12.1992717226245,6.28571428571429,0.624512099921936,0.254362723049092
"54",2006,"BUFFRMFISHBM02","notala","Noturus albater","Ozark madtom",1,0.0128727740828148,55,NA,NA,NA,1,0.078064012490242,0.00505834960608989
"55",2006,"BUFFRMFISHBM02","notboo","Notropis boops","Bigeye shiner",247,3.17957519845527,49.2948717948718,11.4178135764457,1.29281280927538,2.53386654493179,1.12820512820513,19.2818110850898,1.40959342356372
"56",2006,"BUFFRMFISHBM02","notexi","Noturus exilis","Slender madtom",3,0.0386183222484445,71,10.5830052442584,6.11010092660779,11.9755777580561,3.66666666666667,0.234192037470726,0.0556418456669888
"57",2006,"BUFFRMFISHBM02","notflv","Noturus flavater","Checkered madtom",1,0.0128727740828148,81,NA,NA,NA,9,0.078064012490242,0.045525146454809
"58",2006,"BUFFRMFISHBM02","notnub","Notropis nubilus","Ozark minnow",175,2.2527354644926,49.4098360655738,8.27723192293238,1.05979094989323,2.07715209293222,1.04918032786885,13.6612021857924,0.928746157183718
"59",2006,"BUFFRMFISHBM02","notoza","Notropis ozarcanus","Ozark shiner",30,0.386183222484445,47.3666666666667,3.96956814582743,0.724740672341213,1.42046561592012,0.8,2.34192037470726,0.121400390546157
"60",2006,"BUFFRMFISHBM02","notper","Notropis percobromus","Carmine shiner",9,0.115854966745334,60.7777777777778,6.75976659689108,2.25325553229703,4.4162996912678,1.66666666666667,0.702576112412178,0.0758752440913484
"61",2006,"BUFFRMFISHBM02","nottel","Notropis telescopus","Telescope shiner",8,0.102982192662519,54.25,15.1067629131553,5.34104724883479,10.4682602474429,1.5,0.624512099921936,0.0607001952730787
"62",2006,"BUFFRMFISHBM02","pimnot","Pimephales notatus","Bluntnose minnow",53,0.682257026389187,53.1463414634146,7.86308137949035,1.22800699907126,2.40684949094278,1.4390243902439,4.13739266198283,0.385791688249832
"63",2006,"BUFFRMFISHBM02","pyloli","Pylodictis olivaris","Flathead catfish",2,0.0257455481656297,430,4.24264068711928,3,5.87989195362016,859.5,0.156128024980484,8.69530297286853
"64",2006,"BUFFRMFISHBM03","ambcon","Ambloplites constellatus","Ozark bass",30,0.360144057623049,122,56.4538261126615,10.307011339793,20.2013710142401,57.4,2.80373831775701,10.2872730879382
"65",2006,"BUFFRMFISHBM03","amenat","Ameiurus natalis","Yellow bullhead",2,0.0240096038415366,157.5,17.6776695296637,12.5,24.4995498067507,55.5,0.186915887850467,0.663116906365352
"66",2006,"BUFFRMFISHBM03","camspp","Campostoma spp.","Stoneroller spp.",54,0.648259303721489,84.125,24.0895506727067,4.25847115910196,8.34645010104239,7.15625,5.04672897196262,2.30858774327532
"67",2006,"BUFFRMFISHBM03","cypgal","Cyprinella galactura","Whitetail shiner",16,0.192076830732293,52.1875,16.3308246372721,4.08270615931802,8.00195703172317,1.46666666666667,1.49532710280374,0.140190481105468
"68",2006,"BUFFRMFISHBM03","cypgre","Notropis greenei","Wedgespot shiner",46,0.552220888355342,69.6,8.64471135913505,1.57830113817314,3.09341338757792,3.16666666666667,4.29906542056075,0.870216480725702
"69",2006,"BUFFRMFISHBM03","cypspp","Cyprinidae spp.","Non-carp minnow spp.",3,0.0360144057623049,22.6666666666667,4.93288286231625,2.84800124843918,5.5819798748659,NA,0.280373831775701,NA
"70",2006,"BUFFRMFISHBM03","erihar","Erimystax harryi","Ozark chub",5,0.0600240096038415,103.4,11.991663771137,5.36283507111677,10.5109635944172,9,0.467289719626168,0.268831178256224
"71",2006,"BUFFRMFISHBM03","ethble","Etheostoma blennioides","Greenside darter",11,0.132052821128451,71.0909090909091,14.7543522084471,4.44860457274279,8.71910474403607,3.72727272727273,1.02803738317757,0.244935073522337
"72",2006,"BUFFRMFISHBM03","ethcae","Etheostoma caeruleum","Rainbow darter",19,0.228091236494598,43.6315789473684,5.80431378196701,1.33160090590498,2.60988981735466,0.947368421052632,1.77570093457944,0.107532471302489
"73",2006,"BUFFRMFISHBM03","etheux","Etheostoma euzonum","Arkansas saddled darter",1,0.0120048019207683,78,NA,NA,NA,4,0.0934579439252337,0.0238961047338866
"74",2006,"BUFFRMFISHBM03","ethjul","Etheostoma juliae","Yoke darter",80,0.960384153661465,45.4333333333333,6.52677949487438,1.19162145240162,2.33553512991249,1.33333333333333,7.47663551401869,0.637229459570308
"75",2006,"BUFFRMFISHBM03","ethzon","Etheostoma zonale","Banded darter",5,0.0600240096038415,49.2,6.97853852894716,3.12089730686545,6.11684632090433,1.2,0.467289719626168,0.0358441571008298
"76",2006,"BUFFRMFISHBM03","funcat","Fundulus catenatus","Northern studfish",4,0.0480192076830732,59,18.3121089264272,9.15605446321358,17.9455369883858,3,0.373831775700935,0.0716883142016597
"77",2006,"BUFFRMFISHBM03","funoli","Fundulus olivaceus","Blackspotted topminnow",7,0.0840336134453782,61,18.1107702762748,6.84522774326339,13.4163998427706,3,0.654205607476636,0.125454549852904
"78",2006,"BUFFRMFISHBM03","hypamb","Hybopsis amblops","Bigeye chub",20,0.240096038415366,69.4,7.87668110711345,1.7612794392594,3.45204426765932,2.65,1.86915887850467,0.316623387723997
"79",2006,"BUFFRMFISHBM03","hypnig","Hypentelium nigricans","Northern hog sucker",6,0.0720288115246098,178,109.491552185545,44.6997389999837,87.6098785583086,126.333333333333,0.560747663551402,4.5283118470715
"80",2006,"BUFFRMFISHBM03","ichamm","Ichthyomyzon spp.","Ichthyomyzon ammocoete",13,0.156062424969988,128.461538461538,18.9059751781255,5.24357407056776,10.2772163285809,3.92307692307692,1.21495327102804,0.304675335357054
"81",2006,"BUFFRMFISHBM03","labsic","Labidesthes sicculus","Brook silverside",1,0.0120048019207683,90,NA,NA,NA,4,0.0934579439252337,0.0238961047338866
"82",2006,"BUFFRMFISHBM03","lepcya","Lepomis cyanellus","Green sunfish",20,0.240096038415366,49.35,19.6315401438871,4.38974582647477,8.60374372117555,3.71428571428571,1.86915887850467,0.44378480220075
"83",2006,"BUFFRMFISHBM03","lepmac","Lepomis macrochirus","Bluegill",6,0.0720288115246098,109.333333333333,36.1644392555265,14.7640705016529,28.9370464484499,28.1666666666667,0.560747663551402,1.00961042500671
"84",2006,"BUFFRMFISHBM03","lepmeg","Lepomis megalotis","Longear sunfish",332,3.98559423769508,71.8,23.692571220416,4.32565190090651,8.47812193543398,9.03448275862069,31.0280373831776,17.9187825359689
"85",2006,"BUFFRMFISHBM03","luxchr","Luxilus chrysocephalus","Striped shiner",2,0.0240096038415366,89,29.698484809835,21,41.1592436753411,8,0.186915887850467,0.0955844189355462
"86",2006,"BUFFRMFISHBM03","luxpil","Luxilus pilsbryi","Duskystripe shiner",29,0.348139255702281,89.9655172413793,13.3134807046432,2.47225130176237,4.84552351218651,6.44827586206897,2.71028037383178,1.1171428963092
"87",2006,"BUFFRMFISHBM03","luxspp","Luxilus spp.","Luxilus spp.",4,0.0480192076830732,27,2.16024689946929,1.08012344973464,2.11700306033706,NA,0.373831775700935,NA
"88",2006,"BUFFRMFISHBM03","micdol","Micropterus dolomieu","Smallmouth bass",14,0.168067226890756,245.571428571429,118.658990573644,31.7129491847867,62.1562382457307,307.5,1.30841121495327,25.7181827198454
"89",2006,"BUFFRMFISHBM03","moxduq","Moxostoma duquesnei","Black redhorse",13,0.156062424969988,178.538461538462,84.9034897050914,23.5479911998105,46.1532146598946,87,1.21495327102804,6.75662361350642
"90",2006,"BUFFRMFISHBM03","moxery","Moxostoma erythrurum","Golden redhorse",4,0.0480192076830732,274.25,29.7139136881473,14.8569568440736,29.1191003342502,230.25,0.373831775700935,5.50207811497738
"91",2006,"BUFFRMFISHBM03","notala","Noturus albater","Ozark madtom",4,0.0480192076830732,68.5,1.91485421551268,0.957427107756338,1.87652264902477,2.75,0.373831775700935,0.065714288018188
"92",2006,"BUFFRMFISHBM03","notboo","Notropis boops","Bigeye shiner",122,1.46458583433373,53.8709677419355,7.94036915801724,1.42613240082977,2.795168142812,1.38709677419355,11.4018691588785,1.01095939866104
"93",2006,"BUFFRMFISHBM03","notexi","Noturus exilis","Slender madtom",2,0.0240096038415366,52,2.82842712474619,2,3.91992796908011,2,0.186915887850467,0.0238961047338866
"94",2006,"BUFFRMFISHBM03","notflv","Noturus flavater","Checkered madtom",2,0.0240096038415366,80,14.142135623731,10,19.5996398454005,5.5,0.186915887850467,0.065714288018188
"95",2006,"BUFFRMFISHBM03","notnub","Notropis nubilus","Ozark minnow",120,1.4405762304922,61.741935483871,10.8473276031026,1.94823755033862,3.81847543199224,1.90322580645161,11.214953271028,1.3643904960961
"96",2006,"BUFFRMFISHBM03","notoza","Notropis ozarcanus","Ozark shiner",4,0.0480192076830732,48,2,1,1.95996398454005,0.5,0.373831775700935,0.0119480523669433
"97",2006,"BUFFRMFISHBM03","notper","Notropis percobromus","Carmine shiner",5,0.0600240096038415,54.8,4.96990945591567,2.22261107708929,4.35623766273478,1,0.467289719626168,0.0298701309173582
"98",2006,"BUFFRMFISHBM03","notspp","Notropis spp.","Notropis spp.",1,0.0120048019207683,30,NA,NA,NA,NA,0.0934579439252337,NA
"99",2006,"BUFFRMFISHBM03","nottel","Notropis telescopus","Telescope shiner",2,0.0240096038415366,60,1.4142135623731,1,1.95996398454005,1.5,0.186915887850467,0.0179220785504149
"100",2006,"BUFFRMFISHBM03","percap","Percina caprodes","Logperch",1,0.0120048019207683,128,NA,NA,NA,60,0.0934579439252337,0.358441571008298
"101",2006,"BUFFRMFISHBM03","pimnot","Pimephales notatus","Bluntnose minnow",56,0.672268907563025,55.3409090909091,7.70364812950145,1.16136865283998,2.27624073234016,1.54545454545455,5.23364485981308,0.517024811515
"102",2006,"BUFFRMFISHBM03","pyloli","Pylodictis olivaris","Flathead catfish",4,0.0480192076830732,361.75,152.89729668419,76.4486483420952,149.836597417274,712,0.373831775700935,17.0140265705272
"103",2006,"BUFFRMFISHBM04","ambcon","Ambloplites constellatus","Ozark bass",41,0.35147878268324,135.612903225806,29.5732733160138,5.31151668584303,10.4103814075359,54,2.71883289124668,14.5754425079768
"104",2006,"BUFFRMFISHBM04","amenat","Ameiurus natalis","Yellow bullhead",7,0.0600085726532362,175.857142857143,90.0840877022288,34.0485847348899,66.7339998049445,136.571428571429,0.464190981432361,6.29364184174607
"105",2006,"BUFFRMFISHBM04","camspp","Campostoma spp.","Stoneroller spp.",189,1.62023146163738,86.6333333333333,17.1010855338713,3.12221676824219,6.11943241768174,6.66666666666667,12.5331564986737,8.29496728096239
"106",2006,"BUFFRMFISHBM04","cotimm","Cottus immaculatus","Knobfin Sculpin",1,0.0085726532361766,80,NA,NA,NA,4,0.0663129973474801,0.0263332294633727
"107",2006,"BUFFRMFISHBM04","cypgal","Cyprinella galactura","Whitetail shiner",25,0.214316330904415,49.12,18.2421672689038,3.64843345378077,7.15079816940139,1.64,1.657824933687,0.26991560199957
"108",2006,"BUFFRMFISHBM04","cypgre","Notropis greenei","Wedgespot shiner",8,0.0685812258894128,62.75,11.5356590003098,4.07847135228735,7.99365696246157,2.125,0.530503978779841,0.111916225219334
"109",2006,"BUFFRMFISHBM04","cypspp","Cyprinidae spp.","Non-carp minnow spp.",1,0.0085726532361766,17,NA,NA,NA,NA,0.0663129973474801,NA
"110",2006,"BUFFRMFISHBM04","erihar","Erimystax harryi","Ozark chub",1,0.0085726532361766,111,NA,NA,NA,10,0.0663129973474801,0.0658330736584317
"111",2006,"BUFFRMFISHBM04","ethble","Etheostoma blennioides","Greenside darter",65,0.557222460351479,80.1,18.9433820670421,3.45857255785259,6.77867765130966,6.23333333333333,4.31034482758621,2.66733670106079
"112",2006,"BUFFRMFISHBM04","ethcae","Etheostoma caeruleum","Rainbow darter",210,1.80025717959709,42.0666666666667,5.19239054195944,0.947996475735887,1.85803894991324,0.866666666666667,13.9257294429708,1.19816194058346
"113",2006,"BUFFRMFISHBM04","etheux","Etheostoma euzonum","Arkansas saddled darter",36,0.308615516502357,75.8333333333333,11.8556936222377,2.16454361058991,4.24242751972251,4.8,2.38726790450928,1.1375955128177
"114",2006,"BUFFRMFISHBM04","ethjul","Etheostoma juliae","Yoke darter",138,1.18302614659237,44.8333333333333,7.78629801520653,1.42157702079544,2.78623976200881,1.23333333333333,9.15119363395226,1.12047891366651
"115",2006,"BUFFRMFISHBM04","ethzon","Etheostoma zonale","Banded darter",32,0.274324903557651,46.5333333333333,5.11072795498695,0.933086995406199,1.82881690543884,1.1,2.12201591511936,0.23173241927768
"116",2006,"BUFFRMFISHBM04","funcat","Fundulus catenatus","Northern studfish",10,0.085726532361766,67.7,8.75658482387841,2.76907525679202,5.42728777379336,3,0.663129973474801,0.197499220975295
"117",2006,"BUFFRMFISHBM04","funoli","Fundulus olivaceus","Blackspotted topminnow",1,0.0085726532361766,55,NA,NA,NA,1,0.0663129973474801,0.00658330736584317
"118",2006,"BUFFRMFISHBM04","hypamb","Hybopsis amblops","Bigeye chub",41,0.35147878268324,65.2333333333333,2.90876598237636,0.531065581017068,1.04086941222229,1.96666666666667,2.71883289124668,0.530834017265821
"119",2006,"BUFFRMFISHBM04","hypnig","Hypentelium nigricans","Northern hog sucker",3,0.0257179597085298,112,18.1934053986603,10.5039675043925,20.5873980033883,15,0.19893899204244,0.296248831462943
"120",2006,"BUFFRMFISHBM04","ichcas","Ichthyomyzon castaneus","Chestnut lamprey",1,0.0085726532361766,185,NA,NA,NA,10,0.0663129973474801,0.0658330736584317
"121",2006,"BUFFRMFISHBM04","lepcya","Lepomis cyanellus","Green sunfish",2,0.0171453064723532,115.5,94.0452018978108,66.5,130.337604971914,80.5,0.13262599469496,1.05991248590075
"122",2006,"BUFFRMFISHBM04","lepmeg","Lepomis megalotis","Longear sunfish",263,2.25460780111445,76.2333333333333,38.0438492174075,4.91143981482151,9.62624514928623,16.2666666666667,17.4403183023873,28.1642666853925
"123",2006,"BUFFRMFISHBM04","luxchr","Luxilus chrysocephalus","Striped shiner",23,0.197171024432062,97.6086956521739,31.3321489418178,6.53320467775213,12.8048458720228,12.1739130434783,1.52519893899204,1.84332606243609
"124",2006,"BUFFRMFISHBM04","luxpil","Luxilus pilsbryi","Duskystripe shiner",69,0.591513073296185,68.6,13.6649564391094,2.4948682963419,4.88985200700093,2.8,4.57559681697613,1.2718949830809
"125",2006,"BUFFRMFISHBM04","micdol","Micropterus dolomieu","Smallmouth bass",9,0.0771538791255894,247.333333333333,66.9701426010129,22.3233808670043,43.7530225124989,221.666666666667,0.596816976127321,13.1336981948571
"126",2006,"BUFFRMFISHBM04","micsal","Micropterus salmoides","Largemouth bass",1,0.0085726532361766,322,NA,NA,NA,467,0.0663129973474801,3.07440453984876
"127",2006,"BUFFRMFISHBM04","moxduq","Moxostoma duquesnei","Black redhorse",6,0.0514359194170596,190.5,92.8240270619628,37.8952503620177,74.2733258946831,91.3333333333333,0.397877984084881,3.60765243648206
"128",2006,"BUFFRMFISHBM04","moxery","Moxostoma erythrurum","Golden redhorse",16,0.137162451778826,142.375,85.3962333283305,21.3490583320826,41.8433854347267,74.5625,1.06100795755968,7.8538856874509
"129",2006,"BUFFRMFISHBM04","notala","Noturus albater","Ozark madtom",11,0.0942991855979426,68.5454545454545,20.1015603193565,6.06084848000019,11.8790447365547,3.9,0.729442970822281,0.282423885994672
"130",2006,"BUFFRMFISHBM04","notboo","Notropis boops","Bigeye shiner",129,1.10587226746678,53.3333333333333,10.4891843584593,1.9150542943195,3.75343744530499,1.23333333333333,8.55437665782493,1.04740420190565
"131",2006,"BUFFRMFISHBM04","notexi","Noturus exilis","Slender madtom",8,0.0685812258894128,57.125,10.7893796988388,3.81462177492268,7.47652129349072,1.75,0.530503978779841,0.0921663031218043
"132",2006,"BUFFRMFISHBM04","notnub","Notropis nubilus","Ozark minnow",112,0.960137162451779,54.1666666666667,6.42239257884331,1.17256309619542,2.2981814381438,1.3,7.42705570291777,0.958529552466765
"133",2006,"BUFFRMFISHBM04","notoza","Notropis ozarcanus","Ozark shiner",1,0.0085726532361766,57,NA,NA,NA,1,0.0663129973474801,0.00658330736584317
"134",2006,"BUFFRMFISHBM04","notper","Notropis percobromus","Carmine shiner",12,0.102871838834119,54.8333333333333,6.05780238180231,1.74873691791556,3.42746137755007,1.08333333333333,0.795755968169761,0.0855829957559612
"135",2006,"BUFFRMFISHBM04","nottel","Notropis telescopus","Telescope shiner",4,0.0342906129447064,57.5,4.65474668125631,2.32737334062816,4.56156792620986,1,0.26525198938992,0.0263332294633727
"136",2006,"BUFFRMFISHBM04","pimnot","Pimephales notatus","Bluntnose minnow",32,0.274324903557651,58.1875,12.1905238184313,2.15500051455723,4.22372339519746,1.90625,2.12201591511936,0.401581749316433
"137",2006,"BUFFRMFISHBM05","ambcon","Ambloplites constellatus","Ozark bass",28,0.192395785616125,129.321428571429,52.7994483496916,9.97815783533454,19.5568299893118,62.3571428571429,1.5233949945593,7.11874498104743
"138",2006,"BUFFRMFISHBM05","amenat","Ameiurus natalis","Yellow bullhead",5,0.0343563902885937,92.2,112.453101335623,50.2905557734253,98.5676780784164,68.6,0.272034820457018,1.39847052033177
"139",2006,"BUFFRMFISHBM05","camspp","Campostoma spp.","Stoneroller spp.",268,1.84150251946862,73.4857142857143,28.1272020613199,4.75436489914665,9.31838397168883,5,14.5810663764962,5.46341252840982
"140",2006,"BUFFRMFISHBM05","cypgal","Cyprinella galactura","Whitetail shiner",63,0.43289051763628,65.5294117647059,18.4969043996764,3.17219293406074,6.2173839027715,2.70588235294118,3.42763873775843,0.69503816976873
"141",2006,"BUFFRMFISHBM05","cypgre","Notropis greenei","Wedgespot shiner",51,0.350435180943655,58.875,6.64175452917423,1.17410741663889,2.30120825059359,1.8125,2.77475516866159,0.376883728055883
"142",2006,"BUFFRMFISHBM05","cypspp","Cyprinidae spp.","Non-carp minnow spp.",5,0.0343563902885937,27.8,2.04939015319192,0.916515138991168,1.79633666370841,NA,0.272034820457018,NA
"143",2006,"BUFFRMFISHBM05","erihar","Erimystax harryi","Ozark chub",9,0.0618415025194686,103,10.8397416943394,3.61324723144647,7.08183444087414,8.22222222222222,0.489662676822633,0.301710841121139
"144",2006,"BUFFRMFISHBM05","ethble","Etheostoma blennioides","Greenside darter",66,0.453504351809437,63.5,8.0204480053733,1.46432676461342,2.87002772024037,2.43333333333333,3.59085963003264,0.654794068703446
"145",2006,"BUFFRMFISHBM05","ethcae","Etheostoma caeruleum","Rainbow darter",178,1.22308749427393,42.6,5.30841881776745,0.96918024372538,1.8995583722295,0.766666666666667,9.68443960826986,0.556398280878354
"146",2006,"BUFFRMFISHBM05","etheux","Etheostoma euzonum","Arkansas saddled darter",58,0.398534127347687,62.2,7.39244721740162,1.34967003204572,2.64530465382263,2.4,3.15560391730141,0.567542555190035
"147",2006,"BUFFRMFISHBM05","ethjul","Etheostoma juliae","Yoke darter",20,0.137425561154375,42.6111111111111,7.5781333173258,1.78618315247226,3.50085464863785,1.44444444444444,1.08813928182807,0.117785013050295
"148",2006,"BUFFRMFISHBM05","ethzon","Etheostoma zonale","Banded darter",60,0.412276683463124,44.5806451612903,4.41794970205552,0.793487190576782,1.55520631572436,0.838709677419355,3.26441784548422,0.205173893700513
"149",2006,"BUFFRMFISHBM05","funcat","Fundulus catenatus","Northern studfish",5,0.0343563902885937,69,11.4455231422596,5.11859355682789,10.0322590228814,3,0.272034820457018,0.0611576029299607
"150",2006,"BUFFRMFISHBM05","funoli","Fundulus olivaceus","Blackspotted topminnow",6,0.0412276683463124,60.6666666666667,6.34560215162176,2.59058123036339,5.07744591053771,1.83333333333333,0.326441784548422,0.0448489088153045
"151",2006,"BUFFRMFISHBM05","gamaff","Gambusia affinis","Western Mosquitofish",3,0.0206138341731562,36.6666666666667,8.38649708360608,4.84194634877798,9.49004045868006,1.33333333333333,0.163220892274211,0.0163086941146562
"152",2006,"BUFFRMFISHBM05","hypamb","Hybopsis amblops","Bigeye chub",4,0.0274851122308749,65.5,3.1091263510296,1.5545631755148,3.04688783570123,2,0.217627856365615,0.0326173882293124
"153",2006,"BUFFRMFISHBM05","hypnig","Hypentelium nigricans","Northern hog sucker",11,0.0755840586349061,189.363636363636,115.453256972051,34.8104667455253,68.2272611062588,153,0.598476605005441,6.86188304874159
"154",2006,"BUFFRMFISHBM05","labsic","Labidesthes sicculus","Brook silverside",3,0.0206138341731562,76,14.422205101856,8.32666399786453,16.3199615471808,2,0.163220892274211,0.0244630411719843
"155",2006,"BUFFRMFISHBM05","lepcya","Lepomis cyanellus","Green sunfish",4,0.0274851122308749,49.75,18.6971477325643,9.34857386628214,18.3228680847254,2.5,0.217627856365615,0.0407717352866405
"156",2006,"BUFFRMFISHBM05","lepmac","Lepomis macrochirus","Bluegill",2,0.0137425561154375,33.5,2.12132034355964,1.5,2.93994597681008,0.5,0.108813928182807,0.00407717352866405
"157",2006,"BUFFRMFISHBM05","lepmeg","Lepomis megalotis","Longear sunfish",449,3.08520384791571,78.5609756097561,31.0395302642355,4.84756020862089,9.50104342178642,13.5121951219512,24.4287268770403,24.736112355148
"158",2006,"BUFFRMFISHBM05","luxchr","Luxilus chrysocephalus","Striped shiner",1,0.00687127805771874,152,NA,NA,NA,39,0.0544069640914037,0.159009767617898
"159",2006,"BUFFRMFISHBM05","luxpil","Luxilus pilsbryi","Duskystripe shiner",30,0.206138341731562,65.7666666666667,22.8845427931295,4.1781267686631,8.18897798942239,2.93333333333333,1.63220892274211,0.358791270522436
"160",2006,"BUFFRMFISHBM05","luxspp","Luxilus spp.","Luxilus spp.",3,0.0206138341731562,26.3333333333333,1.15470053837925,0.666666666666667,1.30664265636004,NA,0.163220892274211,NA
"161",2006,"BUFFRMFISHBM05","micdol","Micropterus dolomieu","Smallmouth bass",13,0.0893266147503436,208.923076923077,87.8819867193704,24.3740776389489,47.7723143287228,173.538461538462,0.707290533188248,9.19810348066609
"162",2006,"BUFFRMFISHBM05","moxduq","Moxostoma duquesnei","Black redhorse",49,0.336692624828218,234.366666666667,81.0944461440011,14.8057524804858,29.0187416257666,159.6,2.66594124047878,31.8851278635643
"163",2006,"BUFFRMFISHBM05","moxery","Moxostoma erythrurum","Golden redhorse",3,0.0206138341731562,357.666666666667,60.0527545857252,34.671474025647,67.954840381184,512,0.163220892274211,6.26253854002798
"164",2006,"BUFFRMFISHBM05","nocbig","Nocomis biguttatus","Hornyhead chub",1,0.00687127805771874,89,NA,NA,NA,8,0.0544069640914037,0.0326173882293124
"165",2006,"BUFFRMFISHBM05","notboo","Notropis boops","Bigeye shiner",101,0.693999083829592,55.4666666666667,6.70426181147348,1.22402514185482,2.39904519420698,1.36666666666667,5.49510337323177,0.562785852739927
"166",2006,"BUFFRMFISHBM05","notexi","Noturus exilis","Slender madtom",18,0.123683005038937,48.2777777777778,17.7459375817001,4.18275760084444,8.19805425371626,1.44444444444444,0.979325353645267,0.106006511745265
"167",2006,"BUFFRMFISHBM05","notflv","Noturus flavater","Checkered madtom",14,0.0961978928080623,60.2142857142857,12.1792924603675,3.25505282857245,6.37978631177723,2.35714285714286,0.761697497279652,0.134546726445914
"168",2006,"BUFFRMFISHBM05","notnub","Notropis nubilus","Ozark minnow",240,1.6491067338525,59.9,10.2531744453558,1.87196497658562,3.66898393442819,1.66666666666667,13.0576713819369,1.63086941146562
"169",2006,"BUFFRMFISHBM05","notoza","Notropis ozarcanus","Ozark shiner",6,0.0412276683463124,48.3333333333333,2.16024689946929,0.881917103688197,1.72852576057874,0.833333333333333,0.326441784548422,0.0203858676433202
"170",2006,"BUFFRMFISHBM05","notper","Notropis percobromus","Carmine shiner",17,0.116811726981219,56.2941176470588,3.34971464983125,0.812425136290184,1.59232400726381,1.11764705882353,0.924918389553863,0.0774662970446169
"171",2006,"BUFFRMFISHBM05","perevi","Percina evides","Gilt darter",4,0.0274851122308749,60.5,5.25991127935317,2.62995563967658,5.1546183347041,2,0.217627856365615,0.0326173882293124
"172",2006,"BUFFRMFISHBM05","pimnot","Pimephales notatus","Bluntnose minnow",40,0.274851122308749,57.3428571428571,7.28391805176815,1.23120686650914,2.41312111587633,1.6,2.17627856365615,0.260939105834499
"173",2006,"BUFFRMFISHBM06","ambcon","Ambloplites constellatus","Ozark bass",52,0.531244679039673,148.333333333333,44.7308682535075,8.16670185307926,16.0064415045119,70.8666666666667,2.9229904440697,20.3440358073574
"174",2006,"BUFFRMFISHBM06","amenat","Ameiurus natalis","Yellow bullhead",2,0.020432487655372,177.5,92.6309883354377,65.5,128.377640987374,93,0.112422709387296,1.02684456007177
"175",2006,"BUFFRMFISHBM06","camspp","Campostoma spp.","Stoneroller spp.",100,1.0216243827686,100.8,21.01132699448,3.83612591933131,7.51866864204998,11.4666666666667,5.62113546936481,6.33036789721666
"176",2006,"BUFFRMFISHBM06","cypgal","Cyprinella galactura","Whitetail shiner",41,0.418865996935127,50.5121951219512,15.5275914925972,2.42500237646841,4.75291732030213,1.46341463414634,2.30466554243957,0.331240180668313
"177",2006,"BUFFRMFISHBM06","cypgre","Notropis greenei","Wedgespot shiner",88,0.89902945683637,60.6333333333333,7.08803427510459,1.29409208694819,2.53637388309672,2.03333333333333,4.94659921304103,0.987831827681948
"178",2006,"BUFFRMFISHBM06","cypspp","Cyprinidae spp.","Non-carp minnow spp.",16,0.163459901242976,44,6.27162924074226,1.56790731018556,3.07304185906078,0.625,0.89938167509837,0.0552066967780522
"179",2006,"BUFFRMFISHBM06","erihar","Erimystax harryi","Ozark chub",6,0.0612974629661161,96.1666666666667,12.8283540123691,5.23715359501493,10.2646324277337,7.16666666666667,0.337268128161889,0.237388796145625
"180",2006,"BUFFRMFISHBM06","ethble","Etheostoma blennioides","Greenside darter",99,1.01140813894092,81.8709677419355,13.9827082152299,2.51136853214863,4.92219187491854,6.06451612903226,5.56492411467116,3.3145388401068
"181",2006,"BUFFRMFISHBM06","ethcae","Etheostoma caeruleum","Rainbow darter",25,0.255406095692151,41.625,4.20984870119539,0.859331767687266,1.68425931543818,0.75,1.4052838673412,0.103512556458848
"182",2006,"BUFFRMFISHBM06","etheux","Etheostoma euzonum","Arkansas saddled darter",27,0.275838583347523,72.4444444444444,14.0365822416157,2.70134151189971,5.29453207326642,4.37037037037037,1.5177065767285,0.651439021981016
"183",2006,"BUFFRMFISHBM06","ethjul","Etheostoma juliae","Yoke darter",91,0.929678188319428,40.2333333333333,4.50044697652419,0.821665442632741,1.61043467490133,0.8,5.11523327712198,0.40190475254422
"184",2006,"BUFFRMFISHBM06","ethzon","Etheostoma zonale","Banded darter",28,0.286054827175209,44.25,3.65781760475145,0.691262551671878,1.35484970513814,1.26923076923077,1.57391793142215,0.196196107011232
"185",2006,"BUFFRMFISHBM06","funcat","Fundulus catenatus","Northern studfish",4,0.0408649753107441,62.75,6.89806736219163,3.44903368109581,6.7599817964134,3.25,0.224845418774592,0.0717687058114679
"186",2006,"BUFFRMFISHBM06","funoli","Fundulus olivaceus","Blackspotted topminnow",11,0.112378682104546,62.3636363636364,10.2788396939803,3.09918677683129,6.07429446395211,2.09090909090909,0.618324901630129,0.12697540258952
"187",2006,"BUFFRMFISHBM06","hypamb","Hybopsis amblops","Bigeye chub",3,0.0306487314830581,69.3333333333333,16.6533279957291,9.6148034012373,18.8446683848583,2.33333333333333,0.168634064080944,0.0386446877446366
"188",2006,"BUFFRMFISHBM06","hypnig","Hypentelium nigricans","Northern hog sucker",2,0.020432487655372,206,94.7523086789974,67,131.317586964184,114.5,0.112422709387296,1.2642333562174
"189",2006,"BUFFRMFISHBM06","ichcas","Ichthyomyzon castaneus","Chestnut lamprey",2,0.020432487655372,168,1.4142135623731,1,1.95996398454005,9.5,0.112422709387296,0.104892723878299
"190",2006,"BUFFRMFISHBM06","labsic","Labidesthes sicculus","Brook silverside",3,0.0306487314830581,80.6666666666667,2.08166599946613,1.20185042515466,2.35558354810729,2.33333333333333,0.168634064080944,0.0386446877446366
"191",2006,"BUFFRMFISHBM06","lepcya","Lepomis cyanellus","Green sunfish",10,0.10216243827686,111.2,39.8770332118348,12.6102251279578,24.7155870877392,38.3,0.562113546936481,2.1144164865994
"192",2006,"BUFFRMFISHBM06","lepmac","Lepomis macrochirus","Bluegill",1,0.010216243827686,126,NA,NA,NA,34,0.0562113546936481,0.187702769045378
"193",2006,"BUFFRMFISHBM06","lepmeg","Lepomis megalotis","Longear sunfish",457,4.66882342925251,82.1515151515152,21.3265111013868,3.71246906224259,7.27630565571466,12.375,25.6885890949972,31.2214572791177
"194",2006,"BUFFRMFISHBM06","luxpil","Luxilus pilsbryi","Duskystripe shiner",31,0.316703558658267,73.6129032258064,11.5026878579308,2.06594372684338,4.04917529869948,3.61290322580645,1.74255199550309,0.618315003914185
"195",2006,"BUFFRMFISHBM06","luxspp","Luxilus spp.","Luxilus spp.",28,0.286054827175209,32.7857142857143,2.85912629567201,0.540324081805248,1.05901574031796,0.25,1.57391793142215,0.0386446877446366
"196",2006,"BUFFRMFISHBM06","micdol","Micropterus dolomieu","Smallmouth bass",15,0.15324365741529,238.2,91.7093234082555,23.6792454834749,46.4104683286935,231.533333333333,0.843170320404722,19.1732857910175
"197",2006,"BUFFRMFISHBM06","moxduq","Moxostoma duquesnei","Black redhorse",6,0.0612974629661161,137,67.5307337439776,27.5693066047492,54.0348480240506,39.8333333333333,0.337268128161889,1.31944005299545
"198",2006,"BUFFRMFISHBM06","moxery","Moxostoma erythrurum","Golden redhorse",2,0.020432487655372,88.5,6.36396103067893,4.5,8.81983793043024,7.5,0.112422709387296,0.0828100451670784
"199",2006,"BUFFRMFISHBM06","notala","Noturus albater","Ozark madtom",21,0.214541120381406,60.3333333333333,8.13838640845551,1.77594151197844,3.48078140212734,2.19047619047619,1.18043844856661,0.25395080517904
"200",2006,"BUFFRMFISHBM06","notboo","Notropis boops","Bigeye shiner",260,2.65622339519837,50.4333333333333,6.40949367699215,1.17020808969178,2.2935657102133,1.13333333333333,14.6149522203485,1.62675733172661
"201",2006,"BUFFRMFISHBM06","notexi","Noturus exilis","Slender madtom",2,0.020432487655372,78,24.0416305603426,17,33.3193877371809,4,0.112422709387296,0.0441653574224418
"202",2006,"BUFFRMFISHBM06","notflv","Noturus flavater","Checkered madtom",1,0.010216243827686,83,NA,NA,NA,NA,0.0562113546936481,NA
"203",2006,"BUFFRMFISHBM06","notnub","Notropis nubilus","Ozark minnow",216,2.20670866678018,52.8333333333333,5.63904695624293,1.0295444069217,2.01786995805118,1.2,12.141652613828,1.43095758048711
"204",2006,"BUFFRMFISHBM06","notper","Notropis percobromus","Carmine shiner",73,0.745785799421079,54.5,2.77612977933744,0.506849634234985,0.99340702867787,1.1,4.10342889263631,0.44330977512776
"205",2006,"BUFFRMFISHBM06","percap","Percina caprodes","Logperch",3,0.0306487314830581,140,50.2394267483219,29.0057465570761,56.8502185965659,9,0.168634064080944,0.149058081300741
"206",2006,"BUFFRMFISHBM06","perevi","Percina evides","Gilt darter",5,0.0510812191384301,66.8,5.01996015920445,2.24499443206436,4.40010823233911,3.6,0.281056773468241,0.099372054200494
"207",2006,"BUFFRMFISHBM06","pimnot","Pimephales notatus","Bluntnose minnow",43,0.439298484590499,56.6060606060606,9.11708353154736,1.58708053032406,3.11062067999989,1.60606060606061,2.41708825182687,0.38126079380964
"208",2006,"BUFFRMFISHBM06","pyloli","Pylodictis olivaris","Flathead catfish",5,0.0510812191384301,259.2,69.1895945934069,30.9425273693019,60.6462392344767,188,0.281056773468241,5.18942949713691
"209",2006,"BUFFRMFISHBT03","camspp","Campostoma spp.","Stoneroller spp.",39,0.94698502630514,86.5333333333333,13.2736018377502,2.42341704862594,4.7498101348272,8.6,7.47126436781609,24.7366952085252
"210",2006,"BUFFRMFISHBT03","chrery","Chrosomus erythrogaster","Southern redbelly dace",223,5.41481181707811,56.7333333333333,5.83646877967251,1.06558853560043,2.08851515211562,1.83333333333333,42.72030651341,30.1526104882292
"211",2006,"BUFFRMFISHBT03","ethaut","Etheostoma autmnale","Autumn darter",3,0.0728450020234723,72,4.35889894354067,2.51661147842358,4.93246786079032,3.66666666666667,0.574712643678161,0.811280999683297
"212",2006,"BUFFRMFISHBT03","ethble","Etheostoma blennioides","Greenside darter",1,0.0242816673411574,77,NA,NA,NA,6,0.191570881226054,0.442516908918162
"213",2006,"BUFFRMFISHBT03","ethcae","Etheostoma caeruleum","Rainbow darter",53,1.28692836908134,57.5,5.34421238917449,0.916524863444491,1.79635572328669,3.82352941176471,10.1532567049808,14.9457916786575
"214",2006,"BUFFRMFISHBT03","ethspe","Etheostoma spectabile","Orangethroat darter",15,0.364225010117361,53.5333333333333,9.67224797823034,2.4973636893383,4.89474288740114,1.86666666666667,2.8735632183908,2.06507890828476
"215",2006,"BUFFRMFISHBT03","ethzon","Etheostoma zonale","Banded darter",28,0.679886685552408,65,27.6177613274635,5.21926630291469,10.2295739794363,7.78571428571429,5.3639846743295,16.0781143573599
"216",2006,"BUFFRMFISHBT03","funcat","Fundulus catenatus","Northern studfish",146,3.54512343180898,NA,NA,NA,NA,NA,27.9693486590038,NA
"217",2006,"BUFFRMFISHBT03","lepcya","Lepomis cyanellus","Green sunfish",8,0.194253338729259,75.125,37.7300088978067,13.3395725729339,26.1450818121088,13.5,1.53256704980843,7.96530436052691
"218",2006,"BUFFRMFISHBT03","luxpil","Luxilus pilsbryi","Duskystripe shiner",5,0.121408336705787,90.6,13.4647688431699,6.02162768692984,11.8021733946917,7.6,0.957854406130268,2.80260708981502
"219",2006,"BUFFRMFISHBT03","sematr","Semotilus atromaculatus","Creek chub",1,0.0242816673411574,NA,NA,NA,NA,NA,0.191570881226054,NA
"220",2006,"BUFFRMFISHBT09","ambcon","Ambloplites constellatus","Ozark bass",21,0.362277170787809,121.285714285714,42.9163638454411,9.36511837495238,18.3552947258609,46,2.13414634146341,8.11596009697477
"221",2006,"BUFFRMFISHBT09","amenat","Ameiurus natalis","Yellow bullhead",4,0.0690051753881541,148,50.5107249337538,25.2553624668769,49.4996008515833,54.25,0.40650406504065,1.8231504565668
"222",2006,"BUFFRMFISHBT09","camspp","Campostoma spp.","Stoneroller spp.",74,1.27659574468085,86.4516129032258,17.9291916710847,3.22017788518111,6.31143267876734,7.54838709677419,7.52032520325203,4.69297953112987
"223",2006,"BUFFRMFISHBT09","cypgal","Cyprinella galactura","Whitetail shiner",2,0.0345025876940771,46.5,4.94974746830583,3.5,6.85987394589019,1,0.203252032520325,0.0168032300144405
"224",2006,"BUFFRMFISHBT09","ethble","Etheostoma blennioides","Greenside darter",31,0.534790109258194,70.2333333333333,14.7617477082593,2.69511406933794,5.28232651012954,3.66666666666667,3.15040650406504,0.95498357248737
"225",2006,"BUFFRMFISHBT09","ethcae","Etheostoma caeruleum","Rainbow darter",81,1.39735480161012,44.6666666666667,6.17186795249125,1.12682376650756,2.20853399927859,2.83333333333333,8.23170731707317,1.92817064415705
"226",2006,"BUFFRMFISHBT09","etheux","Etheostoma euzonum","Arkansas saddled darter",8,0.138010350776308,71.875,3.64250698597232,1.2878206951502,2.52408218103973,3.375,0.813008130081301,0.226843605194947
"227",2006,"BUFFRMFISHBT09","ethspe","Etheostoma spectabile","Orangethroat darter",1,0.0172512938470385,47,NA,NA,NA,1,0.101626016260163,0.00840161500722026
"228",2006,"BUFFRMFISHBT09","ethzon","Etheostoma zonale","Banded darter",1,0.0172512938470385,42,NA,NA,NA,1,0.101626016260163,0.00840161500722026
"229",2006,"BUFFRMFISHBT09","funcat","Fundulus catenatus","Northern studfish",5,0.0862564692351926,70.6,18.6493967730863,8.34026378479722,16.3466166397663,3.6,0.508130081300813,0.151229070129965
"230",2006,"BUFFRMFISHBT09","funoli","Fundulus olivaceus","Blackspotted topminnow",12,0.207015526164462,61.25,7.56937610014554,2.18509066450827,4.28269900539091,2.75,1.21951219512195,0.277253295238269
"231",2006,"BUFFRMFISHBT09","hypamb","Hybopsis amblops","Bigeye chub",32,0.552041403105233,75.875,8.83449982153909,1.56173368305041,3.06094177222189,3.46875,3.2520325203252,0.932579265801449
"232",2006,"BUFFRMFISHBT09","hypnig","Hypentelium nigricans","Northern hog sucker",8,0.138010350776308,176,78.0805444945886,27.6056412454308,54.1060626111777,95.375,0.813008130081301,6.41043225050906
"233",2006,"BUFFRMFISHBT09","ichamm","Ichthyomyzon spp.","Ichthyomyzon ammocoete",2,0.0345025876940771,128,9.89949493661167,7,13.7197478917804,3,0.203252032520325,0.0504096900433215
"234",2006,"BUFFRMFISHBT09","lepcya","Lepomis cyanellus","Green sunfish",23,0.396779758481886,68.9565217391304,35.6376693719001,7.43096774744152,14.5644291552641,13.3913043478261,2.33739837398374,2.58769742222384
"235",2006,"BUFFRMFISHBT09","lepmac","Lepomis macrochirus","Bluegill",4,0.0690051753881541,78.5,25.4361946839538,12.7180973419769,24.9270127421493,10.5,0.40650406504065,0.352867830303251
"236",2006,"BUFFRMFISHBT09","lepmeg","Lepomis megalotis","Longear sunfish",344,5.93444508338125,85.5,34.2271821802497,6.2489999199872,12.2478147825686,18.7857142857143,34.9593495934959,54.2936366380879
"237",2006,"BUFFRMFISHBT09","lepmxc","Lepomis macrochirus x L. cyanellus","Bluegill x Green sunfish hybrid",1,0.0172512938470385,209,NA,NA,NA,210,0.101626016260163,1.76433915151625
"238",2006,"BUFFRMFISHBT09","luxchr","Luxilus chrysocephalus","Striped shiner",3,0.0517538815411156,96.6666666666667,47.8156180900481,27.6063599757576,54.1074712967329,14,0.304878048780488,0.352867830303251
"239",2006,"BUFFRMFISHBT09","luxpil","Luxilus pilsbryi","Duskystripe shiner",33,0.569292696952271,80,14.6372811683044,2.54802359534292,4.99403447863038,4.6969696969697,3.35365853658537,1.30225032611914
"240",2006,"BUFFRMFISHBT09","luxspp","Luxilus spp.","Luxilus spp.",4,0.0690051753881541,21.75,4.7169905660283,2.35849528301415,4.62256581241534,NA,0.40650406504065,NA
"241",2006,"BUFFRMFISHBT09","micdol","Micropterus dolomieu","Smallmouth bass",5,0.0862564692351926,226.8,37.5326524508993,16.785112451217,32.8982158808401,140.6,0.508130081300813,5.90633535007584
"242",2006,"BUFFRMFISHBT09","moxduq","Moxostoma duquesnei","Black redhorse",2,0.0345025876940771,297.5,6.36396103067893,4.5,8.81983793043024,237.5,0.203252032520325,3.99076712842962
"243",2006,"BUFFRMFISHBT09","nocbig","Nocomis biguttatus","Hornyhead chub",8,0.138010350776308,84.625,17.3199925767058,6.12354210054466,12.0019219748823,8.85714285714286,0.813008130081301,0.595314434797321
"244",2006,"BUFFRMFISHBT09","notala","Noturus albater","Ozark madtom",2,0.0345025876940771,75.5,0.707106781186548,0.5,0.979981992270027,5.5,0.203252032520325,0.0924177650794229
"245",2006,"BUFFRMFISHBT09","notboo","Notropis boops","Bigeye shiner",42,0.724554341575618,47.9285714285714,7.47481252605385,1.15338861310872,2.26060014187168,0.904761904761905,4.26829268292683,0.31926137027437
"246",2006,"BUFFRMFISHBT09","notexi","Noturus exilis","Slender madtom",1,0.0172512938470385,59,NA,NA,NA,3,0.101626016260163,0.0252048450216608
"247",2006,"BUFFRMFISHBT09","notflv","Noturus flavater","Checkered madtom",1,0.0172512938470385,111,NA,NA,NA,18,0.101626016260163,0.151229070129965
"248",2006,"BUFFRMFISHBT09","notnub","Notropis nubilus","Ozark minnow",201,3.46751006325474,53.5555555555556,10.9216546220131,1.82027577033551,3.56767495178851,1.36111111111111,20.4268292682927,2.29854183905868
"249",2006,"BUFFRMFISHBT09","notoza","Notropis ozarcanus","Ozark shiner",3,0.0517538815411156,46.3333333333333,2.08166599946613,1.20185042515466,2.35558354810729,1,0.304878048780488,0.0252048450216608
"250",2006,"BUFFRMFISHBT09","nottel","Notropis telescopus","Telescope shiner",1,0.0172512938470385,73,NA,NA,NA,2,0.101626016260163,0.0168032300144405
"251",2006,"BUFFRMFISHBT09","pimnot","Pimephales notatus","Bluntnose minnow",24,0.414031052328925,55.25,10.070404335391,2.05561267710162,4.02892681328313,1.625,2.4390243902439,0.32766298528159
"252",2006,"BUFFRMFISHBT22","ambcon","Ambloplites constellatus","Ozark bass",2,0.0458891013384321,139,12.7279220613579,9,17.6396758608605,54.5,0.416666666666667,3.13958177314361
"253",2006,"BUFFRMFISHBT22","amenat","Ameiurus natalis","Yellow bullhead",4,0.0917782026768642,96.25,10.1775897605147,5.08879488025734,9.97385469001621,12.75,0.833333333333333,1.46897862780114
"254",2006,"BUFFRMFISHBT22","camspp","Campostoma spp.","Stoneroller spp.",6,0.137667304015296,95.1666666666667,26.0185831025955,10.6220420719266,20.8188199032453,9.83333333333333,1.25,1.69940664784838
"255",2006,"BUFFRMFISHBT22","chrery","Chrosomus erythrogaster","Southern redbelly dace",2,0.0458891013384321,56,1.4142135623731,1,1.95996398454005,1.5,0.416666666666667,0.0864105075177142
"256",2006,"BUFFRMFISHBT22","cotcar","Cottus carolinae","Banded sculpin",156,3.57934990439771,74.6,37.5505176969685,6.85575519620886,13.4370332713927,7.66666666666667,32.5,34.448988997062
"257",2006,"BUFFRMFISHBT22","cotimm","Cottus immaculatus","Knobfin Sculpin",87,1.9961759082218,71.1333333333333,11.6492809703619,2.12685798872763,4.16856505813746,5.43333333333333,18.125,13.6154156345412
"258",2006,"BUFFRMFISHBT22","ethble","Etheostoma blennioides","Greenside darter",6,0.137667304015296,74.1666666666667,5.63619256827396,2.30096598072298,4.50981045186892,3.66666666666667,1.25,0.633677055129904
"259",2006,"BUFFRMFISHBT22","ethcae","Etheostoma caeruleum","Rainbow darter",26,0.596558317399618,50.1153846153846,4.95844268356042,0.972430615404075,1.90592898365611,1.42307692307692,5.41666666666667,1.06572959271847
"260",2006,"BUFFRMFISHBT22","funcat","Fundulus catenatus","Northern studfish",13,0.298279158699809,66.3846153846154,10.5951125645937,2.93855550930424,5.75946296480807,3.07692307692308,2.70833333333333,1.15214010023619
"261",2006,"BUFFRMFISHBT22","funoli","Fundulus olivaceus","Blackspotted topminnow",2,0.0458891013384321,39.5,2.12132034355964,1.5,2.93994597681008,1,0.416666666666667,0.0576070050118094
"262",2006,"BUFFRMFISHBT22","gamaff","Gambusia affinis","Western Mosquitofish",1,0.0229445506692161,36,NA,NA,NA,1,0.208333333333333,0.0288035025059047
"263",2006,"BUFFRMFISHBT22","ichamm","Ichthyomyzon spp.","Ichthyomyzon ammocoete",7,0.160611854684512,116.714285714286,25.753409390566,9.73387380849618,19.0780420947102,3.14285714285714,1.45833333333333,0.633677055129904
"264",2006,"BUFFRMFISHBT22","ichcas","Ichthyomyzon castaneus","Chestnut lamprey",1,0.0229445506692161,184,NA,NA,NA,10,0.208333333333333,0.288035025059047
"265",2006,"BUFFRMFISHBT22","lepcya","Lepomis cyanellus","Green sunfish",2,0.0458891013384321,57.5,10.6066017177982,7.5,14.6997298840504,3.5,0.416666666666667,0.201624517541333
"266",2006,"BUFFRMFISHBT22","lepmeg","Lepomis megalotis","Longear sunfish",51,1.17017208413002,75.6,18.3934021154138,3.35816041595847,6.58187346958664,9.2,10.625,13.5146033757705
"267",2006,"BUFFRMFISHBT22","luxpil","Luxilus pilsbryi","Duskystripe shiner",83,1.90439770554493,89.4,17.3753690112142,3.17229385080608,6.2175816959578,6.3,17.2916666666667,15.0613514603376
"268",2006,"BUFFRMFISHBT22","notexi","Noturus exilis","Slender madtom",1,0.0229445506692161,55,NA,NA,NA,1,0.208333333333333,0.0288035025059047
"269",2006,"BUFFRMFISHBT22","notnub","Notropis nubilus","Ozark minnow",28,0.64244741873805,64.8571428571429,8.04484783694364,1.52033333656491,2.97979858416284,2.03571428571429,5.83333333333333,1.64179964283657
"270",2006,"BUFFRMFISHBT22","oncmyk","Oncorhynchus mykiss","Rainbow trout",2,0.0458891013384321,291,5.65685424949238,4,7.83985593816022,195,0.416666666666667,11.2333659773028
"271",2006,"BUFFRMFISHBT24","cotcar","Cottus carolinae","Banded sculpin",42,1.18088097469541,78.4333333333333,34.4220091314217,6.28457029197616,12.3175314305836,10.6666666666667,11.864406779661,32.2462440454379
"272",2006,"BUFFRMFISHBT24","cotimm","Cottus immaculatus","Knobfin Sculpin",264,7.42268041237113,56.4666666666667,12.0135938328882,2.1933721129926,4.29893034616002,2.76666666666667,74.5762711864407,52.5728943097943
"273",2006,"BUFFRMFISHBT24","ethble","Etheostoma blennioides","Greenside darter",8,0.224929709465792,73.25,5.87367006223537,2.07665596572952,4.0701709011101,3.75,2.25988700564972,2.15934669947129
"274",2006,"BUFFRMFISHBT24","ethcae","Etheostoma caeruleum","Rainbow darter",16,0.449859418931584,47,3.61478445646026,0.903696114115064,1.77121183663432,1,4.51977401129944,1.15165157305135
"275",2006,"BUFFRMFISHBT24","ethspe","Etheostoma spectabile","Orangethroat darter",1,0.028116213683224,55,NA,NA,NA,2,0.282485875706215,0.143956446631419
"276",2006,"BUFFRMFISHBT24","gamaff","Gambusia affinis","Western Mosquitofish",1,0.028116213683224,39,NA,NA,NA,1,0.282485875706215,0.0719782233157096
"277",2006,"BUFFRMFISHBT24","ichamm","Ichthyomyzon spp.","Ichthyomyzon ammocoete",12,0.337394564198688,102.666666666667,19.1422110119036,5.52588034030357,10.8305264498729,1.90909090909091,3.38983050847458,1.64895566141444
"278",2006,"BUFFRMFISHBT24","lepmeg","Lepomis megalotis","Longear sunfish",10,0.28116213683224,87.8,16.1093485625928,5.09422330793528,9.98449421275765,13.9,2.82485875706215,10.0049730408836
"279",2006,"BUFFRMFISHBT30","ambcon","Ambloplites constellatus","Ozark bass",2,0.0369230769230769,97,2.82842712474619,2,3.91992796908011,13.5,0.470588235294118,1.06258772907948
"280",2006,"BUFFRMFISHBT30","amenat","Ameiurus natalis","Yellow bullhead",5,0.0923076923076923,121.6,37.2867268609086,16.6751311838918,32.6826565579086,31.6,1.17647058823529,6.21810597016883
"281",2006,"BUFFRMFISHBT30","camspp","Campostoma spp.","Stoneroller spp.",41,0.756923076923077,66.8,13.1814917265813,2.4066001200721,4.71684956053108,3.63333333333333,9.64705882352941,5.86259822377311
"282",2006,"BUFFRMFISHBT30","cotcar","Cottus carolinae","Banded sculpin",39,0.72,72.1,25.9526757639813,4.73828864785007,9.28687509814112,8.03333333333333,9.17647058823529,12.3299531674297
"283",2006,"BUFFRMFISHBT30","cypgal","Cyprinella galactura","Whitetail shiner",1,0.0184615384615385,47,NA,NA,NA,1,0.235294117647059,0.0393551010770179
"284",2006,"BUFFRMFISHBT30","ethaut","Etheostoma autmnale","Autumn darter",4,0.0738461538461539,66.25,3.09569593683445,1.54784796841723,3.03372627164125,3,0.941176470588235,0.472261212924215
"285",2006,"BUFFRMFISHBT30","ethble","Etheostoma blennioides","Greenside darter",7,0.129230769230769,83.5714285714286,21.0780861153406,7.96676771062782,15.6145777860271,6.71428571428571,1.64705882352941,1.84968975061984
"286",2006,"BUFFRMFISHBT30","ethcae","Etheostoma caeruleum","Rainbow darter",42,0.775384615384615,45.3,5.09326803833696,0.92989926533908,1.82256906931485,1.23333333333333,9.88235294117647,2.03859423578953
"287",2006,"BUFFRMFISHBT30","ethjul","Etheostoma juliae","Yoke darter",1,0.0184615384615385,53,NA,NA,NA,1,0.235294117647059,0.0393551010770179
"288",2006,"BUFFRMFISHBT30","ethspe","Etheostoma spectabile","Orangethroat darter",2,0.0369230769230769,45,4.24264068711928,3,5.87989195362016,1,0.470588235294118,0.0787102021540359
"289",2006,"BUFFRMFISHBT30","funcat","Fundulus catenatus","Northern studfish",5,0.0923076923076923,65.4,20.9833267143225,9.38402898546248,18.3923588413864,3.2,1.17647058823529,0.629681617232287
"290",2006,"BUFFRMFISHBT30","funoli","Fundulus olivaceus","Blackspotted topminnow",24,0.443076923076923,61.7083333333333,10.5767553447732,2.15897114407909,4.23150568605626,2.25,5.64705882352941,2.12517545815897
"291",2006,"BUFFRMFISHBT30","gamaff","Gambusia affinis","Western Mosquitofish",6,0.110769230769231,38.8333333333333,3.54494945897211,1.44721955640616,2.83649820827811,0.666666666666667,1.41176470588235,0.157420404308072
"292",2006,"BUFFRMFISHBT30","ichamm","Ichthyomyzon spp.","Ichthyomyzon ammocoete",6,0.110769230769231,117.833333333333,13.437509689919,5.48584035900102,10.7520495285783,2.66666666666667,1.41176470588235,0.629681617232287
"293",2006,"BUFFRMFISHBT30","lepcya","Lepomis cyanellus","Green sunfish",19,0.350769230769231,75.8947368421053,28.376231714514,6.50995402326634,12.7592754266136,10.6842105263158,4.47058823529412,7.98908551863464
"294",2006,"BUFFRMFISHBT30","lepmeg","Lepomis megalotis","Longear sunfish",101,1.86461538461538,80.5333333333333,21.193254185908,3.86934112818753,7.58376925514713,10.9,23.7647058823529,43.326030775689
"295",2006,"BUFFRMFISHBT30","luxchr","Luxilus chrysocephalus","Striped shiner",4,0.0738461538461539,57.5,6.85565460040104,3.42782730020052,6.71841805361619,1.75,0.941176470588235,0.275485707539125
"296",2006,"BUFFRMFISHBT30","luxpil","Luxilus pilsbryi","Duskystripe shiner",22,0.406153846153846,68.0909090909091,11.3049045020675,2.41021373817255,4.72393212186186,2.54545454545455,5.17647058823529,2.203885660313
"297",2006,"BUFFRMFISHBT30","moxduq","Moxostoma duquesnei","Black redhorse",1,0.0184615384615385,124,NA,NA,NA,17,0.235294117647059,0.669036718309305
"298",2006,"BUFFRMFISHBT30","nocbig","Nocomis biguttatus","Hornyhead chub",6,0.110769230769231,102.666666666667,38.4065966556094,15.6794274271877,30.7311130554973,16.5,1.41176470588235,3.89615500662478
"299",2006,"BUFFRMFISHBT30","notexi","Noturus exilis","Slender madtom",13,0.24,79.4615384615385,16.7063629824856,4.63351141229732,9.08151549005808,7.23076923076923,3.05882352941176,3.69937950123969
"300",2006,"BUFFRMFISHBT30","notflv","Noturus flavater","Checkered madtom",2,0.0369230769230769,75.5,6.36396103067893,4.5,8.81983793043024,8,0.470588235294118,0.629681617232287
"301",2006,"BUFFRMFISHBT30","notnub","Notropis nubilus","Ozark minnow",65,1.2,57.1,9.32682449563697,1.70283738871737,3.33749995341428,1.4,15.2941176470588,3.58131419800863
"302",2006,"BUFFRMFISHBT30","pimnot","Pimephales notatus","Bluntnose minnow",7,0.129230769230769,44.5714285714286,5.47287684425485,2.06855301228319,4.05428940418689,0.714285714285714,1.64705882352941,0.19677550538509
"303",2006,"BUFFRMFISHBT31","amenat","Ameiurus natalis","Yellow bullhead",10,0.207756232686981,82.4,20.9719389237672,6.63190939490447,12.9983035627456,8.7,2.23713646532438,4.68859467907378
"304",2006,"BUFFRMFISHBT31","camspp","Campostoma spp.","Stoneroller spp.",52,1.0803324099723,72.2,15.694057737751,2.86532981391824,5.61594323910861,4.2,11.6331096196868,11.7699894012611
"305",2006,"BUFFRMFISHBT31","cotcar","Cottus carolinae","Banded sculpin",16,0.332409972299169,66.4375,24.6223983397231,6.15559958493078,12.064753489714,5.875,3.57941834451902,5.0658379291142
"306",2006,"BUFFRMFISHBT31","cypgal","Cyprinella galactura","Whitetail shiner",1,0.0207756232686981,41,NA,NA,NA,NA,0.223713646532438,NA
"307",2006,"BUFFRMFISHBT31","ethble","Etheostoma blennioides","Greenside darter",3,0.0623268698060942,109,NA,NA,NA,76,0.671140939597315,12.2873515727451
"308",2006,"BUFFRMFISHBT31","ethcae","Etheostoma caeruleum","Rainbow darter",57,1.18421052631579,45.3666666666667,4.97915193813048,0.90906461125321,1.7817338976762,NA,12.751677852349,NA
"309",2006,"BUFFRMFISHBT31","ethspe","Etheostoma spectabile","Orangethroat darter",6,0.124653739612188,43.8333333333333,3.54494945897211,1.44721955640616,2.83649820827811,0.833333333333333,1.34228187919463,0.269459464314585
"310",2006,"BUFFRMFISHBT31","funcat","Fundulus catenatus","Northern studfish",23,0.477839335180055,67.5652173913043,17.5908707907785,3.6679501156929,7.18905012384761,3.21739130434783,5.14541387024608,3.98800007185586
"311",2006,"BUFFRMFISHBT31","funoli","Fundulus olivaceus","Blackspotted topminnow",9,0.186980609418283,67.2222222222222,16.6641664791385,5.55472215971285,10.8870553771637,2.88888888888889,2.01342281879195,1.40118921443584
"312",2006,"BUFFRMFISHBT31","gamaff","Gambusia affinis","Western Mosquitofish",15,0.311634349030471,39.2,5.2263070818969,1.34942668602351,2.64482770438331,0.666666666666667,3.35570469798658,0.53891892862917
"313",2006,"BUFFRMFISHBT31","ichamm","Ichthyomyzon spp.","Ichthyomyzon ammocoete",12,0.249307479224377,124.666666666667,11.7421798606046,3.38967535169653,6.64364160860834,3.33333333333333,2.68456375838926,2.15567571451668
"314",2006,"BUFFRMFISHBT31","lepcya","Lepomis cyanellus","Green sunfish",20,0.415512465373961,72.55,21.0849784393884,4.71474450945899,9.24072943484758,8.05,4.47427293064877,8.67659475092963
"315",2006,"BUFFRMFISHBT31","lepmeg","Lepomis megalotis","Longear sunfish",105,2.1814404432133,61.0322580645161,24.7244600493354,4.44064411460982,8.703502532795,6.1,23.489932885906,34.5177573786983
"316",2006,"BUFFRMFISHBT31","luxchr","Luxilus chrysocephalus","Striped shiner",1,0.0207756232686981,105,NA,NA,NA,11,0.223713646532438,0.592810821492087
"317",2006,"BUFFRMFISHBT31","luxpil","Luxilus pilsbryi","Duskystripe shiner",41,0.85180055401662,63.0333333333333,8.80236384134411,1.60708441175733,3.14982756716011,NA,9.17225950782998,NA
"318",2006,"BUFFRMFISHBT31","luxspp","Luxilus spp.","Luxilus spp.",1,0.0207756232686981,32,NA,NA,NA,NA,0.223713646532438,NA
"319",2006,"BUFFRMFISHBT31","moxduq","Moxostoma duquesnei","Black redhorse",1,0.0207756232686981,96,NA,NA,NA,9,0.223713646532438,0.485027035766253
"320",2006,"BUFFRMFISHBT31","nocbig","Nocomis biguttatus","Hornyhead chub",7,0.145429362880886,119.285714285714,34.0231013955434,12.8595235891061,25.2042030929912,19,1.56599552572707,7.16762175076796
"321",2006,"BUFFRMFISHBT31","notexi","Noturus exilis","Slender madtom",5,0.10387811634349,79.6,16.2726764854464,7.2773621594641,14.2633677350043,5.2,1.11856823266219,1.40118921443584
"322",2006,"BUFFRMFISHBT31","notflv","Noturus flavater","Checkered madtom",4,0.0831024930747922,83.75,8.5,4.25,8.32984693429523,7.75,0.894854586129754,1.67064867875043
"323",2006,"BUFFRMFISHBT31","notnub","Notropis nubilus","Ozark minnow",38,0.789473684210526,52.9,10.2194878068562,1.86581466598805,3.6569295471632,1.16666666666667,8.50111856823266,2.38920725025599
"324",2006,"BUFFRMFISHBT31","pimnot","Pimephales notatus","Bluntnose minnow",20,0.415512465373961,46.6,3.63318042491699,0.812403840463596,1.59228226821067,0.866666666666667,4.47427293064877,0.934126142957228
"325",2007,"BUFFRMFISHBM01","ambcon","Ambloplites constellatus","Ozark bass",2,0.014058106841612,113,4.24264068711928,3,5.87989195362016,25,0.17286084701815,0.730492459752474
"326",2007,"BUFFRMFISHBM01","amenat","Ameiurus natalis","Yellow bullhead",2,0.014058106841612,173,7.07106781186548,5,9.79981992270027,91.5,0.17286084701815,2.67360240269406
"327",2007,"BUFFRMFISHBM01","camspp","Campostoma spp.","Stoneroller spp.",293,2.05951265229616,65.8666666666667,15.0784919517911,2.7529433917187,5.39566989924619,3.43333333333333,25.324114088159,14.6970212952466
"328",2007,"BUFFRMFISHBM01","chrery","Chrosomus erythrogaster","Southern redbelly dace",28,0.196813495782568,61.8214285714286,9.91838387159615,1.87439836656553,3.67375329114914,2.67857142857143,2.42005185825411,1.09573868962871
"329",2007,"BUFFRMFISHBM01","cotcar","Cottus carolinae","Banded sculpin",136,0.955951265229616,83.2333333333333,8.37765226488092,1.52954304146984,2.99784927408474,7.66666666666667,11.7545375972342,15.2332027607049
"330",2007,"BUFFRMFISHBM01","cypgal","Cyprinella galactura","Whitetail shiner",1,0.007029053420806,85,NA,NA,NA,6,0.0864304235090752,0.0876590951702969
"331",2007,"BUFFRMFISHBM01","ethaut","Etheostoma autmnale","Autumn darter",48,0.337394564198688,68.6875,11.5379807592143,2.03964610901009,3.99763291486703,3.90625,4.14866032843561,2.73934672407178
"332",2007,"BUFFRMFISHBM01","ethble","Etheostoma blennioides","Greenside darter",5,0.03514526710403,84,8.09320702811932,3.61939221417077,7.09387838569939,6.4,0.432152117545376,0.467515174241584
"333",2007,"BUFFRMFISHBM01","ethcae","Etheostoma caeruleum","Rainbow darter",284,1.9962511715089,55.7,6.35799794990801,1.16080629924541,2.27513853954822,2.3,24.5462402765774,9.54315349420632
"334",2007,"BUFFRMFISHBM01","ethspe","Etheostoma spectabile","Orangethroat darter",58,0.407685098406748,52.2,5.86867781619888,1.07146907422076,2.10004079602117,1.76666666666667,5.01296456352636,1.4970225475194
"335",2007,"BUFFRMFISHBM01","funcat","Fundulus catenatus","Northern studfish",1,0.007029053420806,67,NA,NA,NA,3,0.0864304235090752,0.0438295475851485
"336",2007,"BUFFRMFISHBM01","hypamb","Hybopsis amblops","Bigeye chub",1,0.007029053420806,77,NA,NA,NA,4,0.0864304235090752,0.058439396780198
"337",2007,"BUFFRMFISHBM01","hypnig","Hypentelium nigricans","Northern hog sucker",5,0.03514526710403,237.4,120.142831662984,53.7295077215491,105.307900041303,244.4,0.432152117545376,17.8532357163505
"338",2007,"BUFFRMFISHBM01","ichamm","Ichthyomyzon spp.","Ichthyomyzon ammocoete",44,0.309278350515464,115.966666666667,20.2134870190985,3.69046093539937,7.23317051973477,3.06666666666667,3.80293863439931,1.97135565138534
"339",2007,"BUFFRMFISHBM01","lepcya","Lepomis cyanellus","Green sunfish",23,0.161668228678538,89.6086956521739,21.9684466501695,4.5807377810042,8.97808107339016,16.3913043478261,1.98789974070873,5.50791314653366
"340",2007,"BUFFRMFISHBM01","lepmeg","Lepomis megalotis","Longear sunfish",26,0.182755388940956,75.9615384615385,26.8096710449506,5.25780906966179,10.3051164141252,13.2692307692308,2.24719101123596,5.04039797229207
"341",2007,"BUFFRMFISHBM01","luxchr","Luxilus chrysocephalus","Striped shiner",6,0.042174320524836,86.3333333333333,30.3688436833981,12.3980285171115,24.2996893728392,8.83333333333333,0.518582541054451,0.774322007337623
"342",2007,"BUFFRMFISHBM01","luxpil","Luxilus pilsbryi","Duskystripe shiner",23,0.161668228678538,92.5652173913043,16.1183861332797,3.36091584012649,6.58727400171809,8.69565217391304,1.98789974070873,2.9219698390099
"343",2007,"BUFFRMFISHBM01","moxduq","Moxostoma duquesnei","Black redhorse",1,0.007029053420806,374,NA,NA,NA,522,0.0864304235090752,7.62634127981583
"344",2007,"BUFFRMFISHBM01","notboo","Notropis boops","Bigeye shiner",60,0.42174320524836,63.2,7.32361209497384,1.23791638440967,2.426271529315,2.62857142857143,5.18582541054451,2.30418193019066
"345",2007,"BUFFRMFISHBM01","notexi","Noturus exilis","Slender madtom",38,0.267104029990628,92.6875,17.3919475249231,3.07449100822842,6.02589164691995,8.875,3.28435609334486,4.92717164103044
"346",2007,"BUFFRMFISHBM01","notnub","Notropis nubilus","Ozark minnow",68,0.477975632614808,57.9545454545455,5.56756998140441,1.18700990839541,2.3264966697472,2,5.87726879861711,1.98693949052673
"347",2007,"BUFFRMFISHBM01","pimnot","Pimephales notatus","Bluntnose minnow",4,0.028116213683224,70.75,1.70782512765993,0.853912563829966,1.67363787105299,3.75,0.345721694036301,0.219147737925742
"348",2007,"BUFFRMFISHBM02","ambcon","Ambloplites constellatus","Ozark bass",23,0.188087774294671,155.130434782609,39.2037850072322,8.17455425960255,16.0218319384895,83.7826086956522,4.47470817120623,11.0623962584203
"349",2007,"BUFFRMFISHBM02","camspp","Campostoma spp.","Stoneroller spp.",71,0.580618781518332,41.3023255813954,32.1021693998581,4.89553493805345,9.59507216364229,2.6046511627907,13.8132295719844,1.06163545029578
"350",2007,"BUFFRMFISHBM02","cotcar","Cottus carolinae","Banded sculpin",13,0.106310481123075,39.7692307692308,5.93231048515734,1.64532689509288,3.22478145717716,0.833333333333333,2.52918287937743,0.0621912953465941
"351",2007,"BUFFRMFISHBM02","cypgal","Cyprinella galactura","Whitetail shiner",9,0.0735995638544364,90.1111111111111,31.0501386649257,10.3500462216419,20.285717832743,9.11111111111111,1.75097276264591,0.470740266315758
"352",2007,"BUFFRMFISHBM02","cypgre","Notropis greenei","Wedgespot shiner",1,0.0081777293171596,63,NA,NA,NA,3,0.194552529182879,0.0172222048652107
"353",2007,"BUFFRMFISHBM02","ethaut","Etheostoma autmnale","Autumn darter",1,0.0081777293171596,68,NA,NA,NA,3,0.194552529182879,0.0172222048652107
"354",2007,"BUFFRMFISHBM02","ethble","Etheostoma blennioides","Greenside darter",4,0.0327109172686384,82.75,13.2256064763272,6.61280323816358,12.9608561836505,6.5,0.778210116731518,0.149259108831826
"355",2007,"BUFFRMFISHBM02","ethcae","Etheostoma caeruleum","Rainbow darter",16,0.130843669074554,41.6875,3.82480936344109,0.956202340860273,1.87412215001903,1,3.11284046692607,0.0918517592811236
"356",2007,"BUFFRMFISHBM02","etheux","Etheostoma euzonum","Arkansas saddled darter",2,0.0163554586343192,78.5,2.12132034355964,1.5,2.93994597681008,5.5,0.389105058365759,0.0631480845057725
"357",2007,"BUFFRMFISHBM02","ethzon","Etheostoma zonale","Banded darter",2,0.0163554586343192,42,0,0,0,1,0.389105058365759,0.0114814699101404
"358",2007,"BUFFRMFISHBM02","funcat","Fundulus catenatus","Northern studfish",3,0.0245331879514788,76,11.5325625946708,6.65832811847939,13.05008330947,5,0.583657587548638,0.0861110243260533
"359",2007,"BUFFRMFISHBM02","funoli","Fundulus olivaceus","Blackspotted topminnow",3,0.0245331879514788,61.6666666666667,16.9213868619961,9.76956725983523,19.1479999738187,2.66666666666667,0.583657587548638,0.0459258796405618
"360",2007,"BUFFRMFISHBM02","hypamb","Hybopsis amblops","Bigeye chub",1,0.0081777293171596,66,NA,NA,NA,3,0.194552529182879,0.0172222048652107
"361",2007,"BUFFRMFISHBM02","hypnig","Hypentelium nigricans","Northern hog sucker",4,0.0327109172686384,304.5,55.7643852890594,27.8821926445297,54.6480933932858,375.75,0.778210116731518,8.62832463747054
"362",2007,"BUFFRMFISHBM02","ichamm","Ichthyomyzon spp.","Ichthyomyzon ammocoete",5,0.040888646585798,113,16.015617378047,7.16240183178799,14.0380496331082,3,0.972762645914397,0.0861110243260533
"363",2007,"BUFFRMFISHBM02","labsic","Labidesthes sicculus","Brook silverside",2,0.0163554586343192,90,0,0,0,4,0.389105058365759,0.0459258796405618
"364",2007,"BUFFRMFISHBM02","lepcya","Lepomis cyanellus","Green sunfish",36,0.294398255417746,98.4193548387097,33.3973793318661,5.99834640180259,11.7565429143285,27.4838709677419,7.00389105058366,5.67999427554561
"365",2007,"BUFFRMFISHBM02","lepmac","Lepomis macrochirus","Bluegill",1,0.0081777293171596,138,NA,NA,NA,47,0.194552529182879,0.2698145428883
"366",2007,"BUFFRMFISHBM02","lepmeg","Lepomis megalotis","Longear sunfish",141,1.1530598337195,70.3333333333333,23.5596577068592,4.3013853243824,8.43056031941864,10.0666666666667,27.431906614786,8.14839919522667
"367",2007,"BUFFRMFISHBM02","leposs","Lepisosteus osseus","Longnose gar",1,0.0081777293171596,750,NA,NA,NA,774,0.194552529182879,4.44332885522435
"368",2007,"BUFFRMFISHBM02","luxpil","Luxilus pilsbryi","Duskystripe shiner",24,0.19626550361183,94.125,15.6463983909619,3.19380769751337,6.259748060673,8.54166666666667,4.66926070038911,1.1768506657894
"369",2007,"BUFFRMFISHBM02","micdol","Micropterus dolomieu","Smallmouth bass",16,0.130843669074554,209.8125,106.370559053402,26.5926397633506,52.1206161900148,202.5,3.11284046692607,18.5999812544275
"370",2007,"BUFFRMFISHBM02","moxduq","Moxostoma duquesnei","Black redhorse",9,0.0735995638544364,302.888888888889,55.7750940036062,18.5916980012021,36.4390584938014,293.333333333333,1.75097276264591,15.1555402813854
"371",2007,"BUFFRMFISHBM02","moxery","Moxostoma erythrurum","Golden redhorse",7,0.0572441052201172,297.142857142857,76.1148881000044,28.7687235688745,56.3856620761825,337.142857142857,1.36186770428016,13.5481344939657
"372",2007,"BUFFRMFISHBM02","notboo","Notropis boops","Bigeye shiner",50,0.40888646585798,54.52,12.2827903497337,1.73704886963787,3.40455322387624,1.88,9.72762645914397,0.539629085776601
"373",2007,"BUFFRMFISHBM02","notnub","Notropis nubilus","Ozark minnow",21,0.171732315660352,56.5789473684211,7.09707130108128,1.62817982086927,3.19117380925864,1.89473684210526,4.08560311284047,0.228420822422794
"374",2007,"BUFFRMFISHBM02","notoza","Notropis ozarcanus","Ozark shiner",13,0.106310481123075,52.0769230769231,7.296820522912,2.02377388793978,3.96652393321457,1.15384615384615,2.52918287937743,0.0861110243260533
"375",2007,"BUFFRMFISHBM02","notper","Notropis percobromus","Carmine shiner",4,0.0327109172686384,59.5,2.08166599946613,1.04083299973307,2.0399951933976,1.75,0.778210116731518,0.0401851446854916
"376",2007,"BUFFRMFISHBM02","nottel","Notropis telescopus","Telescope shiner",1,0.0081777293171596,59,NA,NA,NA,3,0.194552529182879,0.0172222048652107
"377",2007,"BUFFRMFISHBM02","pimnot","Pimephales notatus","Bluntnose minnow",27,0.220798691563309,61.8518518518519,11.7004395173978,2.25175063500219,4.41335014676949,2.51851851851852,5.25291828793774,0.390369976944775
"378",2007,"BUFFRMFISHBM02","pyloli","Pylodictis olivaris","Flathead catfish",3,0.0245331879514788,367,48.4458460551573,27.9702222610642,54.8206282712664,566.666666666667,0.583657587548638,9.75924942361938
"379",2007,"BUFFRMFISHBM03","ambcon","Ambloplites constellatus","Ozark bass",34,0.165665096637973,136,42.1671550560059,7.69863400333081,15.0890453766838,62.7333333333333,1.99647680563711,5.93977360681179
"380",2007,"BUFFRMFISHBM03","amenat","Ameiurus natalis","Yellow bullhead",2,0.00974500568458665,149,42.4264068711929,30,58.7989195362016,109.5,0.117439812096301,0.609869234805799
"381",2007,"BUFFRMFISHBM03","camspp","Campostoma spp.","Stoneroller spp.",154,0.750365437713172,37.3488372093023,22.475260177455,3.42744504491522,6.71766884702409,1.23255813953488,9.04286553141515,0.5285921943809
"382",2007,"BUFFRMFISHBM03","cotcar","Cottus carolinae","Banded sculpin",21,0.10232255968816,51.8095238095238,3.4295633485773,0.748392078357224,1.46682151989524,1.9047619047619,1.23311802701116,0.11139164106042
"383",2007,"BUFFRMFISHBM03","cypgal","Cyprinella galactura","Whitetail shiner",21,0.10232255968816,82.8571428571429,22.5970921011658,4.93108976378482,9.66475834155236,6.31578947368421,1.23311802701116,0.36935123088455
"384",2007,"BUFFRMFISHBM03","cypgre","Notropis greenei","Wedgespot shiner",10,0.0487250284229332,67,6.83130051063973,2.16024689946929,4.23400612067412,2.9,0.587199060481503,0.0807589397688044
"385",2007,"BUFFRMFISHBM03","cypspp","Cyprinidae spp.","Non-carp minnow spp.",9,0.0438525255806399,26.4444444444444,5.3877432917482,1.79591443058273,3.51992760325792,NA,0.528479154433353,NA
"386",2007,"BUFFRMFISHBM03","erihar","Erimystax harryi","Ozark chub",7,0.0341075198960533,108.142857142857,19.5228803495503,7.37895518293998,14.4624864020975,9.14285714285714,0.411039342337052,0.178226625696672
"387",2007,"BUFFRMFISHBM03","ethaut","Etheostoma autmnale","Autumn darter",1,0.00487250284229333,80,NA,NA,NA,4,0.0587199060481503,0.011139164106042
"388",2007,"BUFFRMFISHBM03","ethble","Etheostoma blennioides","Greenside darter",17,0.0828325483189865,81.6470588235294,13.4672806111265,3.26629532055925,6.40182119116784,5.23529411764706,0.998238402818555,0.247846401359434
"389",2007,"BUFFRMFISHBM03","ethcae","Etheostoma caeruleum","Rainbow darter",93,0.453142764333279,51.6333333333333,4.41379759338852,0.805845502053636,1.57942816112872,1.5,5.46095126247798,0.388478348198214
"390",2007,"BUFFRMFISHBM03","etheux","Etheostoma euzonum","Arkansas saddled darter",1,0.00487250284229333,86,NA,NA,NA,6,0.0587199060481503,0.016708746159063
"391",2007,"BUFFRMFISHBM03","ethjul","Etheostoma juliae","Yoke darter",11,0.0535975312652266,46.9090909090909,6.64009857539096,2.00206504959502,3.92397539191264,1.45454545454545,0.645918966529654,0.044556656424168
"392",2007,"BUFFRMFISHBM03","ethzon","Etheostoma zonale","Banded darter",7,0.0341075198960533,51.1428571428571,3.28778402720188,1.24266555720951,2.43557973695904,1.14285714285714,0.411039342337052,0.022278328212084
"393",2007,"BUFFRMFISHBM03","funcat","Fundulus catenatus","Northern studfish",5,0.0243625142114666,63.8,4.14728827066554,1.85472369909914,3.63519165150722,2.6,0.293599530240752,0.0362022833446365
"394",2007,"BUFFRMFISHBM03","funoli","Fundulus olivaceus","Blackspotted topminnow",10,0.0487250284229332,73.3,9.69593270970416,3.06612314023933,6.00949092703395,9,0.587199060481503,0.250631192385945
"395",2007,"BUFFRMFISHBM03","hypamb","Hybopsis amblops","Bigeye chub",5,0.0243625142114666,71.2,2.94957624075052,1.31909059582729,2.58537006016697,2.4,0.293599530240752,0.033417492318126
"396",2007,"BUFFRMFISHBM03","hypnig","Hypentelium nigricans","Northern hog sucker",8,0.0389800227383466,270.5,129.155498749155,45.6633644965289,89.4985498261216,397,0.469759248385203,8.84449630019734
"397",2007,"BUFFRMFISHBM03","ichamm","Ichthyomyzon spp.","Ichthyomyzon ammocoete",18,0.0877050511612799,117.277777777778,20.9250920457756,4.93209149417355,9.66672169703649,3.44444444444444,1.05695830886671,0.172657043643651
"398",2007,"BUFFRMFISHBM03","labsic","Labidesthes sicculus","Brook silverside",7,0.0341075198960533,77.4285714285714,9.53689577128643,3.6046077843382,7.0649014356956,2.14285714285714,0.411039342337052,0.0417718653976575
"399",2007,"BUFFRMFISHBM03","lepcya","Lepomis cyanellus","Green sunfish",21,0.10232255968816,90.9523809523809,29.7648722330135,6.49522762183208,12.7304122101806,16.7619047619048,1.23311802701116,0.980246441331695
"400",2007,"BUFFRMFISHBM03","lepmeg","Lepomis megalotis","Longear sunfish",388,1.89053110280981,81.2666666666667,20.7712223559645,3.79228901043912,7.43274987942771,11.9666666666667,22.7833235466823,12.9299703888233
"401",2007,"BUFFRMFISHBM03","leposs","Lepisosteus osseus","Longnose gar",11,0.0535975312652266,682.545454545455,83.1424844906184,25.0684022903022,49.1331656389538,568.454545454545,0.645918966529654,17.4132982887701
"402",2007,"BUFFRMFISHBM03","luxpil","Luxilus pilsbryi","Duskystripe shiner",110,0.535975312652266,56.9111111111111,29.9847099082654,4.46985664269953,8.76075803574819,4.1875,6.45918966529654,1.2827443665864
"403",2007,"BUFFRMFISHBM03","luxspp","Luxilus spp.","Luxilus spp.",254,1.2376157219425,28.7058823529412,2.55282863630636,0.437806499237822,0.858084970703693,0.25,14.9148561362302,0.176834230183417
"404",2007,"BUFFRMFISHBM03","micdol","Micropterus dolomieu","Smallmouth bass",26,0.126685073899626,164.423076923077,71.3370439964668,13.9903453607697,27.4205730383856,83.6538461538462,1.52671755725191,6.05692048266033
"405",2007,"BUFFRMFISHBM03","moxduq","Moxostoma duquesnei","Black redhorse",25,0.121812571057333,292.44,53.0613481421898,10.612269628438,20.7996662659667,267.8,1.46799765120376,18.6441759224878
"406",2007,"BUFFRMFISHBM03","moxery","Moxostoma erythrurum","Golden redhorse",19,0.0925775540035732,308.947368421053,70.9737617278468,16.2824976323484,31.9131089377615,383.157894736842,1.11567821491486,20.2732786729964
"407",2007,"BUFFRMFISHBM03","moxspp","Moxostoma spp.","Redhorse spp.",39,0.19002761084944,27.3076923076923,2.53557681752513,0.406017234621277,0.795779156960252,0.205128205128205,2.29007633587786,0.022278328212084
"408",2007,"BUFFRMFISHBM03","notala","Noturus albater","Ozark madtom",1,0.00487250284229333,72,NA,NA,NA,3,0.0587199060481503,0.00835437307953149
"409",2007,"BUFFRMFISHBM03","notboo","Notropis boops","Bigeye shiner",77,0.375182718856586,64.2857142857143,11.9128487939097,2.01363896882204,3.94665985675758,2.31428571428571,4.52143276570757,0.496249760924171
"410",2007,"BUFFRMFISHBM03","notcry","Notemigonus crysoleucas","Golden shiner",1,0.00487250284229333,61,NA,NA,NA,2,0.0587199060481503,0.005569582053021
"411",2007,"BUFFRMFISHBM03","notexi","Noturus exilis","Slender madtom",13,0.0633425369498132,63.6923076923077,12.664810930189,3.51258655406564,6.88454313854832,2.30769230769231,0.763358778625954,0.0835437307953149
"412",2007,"BUFFRMFISHBM03","notflv","Noturus flavater","Checkered madtom",2,0.00974500568458665,80.5,30.4055915910215,21.5,42.1392256676112,8.5,0.117439812096301,0.0473414474506785
"413",2007,"BUFFRMFISHBM03","notnub","Notropis nubilus","Ozark minnow",202,0.984245574143252,57.4666666666667,5.09044631424013,0.92938409135945,1.82155934686901,1.36666666666667,11.8614210217264,0.768787976051998
"414",2007,"BUFFRMFISHBM03","notoza","Notropis ozarcanus","Ozark shiner",27,0.13155757674192,51.962962962963,6.16117796854741,1.18571925288868,2.32396703143755,1,1.58543746330006,0.0751893577157834
"415",2007,"BUFFRMFISHBM03","notper","Notropis percobromus","Carmine shiner",22,0.107195062530453,63.1363636363636,8.64261564544005,1.84261184679403,3.61145285720313,0.318181818181818,1.29183793305931,0.0194935371855735
"416",2007,"BUFFRMFISHBM03","percap","Percina caprodes","Logperch",2,0.00974500568458665,147,25.4558441227157,18,35.279351721721,24,0.117439812096301,0.133669969272504
"417",2007,"BUFFRMFISHBM03","pimnot","Pimephales notatus","Bluntnose minnow",19,0.0925775540035732,65.1052631578947,11.9438256333653,2.74010152290053,5.37050029886839,2.63157894736842,1.11567821491486,0.139239551325525
"418",2007,"BUFFRMFISHBM03","pyloli","Pylodictis olivaris","Flathead catfish",3,0.01461750852688,322.666666666667,31.374086972107,18.1138375589247,35.5024692373013,301,0.176159718144451,2.51466629693898
"419",2007,"BUFFRMFISHBM04","ambcon","Ambloplites constellatus","Ozark bass",80,0.478994112364035,158.181818181818,46.690774346662,8.12782055302335,15.9302355567302,87.5757575757576,5.22193211488251,23.4414209122622
"420",2007,"BUFFRMFISHBM04","amenat","Ameiurus natalis","Yellow bullhead",2,0.0119748528091009,202.5,38.8908729652601,27.5,53.8990095748515,112,0.130548302872063,0.749476571727691
"421",2007,"BUFFRMFISHBM04","camspp","Campostoma spp.","Stoneroller spp.",250,1.49685660113761,82.8333333333333,21.5999414643736,3.94359172694287,7.72929775453814,7.13333333333333,16.3185378590078,5.96681496836778
"422",2007,"BUFFRMFISHBM04","cotcar","Cottus carolinae","Banded sculpin",11,0.0658616904500549,44.2727272727273,6.58924743944115,1.98673285522149,3.89392484313655,1.54545454545455,0.718015665796345,0.056879918390048
"423",2007,"BUFFRMFISHBM04","cypgal","Cyprinella galactura","Whitetail shiner",25,0.149685660113761,71.64,20.3098498271159,4.06196996542318,7.96131483851284,4.20833333333333,1.63185378590078,0.352014200820763
"424",2007,"BUFFRMFISHBM04","cypgre","Notropis greenei","Wedgespot shiner",3,0.0179622792136513,57,1.73205080756888,1,1.95996398454005,1.66666666666667,0.195822454308094,0.0167293877617788
"425",2007,"BUFFRMFISHBM04","cypspp","Cyprinidae spp.","Non-carp minnow spp.",4,0.0239497056182018,NA,NA,NA,NA,NA,0.261096605744125,NA
"426",2007,"BUFFRMFISHBM04","erihar","Erimystax harryi","Ozark chub",10,0.0598742640455044,99.7,20.1937834218576,6.38583501892187,12.5160066483015,8.3,0.652741514360313,0.277707836845528
"427",2007,"BUFFRMFISHBM04","ethaut","Etheostoma autmnale","Autumn darter",1,0.00598742640455044,70,NA,NA,NA,4,0.0652741514360313,0.013383510209423
"428",2007,"BUFFRMFISHBM04","ethble","Etheostoma blennioides","Greenside darter",81,0.484981538768586,82.0333333333333,14.0601744564968,2.56702490409375,5.03127635944114,6.5,5.28720626631854,1.76160453131531
"429",2007,"BUFFRMFISHBM04","ethcae","Etheostoma caeruleum","Rainbow darter",98,0.586767787645944,48.0333333333333,4.55225092737067,0.831123506781576,1.62897213999652,1.5,6.39686684073107,0.491844000196297
"430",2007,"BUFFRMFISHBM04","etheux","Etheostoma euzonum","Arkansas saddled darter",33,0.197585071350165,85.2,5.08818780828831,0.928971746474093,1.8207511657445,6.96666666666667,2.15404699738903,0.76921724928659
"431",2007,"BUFFRMFISHBM04","ethjul","Etheostoma juliae","Yoke darter",18,0.107773675281908,46.5555555555556,5.9727047988645,1.40778002176751,2.75919814081933,1.66666666666667,1.17493472584856,0.100376326570673
"432",2007,"BUFFRMFISHBM04","ethzon","Etheostoma zonale","Banded darter",14,0.0838239696637062,48,4.07619732292055,1.08940955880384,2.1352034996692,1.35714285714286,0.913838120104439,0.0635716734947595
"433",2007,"BUFFRMFISHBM04","funoli","Fundulus olivaceus","Blackspotted topminnow",8,0.0478994112364035,71.25,13.2638068226498,4.68946387432203,9.19118030047285,3.75,0.522193211488251,0.100376326570673
"434",2007,"BUFFRMFISHBM04","hypamb","Hybopsis amblops","Bigeye chub",28,0.167647939327412,66.1111111111111,3.5554220060389,0.684241284089758,1.34108827355137,2.51851851851852,1.82767624020888,0.235946328136495
"435",2007,"BUFFRMFISHBM04","hypnig","Hypentelium nigricans","Northern hog sucker",7,0.0419119848318531,218.571428571429,126.475105775613,47.8030967032657,93.6923478878861,229.857142857143,0.456919060052219,5.38351698174042
"436",2007,"BUFFRMFISHBM04","ichamm","Ichthyomyzon spp.","Ichthyomyzon ammocoete",1,0.00598742640455044,133,NA,NA,NA,4,0.0652741514360313,0.013383510209423
"437",2007,"BUFFRMFISHBM04","ichcas","Ichthyomyzon castaneus","Chestnut lamprey",1,0.00598742640455044,175,NA,NA,NA,11,0.0652741514360313,0.0368046530759134
"438",2007,"BUFFRMFISHBM04","labsic","Labidesthes sicculus","Brook silverside",1,0.00598742640455044,72,NA,NA,NA,2,0.0652741514360313,0.00669175510471152
"439",2007,"BUFFRMFISHBM04","lepcya","Lepomis cyanellus","Green sunfish",3,0.0179622792136513,121.333333333333,23.7135685491099,13.6910351852752,26.8339358742101,36.3333333333333,0.195822454308094,0.364700653206778
"440",2007,"BUFFRMFISHBM04","lepmac","Lepomis macrochirus","Bluegill",1,0.00598742640455044,110,NA,NA,NA,25,0.0652741514360313,0.0836469388088941
"441",2007,"BUFFRMFISHBM04","lepmeg","Lepomis megalotis","Longear sunfish",348,2.08362438878355,91.3,27.9200212429521,5.09747514692943,9.9908677000697,19.3,22.7154046997389,22.4722519926422
"442",2007,"BUFFRMFISHBM04","leposs","Lepisosteus osseus","Longnose gar",2,0.0119748528091009,734,103.237590053236,73,143.077370871424,767.5,0.130548302872063,5.1359220428661
"443",2007,"BUFFRMFISHBM04","luxchr","Luxilus chrysocephalus","Striped shiner",17,0.101786248877358,90,32.4210579716332,7.86326155948924,15.4117094576172,10.8823529411765,1.10966057441253,0.618987347185816
"444",2007,"BUFFRMFISHBM04","luxpil","Luxilus pilsbryi","Duskystripe shiner",108,0.646642051691448,67.5918367346939,22.338231770654,3.19117596723629,6.25458996411289,4.14893617021277,7.04960835509138,1.49923789899175
"445",2007,"BUFFRMFISHBM04","luxspp","Luxilus spp.","Luxilus spp.",8,0.0478994112364035,30.375,7.04956938907821,2.49239915973116,4.88501258817096,0.125,0.522193211488251,0.00334587755235576
"446",2007,"BUFFRMFISHBM04","micdol","Micropterus dolomieu","Smallmouth bass",22,0.13172338090011,193,84.102545117482,17.9307228663772,35.1435710348681,132.272727272727,1.43603133159269,9.73650367735527
"447",2007,"BUFFRMFISHBM04","micsal","Micropterus salmoides","Largemouth bass",1,0.00598742640455044,183,NA,NA,NA,72,0.0652741514360313,0.240903183769615
"448",2007,"BUFFRMFISHBM04","moxduq","Moxostoma duquesnei","Black redhorse",10,0.0598742640455044,225.5,89.5944566737623,28.3322548814362,55.5301991684241,179.3,0.652741514360313,5.99915845137388
"449",2007,"BUFFRMFISHBM04","moxery","Moxostoma erythrurum","Golden redhorse",5,0.0299371320227522,336.2,29.4821980184653,13.1848397790796,25.8418111089271,450.6,0.326370757180157,7.53826212545753
"450",2007,"BUFFRMFISHBM04","moxspp","Moxostoma spp.","Redhorse spp.",1,0.00598742640455044,25,NA,NA,NA,NA,0.0652741514360313,NA
"451",2007,"BUFFRMFISHBM04","nocbig","Nocomis biguttatus","Hornyhead chub",1,0.00598742640455044,144,NA,NA,NA,28,0.0652741514360313,0.0936845714659614
"452",2007,"BUFFRMFISHBM04","notala","Noturus albater","Ozark madtom",1,0.00598742640455044,66,NA,NA,NA,3,0.0652741514360313,0.0100376326570673
"453",2007,"BUFFRMFISHBM04","notboo","Notropis boops","Bigeye shiner",141,0.844227123041613,63.7894736842105,9.7402977221184,1.58008493871878,3.09690957240298,2.81578947368421,9.20365535248042,1.32840143769451
"454",2007,"BUFFRMFISHBM04","notexi","Noturus exilis","Slender madtom",6,0.0359245584273027,54.8333333333333,4.21505239192429,1.72078793321871,3.37268237413978,1.5,0.391644908616188,0.0301128979712019
"455",2007,"BUFFRMFISHBM04","notflv","Noturus flavater","Checkered madtom",1,0.00598742640455044,73,NA,NA,NA,5,0.0652741514360313,0.0167293877617788
"456",2007,"BUFFRMFISHBM04","notnub","Notropis nubilus","Ozark minnow",139,0.832252270232512,56.9032258064516,9.10807275153816,1.63585815742185,3.20622307236288,1.87096774193548,9.07310704960836,0.870144026680392
"457",2007,"BUFFRMFISHBM04","notoza","Notropis ozarcanus","Ozark shiner",4,0.0239497056182018,53.25,4.11298755975102,2.05649377987551,4.03065374298664,1.25,0.261096605744125,0.0167293877617788
"458",2007,"BUFFRMFISHBM04","notper","Notropis percobromus","Carmine shiner",3,0.0179622792136513,57.3333333333333,2.88675134594813,1.66666666666667,3.26660664090009,1.33333333333333,0.195822454308094,0.013383510209423
"459",2007,"BUFFRMFISHBM04","nottel","Notropis telescopus","Telescope shiner",2,0.0119748528091009,59.5,7.77817459305202,5.5,10.7798019149703,1.5,0.130548302872063,0.0100376326570673
"460",2007,"BUFFRMFISHBM04","perevi","Percina evides","Gilt darter",1,0.00598742640455044,81,NA,NA,NA,7,0.0652741514360313,0.0234211428664903
"461",2007,"BUFFRMFISHBM04","pimnot","Pimephales notatus","Bluntnose minnow",29,0.173635365731963,67.3214285714286,12.9759137876428,2.45221720827979,4.80625741049774,3.42857142857143,1.89295039164491,0.332675825205659
"462",2007,"BUFFRMFISHBM04","pyloli","Pylodictis olivaris","Flathead catfish",2,0.0119748528091009,302,202.232539419353,143,280.274849789228,556.5,0.130548302872063,3.72396171577196
"463",2007,"BUFFRMFISHBM05","ambcon","Ambloplites constellatus","Ozark bass",29,0.156728517384255,139.607142857143,57.0797617930314,10.7870610427977,21.1422511429185,79.8888888888889,1.74174174174174,6.00389967602737
"464",2007,"BUFFRMFISHBM05","amenat","Ameiurus natalis","Yellow bullhead",8,0.0432354530715186,32.5,6.21059003408119,2.1957751641342,4.30364023985056,0.375,0.48048048048048,0.00777446123700249
"465",2007,"BUFFRMFISHBM05","camspp","Campostoma spp.","Stoneroller spp.",156,0.843091334894614,57.8666666666667,27.8006863390014,5.07568767399893,9.94816503781178,3.76666666666667,9.36936936936937,1.52275780762089
"466",2007,"BUFFRMFISHBM05","cotcar","Cottus carolinae","Banded sculpin",2,0.0108088632678797,57,4.24264068711928,3,5.87989195362016,3,0.12012012012012,0.015548922474005
"467",2007,"BUFFRMFISHBM05","cypgal","Cyprinella galactura","Whitetail shiner",29,0.156728517384255,90.448275862069,21.0773849809569,3.91397213192671,7.6712444150698,7.82758620689655,1.74174174174174,0.588267566933188
"468",2007,"BUFFRMFISHBM05","cypspp","Cyprinidae spp.","Non-carp minnow spp.",27,0.145919654116375,NA,NA,NA,NA,NA,1.62162162162162,NA
"469",2007,"BUFFRMFISHBM05","erihar","Erimystax harryi","Ozark chub",4,0.0216177265357593,95.5,3.1091263510296,1.5545631755148,3.04688783570123,7,0.24024024024024,0.0725616382120232
"470",2007,"BUFFRMFISHBM05","ethaut","Etheostoma autmnale","Autumn darter",6,0.032426589803639,43.1666666666667,3.54494945897211,1.44721955640616,2.83649820827811,1,0.36036036036036,0.015548922474005
"471",2007,"BUFFRMFISHBM05","ethble","Etheostoma blennioides","Greenside darter",32,0.172941812286075,47.21875,21.7681839078312,3.84810761383583,7.54215233175259,1.86666666666667,1.92192192192192,0.154798161518983
"472",2007,"BUFFRMFISHBM05","ethcae","Etheostoma caeruleum","Rainbow darter",56,0.302648171500631,45,7.08872343937891,1.23398836004529,2.41857274303042,1.27272727272727,3.36336336336336,0.184702351812423
"473",2007,"BUFFRMFISHBM05","etheux","Etheostoma euzonum","Arkansas saddled darter",2,0.0108088632678797,40,0,0,0,0.5,0.12012012012012,0.00259148707900083
"474",2007,"BUFFRMFISHBM05","ethspe","Etheostoma spectabile","Orangethroat darter",4,0.0216177265357593,42.5,11.7898261225516,5.8949130612758,11.5538172920953,1,0.24024024024024,0.0103659483160033
"475",2007,"BUFFRMFISHBM05","ethzon","Etheostoma zonale","Banded darter",1,0.00540443163393983,52,NA,NA,NA,2,0.0600600600600601,0.00518297415800166
"476",2007,"BUFFRMFISHBM05","funoli","Fundulus olivaceus","Blackspotted topminnow",3,0.0162132949018195,61,7.81024967590665,4.50924975282289,8.83796711282901,2.33333333333333,0.18018018018018,0.0181404095530058
"477",2007,"BUFFRMFISHBM05","hypamb","Hybopsis amblops","Bigeye chub",18,0.097279769410917,62.5333333333333,17.7517269448302,4.58347618824992,8.98344825296676,2.6,1.08108108108108,0.121281595297239
"478",2007,"BUFFRMFISHBM05","hypnig","Hypentelium nigricans","Northern hog sucker",24,0.129706359214556,70.695652173913,75.8350091751876,15.8126925031771,30.9923078048337,32.9,1.44144144144144,2.04623819757906
"479",2007,"BUFFRMFISHBM05","ichcas","Ichthyomyzon castaneus","Chestnut lamprey",1,0.00540443163393983,183,NA,NA,NA,13,0.0600600600600601,0.0336893320270108
"480",2007,"BUFFRMFISHBM05","labsic","Labidesthes sicculus","Brook silverside",3,0.0162132949018195,80,6.557438524302,3.78593889720018,7.42030388618165,2.66666666666667,0.18018018018018,0.0207318966320066
"481",2007,"BUFFRMFISHBM05","lepcya","Lepomis cyanellus","Green sunfish",6,0.032426589803639,93.6666666666667,39.1901348130708,15.9993055404845,31.3580626370017,22.8333333333333,0.36036036036036,0.355033729823114
"482",2007,"BUFFRMFISHBM05","lepmac","Lepomis macrochirus","Bluegill",1,0.00540443163393983,46,NA,NA,NA,2,0.0600600600600601,0.00518297415800166
"483",2007,"BUFFRMFISHBM05","lepmeg","Lepomis megalotis","Longear sunfish",442,2.38875878220141,86.0333333333333,36.1896187565872,6.60729018016495,12.9500507885285,21.0333333333333,26.5465465465465,24.0923643102496
"484",2007,"BUFFRMFISHBM05","leposs","Lepisosteus osseus","Longnose gar",2,0.0108088632678797,87,45.254833995939,32,62.7188475052817,2.5,0.12012012012012,0.0129574353950042
"485",2007,"BUFFRMFISHBM05","luxpil","Luxilus pilsbryi","Duskystripe shiner",210,1.13493064312736,38.9,8.0790961667624,1.27741726612524,2.50369183483508,0.625,12.6126126126126,0.340132679118859
"486",2007,"BUFFRMFISHBM05","luxspp","Luxilus spp.","Luxilus spp.",4,0.0216177265357593,25,NA,NA,NA,NA,0.24024024024024,NA
"487",2007,"BUFFRMFISHBM05","micdol","Micropterus dolomieu","Smallmouth bass",15,0.0810664745090975,154.533333333333,110.762207754571,28.5986790681745,56.0523809790416,134.071428571429,0.900900900900901,5.2116656220906
"488",2007,"BUFFRMFISHBM05","moxcar","Moxostoma carinatum","River redhorse",3,0.0162132949018195,511.666666666667,30.0887575903914,17.3717522943938,34.048008845363,1472,0.18018018018018,11.4440069408677
"489",2007,"BUFFRMFISHBM05","moxduq","Moxostoma duquesnei","Black redhorse",85,0.459376688884886,135.641025641026,128.668993357187,20.6035283582455,40.3821735366108,109.974358974359,5.10510510510511,24.2247560757933
"490",2007,"BUFFRMFISHBM05","moxery","Moxostoma erythrurum","Golden redhorse",26,0.140515222482436,217.346153846154,159.305478200266,31.2423746909764,61.2339291858194,292.384615384615,1.56156156156156,19.7004847745643
"491",2007,"BUFFRMFISHBM05","moxspp","Moxostoma spp.","Redhorse spp.",29,0.156728517384255,36.04,5.84151806753461,1.16830361350692,2.28983300548157,0.6,1.74174174174174,0.0450918751746144
"492",2007,"BUFFRMFISHBM05","nocbig","Nocomis biguttatus","Hornyhead chub",8,0.0432354530715186,30.5,3.58568582800318,1.26773138209277,2.48470785097302,0.375,0.48048048048048,0.00777446123700249
"493",2007,"BUFFRMFISHBM05","notboo","Notropis boops","Bigeye shiner",101,0.545847595027923,64.8695652173913,11.2301354412574,1.65579313734343,3.24529491504171,3.08571428571429,6.06606606606607,0.807655458792601
"494",2007,"BUFFRMFISHBM05","notexi","Noturus exilis","Slender madtom",1,0.00540443163393983,57,NA,NA,NA,3,0.0600600600600601,0.00777446123700249
"495",2007,"BUFFRMFISHBM05","notflv","Noturus flavater","Checkered madtom",4,0.0216177265357593,36.75,23.6836793312751,11.8418396656375,23.2095792553474,5,0.24024024024024,0.0518297415800166
"496",2007,"BUFFRMFISHBM05","notnub","Notropis nubilus","Ozark minnow",215,1.16195280129706,62.2333333333333,5.67318759351957,1.03577760597637,2.03008680370681,2.13333333333333,12.9129129129129,1.18862874023505
"497",2007,"BUFFRMFISHBM05","notoza","Notropis ozarcanus","Ozark shiner",5,0.0270221581696992,56.6,7.12741187248218,3.18747549010185,6.24733716220377,1.4,0.3003003003003,0.0181404095530058
"498",2007,"BUFFRMFISHBM05","notper","Notropis percobromus","Carmine shiner",49,0.264817150063052,45.4489795918367,14.4655643173852,2.06650918819789,4.05028358258896,0.979591836734694,2.94294294294294,0.12439137979204
"499",2007,"BUFFRMFISHBM05","perevi","Percina evides","Gilt darter",1,0.00540443163393983,60,NA,NA,NA,2,0.0600600600600601,0.00518297415800166
"500",2007,"BUFFRMFISHBM05","pimnot","Pimephales notatus","Bluntnose minnow",51,0.275626013330931,62.2045454545455,10.6084204059565,1.59927955022306,3.13453031964862,2.5,3.06306306306306,0.330414602572606
"501",2007,"BUFFRMFISHBM05","pyloli","Pylodictis olivaris","Flathead catfish",2,0.0108088632678797,254,135.764501987817,96,188.156542515845,232,0.12012012012012,1.20245000465638
"502",2007,"BUFFRMFISHBM06","ambcon","Ambloplites constellatus","Ozark bass",64,0.453043888626711,124.3,38.7272959070971,7.07060451983153,13.8581302077959,45.3333333333333,6.72268907563025,9.22279079715702
"503",2007,"BUFFRMFISHBM06","amenat","Ameiurus natalis","Yellow bullhead",2,0.0141576215195847,159,83.4386001800126,59,115.637875087863,67.5,0.210084033613445,0.429139507450436
"504",2007,"BUFFRMFISHBM06","camspp","Campostoma spp.","Stoneroller spp.",54,0.382255781028787,46,22.2727843584255,4.28639934831315,8.40118834604973,1.77777777777778,5.67226890756303,0.305165871964754
"505",2007,"BUFFRMFISHBM06","cotcar","Cottus carolinae","Banded sculpin",3,0.0212364322793771,49,7.21110255092798,4.16333199893227,8.15998077359039,1.33333333333333,0.315126050420168,0.0127152446651981
"506",2007,"BUFFRMFISHBM06","cypgal","Cyprinella galactura","Whitetail shiner",12,0.0849457291175083,103.166666666667,23.5597242356655,6.80110656474742,13.3299239219239,16.25,1.26050420168067,0.619868177428407
"507",2007,"BUFFRMFISHBM06","cypspp","Cyprinidae spp.","Non-carp minnow spp.",7,0.0495516753185465,NA,NA,NA,NA,NA,0.735294117647059,NA
"508",2007,"BUFFRMFISHBM06","ethble","Etheostoma blennioides","Greenside darter",31,0.219443133553563,74.0322580645161,27.2732883617747,4.89842719347987,9.60074088011216,5.41935483870968,3.2563025210084,0.53404027593832
"509",2007,"BUFFRMFISHBM06","ethcae","Etheostoma caeruleum","Rainbow darter",36,0.254837187352525,43.5,7.26656936270688,1.24620636454413,2.44251959181109,1.17647058823529,3.78151260504202,0.134632002337392
"510",2007,"BUFFRMFISHBM06","etheux","Etheostoma euzonum","Arkansas saddled darter",12,0.0849457291175083,46.3333333333333,19.3453463200436,5.58452045272185,10.9454589582621,1.66666666666667,1.26050420168067,0.0635762233259905
"511",2007,"BUFFRMFISHBM06","ethjul","Etheostoma juliae","Yoke darter",2,0.0141576215195847,54.5,27.5771644662754,19.5,38.2192976985311,2.5,0.210084033613445,0.0158940558314976
"512",2007,"BUFFRMFISHBM06","ethzon","Etheostoma zonale","Banded darter",19,0.134497404436055,46.2631578947368,7.09336235319219,1.6273289298674,3.18950609354021,1.36842105263158,1.99579831932773,0.0826490903237876
"513",2007,"BUFFRMFISHBM06","funoli","Fundulus olivaceus","Blackspotted topminnow",1,0.00707881075979235,79,NA,NA,NA,4,0.105042016806723,0.0127152446651981
"514",2007,"BUFFRMFISHBM06","hypamb","Hybopsis amblops","Bigeye chub",4,0.0283152430391694,64.5,16.5428735915701,8.27143679578504,16.2117182201381,2,0.420168067226891,0.0254304893303962
"515",2007,"BUFFRMFISHBM06","hypnig","Hypentelium nigricans","Northern hog sucker",13,0.0920245398773006,170.230769230769,146.090242570676,40.5181431102727,79.4141012165742,158.461538461538,1.36554621848739,6.54835100257702
"516",2007,"BUFFRMFISHBM06","ichamm","Ichthyomyzon spp.","Ichthyomyzon ammocoete",2,0.0141576215195847,123,25.4558441227157,18,35.279351721721,4,0.210084033613445,0.0254304893303962
"517",2007,"BUFFRMFISHBM06","lepcya","Lepomis cyanellus","Green sunfish",23,0.162812647475224,103,37.5486985380953,8.00540942654279,15.6903141575213,28.7727272727273,2.41596638655462,2.10365053500703
"518",2007,"BUFFRMFISHBM06","lepmac","Lepomis macrochirus","Bluegill",2,0.0141576215195847,142,24.0416305603426,17,33.3193877371809,54.5,0.210084033613445,0.346490417126648
"519",2007,"BUFFRMFISHBM06","lepmeg","Lepomis megalotis","Longear sunfish",284,2.01038225578103,83.4333333333333,26.0247671602865,4.75145067583619,9.31267219895744,14.8666666666667,29.8319327731092,13.4213645856054
"520",2007,"BUFFRMFISHBM06","luxpil","Luxilus pilsbryi","Duskystripe shiner",155,1.09721566776781,41.9240506329114,16.1751409076403,1.81984553309597,3.56683170229419,1.05063291139241,16.281512605042,0.517663362714473
"521",2007,"BUFFRMFISHBM06","luxspp","Luxilus spp.","Luxilus spp.",28,0.198206701274186,25.4814814814815,3.35548197123144,0.64576280645047,1.26567184319843,0.148148148148148,2.94117647058824,0.013186179652798
"522",2007,"BUFFRMFISHBM06","micdol","Micropterus dolomieu","Smallmouth bass",41,0.290231241151487,257.870967741935,82.235735109697,14.769974041771,28.9486171744626,267.931034482759,4.30672268907563,34.919788732691
"523",2007,"BUFFRMFISHBM06","micsal","Micropterus salmoides","Largemouth bass",2,0.0141576215195847,341,130.107647738325,92,180.316686577685,641.5,0.210084033613445,4.07841472636229
"524",2007,"BUFFRMFISHBM06","moxcar","Moxostoma carinatum","River redhorse",1,0.00707881075979235,510,NA,NA,NA,1459,0.105042016806723,4.637885491631
"525",2007,"BUFFRMFISHBM06","moxduq","Moxostoma duquesnei","Black redhorse",15,0.106182161396885,179.4,133.391368322156,34.4415032026354,67.5041058505863,168.857142857143,1.57563025210084,8.05147456835579
"526",2007,"BUFFRMFISHBM06","moxery","Moxostoma erythrurum","Golden redhorse",7,0.0495516753185465,265.285714285714,118.380339423,44.7435626046678,87.695771245162,352.5,0.735294117647059,7.84371655284407
"527",2007,"BUFFRMFISHBM06","moxspp","Moxostoma spp.","Redhorse spp.",4,0.0283152430391694,31.5,2.51661147842358,1.25830573921179,2.46623393039516,0.333333333333333,0.420168067226891,0.00423841488839936
"528",2007,"BUFFRMFISHBM06","notala","Noturus albater","Ozark madtom",5,0.0353940537989618,39.8,22.7530217773376,10.175460677532,19.9435364540663,2,0.525210084033613,0.0317881116629952
"529",2007,"BUFFRMFISHBM06","notboo","Notropis boops","Bigeye shiner",49,0.346861727229825,60.6571428571429,11.1828199567405,1.89024157326044,3.7048054056708,2.37142857142857,5.14705882352941,0.369377857524005
"530",2007,"BUFFRMFISHBM06","notexi","Noturus exilis","Slender madtom",5,0.0353940537989618,67.4,7.86129760281342,3.51567916624939,6.89060454704661,2.8,0.525210084033613,0.0445033563281933
"531",2007,"BUFFRMFISHBM06","notflv","Noturus flavater","Checkered madtom",2,0.0141576215195847,64,5.65685424949238,4,7.83985593816022,2.5,0.210084033613445,0.0158940558314976
"532",2007,"BUFFRMFISHBM06","notnub","Notropis nubilus","Ozark minnow",41,0.290231241151487,56.4,6.67102421690733,1.05478154257842,2.0673338350113,1.65,4.30672268907563,0.215046575400163
"533",2007,"BUFFRMFISHBM06","notoza","Notropis ozarcanus","Ozark shiner",1,0.00707881075979235,43,NA,NA,NA,1,0.105042016806723,0.00317881116629952
"534",2007,"BUFFRMFISHBM06","notper","Notropis percobromus","Carmine shiner",6,0.0424728645587541,56,13.9713993572584,5.70379990298865,11.1792423848808,1.33333333333333,0.630252100840336,0.0254304893303962
"535",2007,"BUFFRMFISHBM06","pimnot","Pimephales notatus","Bluntnose minnow",15,0.106182161396885,59.1333333333333,9.93454770461334,2.56508918747137,5.027482424577,2.26666666666667,1.57563025210084,0.108079579654184
"536",2007,"BUFFRMFISHBM06","pyloli","Pylodictis olivaris","Flathead catfish",4,0.0283152430391694,340.25,61.0757726107497,30.5378863053748,59.8531573225136,410.25,0.420168067226891,5.21642912389752
"537",2007,"BUFFRMFISHBT05","ambcon","Ambloplites constellatus","Ozark bass",10,0.223214285714286,106.8,59.2336240848238,18.731316617425,36.7127059531696,42.7,3.71747211895911,18.4515245620738
"538",2007,"BUFFRMFISHBT05","camspp","Campostoma spp.","Stoneroller spp.",32,0.714285714285714,86.2,24.9349498523244,4.55247816812606,8.92269324993195,9.39285714285714,11.8959107806691,12.9882929670804
"539",2007,"BUFFRMFISHBT05","chrery","Chrosomus erythrogaster","Southern redbelly dace",4,0.0892857142857143,40.5,5.32290647422377,2.66145323711189,5.21635249127683,0.25,1.48698884758364,0.043212001316332
"540",2007,"BUFFRMFISHBT05","cotcar","Cottus carolinae","Banded sculpin",40,0.892857142857143,63.0333333333333,30.443257940355,5.5581530326269,10.8937797645108,6.3,14.8698884758364,10.8894243317157
"541",2007,"BUFFRMFISHBT05","ethaut","Etheostoma autmnale","Autumn darter",3,0.0669642857142857,49.3333333333333,21.3619599600162,12.3333333333333,24.1728891426607,2,1.11524163568773,0.259272007897992
"542",2007,"BUFFRMFISHBT05","ethble","Etheostoma blennioides","Greenside darter",4,0.0892857142857143,89.25,22.8235988982164,11.4117994491082,22.3667159190461,8.75,1.48698884758364,1.51242004607162
"543",2007,"BUFFRMFISHBT05","ethcae","Etheostoma caeruleum","Rainbow darter",77,1.71875,52.2941176470588,7.46518956614412,1.28026944841434,2.50928200939906,2.11764705882353,28.6245353159851,7.04609809699248
"544",2007,"BUFFRMFISHBT05","ethspe","Etheostoma spectabile","Orangethroat darter",3,0.0669642857142857,50.3333333333333,1.52752523165195,0.881917103688197,1.72852576057874,1.66666666666667,1.11524163568773,0.21606000658166
"545",2007,"BUFFRMFISHBT05","ethzon","Etheostoma zonale","Banded darter",1,0.0223214285714286,51,NA,NA,NA,1,0.371747211895911,0.043212001316332
"546",2007,"BUFFRMFISHBT05","funoli","Fundulus olivaceus","Blackspotted topminnow",8,0.178571428571429,49.625,12.7272205472029,4.49975197729195,8.81935181485512,1.5,2.97397769516729,0.518544015795984
"547",2007,"BUFFRMFISHBT05","hypnig","Hypentelium nigricans","Northern hog sucker",1,0.0223214285714286,146,NA,NA,NA,34,0.371747211895911,1.46920804475529
"548",2007,"BUFFRMFISHBT05","lepcya","Lepomis cyanellus","Green sunfish",18,0.401785714285714,103.888888888889,36.3914807239421,8.57755426577299,16.811697436353,28.2222222222222,6.69144981412639,21.9516966686966
"549",2007,"BUFFRMFISHBT05","lepmeg","Lepomis megalotis","Longear sunfish",25,0.558035714285714,79.24,30.8724256686556,6.17448513373113,12.101768485191,15.5416666666667,9.29368029739777,16.7896630114498
"550",2007,"BUFFRMFISHBT05","luxpil","Luxilus pilsbryi","Duskystripe shiner",17,0.379464285714286,79.6470588235294,14.3044624875884,3.46934175023603,6.79978488052377,5.35294117647059,6.31970260223048,3.93229211978621
"551",2007,"BUFFRMFISHBT05","nocbig","Nocomis biguttatus","Hornyhead chub",2,0.0446428571428571,59.5,3.53553390593274,2.5,4.89990996135013,2,0.743494423791822,0.172848005265328
"552",2007,"BUFFRMFISHBT05","notexi","Noturus exilis","Slender madtom",3,0.0669642857142857,104.666666666667,27.2274371422162,15.7197681634021,30.8101794455875,11.6666666666667,1.11524163568773,1.51242004607162
"553",2007,"BUFFRMFISHBT05","notnub","Notropis nubilus","Ozark minnow",20,0.446428571428571,60,3.94701752826372,0.882579950158088,1.72982491578701,2.4,7.43494423791822,2.07417606318393
"554",2007,"BUFFRMFISHBT05","pimnot","Pimephales notatus","Bluntnose minnow",1,0.0223214285714286,67,NA,NA,NA,3,0.371747211895911,0.129636003948996
"555",2007,"BUFFRMFISHBT07","ambcon","Ambloplites constellatus","Ozark bass",22,0.465608465608466,138.636363636364,45.1848536090469,9.63344315787218,18.8812016365433,69.6363636363636,1.94003527336861,14.4158386028305
"556",2007,"BUFFRMFISHBT07","amenat","Ameiurus natalis","Yellow bullhead",6,0.126984126984127,80.8333333333333,21.2736143301195,8.68491668225883,17.0221239059584,9.5,0.529100529100529,0.536359530261969
"557",2007,"BUFFRMFISHBT07","camspp","Campostoma spp.","Stoneroller spp.",147,3.11111111111111,70.3333333333333,28.7837757621622,5.25517442503557,10.2999526055457,5.8,12.962962962963,8.02280939476061
"558",2007,"BUFFRMFISHBT07","cotcar","Cottus carolinae","Banded sculpin",33,0.698412698412698,63.0333333333333,21.1863380398839,3.86807841845806,7.58129438955445,6.1,2.91005291005291,1.89419602529359
"559",2007,"BUFFRMFISHBT07","cypgal","Cyprinella galactura","Whitetail shiner",2,0.0423280423280423,77.5,7.77817459305202,5.5,10.7798019149703,4,0.17636684303351,0.0752785305630834
"560",2007,"BUFFRMFISHBT07","ethaut","Etheostoma autmnale","Autumn darter",2,0.0423280423280423,69.5,6.36396103067893,4.5,8.81983793043024,4,0.17636684303351,0.0752785305630834
"561",2007,"BUFFRMFISHBT07","ethble","Etheostoma blennioides","Greenside darter",22,0.465608465608466,78.5454545454545,15.6044171790502,3.32687292088529,6.52055110607673,6.04545454545455,1.94003527336861,1.25150557061126
"562",2007,"BUFFRMFISHBT07","ethcae","Etheostoma caeruleum","Rainbow darter",348,7.36507936507936,45.2666666666667,4.87027106328642,0.889185774175548,1.74277209294944,1.23333333333333,30.6878306878307,4.03869316470943
"563",2007,"BUFFRMFISHBT07","ethspe","Etheostoma spectabile","Orangethroat darter",18,0.380952380952381,42.3333333333333,4.14445057736671,0.976856369182835,1.91460330166692,1,1.58730158730159,0.169376693766938
"564",2007,"BUFFRMFISHBT07","ethzon","Etheostoma zonale","Banded darter",1,0.0211640211640212,55,NA,NA,NA,2,0.0881834215167548,0.0188196326407709
"565",2007,"BUFFRMFISHBT07","funcat","Fundulus catenatus","Northern studfish",4,0.0846560846560847,77.5,12.7671453348037,6.38357266740185,12.5115725208019,5.5,0.352733686067019,0.207015959048479
"566",2007,"BUFFRMFISHBT07","funoli","Fundulus olivaceus","Blackspotted topminnow",29,0.613756613756614,61.8620689655172,12.1088047597341,2.24854859477872,4.40707426325444,2.68965517241379,2.55731922398589,0.733965672990063
"567",2007,"BUFFRMFISHBT07","hypamb","Hybopsis amblops","Bigeye chub",3,0.0634920634920635,75.6666666666667,3.78593889720018,2.185812841434,4.2841144461558,4.33333333333333,0.264550264550265,0.122327612165011
"568",2007,"BUFFRMFISHBT07","hypnig","Hypentelium nigricans","Northern hog sucker",4,0.0846560846560847,93.25,86.0208308105271,43.0104154052636,84.2988651544233,56.5,0.352733686067019,2.12661848840711
"569",2007,"BUFFRMFISHBT07","ichamm","Ichthyomyzon spp.","Ichthyomyzon ammocoete",5,0.105820105820106,111.8,34.3685903115039,15.3701008454727,30.1248440958751,3.6,0.440917107583774,0.169376693766938
"570",2007,"BUFFRMFISHBT07","lepcya","Lepomis cyanellus","Green sunfish",18,0.380952380952381,79.6666666666667,36.3091302729282,8.55814407832443,16.7736541680206,17.2222222222222,1.58730158730159,2.91704305931948
"571",2007,"BUFFRMFISHBT07","lepmeg","Lepomis megalotis","Longear sunfish",205,4.33862433862434,98.1333333333333,20.481671088432,3.73942442351187,7.32913719299272,21.3,18.0776014109347,41.087962962963
"572",2007,"BUFFRMFISHBT07","luxchr","Luxilus chrysocephalus","Striped shiner",1,0.0211640211640212,107,NA,NA,NA,14,0.0881834215167548,0.131737428485396
"573",2007,"BUFFRMFISHBT07","luxpil","Luxilus pilsbryi","Duskystripe shiner",43,0.91005291005291,82.1333333333333,15.7452419377462,2.87467472755998,5.63425893328505,6.16666666666667,3.79188712522046,2.4951696276222
"574",2007,"BUFFRMFISHBT07","micdol","Micropterus dolomieu","Smallmouth bass",6,0.126984126984127,214.166666666667,25.1906067149377,10.2840221271208,20.1563129853698,133,0.529100529100529,7.50903342366757
"575",2007,"BUFFRMFISHBT07","moxduq","Moxostoma duquesnei","Black redhorse",3,0.0634920634920635,248.666666666667,100.181501951874,57.8398171197355,113.363958427065,192,0.264550264550265,5.420054200542
"576",2007,"BUFFRMFISHBT07","nocbig","Nocomis biguttatus","Hornyhead chub",11,0.232804232804233,100.454545454545,46.2630816880234,13.9488439640669,27.3392317955399,20,0.970017636684303,2.07015959048479
"577",2007,"BUFFRMFISHBT07","notboo","Notropis boops","Bigeye shiner",1,0.0211640211640212,63,NA,NA,NA,2,0.0881834215167548,0.0188196326407709
"578",2007,"BUFFRMFISHBT07","notexi","Noturus exilis","Slender madtom",12,0.253968253968254,66,26.8362034979208,7.74694465677608,15.1837325175061,4.33333333333333,1.05820105820106,0.489310448660042
"579",2007,"BUFFRMFISHBT07","notnub","Notropis nubilus","Ozark minnow",119,2.51851851851852,54.9666666666667,7.8979846112499,1.44196811013675,2.82620556272331,1.83333333333333,10.4938271604938,2.05290826056409
"580",2007,"BUFFRMFISHBT07","nottel","Notropis telescopus","Telescope shiner",7,0.148148148148148,56.1428571428571,11.5820057478339,4.37758669886987,8.57991226898654,1.85714285714286,0.617283950617284,0.122327612165011
"581",2007,"BUFFRMFISHBT07","pimnot","Pimephales notatus","Bluntnose minnow",62,1.31216931216931,64.4333333333333,10.868122742867,1.98423866133439,3.88903631294738,3.13333333333333,5.4673721340388,1.82801365050688
"582",2007,"BUFFRMFISHBT12","camspp","Campostoma spp.","Stoneroller spp.",326,7.5,56.1,29.9221403438761,5.46301041172545,10.7073036541492,6.06666666666667,53.0944625407166,63.6999023007633
"583",2007,"BUFFRMFISHBT12","chrery","Chrosomus erythrogaster","Southern redbelly dace",4,0.0920245398773006,60.75,10.5316981853197,5.26584909265986,10.3208745696362,2.5,0.651465798045603,0.322085395574547
"584",2007,"BUFFRMFISHBT12","cotcar","Cottus carolinae","Banded sculpin",18,0.414110429447853,54.0555555555556,4.73376137252673,1.11575825567753,2.18684599658119,1.88888888888889,2.93159609120521,1.09509034495346
"585",2007,"BUFFRMFISHBT12","cypgal","Cyprinella galactura","Whitetail shiner",4,0.0920245398773006,71,8.28653526310404,4.14326763155202,8.12065533615252,2.75,0.651465798045603,0.354293935132001
"586",2007,"BUFFRMFISHBT12","ethaut","Etheostoma autmnale","Autumn darter",7,0.161042944785276,64.2857142857143,20.1966522449826,7.63361702232549,14.9616144355298,4.4,1.1400651465798,0.992023018369604
"587",2007,"BUFFRMFISHBT12","ethcae","Etheostoma caeruleum","Rainbow darter",103,2.36963190184049,52.1333333333333,3.61732739343073,0.660430603754459,1.29442019764678,1.46666666666667,16.7752442996743,4.86563670914615
"588",2007,"BUFFRMFISHBT12","funcat","Fundulus catenatus","Northern studfish",17,0.391104294478528,87.8823529411765,14.5554214682244,3.53020824346306,6.919081015114,8.35294117647059,2.76872964169381,4.57361261715856
"589",2007,"BUFFRMFISHBT12","lepcya","Lepomis cyanellus","Green sunfish",7,0.161042944785276,99.2857142857143,20.5889475667107,7.78189071686642,15.2522255366848,19.1428571428571,1.1400651465798,4.31594430069893
"590",2007,"BUFFRMFISHBT12","lepmec","Lepomis megalotis x L. cyanellus","Longear sunfish x Green sunfish hybrid",2,0.0460122699386503,69.5,2.12132034355964,1.5,2.93994597681008,6,0.325732899022801,0.386502474689456
"591",2007,"BUFFRMFISHBT12","lepmeg","Lepomis megalotis","Longear sunfish",34,0.782208588957055,77.1,11.9664761615163,2.18476964250344,4.28206981382319,9.1,5.53745928338762,9.96532213907647
"592",2007,"BUFFRMFISHBT12","luxchr","Luxilus chrysocephalus","Striped shiner",1,0.0230061349693252,65,NA,NA,NA,3,0.162866449511401,0.096625618672364
"593",2007,"BUFFRMFISHBT12","luxpil","Luxilus pilsbryi","Duskystripe shiner",13,0.299079754601227,83.9230769230769,10.1033124804157,2.80215470770569,5.49212230621251,5.07692307692308,2.11726384364821,2.12576361079201
"594",2007,"BUFFRMFISHBT12","nocbig","Nocomis biguttatus","Hornyhead chub",4,0.0920245398773006,105,28.2016547977833,14.1008273988916,27.6371138540432,15.25,0.651465798045603,1.96472091300473
"595",2007,"BUFFRMFISHBT12","notboo","Notropis boops","Bigeye shiner",2,0.0460122699386503,65,0,0,0,2.5,0.325732899022801,0.161042697787273
"596",2007,"BUFFRMFISHBT12","notnub","Notropis nubilus","Ozark minnow",61,1.40337423312883,59.1,3.88941977766563,0.710107649278064,1.39178541773141,1.76666666666667,9.93485342019544,3.47100694630837
"597",2007,"BUFFRMFISHBT12","pimnot","Pimephales notatus","Bluntnose minnow",6,0.138036809815951,79,13.0076900332073,5.3103672189407,10.4081284938059,5,0.977198697068404,0.96625618672364
"598",2007,"BUFFRMFISHBT12","sematr","Semotilus atromaculatus","Creek chub",5,0.115030674846626,35,21.2249852767911,9.49210198006743,18.6041780185135,4,0.814332247557003,0.644170791149093
"599",2007,"BUFFRMFISHBT21","camspp","Campostoma spp.","Stoneroller spp.",205,5.80188679245283,56.9666666666667,30.0625592933198,5.48864728709594,10.7575510065515,3.53333333333333,69.2567567567568,53.8965226449725
"600",2007,"BUFFRMFISHBT21","chrery","Chrosomus erythrogaster","Southern redbelly dace",48,1.35849056603774,56.6333333333333,8.16841407531151,1.4913415493636,2.92297572540083,1.86666666666667,16.2162162162162,6.66699737090133
"601",2007,"BUFFRMFISHBT21","cotcar","Cottus carolinae","Banded sculpin",3,0.0849056603773585,45.6666666666667,11.5902257671425,6.69161996662824,13.1153341328205,1.33333333333333,1.01351351351351,0.297633811200952
"602",2007,"BUFFRMFISHBT21","ethble","Etheostoma blennioides","Greenside darter",1,0.0283018867924528,90,NA,NA,NA,6,0.337837837837838,0.446450716801429
"603",2007,"BUFFRMFISHBT21","ethcae","Etheostoma caeruleum","Rainbow darter",1,0.0283018867924528,56,NA,NA,NA,2,0.337837837837838,0.148816905600476
"604",2007,"BUFFRMFISHBT21","lepcya","Lepomis cyanellus","Green sunfish",4,0.113207547169811,119.5,24.9332442066143,12.4666221033072,24.434130331353,34.5,1.35135135135135,10.2683664864329
"605",2007,"BUFFRMFISHBT21","lepmeg","Lepomis megalotis","Longear sunfish",7,0.19811320754717,114.428571428571,16.4099273089711,6.20236952745497,12.1564208926205,33,2.36486486486486,17.188352596855
"606",2007,"BUFFRMFISHBT21","luxpil","Luxilus pilsbryi","Duskystripe shiner",23,0.650943396226415,88.5652173913043,12.936298778513,2.69740475986889,5.28681618106993,5.95652173913043,7.77027027027027,10.1939580336326
"607",2007,"BUFFRMFISHBT21","nocbig","Nocomis biguttatus","Hornyhead chub",1,0.0283018867924528,63,NA,NA,NA,3,0.337837837837838,0.223225358400714
"608",2007,"BUFFRMFISHBT21","notexi","Noturus exilis","Slender madtom",2,0.0566037735849057,71,18.3847763108502,13,25.4795317990207,3.5,0.675675675675676,0.520859169601667
"609",2007,"BUFFRMFISHBT21","notnub","Notropis nubilus","Ozark minnow",1,0.0283018867924528,66,NA,NA,NA,2,0.337837837837838,0.148816905600476
"610",2007,"BUFFRMFISHBT25","amenat","Ameiurus natalis","Yellow bullhead",2,0.0618875709128417,131.5,14.8492424049175,10.5,20.5796218376706,27,0.293685756240822,1.40852417966508
"611",2007,"BUFFRMFISHBT25","camspp","Campostoma spp.","Stoneroller spp.",24,0.7426508509541,79.625,50.3533708556015,10.2783387854461,20.1451738403755,10.4583333333333,3.52422907488987,6.54702905733215
"612",2007,"BUFFRMFISHBT25","chrery","Chrosomus erythrogaster","Southern redbelly dace",13,0.402269210933471,34.1538461538462,9.92342476035159,2.75226283089666,5.39433602454571,0.384615384615385,1.90895741556535,0.130418905524545
"613",2007,"BUFFRMFISHBT25","cotcar","Cottus carolinae","Banded sculpin",554,17.1428571428571,58.4,23.9188282494688,4.36696059377529,8.55908548570521,4.03333333333333,81.3509544787078,58.2833394195489
"614",2007,"BUFFRMFISHBT25","cotimm","Cottus immaculatus","Knobfin Sculpin",1,0.0309437854564208,41,NA,NA,NA,1,0.146842878120411,0.026083781104909
"615",2007,"BUFFRMFISHBT25","lepcya","Lepomis cyanellus","Green sunfish",7,0.216606498194946,85.5714285714286,21.9154218368188,8.28325086532813,16.2348733709534,11.8571428571429,1.02790014684288,2.16495383170744
"616",2007,"BUFFRMFISHBT25","lepmeg","Lepomis megalotis","Longear sunfish",80,2.47550283651367,87.5,25.925290541384,4.73328881313044,9.27707560216199,15.0666666666667,11.7474302496329,31.4396508251169
"617",2007,"BUFFRMFISHBT33","amenat","Ameiurus natalis","Yellow bullhead",3,0.0710619818397158,88,6,3.46410161513775,6.78951440445703,8.33333333333333,0.961538461538462,2.39326057821176
"618",2007,"BUFFRMFISHBT33","camspp","Campostoma spp.","Stoneroller spp.",174,4.12159494670351,51.8333333333333,23.9195250404543,4.36708780982216,8.55933482457534,2.06666666666667,55.7692307692308,34.4246601569979
"619",2007,"BUFFRMFISHBT33","chrery","Chrosomus erythrogaster","Southern redbelly dace",8,0.189498618239242,58.375,10.4599576617553,3.69815349677569,7.24824766298122,1.75,2.56410256410256,1.34022592379858
"620",2007,"BUFFRMFISHBT33","ethble","Etheostoma blennioides","Greenside darter",1,0.0236873272799052,85,NA,NA,NA,5,0.32051282051282,0.478652115642351
"621",2007,"BUFFRMFISHBT33","ethcae","Etheostoma caeruleum","Rainbow darter",6,0.142123963679432,43.5,11.827933040054,4.82873344332307,9.4641436398573,1.16666666666667,1.92307692307692,0.670112961899292
"622",2007,"BUFFRMFISHBT33","ethspe","Etheostoma spectabile","Orangethroat darter",37,0.876431109356494,44.5945945945946,9.6536103190564,1.58704376029342,3.11054861206412,1.05405405405405,11.8589743589744,3.73348650201034
"623",2007,"BUFFRMFISHBT33","funcat","Fundulus catenatus","Northern studfish",8,0.189498618239242,69.5,14.4321070632709,5.10252038562457,10.0007561862056,3.5,2.56410256410256,2.68045184759717
"624",2007,"BUFFRMFISHBT33","funoli","Fundulus olivaceus","Blackspotted topminnow",2,0.0473746545598105,81,1.4142135623731,1,1.95996398454005,4.5,0.641025641025641,0.861573808156232
"625",2007,"BUFFRMFISHBT33","lepcya","Lepomis cyanellus","Green sunfish",9,0.213185945519147,69.3333333333333,21.0119013894507,7.0039671298169,13.7275233233435,7.22222222222222,2.88461538461538,6.22247750335056
"626",2007,"BUFFRMFISHBT33","lephum","Lepomis humilis","Orangespotted sunfish",8,0.189498618239242,66.625,16.8517697247839,5.95800032369442,11.6774660543191,6.375,2.56410256410256,4.88225157955198
"627",2007,"BUFFRMFISHBT33","lepmeg","Lepomis megalotis","Longear sunfish",50,1.18436636399526,71,22.48217684883,4.10466513397487,8.04499583118803,7.8,16.025641025641,37.3348650201034
"628",2007,"BUFFRMFISHBT33","nocbig","Nocomis biguttatus","Hornyhead chub",4,0.094749309119621,93.25,27.7293466685868,13.8646733342934,27.1742603926279,10.5,1.28205128205128,4.02067777139575
"629",2007,"BUFFRMFISHBT33","notexi","Noturus exilis","Slender madtom",2,0.0473746545598105,85,21.2132034355964,15,29.3994597681008,5,0.641025641025641,0.957304231284702
"630",2008,"BUFFRMFISHBM01","ambcon","Ambloplites constellatus","Ozark bass",5,0.0348918353105373,90.8,59.4869733639223,26.6033832434899,52.1416730241566,30.2,0.580046403712297,2.67194778220402
"631",2008,"BUFFRMFISHBM01","amenat","Ameiurus natalis","Yellow bullhead",2,0.0139567341242149,161.5,13.4350288425444,9.5,18.6196578531305,65,0.232018561484919,2.30035239527498
"632",2008,"BUFFRMFISHBM01","camspp","Campostoma spp.","Stoneroller spp.",168,1.17236566643405,87.2,22.3489566214838,4.08034255943038,7.99732446106953,9.3,19.4895591647332,27.6466967875203
"633",2008,"BUFFRMFISHBM01","chrery","Chrosomus erythrogaster","Southern redbelly dace",43,0.300069783670621,55.8666666666667,11.7406847398659,2.14354595752707,4.20127287595948,1.93333333333333,4.98839907192575,1.47104586508098
"634",2008,"BUFFRMFISHBM01","cotcar","Cottus carolinae","Banded sculpin",38,0.265177948360084,89.5333333333333,19.3582083335483,3.53430912572296,6.92711859664824,13.3666666666667,4.40835266821346,8.98788969210261
"635",2008,"BUFFRMFISHBM01","ethaut","Etheostoma autmnale","Autumn darter",54,0.376831821353803,66.5666666666667,10.8586000664127,1.98250006643378,3.88562872955848,3.2,6.26450116009281,3.05769918387321
"636",2008,"BUFFRMFISHBM01","ethble","Etheostoma blennioides","Greenside darter",11,0.0767620376831821,84.1818181818182,18.1538876377385,5.47360307096819,10.7280648847655,6,1.27610208816705,1.16787121606268
"637",2008,"BUFFRMFISHBM01","ethcae","Etheostoma caeruleum","Rainbow darter",195,1.36078157711096,52.0666666666667,7.85178799463178,1.43353380046936,2.80967461954077,1.53333333333333,22.6218097447796,5.29081050913246
"638",2008,"BUFFRMFISHBM01","ethspe","Etheostoma spectabile","Orangethroat darter",21,0.146545708304257,51.7142857142857,8.65530390652378,1.88874215783296,3.70186660543507,1.61904761904762,2.43619489559165,0.601630626456534
"639",2008,"BUFFRMFISHBM01","funcat","Fundulus catenatus","Northern studfish",13,0.0907187718073971,85.0769230769231,18.5762462052193,5.15212370758165,10.097976910755,7.15384615384615,1.50812064965197,1.64563671354287
"640",2008,"BUFFRMFISHBM01","hypamb","Hybopsis amblops","Bigeye chub",2,0.0139567341242149,58,4.24264068711928,3,5.87989195362016,1.5,0.232018561484919,0.0530850552755765
"641",2008,"BUFFRMFISHBM01","hypnig","Hypentelium nigricans","Northern hog sucker",7,0.0488485694347523,113.714285714286,90.6232388991446,34.2523647329045,67.1334012618227,47.1428571428571,0.812064965197216,5.83935608031342
"642",2008,"BUFFRMFISHBM01","lepcya","Lepomis cyanellus","Green sunfish",27,0.188415910676902,101.259259259259,28.2006445542713,5.42721657490984,10.6371490231221,24.1111111111111,3.1322505800464,11.5194569948001
"643",2008,"BUFFRMFISHBM01","lepmac","Lepomis macrochirus","Bluegill",1,0.00697836706210747,128,NA,NA,NA,34,0.116009280742459,0.601630626456534
"644",2008,"BUFFRMFISHBM01","lepmeg","Lepomis megalotis","Longear sunfish",21,0.146545708304257,57.3809523809524,19.7242900771515,4.30419296703873,8.43606319790651,4.71428571428571,2.43619489559165,1.75180682409403
"645",2008,"BUFFRMFISHBM01","luxchr","Luxilus chrysocephalus","Striped shiner",2,0.0139567341242149,47.5,3.53553390593274,2.5,4.89990996135013,1,0.232018561484919,0.0353900368503843
"646",2008,"BUFFRMFISHBM01","luxpil","Luxilus pilsbryi","Duskystripe shiner",48,0.334961618981158,78.7586206896552,23.4180259818521,4.34861825413901,8.52313516062591,6.03448275862069,5.56844547563805,5.12545361281428
"647",2008,"BUFFRMFISHBM01","micdol","Micropterus dolomieu","Smallmouth bass",4,0.0279134682484299,91.75,13.8894444333338,6.94472221666689,13.6114054273023,9.75,0.464037122969838,0.690105718582495
"648",2008,"BUFFRMFISHBM01","moxduq","Moxostoma duquesnei","Black redhorse",2,0.0139567341242149,194.5,185.969083452062,131.5,257.735263967017,180.5,0.232018561484919,6.38790165149437
"649",2008,"BUFFRMFISHBM01","nocbig","Nocomis biguttatus","Hornyhead chub",17,0.118632240055827,60.2352941176471,9.95947671670496,2.41552791052084,4.73434770827214,2.41176470588235,1.97215777262181,0.725495755432879
"650",2008,"BUFFRMFISHBM01","notboo","Notropis boops","Bigeye shiner",26,0.181437543614794,66.7692307692308,9.45434373103789,1.85414935279907,3.63406595344443,2.88461538461538,3.01624129930394,1.32712638188941
"651",2008,"BUFFRMFISHBM01","notexi","Noturus exilis","Slender madtom",30,0.209351011863224,96.7241379310345,17.5089702555252,3.2513341527317,6.37249784105918,8.58620689655172,3.48027842227378,4.55799267710985
"652",2008,"BUFFRMFISHBM01","notnub","Notropis nubilus","Ozark minnow",122,0.851360781577111,65.9333333333333,8.36632549563132,1.52747506579595,2.99379611624302,2.9,14.15313225058,6.26049751883299
"653",2008,"BUFFRMFISHBM01","nottel","Notropis telescopus","Telescope shiner",2,0.0139567341242149,62.5,30.4055915910215,21.5,42.1392256676112,5,0.232018561484919,0.176950184251922
"654",2008,"BUFFRMFISHBM01","pimnot","Pimephales notatus","Bluntnose minnow",1,0.00697836706210747,87,NA,NA,NA,6,0.116009280742459,0.106170110551153
"655",2008,"BUFFRMFISHBM02","ambcon","Ambloplites constellatus","Ozark bass",15,0.122017353579176,158.533333333333,58.8968428291203,15.2070994280919,29.8053671883798,103.4,2.30061349693252,10.9299582097879
"656",2008,"BUFFRMFISHBM02","amenat","Ameiurus natalis","Yellow bullhead",4,0.0325379609544469,121,38.0788655293195,19.0394327646598,37.316602504805,27.5,0.613496932515337,0.77517434111971
"657",2008,"BUFFRMFISHBM02","camspp","Campostoma spp.","Stoneroller spp.",17,0.138286334056399,86.8823529411765,18.1482862584225,4.40160595102479,8.62698913814577,7.17647058823529,2.60736196319018,0.859738814696406
"658",2008,"BUFFRMFISHBM02","cotcar","Cottus carolinae","Banded sculpin",6,0.0488069414316703,107.833333333333,5.67156650905785,2.31540733157497,4.53811497942693,18.6666666666667,0.920245398773006,0.789268420049159
"659",2008,"BUFFRMFISHBM02","cypgal","Cyprinella galactura","Whitetail shiner",13,0.105748373101952,75.3076923076923,22.4699229170337,6.23203532562218,12.2145647886008,4.53846153846154,1.99386503067485,0.415775328418753
"660",2008,"BUFFRMFISHBM02","cypgre","Notropis greenei","Wedgespot shiner",2,0.0162689804772234,79.5,0.707106781186548,0.5,0.979981992270027,5,0.306748466257669,0.0704703946472464
"661",2008,"BUFFRMFISHBM02","erihar","Erimystax harryi","Ozark chub",2,0.0162689804772234,96,18.3847763108502,13,25.4795317990207,7.5,0.306748466257669,0.10570559197087
"662",2008,"BUFFRMFISHBM02","ethble","Etheostoma blennioides","Greenside darter",1,0.00813449023861171,102,NA,NA,NA,10,0.153374233128834,0.0704703946472464
"663",2008,"BUFFRMFISHBM02","ethcae","Etheostoma caeruleum","Rainbow darter",109,0.886659436008677,43.5161290322581,7.07988214469674,1.27158437091223,2.49225957029199,0.935483870967742,16.7177914110429,0.718570701548212
"664",2008,"BUFFRMFISHBM02","etheux","Etheostoma euzonum","Arkansas saddled darter",6,0.0488069414316703,56,6.95701085237043,2.84018778721877,5.5666657722793,1.83333333333333,0.920245398773006,0.077517434111971
"665",2008,"BUFFRMFISHBM02","ethjul","Etheostoma juliae","Yoke darter",58,0.471800433839479,42.1,6.17196106989309,1.12684076734139,2.2085673203006,1.1,8.89570552147239,0.449601117849432
"666",2008,"BUFFRMFISHBM02","ethspe","Etheostoma spectabile","Orangethroat darter",1,0.00813449023861171,46,NA,NA,NA,1,0.153374233128834,0.00704703946472464
"667",2008,"BUFFRMFISHBM02","ethzon","Etheostoma zonale","Banded darter",2,0.0162689804772234,39,1.4142135623731,1,1.95996398454005,1,0.306748466257669,0.0140940789294493
"668",2008,"BUFFRMFISHBM02","funoli","Fundulus olivaceus","Blackspotted topminnow",5,0.0406724511930586,72.6,13.4461890511773,6.01331855134916,11.7858877882109,4,0.766871165644172,0.140940789294493
"669",2008,"BUFFRMFISHBM02","hypamb","Hybopsis amblops","Bigeye chub",7,0.056941431670282,68.5714285714286,11.1931101256851,4.23059796998881,8.29181965424634,2.85714285714286,1.07361963190184,0.140940789294493
"670",2008,"BUFFRMFISHBM02","hypnig","Hypentelium nigricans","Northern hog sucker",6,0.0488069414316703,322.166666666667,74.9304121613292,30.5902126686153,59.9557151099068,446.833333333333,0.920245398773006,18.8931128049267
"671",2008,"BUFFRMFISHBM02","lepcya","Lepomis cyanellus","Green sunfish",48,0.390455531453362,108.0625,30.489207194008,4.4007379952097,8.62528797600801,28.1875,7.36196319018405,9.53464439577243
"672",2008,"BUFFRMFISHBM02","lepmac","Lepomis macrochirus","Bluegill",1,0.00813449023861171,153,NA,NA,NA,62,0.153374233128834,0.436916446812927
"673",2008,"BUFFRMFISHBM02","lepmeg","Lepomis megalotis","Longear sunfish",107,0.870390455531453,84.84,24.2077403711613,3.4234914747303,6.7099199918513,14.3061224489796,16.4110429447853,10.7872916149102
"674",2008,"BUFFRMFISHBM02","leposs","Lepisosteus osseus","Longnose gar",1,0.00813449023861171,494,NA,NA,NA,172,0.153374233128834,1.21209078793264
"675",2008,"BUFFRMFISHBM02","luxchr","Luxilus chrysocephalus","Striped shiner",1,0.00813449023861171,72,NA,NA,NA,4,0.153374233128834,0.0281881578588985
"676",2008,"BUFFRMFISHBM02","luxpil","Luxilus pilsbryi","Duskystripe shiner",26,0.211496746203905,65.8076923076923,16.2234872472455,3.18168761739341,6.23599314014814,2.8,3.98773006134969,0.513024473031954
"677",2008,"BUFFRMFISHBM02","luxspp","Luxilus spp.","Luxilus spp.",2,0.0162689804772234,32,2.82842712474619,2,3.91992796908011,NA,0.306748466257669,NA
"678",2008,"BUFFRMFISHBM02","micdol","Micropterus dolomieu","Smallmouth bass",15,0.122017353579176,218.4,59.1049913289901,15.2608431396608,29.9107029274504,147.866666666667,2.30061349693252,15.6303335327592
"679",2008,"BUFFRMFISHBM02","micsal","Micropterus salmoides","Largemouth bass",1,0.00813449023861171,352,NA,NA,NA,606,0.153374233128834,4.27050591562313
"680",2008,"BUFFRMFISHBM02","moxduq","Moxostoma duquesnei","Black redhorse",4,0.0325379609544469,185,104.240107444304,52.1200537221519,102.153428167711,93.75,0.613496932515337,2.64263979927174
"681",2008,"BUFFRMFISHBM02","nocbig","Nocomis biguttatus","Hornyhead chub",3,0.0244034707158351,89,41.7612260356422,24.1108550933668,47.2564076194631,11.3333333333333,0.460122699386503,0.239599341800638
"682",2008,"BUFFRMFISHBM02","notala","Noturus albater","Ozark madtom",11,0.0894793926247288,60.1818181818182,5.68890467169528,1.71526929673756,3.36186604539297,2,1.68711656441718,0.155034868223942
"683",2008,"BUFFRMFISHBM02","notboo","Notropis boops","Bigeye shiner",32,0.260303687635575,66.3,7.57559602753564,1.3831082769426,2.71084240952675,2.7,4.9079754601227,0.608864209752209
"684",2008,"BUFFRMFISHBM02","notexi","Noturus exilis","Slender madtom",1,0.00813449023861171,80,NA,NA,NA,4,0.153374233128834,0.0281881578588985
"685",2008,"BUFFRMFISHBM02","notnub","Notropis nubilus","Ozark minnow",109,0.886659436008677,61.3,7.56192823429908,1.38061289072027,2.70595154240347,2.03333333333333,16.7177914110429,1.56185884669847
"686",2008,"BUFFRMFISHBM02","notoza","Notropis ozarcanus","Ozark shiner",9,0.0732104121475054,56.7777777777778,4.08588355737709,1.36196118579236,2.66939487249449,1,1.38036809815951,0.0634233551825217
"687",2008,"BUFFRMFISHBM02","notper","Notropis percobromus","Carmine shiner",3,0.0244034707158351,53.3333333333333,2.08166599946613,1.20185042515466,2.35558354810729,1.33333333333333,0.460122699386503,0.0281881578588985
"688",2008,"BUFFRMFISHBM02","notspp","Notropis spp.","Notropis spp.",1,0.00813449023861171,55,NA,NA,NA,1,0.153374233128834,0.00704703946472464
"689",2008,"BUFFRMFISHBM02","nottel","Notropis telescopus","Telescope shiner",2,0.0162689804772234,53.5,6.36396103067893,4.5,8.81983793043024,0.5,0.306748466257669,0.00704703946472464
"690",2008,"BUFFRMFISHBM02","pimnot","Pimephales notatus","Bluntnose minnow",18,0.146420824295011,62.7777777777778,14.5503408310821,3.42954822341121,6.7217910011293,2.88888888888889,2.76073619631902,0.366446052165681
"691",2008,"BUFFRMFISHBM02","pyloli","Pylodictis olivaris","Flathead catfish",3,0.0244034707158351,421.333333333333,61.5819237547296,35.5543402570082,69.6852263978186,824,0.460122699386503,17.4202815567993
"692",2008,"BUFFRMFISHBM03","ambcon","Ambloplites constellatus","Ozark bass",8,0.07340571952898,114.75,64.6258462226995,22.8486870519949,44.7826037159367,54.5,1.02040816326531,2.07125889951676
"693",2008,"BUFFRMFISHBM03","camspp","Campostoma spp.","Stoneroller spp.",87,0.798287199877657,77.6,11.693204628448,2.1348773148416,4.18428264850112,5.03333333333333,11.0969387755102,2.0802850277486
"694",2008,"BUFFRMFISHBM03","cypgal","Cyprinella galactura","Whitetail shiner",5,0.0458785747056125,67.6,26.6608326951729,11.9230868486311,23.3688208078601,4.25,0.637755102040816,0.100950118382411
"695",2008,"BUFFRMFISHBM03","cypgre","Notropis greenei","Wedgespot shiner",1,0.0091757149411225,57,NA,NA,NA,2,0.127551020408163,0.00950118761246221
"696",2008,"BUFFRMFISHBM03","ethble","Etheostoma blennioides","Greenside darter",2,0.018351429882245,37,1.4142135623731,1,1.95996398454005,0.5,0.255102040816327,0.00475059380623111
"697",2008,"BUFFRMFISHBM03","ethcae","Etheostoma caeruleum","Rainbow darter",164,1.50481725034409,45.1666666666667,7.02254170183581,1.2821348337054,2.51293809738683,1,20.9183673469388,0.779097384221901
"698",2008,"BUFFRMFISHBM03","etheux","Etheostoma euzonum","Arkansas saddled darter",8,0.07340571952898,55.75,8.48107136089371,2.99851153550748,5.87697461682256,1.875,1.02040816326531,0.0712589070934666
"699",2008,"BUFFRMFISHBM03","ethjul","Etheostoma juliae","Yoke darter",54,0.495488606820615,40.9,5.70148196101015,1.04094342708468,2.04021162702967,1,6.88775510204082,0.25653206553648
"700",2008,"BUFFRMFISHBM03","ethzon","Etheostoma zonale","Banded darter",1,0.0091757149411225,38,NA,NA,NA,NA,0.127551020408163,NA
"701",2008,"BUFFRMFISHBM03","funcat","Fundulus catenatus","Northern studfish",4,0.03670285976449,61,15.3405779986718,7.6702889993359,15.0334901897121,2.25,0.510204081632653,0.0427553442560799
"702",2008,"BUFFRMFISHBM03","funoli","Fundulus olivaceus","Blackspotted topminnow",3,0.0275271448233675,63.6666666666667,5.85946527708232,3.38296385503074,6.63048731686103,2.66666666666667,0.38265306122449,0.0380047504498488
"703",2008,"BUFFRMFISHBM03","hypamb","Hybopsis amblops","Bigeye chub",11,0.100932864352347,66,7.96241169495775,2.40075745622842,4.7053981498237,2.63636363636364,1.4030612244898,0.137767220380702
"704",2008,"BUFFRMFISHBM03","hypnig","Hypentelium nigricans","Northern hog sucker",6,0.055054289646735,244.166666666667,80.4969978736267,32.8627617693813,64.4098295005072,206.166666666667,0.76530612244898,5.87648453830788
"705",2008,"BUFFRMFISHBM03","ichcas","Ichthyomyzon castaneus","Chestnut lamprey",1,0.0091757149411225,200,NA,NA,NA,16,0.127551020408163,0.0760095008996977
"706",2008,"BUFFRMFISHBM03","labsic","Labidesthes sicculus","Brook silverside",6,0.055054289646735,75.6666666666667,13.485794995723,5.50555275255002,10.7906851099834,2.6,0.76530612244898,0.0741092633772053
"707",2008,"BUFFRMFISHBM03","lepcya","Lepomis cyanellus","Green sunfish",9,0.0825814344701025,121.222222222222,43.4533594149456,14.4844531383152,28.389006486856,49.2222222222222,1.14795918367347,2.10451305616038
"708",2008,"BUFFRMFISHBM03","lepmac","Lepomis macrochirus","Bluegill",2,0.018351429882245,121.5,13.4350288425444,9.5,18.6196578531305,27.5,0.255102040816327,0.261282659342711
"709",2008,"BUFFRMFISHBM03","lepmeg","Lepomis megalotis","Longear sunfish",110,1.00932864352347,77.6176470588235,41.3851200794787,7.09748953958343,13.9108238782333,19.6060606060606,14.030612244898,10.2454473087717
"710",2008,"BUFFRMFISHBM03","leposs","Lepisosteus osseus","Longnose gar",4,0.03670285976449,639,80.1748090113098,40.0874045056549,78.5698690647723,504.25,0.510204081632653,9.58194770716814
"711",2008,"BUFFRMFISHBM03","luxchr","Luxilus chrysocephalus","Striped shiner",10,0.091757149411225,67.8,11.5450807224934,3.65087508535815,7.15558367935657,3.1,1.27551020408163,0.147268407993164
"712",2008,"BUFFRMFISHBM03","luxpil","Luxilus pilsbryi","Duskystripe shiner",15,0.137635724116837,59.1428571428571,8.34687544356148,2.23079629713456,4.37228039922905,2,1.91326530612245,0.142517814186933
"713",2008,"BUFFRMFISHBM03","micdol","Micropterus dolomieu","Smallmouth bass",17,0.155987153999082,163.235294117647,59.0513858979668,14.3220647880251,28.0707311687784,70.4705882352941,2.16836734693878,5.69121137986486
"714",2008,"BUFFRMFISHBM03","micsal","Micropterus salmoides","Largemouth bass",1,0.0091757149411225,447,NA,NA,NA,1139,0.127551020408163,5.41092634529723
"715",2008,"BUFFRMFISHBM03","moxduq","Moxostoma duquesnei","Black redhorse",31,0.284447163174797,241.833333333333,102.471218274756,18.7085992480398,36.6681807273511,210.366666666667,3.95408163265306,30.9803640948287
"716",2008,"BUFFRMFISHBM03","moxery","Moxostoma erythrurum","Golden redhorse",16,0.14681143905796,258.8125,110.496587428451,27.6241468571128,54.1423329435863,296,2.04081632653061,22.4988122663105
"717",2008,"BUFFRMFISHBM03","nocbig","Nocomis biguttatus","Hornyhead chub",1,0.0091757149411225,91,NA,NA,NA,8,0.127551020408163,0.0380047504498488
"718",2008,"BUFFRMFISHBM03","notala","Noturus albater","Ozark madtom",10,0.091757149411225,66.4,12.0295931398826,3.80409136471656,7.45588206874428,2.8,1.27551020408163,0.133016626574471
"719",2008,"BUFFRMFISHBM03","notboo","Notropis boops","Bigeye shiner",62,0.568894326349595,50.3529411764706,12.9868986498659,2.22723474384117,4.36529988304498,1.48484848484848,7.90816326530612,0.437342544949397
"720",2008,"BUFFRMFISHBM03","notexi","Noturus exilis","Slender madtom",2,0.018351429882245,79.5,36.0624458405139,25.5,49.9790816057714,4.5,0.255102040816327,0.0427553442560799
"721",2008,"BUFFRMFISHBM03","notflv","Noturus flavater","Checkered madtom",1,0.0091757149411225,100,NA,NA,NA,11,0.127551020408163,0.0522565318685422
"722",2008,"BUFFRMFISHBM03","notnub","Notropis nubilus","Ozark minnow",79,0.724881480348677,48.6666666666667,7.07269315789588,1.29129119496401,2.53088423568314,0.966666666666667,10.0765306122449,0.362787013669182
"723",2008,"BUFFRMFISHBM03","notoza","Notropis ozarcanus","Ozark shiner",2,0.018351429882245,52.5,3.53553390593274,2.5,4.89990996135013,1,0.255102040816327,0.00950118761246221
"724",2008,"BUFFRMFISHBM03","notper","Notropis percobromus","Carmine shiner",26,0.238568588469185,50.3846153846154,3.08644679950163,0.605302017627877,1.18637015432007,1.11538461538462,3.31632653061224,0.137767220380702
"725",2008,"BUFFRMFISHBM03","nottel","Notropis telescopus","Telescope shiner",4,0.03670285976449,54.75,0.957427107756338,0.478713553878169,0.938261324512386,1.5,0.510204081632653,0.0285035628373866
"726",2008,"BUFFRMFISHBM03","pimnot","Pimephales notatus","Bluntnose minnow",20,0.18351429882245,44.5789473684211,8.00913221456665,1.83742094467117,3.60127887599505,0.789473684210526,2.55102040816327,0.0750093758878596
"727",2008,"BUFFRMFISHBM03","pimspp","Pimephales spp.","Pimephales spp.",1,0.0091757149411225,NA,NA,NA,NA,NA,0.127551020408163,NA
"728",2008,"BUFFRMFISHBM04","ambcon","Ambloplites constellatus","Ozark bass",30,0.178235468858303,163.166666666667,49.8245773263269,9.09668163992989,17.8291683930893,103.233333333333,1.94300518134715,13.7930789409166
"729",2008,"BUFFRMFISHBM04","amenat","Ameiurus natalis","Yellow bullhead",6,0.0356470937716606,177.666666666667,73.6767715543146,30.0784160339455,58.9526121385453,108.166666666667,0.38860103626943,2.8904450218453
"730",2008,"BUFFRMFISHBM04","camspp","Campostoma spp.","Stoneroller spp.",399,2.37053173581543,80.4666666666667,15.8238870793131,2.88903330025143,5.6624012186297,6,25.8419689119171,10.6621346414448
"731",2008,"BUFFRMFISHBM04","chrery","Chrosomus erythrogaster","Southern redbelly dace",1,0.00594118229527676,39,NA,NA,NA,NA,0.0647668393782384,NA
"732",2008,"BUFFRMFISHBM04","cotcar","Cottus carolinae","Banded sculpin",9,0.0534706406574908,74.5555555555556,20.7912909117683,6.93043030392276,13.5833937930536,8.33333333333333,0.582901554404145,0.334026774481352
"733",2008,"BUFFRMFISHBM04","cypgal","Cyprinella galactura","Whitetail shiner",8,0.0475294583622141,67,24.5531493470215,8.68084920138248,17.0141517899329,3.5,0.518134715025907,0.124703329139705
"734",2008,"BUFFRMFISHBM04","cypgre","Notropis greenei","Wedgespot shiner",3,0.0178235468858303,49.6666666666667,8.08290376865476,4.66666666666667,9.14649859452025,1,0.194300518134715,0.0133610709792541
"735",2008,"BUFFRMFISHBM04","cypspp","Cyprinidae spp.","Non-carp minnow spp.",1,0.00594118229527676,43,NA,NA,NA,1,0.0647668393782384,0.00445369032641802
"736",2008,"BUFFRMFISHBM04","erihar","Erimystax harryi","Ozark chub",1,0.00594118229527676,91,NA,NA,NA,6,0.0647668393782384,0.0267221419585081
"737",2008,"BUFFRMFISHBM04","ethaut","Etheostoma autmnale","Autumn darter",1,0.00594118229527676,58,NA,NA,NA,2,0.0647668393782384,0.00890738065283605
"738",2008,"BUFFRMFISHBM04","ethble","Etheostoma blennioides","Greenside darter",22,0.130706010496089,76.0454545454545,19.5362356190875,4.16513942888144,8.16352327119536,5.31818181818182,1.42487046632124,0.521081768190909
"739",2008,"BUFFRMFISHBM04","ethcae","Etheostoma caeruleum","Rainbow darter",155,0.920883255767898,44.4666666666667,6.64225415276208,1.21270414405005,2.37685644624058,1.03333333333333,10.0388601036269,0.713332733947954
"740",2008,"BUFFRMFISHBM04","etheux","Etheostoma euzonum","Arkansas saddled darter",23,0.136647192791365,66.2173913043478,12.1877603347081,2.54132370485972,4.98090293458295,3.17391304347826,1.48963730569948,0.325119393828516
"741",2008,"BUFFRMFISHBM04","ethjul","Etheostoma juliae","Yoke darter",2,0.0118823645905535,41.5,9.19238815542512,6.5,12.7397658995103,0.5,0.129533678756477,0.00445369032641802
"742",2008,"BUFFRMFISHBM04","ethspe","Etheostoma spectabile","Orangethroat darter",2,0.0118823645905535,45,2.82842712474619,2,3.91992796908011,1.5,0.129533678756477,0.0133610709792541
"743",2008,"BUFFRMFISHBM04","ethzon","Etheostoma zonale","Banded darter",19,0.112882463610258,41.7368421052632,3.19447622664078,0.732863107866857,1.43638529701713,0.888888888888889,1.23056994818653,0.0752178810683933
"744",2008,"BUFFRMFISHBM04","funcat","Fundulus catenatus","Northern studfish",3,0.0178235468858303,81.3333333333333,12.3423390543824,7.12585277547732,13.9664147990703,6.33333333333333,0.194300518134715,0.0846201162019425
"745",2008,"BUFFRMFISHBM04","funoli","Fundulus olivaceus","Blackspotted topminnow",3,0.0178235468858303,77,4.58257569495584,2.64575131106459,5.18557728173623,4.33333333333333,0.194300518134715,0.0578979742434343
"746",2008,"BUFFRMFISHBM04","hypamb","Hybopsis amblops","Bigeye chub",21,0.124764828200812,66.3333333333333,4.72581562625261,1.03125751560513,2.02122758937231,2.42857142857143,1.36010362694301,0.227138206647319
"747",2008,"BUFFRMFISHBM04","hypnig","Hypentelium nigricans","Northern hog sucker",5,0.0297059114763838,124,82.9909633634892,37.1146871197913,72.7434500522635,58.25,0.323834196891192,1.29713730756925
"748",2008,"BUFFRMFISHBM04","ichcas","Ichthyomyzon castaneus","Chestnut lamprey",2,0.0118823645905535,196,7.07106781186548,5,9.79981992270027,17.5,0.129533678756477,0.155879161424631
"749",2008,"BUFFRMFISHBM04","labsic","Labidesthes sicculus","Brook silverside",4,0.023764729181107,80.75,7.58836829188814,3.79418414594407,7.43646427676324,3.25,0.259067357512953,0.0578979742434343
"750",2008,"BUFFRMFISHBM04","lepcya","Lepomis cyanellus","Green sunfish",2,0.0118823645905535,122.5,40.3050865276332,28.5,55.8589735593915,39.5,0.129533678756477,0.351841535787024
"751",2008,"BUFFRMFISHBM04","lepmeg","Lepomis megalotis","Longear sunfish",177,1.05158926626399,92.3333333333333,25.7096967260823,4.69392694783066,9.19992776381012,17.5,11.4637305699482,13.7953057860798
"752",2008,"BUFFRMFISHBM04","leposs","Lepisosteus osseus","Longnose gar",2,0.0118823645905535,584.5,301.934595566656,213.5,418.452310699302,544,0.129533678756477,4.84561507514281
"753",2008,"BUFFRMFISHBM04","luxchr","Luxilus chrysocephalus","Striped shiner",31,0.18417665115358,77.7,23.3373313487802,4.26079427056646,8.35100331584487,6.26666666666667,2.00777202072539,0.865203574078808
"754",2008,"BUFFRMFISHBM04","luxpil","Luxilus pilsbryi","Duskystripe shiner",65,0.386176849192989,69.6333333333333,10.5388716707223,1.92412591490226,3.77121749492861,3.37931034482759,4.20984455958549,0.978276116526994
"755",2008,"BUFFRMFISHBM04","micdol","Micropterus dolomieu","Smallmouth bass",13,0.0772353698385979,186.538461538462,73.4320722216746,20.366392435294,39.9173956681853,109.538461538462,0.841968911917098,6.34205502481927
"756",2008,"BUFFRMFISHBM04","micsal","Micropterus salmoides","Largemouth bass",1,0.00594118229527676,354,NA,NA,NA,552,0.0647668393782384,2.45843706018275
"757",2008,"BUFFRMFISHBM04","moxduq","Moxostoma duquesnei","Black redhorse",30,0.178235468858303,254.4,101.387477972653,18.5107362447267,36.2803763669845,227.5,1.94300518134715,30.396436477803
"758",2008,"BUFFRMFISHBM04","moxery","Moxostoma erythrurum","Golden redhorse",20,0.118823645905535,126.35,75.8025655724687,16.9499689488925,33.2213286789016,53.45,1.29533678756477,4.76099495894087
"759",2008,"BUFFRMFISHBM04","nocbig","Nocomis biguttatus","Hornyhead chub",2,0.0118823645905535,72,14.142135623731,10,19.5996398454005,4.5,0.129533678756477,0.0400832129377622
"760",2008,"BUFFRMFISHBM04","notboo","Notropis boops","Bigeye shiner",36,0.213882562629963,57.7222222222222,15.2120461873592,2.53534103122653,4.96917710973064,2.08333333333333,2.33160621761658,0.334026774481352
"761",2008,"BUFFRMFISHBM04","notexi","Noturus exilis","Slender madtom",10,0.0594118229527676,66.7,21.2553261299113,6.72152429802116,13.1739455453323,3.6,0.647668393782383,0.160332851751049
"762",2008,"BUFFRMFISHBM04","notflv","Noturus flavater","Checkered madtom",1,0.00594118229527676,65,NA,NA,NA,4,0.0647668393782384,0.0178147613056721
"763",2008,"BUFFRMFISHBM04","notnub","Notropis nubilus","Ozark minnow",350,2.07941380334687,56.28125,5.11313536157674,0.90388317182391,1.77157846300669,1.71875,22.6683937823834,2.67917308698584
"764",2008,"BUFFRMFISHBM04","notoza","Notropis ozarcanus","Ozark shiner",4,0.023764729181107,47.25,2.21735578260835,1.10867789130417,2.17296873741199,1,0.259067357512953,0.0178147613056721
"765",2008,"BUFFRMFISHBM04","notper","Notropis percobromus","Carmine shiner",61,0.362412120011882,49.5333333333333,4.11668877093977,0.751601100690644,1.47311108809432,1,3.95077720207254,0.271675109911499
"766",2008,"BUFFRMFISHBM04","pimnot","Pimephales notatus","Bluntnose minnow",19,0.112882463610258,67.5789473684211,13.647611876864,3.13097689431136,6.13660194927733,3.47368421052632,1.23056994818653,0.29394356154359
"767",2008,"BUFFRMFISHBM05","ambcon","Ambloplites constellatus","Ozark bass",7,0.137840498851329,169.285714285714,38.4825254096553,14.5450274365245,28.507729929735,104,0.96551724137931,5.6104728827144
"768",2008,"BUFFRMFISHBM05","camspp","Campostoma spp.","Stoneroller spp.",58,1.14210699048244,82.9,18.6258070873499,3.40059156449371,6.66503699253838,6.8,8,3.03951992437165
"769",2008,"BUFFRMFISHBM05","cotcar","Cottus carolinae","Banded sculpin",1,0.0196914998359042,29,NA,NA,NA,NA,0.137931034482759,NA
"770",2008,"BUFFRMFISHBM05","cypgal","Cyprinella galactura","Whitetail shiner",4,0.0787659993436167,93,6.68331255192114,3.34165627596057,6.54952594959496,7.5,0.551724137931034,0.231200805606363
"771",2008,"BUFFRMFISHBM05","cypgre","Notropis greenei","Wedgespot shiner",116,2.28421398096488,61.3,6.25961329641773,1.14284380123575,2.23993269037693,2.26666666666667,16,2.02634661624777
"772",2008,"BUFFRMFISHBM05","cypspp","Cyprinidae spp.","Non-carp minnow spp.",6,0.118148999015425,NA,NA,NA,NA,NA,0.827586206896552,NA
"773",2008,"BUFFRMFISHBM05","erihar","Erimystax harryi","Ozark chub",6,0.118148999015425,90.6666666666667,4.92612085384298,2.01108041719978,3.94164518772536,6.16666666666667,0.827586206896552,0.285147660247847
"774",2008,"BUFFRMFISHBM05","ethble","Etheostoma blennioides","Greenside darter",9,0.177223498523138,59.4444444444444,3.87656778320434,1.29218926106811,2.53264441290292,2.33333333333333,1.24137931034483,0.161840563924454
"775",2008,"BUFFRMFISHBM05","ethcae","Etheostoma caeruleum","Rainbow darter",236,4.64719396127338,40.2,6.18340381655773,1.1289299174974,2.21266197936468,0.966666666666667,32.551724137931,1.75815368174438
"776",2008,"BUFFRMFISHBM05","etheux","Etheostoma euzonum","Arkansas saddled darter",27,0.531670495569413,54.2592592592593,10.0865202987895,1.94115173656424,3.80458749219329,1.55555555555556,3.72413793103448,0.323681127848908
"777",2008,"BUFFRMFISHBM05","ethjul","Etheostoma juliae","Yoke darter",64,1.26025598949787,39.6333333333333,4.77409195795269,0.871625952324897,1.70835547454722,1.06666666666667,8.82758620689655,0.526110277646479
"778",2008,"BUFFRMFISHBM05","ethzon","Etheostoma zonale","Banded darter",4,0.0787659993436167,38.25,2.06155281280883,1.03077640640442,2.02028463266628,1,0.551724137931034,0.0308267740808484
"779",2008,"BUFFRMFISHBM05","funcat","Fundulus catenatus","Northern studfish",2,0.0393829996718083,95.5,10.6066017177982,7.5,14.6997298840504,7,0.275862068965517,0.107893709282969
"780",2008,"BUFFRMFISHBM05","funoli","Fundulus olivaceus","Blackspotted topminnow",1,0.0196914998359042,69,NA,NA,NA,3,0.137931034482759,0.0231200805606363
"781",2008,"BUFFRMFISHBM05","hypamb","Hybopsis amblops","Bigeye chub",2,0.0393829996718083,67,2.82842712474619,2,3.91992796908011,2.5,0.275862068965517,0.0385334676010604
"782",2008,"BUFFRMFISHBM05","hypnig","Hypentelium nigricans","Northern hog sucker",8,0.157531998687233,243,91.9207733400267,32.4989010803223,63.6966756545615,202.875,1.10344827586207,12.5079635833042
"783",2008,"BUFFRMFISHBM05","ichcas","Ichthyomyzon castaneus","Chestnut lamprey",2,0.0393829996718083,178.5,45.9619407771256,32.5,63.6988294975517,14.5,0.275862068965517,0.223494112086151
"784",2008,"BUFFRMFISHBM05","labsic","Labidesthes sicculus","Brook silverside",1,0.0196914998359042,78,NA,NA,NA,2,0.137931034482759,0.0154133870404242
"785",2008,"BUFFRMFISHBM05","lepmeg","Lepomis megalotis","Longear sunfish",23,0.452904496225796,97.4782608695652,28.5177290394102,5.94635756089103,11.6546466585439,22.6086956521739,3.17241379310345,4.00748063051029
"786",2008,"BUFFRMFISHBM05","leposs","Lepisosteus osseus","Longnose gar",1,0.0196914998359042,762,NA,NA,NA,820,0.137931034482759,6.31948868657391
"787",2008,"BUFFRMFISHBM05","luxpil","Luxilus pilsbryi","Duskystripe shiner",28,0.551361995405317,74.3928571428571,11.288602202334,2.13334529120798,4.18127993735576,3.78571428571429,3.86206896551724,0.816909513142481
"788",2008,"BUFFRMFISHBM05","luxspp","Luxilus spp.","Luxilus spp.",7,0.137840498851329,25.2857142857143,1.60356745147455,0.606091526731326,1.1879175637283,0.142857142857143,0.96551724137931,0.00770669352021209
"789",2008,"BUFFRMFISHBM05","micdol","Micropterus dolomieu","Smallmouth bass",7,0.137840498851329,186.857142857143,53.5768251250127,20.2501364738829,39.6895381708315,93.1428571428571,0.96551724137931,5.02476417517828
"790",2008,"BUFFRMFISHBM05","moxcar","Moxostoma carinatum","River redhorse",4,0.0787659993436167,469,150.024442452999,75.0122212264997,147.02125200429,1281.5,0.551724137931034,39.5045109846072
"791",2008,"BUFFRMFISHBM05","moxduq","Moxostoma duquesnei","Black redhorse",6,0.118148999015425,242.166666666667,84.7806974886776,34.6115748140866,67.8374400838233,166.833333333333,0.827586206896552,7.7144002137323
"792",2008,"BUFFRMFISHBM05","moxery","Moxostoma erythrurum","Golden redhorse",2,0.0393829996718083,327.5,47.3761543394987,33.5,65.6587934820918,424,0.275862068965517,6.53527610513985
"793",2008,"BUFFRMFISHBM05","moxpis","Moxostoma pisolabrum","Pealip Redhorse",1,0.0196914998359042,291,NA,NA,NA,280,0.137931034482759,2.15787418565938
"794",2008,"BUFFRMFISHBM05","moxspp","Moxostoma spp.","Redhorse spp.",23,0.452904496225796,NA,NA,NA,NA,NA,3.17241379310345,NA
"795",2008,"BUFFRMFISHBM05","notala","Noturus albater","Ozark madtom",15,0.295372497538563,56.8666666666667,11.8915736473153,3.07039111308341,6.01785600009533,1.8,2.06896551724138,0.208080725045726
"796",2008,"BUFFRMFISHBM05","notboo","Notropis boops","Bigeye shiner",4,0.0787659993436167,49.25,20.0062490237426,10.0031245118713,19.6057637761375,1.75,0.551724137931034,0.0539468546414846
"797",2008,"BUFFRMFISHBM05","notexi","Noturus exilis","Slender madtom",1,0.0196914998359042,48,NA,NA,NA,1,0.137931034482759,0.00770669352021209
"798",2008,"BUFFRMFISHBM05","notflv","Noturus flavater","Checkered madtom",4,0.0787659993436167,66.25,10.9962114688045,5.49810573440223,10.7760892226215,2.75,0.551724137931034,0.084773628722333
"799",2008,"BUFFRMFISHBM05","notnub","Notropis nubilus","Ozark minnow",15,0.295372497538563,60.6,7.83581520966389,2.02319878739914,3.96539675686741,2.2,2.06896551724138,0.254320886166999
"800",2008,"BUFFRMFISHBM05","notoza","Notropis ozarcanus","Ozark shiner",2,0.0393829996718083,49.5,0.707106781186548,0.5,0.979981992270027,1,0.275862068965517,0.0154133870404242
"801",2008,"BUFFRMFISHBM05","notper","Notropis percobromus","Carmine shiner",25,0.492287495897604,55.4,7.64307965853207,1.52861593170641,2.99603217233871,1.48,3.44827586206897,0.285147660247847
"802",2008,"BUFFRMFISHBM05","perevi","Percina evides","Gilt darter",3,0.0590744995077125,66.6666666666667,7.63762615825973,4.40958551844098,8.64262880289371,4,0.413793103448276,0.0924803222425451
"803",2008,"BUFFRMFISHBM06","ambcon","Ambloplites constellatus","Ozark bass",23,0.138304269392664,139.826086956522,50.1295160503933,10.4527266662125,20.4869678060179,69.9130434782609,3.53846153846154,8.15548219824053
"804",2008,"BUFFRMFISHBM06","amenat","Ameiurus natalis","Yellow bullhead",2,0.0120264582080577,118.5,12.0208152801713,8.5,16.6596938685905,18.5,0.307692307692308,0.187657239636132
"805",2008,"BUFFRMFISHBM06","camspp","Campostoma spp.","Stoneroller spp.",57,0.342754058929645,38.5333333333333,18.3260382560148,3.34586151417399,6.55776806503967,1,8.76923076923077,0.289093585385392
"806",2008,"BUFFRMFISHBM06","cypgal","Cyprinella galactura","Whitetail shiner",19,0.114251352976548,62.6315789473684,21.6158648690051,4.95901950216969,9.71949962288435,3.36842105263158,2.92307692307692,0.324596306397633
"807",2008,"BUFFRMFISHBM06","cypgre","Notropis greenei","Wedgespot shiner",2,0.0120264582080577,58,4.24264068711928,3,5.87989195362016,1.5,0.307692307692308,0.015215451862389
"808",2008,"BUFFRMFISHBM06","erihar","Erimystax harryi","Ozark chub",5,0.0300661455201443,92,8.06225774829855,3.60555127546399,7.06675064432187,6.8,0.769230769230769,0.172441787773742
"809",2008,"BUFFRMFISHBM06","ethble","Etheostoma blennioides","Greenside darter",9,0.0541190619362598,55.4444444444444,20.9111878614721,6.97039595382403,13.6617250274788,2.44444444444444,1.38461538461538,0.111579980324186
"810",2008,"BUFFRMFISHBM06","ethcae","Etheostoma caeruleum","Rainbow darter",13,0.0781719783523752,42.6153846153846,4.50071219435438,1.24827296868083,2.44657006148932,0.846153846153846,2,0.0557899901620932
"811",2008,"BUFFRMFISHBM06","etheux","Etheostoma euzonum","Arkansas saddled darter",2,0.0120264582080577,51,29.698484809835,21,41.1592436753411,2,0.307692307692308,0.0202872691498521
"812",2008,"BUFFRMFISHBM06","funcat","Fundulus catenatus","Northern studfish",21,0.126277811184606,74.0476190476191,12.3348132960179,2.69167693391189,5.27558984848449,3.85714285714286,3.23076923076923,0.410817200284504
"813",2008,"BUFFRMFISHBM06","funoli","Fundulus olivaceus","Blackspotted topminnow",1,0.00601322910402886,60,NA,NA,NA,2,0.153846153846154,0.010143634574926
"814",2008,"BUFFRMFISHBM06","hypamb","Hybopsis amblops","Bigeye chub",2,0.0120264582080577,68.5,7.77817459305202,5.5,10.7798019149703,3,0.307692307692308,0.0304309037247781
"815",2008,"BUFFRMFISHBM06","hypnig","Hypentelium nigricans","Northern hog sucker",14,0.0841852074564041,152.571428571429,109.478985890665,29.2594897324518,57.3475460816251,101.928571428571,2.15384615384615,7.23748326920972
"816",2008,"BUFFRMFISHBM06","ichamm","Ichthyomyzon spp.","Ichthyomyzon ammocoete",1,0.00601322910402886,158,NA,NA,NA,7,0.153846153846154,0.0355027210122411
"817",2008,"BUFFRMFISHBM06","ichcas","Ichthyomyzon castaneus","Chestnut lamprey",2,0.0120264582080577,163,24.0416305603426,17,33.3193877371809,7.5,0.307692307692308,0.0760772593119452
"818",2008,"BUFFRMFISHBM06","labsic","Labidesthes sicculus","Brook silverside",2,0.0120264582080577,87,8.48528137423857,6,11.7597839072403,4,0.307692307692308,0.0405745382997041
"819",2008,"BUFFRMFISHBM06","lepcya","Lepomis cyanellus","Green sunfish",22,0.132291040288635,113.636363636364,25.8816821683111,5.51799317877215,10.8150678973311,31.6818181818182,3.38461538461538,3.53505664936172
"820",2008,"BUFFRMFISHBM06","lepmeg","Lepomis megalotis","Longear sunfish",208,1.250751653638,81.35,37.5530735537497,5.93766227848413,11.6376042181909,20.175,32,21.2833740651098
"821",2008,"BUFFRMFISHBM06","leposs","Lepisosteus osseus","Longnose gar",2,0.0120264582080577,765,0,0,0,922.5,0.307692307692308,9.35750289536926
"822",2008,"BUFFRMFISHBM06","luxpil","Luxilus pilsbryi","Duskystripe shiner",41,0.246542393265183,54.0333333333333,18.5406977016607,3.38505278769459,6.63458154964831,2,6.30769230769231,0.415889017571967
"823",2008,"BUFFRMFISHBM06","micdol","Micropterus dolomieu","Smallmouth bass",15,0.0901984365604329,173.866666666667,109.494205108677,28.2712821928083,55.4106948946727,132.6,2.30769230769231,10.0878445847639
"824",2008,"BUFFRMFISHBM06","moxcar","Moxostoma carinatum","River redhorse",1,0.00601322910402886,555,NA,NA,NA,1718,0.153846153846154,8.71338209986146
"825",2008,"BUFFRMFISHBM06","moxduq","Moxostoma duquesnei","Black redhorse",26,0.15634395670475,127.615384615385,95.6736439874961,18.7631452934143,36.7750890117843,60.0384615384615,4,7.91710678572976
"826",2008,"BUFFRMFISHBM06","moxery","Moxostoma erythrurum","Golden redhorse",20,0.120264582080577,184.85,124.703131687346,27.8844679460014,54.6525529022243,164.7,3.07692307692308,16.7065661449032
"827",2008,"BUFFRMFISHBM06","moxspp","Moxostoma spp.","Redhorse spp.",27,0.162357185808779,35.2592592592593,3.35802818278127,0.646252825091705,1.26663226208701,0.518518518518518,4.15384615384615,0.0710054420244822
"828",2008,"BUFFRMFISHBM06","notboo","Notropis boops","Bigeye shiner",30,0.180396873120866,52.7333333333333,10.5370719394655,1.92379733043332,3.77057348120361,1.53333333333333,4.61538461538462,0.233303595223299
"829",2008,"BUFFRMFISHBM06","notflv","Noturus flavater","Checkered madtom",10,0.0601322910402886,67.9,9.64307465951026,3.04940795711051,5.97672977010646,3.7,1.53846153846154,0.187657239636132
"830",2008,"BUFFRMFISHBM06","notnub","Notropis nubilus","Ozark minnow",25,0.150330727600722,53.5454545454545,5.86943067513506,1.25136682453839,2.4526339075435,1.36363636363636,3.84615384615385,0.172902862072603
"831",2008,"BUFFRMFISHBM06","notper","Notropis percobromus","Carmine shiner",17,0.102224894768491,51.0588235294118,8.10455572683733,1.96564348885028,3.85259044459222,1.11764705882353,2.61538461538462,0.0963645284617973
"832",2008,"BUFFRMFISHBM06","percap","Percina caprodes","Logperch",1,0.00601322910402886,130,NA,NA,NA,18,0.153846153846154,0.0912927111743342
"833",2008,"BUFFRMFISHBM06","pimnot","Pimephales notatus","Bluntnose minnow",27,0.162357185808779,59.7692307692308,10.3472032639074,2.02925351360672,3.97726380217053,2.30769230769231,4.15384615384615,0.31601323098808
"834",2008,"BUFFRMFISHBM06","pyloli","Pylodictis olivaris","Flathead catfish",3,0.0180396873120866,261,102.09309477139,58.9434757486639,115.527089590991,239.333333333333,0.461538461538462,3.64156481239844
"835",2008,"BUFFRMFISHBT04","camspp","Campostoma spp.","Stoneroller spp.",81,1.74193548387097,80.0666666666667,16.1200952622609,2.94311326809083,5.76839600787999,5.9,32.2709163346614,56.5227675931402
"836",2008,"BUFFRMFISHBT04","chrery","Chrosomus erythrogaster","Southern redbelly dace",19,0.408602150537634,33,2.98142396999972,0.683985568056769,1.34058707933644,0.368421052631579,7.56972111553785,0.827912477823773
"837",2008,"BUFFRMFISHBT04","cotcar","Cottus carolinae","Banded sculpin",1,0.021505376344086,93,NA,NA,NA,14,0.398406374501992,1.65582495564755
"838",2008,"BUFFRMFISHBT04","ethble","Etheostoma blennioides","Greenside darter",5,0.10752688172043,67.6,19.3209730603818,8.64060183089118,16.9352683932976,3,1.99203187250996,1.77409816676523
"839",2008,"BUFFRMFISHBT04","ethcae","Etheostoma caeruleum","Rainbow darter",56,1.20430107526882,49.6666666666667,10.0869780626698,1.841621807328,3.60951241550644,1.43333333333333,22.3107569721116,9.49339641237926
"840",2008,"BUFFRMFISHBT04","funcat","Fundulus catenatus","Northern studfish",1,0.021505376344086,90,NA,NA,NA,7,0.398406374501992,0.827912477823773
"841",2008,"BUFFRMFISHBT04","lepcya","Lepomis cyanellus","Green sunfish",2,0.043010752688172,111,12.7279220613579,9,17.6396758608605,26,0.796812749003984,6.15020697811946
"842",2008,"BUFFRMFISHBT04","lepmeg","Lepomis megalotis","Longear sunfish",4,0.0860215053763441,70.75,12.9711217710728,6.48556088553642,12.7114657551931,7.25,1.59362549800797,3.42992312241277
"843",2008,"BUFFRMFISHBT04","luxchr","Luxilus chrysocephalus","Striped shiner",3,0.0645161290322581,52,2.64575131106459,1.52752523165195,2.99389443951402,1.33333333333333,1.19521912350598,0.473092844470727
"844",2008,"BUFFRMFISHBT04","luxpil","Luxilus pilsbryi","Duskystripe shiner",40,0.860215053763441,61.2666666666667,14.4959764532553,2.64659109883723,5.18722323552525,2.33333333333333,15.9362549800797,11.0388330376503
"845",2008,"BUFFRMFISHBT04","notexi","Noturus exilis","Slender madtom",6,0.129032258064516,68.1666666666667,19.589963416675,7.9975690751072,15.6749473510814,3.16666666666667,2.39043824701195,2.24719101123596
"846",2008,"BUFFRMFISHBT04","notnub","Notropis nubilus","Ozark minnow",27,0.580645161290323,48.5555555555556,10.5039675043925,2.02148948874003,3.96204659305674,1.22222222222222,10.7569721115538,3.9030159668835
"847",2008,"BUFFRMFISHBT04","pimnot","Pimephales notatus","Bluntnose minnow",1,0.021505376344086,76,NA,NA,NA,5,0.398406374501992,0.591366055588409
"848",2008,"BUFFRMFISHBT04","sematr","Semotilus atromaculatus","Creek chub",5,0.10752688172043,55.2,6.34034699365894,2.83548937575157,5.55745705501903,1.8,1.99203187250996,1.06445890005914
"849",2008,"BUFFRMFISHBT13","ambcon","Ambloplites constellatus","Ozark bass",18,0.29126213592233,119,54.9812802367368,12.9592120312382,25.399588849245,49.2222222222222,1.12289457267623,5.32284517890007
"850",2008,"BUFFRMFISHBT13","amenat","Ameiurus natalis","Yellow bullhead",1,0.0161812297734628,159,NA,NA,NA,53,0.0623830318153462,0.318409474584315
"851",2008,"BUFFRMFISHBT13","camspp","Campostoma spp.","Stoneroller spp.",499,8.07443365695793,101.2,19.9765379624578,3.64720015429881,7.14838094683459,12.3,31.1291328758578,36.8736194746444
"852",2008,"BUFFRMFISHBT13","cotcar","Cottus carolinae","Banded sculpin",9,0.145631067961165,92.4444444444444,8.11035004039763,2.70345001346588,5.29866466039744,11.2222222222222,0.561447286338116,0.606780319490865
"853",2008,"BUFFRMFISHBT13","ethaut","Etheostoma autmnale","Autumn darter",12,0.194174757281553,66.5833333333333,3.08834563931546,0.891528593104692,1.74736393367286,2.91666666666667,0.748596381784155,0.210270407744359
"854",2008,"BUFFRMFISHBT13","ethble","Etheostoma blennioides","Greenside darter",18,0.29126213592233,75.2222222222222,25.2995130284582,5.96315240771339,11.6875639534416,5.33333333333333,1.12289457267623,0.5767416898131
"855",2008,"BUFFRMFISHBT13","ethcae","Etheostoma caeruleum","Rainbow darter",365,5.90614886731392,48.5666666666667,8.54877822822667,1.56078622490293,3.05908478837598,1.4,22.7698066126014,3.06994795306764
"856",2008,"BUFFRMFISHBT13","etheux","Etheostoma euzonum","Arkansas saddled darter",9,0.145631067961165,90.7777777777778,10.5211427347244,3.50704757824147,6.8736869454217,7.44444444444444,0.561447286338116,0.402517637682059
"857",2008,"BUFFRMFISHBT13","ethjul","Etheostoma juliae","Yoke darter",21,0.339805825242718,57.8571428571429,10.5937987251303,2.31175640738267,4.53095929949974,3.23809523809524,1.31004366812227,0.408525363617612
"858",2008,"BUFFRMFISHBT13","ethspe","Etheostoma spectabile","Orangethroat darter",18,0.29126213592233,38.9444444444444,3.70170425332508,0.872500059824416,1.7100686937649,0.666666666666667,1.12289457267623,0.0720927112266374
"859",2008,"BUFFRMFISHBT13","funoli","Fundulus olivaceus","Blackspotted topminnow",6,0.0970873786407767,70.3333333333333,8.77876225140348,3.58391468152416,7.0243436994517,3.33333333333333,0.374298190892077,0.120154518711062
"860",2008,"BUFFRMFISHBT13","hypnig","Hypentelium nigricans","Northern hog sucker",4,0.0647249190938511,258.5,102.497154432046,51.248577216023,100.445365602325,292.25,0.249532127261385,7.0230316186616
"861",2008,"BUFFRMFISHBT13","lepcya","Lepomis cyanellus","Green sunfish",13,0.210355987055016,105.230769230769,25.8816339198084,7.17827370697362,14.0691579368391,23.9230769230769,0.810979413599501,1.86840276595702
"862",2008,"BUFFRMFISHBT13","lepmeg","Lepomis megalotis","Longear sunfish",155,2.50809061488673,94.9666666666667,28.3664242192862,5.17897680688797,10.1506080182687,21.7666666666667,9.66936993137866,20.2690660189003
"863",2008,"BUFFRMFISHBT13","luxchr","Luxilus chrysocephalus","Striped shiner",3,0.0485436893203883,79.6666666666667,25.5799400572662,14.7685852779171,28.9458952473261,7.33333333333333,0.187149095446039,0.132169970582169
"864",2008,"BUFFRMFISHBT13","luxpil","Luxilus pilsbryi","Duskystripe shiner",159,2.57281553398058,90.4666666666667,16.1879762389449,2.95550658214258,5.79268645707053,7.26666666666667,9.91890205864005,6.94132654593808
"865",2008,"BUFFRMFISHBT13","luxspp","Luxilus spp.","Luxilus spp.",1,0.0161812297734628,38,NA,NA,NA,NA,0.0623830318153462,NA
"866",2008,"BUFFRMFISHBT13","micdol","Micropterus dolomieu","Smallmouth bass",8,0.129449838187702,224.25,74.3711733709468,26.2941805076984,51.535646798084,187.375,0.49906425452277,9.00558117739413
"867",2008,"BUFFRMFISHBT13","moxduq","Moxostoma duquesnei","Black redhorse",2,0.0323624595469256,204.5,123.743686707646,87.5,171.496848647255,116.5,0.124766063630692,1.39980014298388
"868",2008,"BUFFRMFISHBT13","nocbig","Nocomis biguttatus","Hornyhead chub",9,0.145631067961165,88.5555555555556,45.7933158635382,15.2644386211794,29.9177499417339,17.8888888888889,0.561447286338116,0.967243875624053
"869",2008,"BUFFRMFISHBT13","notala","Noturus albater","Ozark madtom",1,0.0161812297734628,58,NA,NA,NA,2,0.0623830318153462,0.0120154518711062
"870",2008,"BUFFRMFISHBT13","notboo","Notropis boops","Bigeye shiner",6,0.0970873786407767,75,4,1.63299316185545,3.20060778423687,4.5,0.374298190892077,0.162208600259934
"871",2008,"BUFFRMFISHBT13","notexi","Noturus exilis","Slender madtom",21,0.339805825242718,71.4761904761905,19.643367958726,4.28653431308249,8.40145287213682,3.61904761904762,1.31004366812227,0.456587171102037
"872",2008,"BUFFRMFISHBT13","notnub","Notropis nubilus","Ozark minnow",231,3.7378640776699,64.5333333333333,7.72694940622991,1.41074149683109,2.76500252528506,2.63333333333333,14.410480349345,3.65449968659696
"873",2008,"BUFFRMFISHBT13","notper","Notropis percobromus","Carmine shiner",11,0.177993527508091,55.8181818181818,4.4680685271867,1.34717334929765,2.64041124555559,1.36363636363636,0.686213349968808,0.0901158890332968
"874",2008,"BUFFRMFISHBT13","pimnot","Pimephales notatus","Bluntnose minnow",3,0.0485436893203883,55,9.53939201416946,5.5075705472861,10.7946399149943,2,0.187149095446039,0.0360463556133187
"875",2008,"BUFFRMFISHBT15","camspp","Campostoma spp.","Stoneroller spp.",152,3.40552651232263,112.566666666667,25.121337727028,4.5865077825996,8.98939006870789,15.2,28.5714285714286,53.797688186544
"876",2008,"BUFFRMFISHBT15","chrery","Chrosomus erythrogaster","Southern redbelly dace",4,0.0896191187453323,57,11.6045967903528,5.8022983951764,11.3722958821003,1.75,0.75187969924812,0.162995073279868
"877",2008,"BUFFRMFISHBT15","cotcar","Cottus carolinae","Banded sculpin",61,1.36669156086632,75.8,13.9219499228798,2.54178867240619,4.98181425422801,7.53333333333333,11.4661654135338,10.7002384773155
"878",2008,"BUFFRMFISHBT15","cotimm","Cottus immaculatus","Knobfin Sculpin",2,0.0448095593726662,66.5,2.12132034355964,1.5,2.93994597681008,4.5,0.37593984962406,0.209565094216974
"879",2008,"BUFFRMFISHBT15","cypspp","Cyprinidae spp.","Non-carp minnow spp.",2,0.0448095593726662,NA,NA,NA,NA,NA,0.37593984962406,NA
"880",2008,"BUFFRMFISHBT15","ethble","Etheostoma blennioides","Greenside darter",4,0.0896191187453323,62.5,13.8924439894498,6.9462219947249,13.6143449382808,2.75,0.75187969924812,0.256135115154079
"881",2008,"BUFFRMFISHBT15","ethcae","Etheostoma caeruleum","Rainbow darter",82,1.83719193427931,51.8,8.07038007052695,1.47344307075592,2.8878953519517,1.76666666666667,15.4135338345865,3.37322184987766
"882",2008,"BUFFRMFISHBT15","ethspe","Etheostoma spectabile","Orangethroat darter",10,0.224047796863331,43.5,6.36396103067893,2.01246117974981,3.94435143259462,1,1.8796992481203,0.232850104685526
"883",2008,"BUFFRMFISHBT15","funcat","Fundulus catenatus","Northern studfish",2,0.0448095593726662,94.5,16.2634559672906,11.5,22.5395858222106,10,0.37593984962406,0.465700209371052
"884",2008,"BUFFRMFISHBT15","hypamb","Hybopsis amblops","Bigeye chub",18,0.403286034353996,65.5,5.84354847875239,1.37733758517272,2.69953206149189,2.66666666666667,3.38345864661654,1.11768050249053
"885",2008,"BUFFRMFISHBT15","hypnig","Hypentelium nigricans","Northern hog sucker",14,0.313666915608663,90.5,9.73297329857476,2.60124653127756,5.09834951621375,9.07142857142857,2.63157894736842,2.95719632950618
"886",2008,"BUFFRMFISHBT15","ichcas","Ichthyomyzon castaneus","Chestnut lamprey",1,0.0224047796863331,116,NA,NA,NA,3,0.18796992481203,0.0698550314056579
"887",2008,"BUFFRMFISHBT15","lepcya","Lepomis cyanellus","Green sunfish",2,0.0448095593726662,109.5,24.7487373415292,17.5,34.2993697294509,23.5,0.37593984962406,1.09439549202197
"888",2008,"BUFFRMFISHBT15","lepmeg","Lepomis megalotis","Longear sunfish",25,0.560119492158327,94.4,21.1797859605175,4.2359571921035,8.30232353657627,20.875,4.69924812030075,12.1518648382759
"889",2008,"BUFFRMFISHBT15","luxchr","Luxilus chrysocephalus","Striped shiner",1,0.0224047796863331,155,NA,NA,NA,41,0.18796992481203,0.954685429210658
"890",2008,"BUFFRMFISHBT15","luxpil","Luxilus pilsbryi","Duskystripe shiner",59,1.32188200149365,79.7,20.3861853156528,3.72199118628787,7.29496867589974,5.46666666666667,11.0902255639098,7.51019204312384
"891",2008,"BUFFRMFISHBT15","micdol","Micropterus dolomieu","Smallmouth bass",1,0.0224047796863331,96,NA,NA,NA,10,0.18796992481203,0.232850104685526
"892",2008,"BUFFRMFISHBT15","moxduq","Moxostoma duquesnei","Black redhorse",5,0.112023898431665,100.4,6.18869937870632,2.76767050061961,5.42453450228837,11.2,0.93984962406015,1.30396058623895
"893",2008,"BUFFRMFISHBT15","moxery","Moxostoma erythrurum","Golden redhorse",2,0.0448095593726662,88.5,3.53553390593274,2.5,4.89990996135013,7.5,0.37593984962406,0.349275157028289
"894",2008,"BUFFRMFISHBT15","nocbig","Nocomis biguttatus","Hornyhead chub",2,0.0448095593726662,76.5,9.19238815542512,6.5,12.7397658995103,5,0.37593984962406,0.232850104685526
"895",2008,"BUFFRMFISHBT15","notala","Noturus albater","Ozark madtom",1,0.0224047796863331,68,NA,NA,NA,3,0.18796992481203,0.0698550314056579
"896",2008,"BUFFRMFISHBT15","notboo","Notropis boops","Bigeye shiner",1,0.0224047796863331,35,NA,NA,NA,NA,0.18796992481203,NA
"897",2008,"BUFFRMFISHBT15","notexi","Noturus exilis","Slender madtom",1,0.0224047796863331,62,NA,NA,NA,3,0.18796992481203,0.0698550314056579
"898",2008,"BUFFRMFISHBT15","notnub","Notropis nubilus","Ozark minnow",78,1.74757281553398,53.5666666666667,9.17524154838794,1.6751622555369,3.28325768911321,1.46666666666667,14.6616541353383,2.66380519760242
"899",2008,"BUFFRMFISHBT15","notper","Notropis percobromus","Carmine shiner",1,0.0224047796863331,50,NA,NA,NA,1,0.18796992481203,0.0232850104685526
"900",2008,"BUFFRMFISHBT15","pimnot","Pimephales notatus","Bluntnose minnow",1,0.0224047796863331,48,NA,NA,NA,NA,0.18796992481203,NA
"901",2008,"BUFFRMFISHBT16","camspp","Campostoma spp.","Stoneroller spp.",9,0.263029712615684,119.777777777778,40.2330019318028,13.4110006439343,26.2850782587546,25.125,1.70132325141777,18.1515944103658
"902",2008,"BUFFRMFISHBT16","chrery","Chrosomus erythrogaster","Southern redbelly dace",287,8.38772528007793,43.7666666666667,13.3589265863777,2.43899514513819,4.7803426429389,0.9,54.2533081285444,20.7343585901492
"903",2008,"BUFFRMFISHBT16","cotcar","Cottus carolinae","Banded sculpin",18,0.526059425231369,90.2777777777778,22.4625323478259,5.29446964858995,10.3769698284767,12.4444444444444,3.40264650283554,17.9810155795332
"904",2008,"BUFFRMFISHBT16","cotimm","Cottus immaculatus","Knobfin Sculpin",190,5.55284948855334,62.9666666666667,13.3118649003976,2.43040289613634,4.76350214434906,2.43333333333333,35.9168241965974,37.1126020964473
"905",2008,"BUFFRMFISHBT16","ethble","Etheostoma blennioides","Greenside darter",4,0.11690209449586,67.5,22.3383079036887,11.1691539518443,21.8911394833981,3.5,0.756143667296786,1.12381347372083
"906",2008,"BUFFRMFISHBT16","ethcae","Etheostoma caeruleum","Rainbow darter",9,0.263029712615684,54.5555555555556,5.05250213040804,1.68416737680268,3.30090740247055,1.88888888888889,1.70132325141777,1.364630646661
"907",2008,"BUFFRMFISHBT16","ethspe","Etheostoma spectabile","Orangethroat darter",4,0.11690209449586,51.75,9.28708781050335,4.64354390525168,9.10117881492376,2,0.756143667296786,0.642179127840472
"908",2008,"BUFFRMFISHBT16","ichamm","Ichthyomyzon spp.","Ichthyomyzon ammocoete",6,0.17535314174379,129.333333333333,6.88960569747403,2.81266974796386,5.51273140641453,4.5,1.13421550094518,2.16735455646159
"909",2008,"BUFFRMFISHBT16","lepmeg","Lepomis megalotis","Longear sunfish",1,0.0292255236239649,46,NA,NA,NA,1,0.189035916824197,0.080272390980059
"910",2008,"BUFFRMFISHBT16","luxpil","Luxilus pilsbryi","Duskystripe shiner",1,0.0292255236239649,95,NA,NA,NA,8,0.189035916824197,0.642179127840472
"911",2008,"BUFFRMFISHBT19","ambcon","Ambloplites constellatus","Ozark bass",1,0.0179856115107914,150,NA,NA,NA,58,0.0874890638670166,0.890013016837226
"912",2008,"BUFFRMFISHBT19","amenat","Ameiurus natalis","Yellow bullhead",2,0.0359712230215827,144,12.7279220613579,9,17.6396758608605,38,0.174978127734033,1.16622395309705
"913",2008,"BUFFRMFISHBT19","camspp","Campostoma spp.","Stoneroller spp.",587,10.5575539568345,86.7666666666667,15.2715271086386,2.78818662831768,5.46474537367881,6.86666666666667,51.3560804899388,61.8518126563167
"914",2008,"BUFFRMFISHBT19","chrery","Chrosomus erythrogaster","Southern redbelly dace",45,0.809352517985611,51.2,9.58950575836186,1.75079620639349,3.4314975088006,1.2,3.93700787401575,0.828632808779486
"915",2008,"BUFFRMFISHBT19","cotcar","Cottus carolinae","Banded sculpin",84,1.51079136690647,86.5333333333333,15.1378341577818,2.76377774666311,5.41690484473295,10.7666666666667,7.3490813648294,13.878065041855
"916",2008,"BUFFRMFISHBT19","cypgal","Cyprinella galactura","Whitetail shiner",1,0.0179856115107914,81,NA,NA,NA,5,0.0874890638670166,0.0767252600721746
"917",2008,"BUFFRMFISHBT19","ethble","Etheostoma blennioides","Greenside darter",4,0.0719424460431655,63.75,18.3371208208922,9.16856041044612,17.9700481945542,3,0.349956255468067,0.184140624173219
"918",2008,"BUFFRMFISHBT19","ethcae","Etheostoma caeruleum","Rainbow darter",90,1.61870503597122,53.7333333333333,8.29596218082912,1.51462854088329,2.9686173900877,1.7,7.8740157480315,2.34779295820854
"919",2008,"BUFFRMFISHBT19","ethspe","Etheostoma spectabile","Orangethroat darter",43,0.773381294964029,51.3103448275862,8.33282428658693,1.54736662386771,3.03278285366005,1.48275862068966,3.76202974628172,0.978379350851386
"920",2008,"BUFFRMFISHBT19","ethzon","Etheostoma zonale","Banded darter",1,0.0179856115107914,60,NA,NA,NA,3,0.0874890638670166,0.0460351560433048
"921",2008,"BUFFRMFISHBT19","lepcya","Lepomis cyanellus","Green sunfish",1,0.0179856115107914,81,NA,NA,NA,10,0.0874890638670166,0.153450520144349
"922",2008,"BUFFRMFISHBT19","lepmeg","Lepomis megalotis","Longear sunfish",4,0.0719424460431655,100,10.6144555520604,5.30722777603022,10.4019752987698,19.25,0.349956255468067,1.18156900511149
"923",2008,"BUFFRMFISHBT19","luxpil","Luxilus pilsbryi","Duskystripe shiner",79,1.42086330935252,90.2333333333333,18.8399489957091,3.43968834906555,6.74166528221052,7.23333333333333,6.91163604549431,8.76867422278193
"924",2008,"BUFFRMFISHBT19","nocbig","Nocomis biguttatus","Hornyhead chub",2,0.0359712230215827,160,NA,NA,NA,47,0.174978127734033,1.44243488935688
"925",2008,"BUFFRMFISHBT19","notexi","Noturus exilis","Slender madtom",2,0.0359712230215827,104.5,6.36396103067893,4.5,8.81983793043024,8.5,0.174978127734033,0.260865884245394
"926",2008,"BUFFRMFISHBT19","notnub","Notropis nubilus","Ozark minnow",197,3.5431654676259,59.5666666666667,6.39872472926595,1.16824195782836,2.28971216257216,1.96666666666667,17.2353455818023,5.94518465212591
"927",2008,"BUFFRMFISHBT28","amenat","Ameiurus natalis","Yellow bullhead",1,0.0279459711224965,90,NA,NA,NA,9,0.45045045045045,1.11958865483496
"928",2008,"BUFFRMFISHBT28","camspp","Campostoma spp.","Stoneroller spp.",48,1.34140661387983,70.5666666666667,14.1438016967427,2.58229307939527,5.06120143314176,3.96666666666667,21.6216216216216,23.6855199867308
"929",2008,"BUFFRMFISHBT28","chrery","Chrosomus erythrogaster","Southern redbelly dace",39,1.08989287377736,53.2666666666667,9.97560242181699,1.82128749037744,3.56965788663313,2.16666666666667,17.5675675675676,10.5116934815061
"930",2008,"BUFFRMFISHBT28","cotcar","Cottus carolinae","Banded sculpin",41,1.14578481602236,81.1666666666667,12.074719482237,2.20453207865609,4.32080347692916,8.26666666666667,18.4684684684685,42.1628794161552
"931",2008,"BUFFRMFISHBT28","cotimm","Cottus immaculatus","Knobfin Sculpin",1,0.0279459711224965,68,NA,NA,NA,4,0.45045045045045,0.497594957704429
"932",2008,"BUFFRMFISHBT28","ethcae","Etheostoma caeruleum","Rainbow darter",43,1.20167675826735,48.2333333333333,7.06952338701416,1.29071247662599,2.52974996858344,1.23333333333333,19.3693693693694,6.59727981423122
"933",2008,"BUFFRMFISHBT28","ethspe","Etheostoma spectabile","Orangethroat darter",8,0.223567768979972,43.375,4.30738568374965,1.52289081308262,2.98481114602884,0.875,3.6036036036036,0.87079117598275
"934",2008,"BUFFRMFISHBT28","funcat","Fundulus catenatus","Northern studfish",1,0.0279459711224965,84,NA,NA,NA,5,0.45045045045045,0.621993697130536
"935",2008,"BUFFRMFISHBT28","luxpil","Luxilus pilsbryi","Duskystripe shiner",27,0.754541220307406,43.4074074074074,16.7934494080264,3.23190084544881,6.33440925868421,1.03703703703704,12.1621621621622,3.483164703931
"936",2008,"BUFFRMFISHBT28","nocbig","Nocomis biguttatus","Hornyhead chub",5,0.139729855612483,92.6,10.3344085462111,4.62168800331654,9.05834203428125,8.2,2.25225225225225,5.10034831647039
"937",2008,"BUFFRMFISHBT28","notexi","Noturus exilis","Slender madtom",3,0.0838379133674895,82.3333333333333,19.399312702602,11.200198410941,21.951985505147,4.66666666666667,1.35135135135135,1.7415823519655
"938",2008,"BUFFRMFISHBT28","sematr","Semotilus atromaculatus","Creek chub",5,0.139729855612483,78.2,16.192590898309,7.24154679609267,14.193170912703,5.8,2.25225225225225,3.60756344335711
"939",2009,"BUFFRMFISHBM01","ambcon","Ambloplites constellatus","Ozark bass",3,0.0266587677725118,113.666666666667,62.4526487295241,36.0570535555959,70.6705263575999,48.6666666666667,0.457317073170732,2.57152938070484
"940",2009,"BUFFRMFISHBM01","amenat","Ameiurus natalis","Yellow bullhead",1,0.00888625592417062,214,NA,NA,NA,209,0.152439024390244,3.68116192169392
"941",2009,"BUFFRMFISHBM01","camspp","Campostoma spp.","Stoneroller spp.",172,1.52843601895735,90.3333333333333,19.2700112437262,3.51820661385567,6.89555825332773,8.56666666666667,26.219512195122,25.9524851015244
"942",2009,"BUFFRMFISHBM01","chrery","Chrosomus erythrogaster","Southern redbelly dace",80,0.710900473933649,46.3333333333333,4.72946255846835,0.863477776049738,1.69238534250823,1.03333333333333,12.1951219512195,1.45602576807032
"943",2009,"BUFFRMFISHBM01","cotcar","Cottus carolinae","Banded sculpin",14,0.124407582938389,60.8571428571429,31.9322772390309,8.53426007199524,16.7268423758089,9.55555555555556,2.13414634146341,2.3562567537052
"944",2009,"BUFFRMFISHBM01","ethaut","Etheostoma autmnale","Autumn darter",25,0.222156398104265,75.56,12.0626144208736,2.41252288417471,4.72845796486113,4.72,3.8109756097561,2.07835936248748
"945",2009,"BUFFRMFISHBM01","ethble","Etheostoma blennioides","Greenside darter",9,0.0799763033175356,88.1111111111111,23.6296659119656,7.87655530398855,15.4377647180555,7.77777777777778,1.3719512195122,1.23292504554342
"946",2009,"BUFFRMFISHBM01","ethcae","Etheostoma caeruleum","Rainbow darter",135,1.19964454976303,52.8333333333333,7.99604787436865,1.45987193056098,2.86129640594048,1.83333333333333,20.5792682926829,4.3592706967428
"947",2009,"BUFFRMFISHBM01","ethspe","Etheostoma spectabile","Orangethroat darter",40,0.355450236966825,49.1612903225806,7.65548506712039,1.37496570764162,2.69488326695521,1.36666666666667,6.09756097560976,0.962855749852955
"948",2009,"BUFFRMFISHBM01","ethzon","Etheostoma zonale","Banded darter",1,0.00888625592417062,43,NA,NA,NA,1,0.152439024390244,0.0176132149363345
"949",2009,"BUFFRMFISHBM01","funcat","Fundulus catenatus","Northern studfish",3,0.0266587677725118,99,51.0979451641649,29.5014123955673,57.8217057883755,16,0.457317073170732,0.845434316944058
"950",2009,"BUFFRMFISHBM01","hypnig","Hypentelium nigricans","Northern hog sucker",4,0.0355450236966825,347.5,17.4068951855292,8.70344759276461,17.0584438231505,510.25,0.609756097560976,35.9485716850588
"951",2009,"BUFFRMFISHBM01","lepcya","Lepomis cyanellus","Green sunfish",24,0.213270142180095,66.7083333333333,23.8080716430861,4.85980227376553,9.5250374285663,8.29166666666667,3.65853658536585,3.50502977233057
"952",2009,"BUFFRMFISHBM01","lepmeg","Lepomis megalotis","Longear sunfish",2,0.0177725118483412,90.5,0.707106781186548,0.5,0.979981992270027,15.5,0.304878048780488,0.546009663026371
"953",2009,"BUFFRMFISHBM01","luxchr","Luxilus chrysocephalus","Striped shiner",4,0.0355450236966825,92.25,40.5,20.25,39.6892706869361,13.5,0.609756097560976,0.951113606562065
"954",2009,"BUFFRMFISHBM01","luxpil","Luxilus pilsbryi","Duskystripe shiner",44,0.390995260663507,73.7741935483871,22.0343817361555,3.95749178669546,7.75654137103618,5.12903225806452,6.70731707317073,3.97490489337408
"955",2009,"BUFFRMFISHBM01","moxduq","Moxostoma duquesnei","Black redhorse",2,0.0177725118483412,84,7.07106781186548,5,9.79981992270027,6,0.304878048780488,0.211358579236014
"956",2009,"BUFFRMFISHBM01","notboo","Notropis boops","Bigeye shiner",8,0.0710900473933649,73.875,12.1118301082631,4.28217860106612,8.3929158334577,4.75,1.21951219512195,0.669302167580712
"957",2009,"BUFFRMFISHBM01","notexi","Noturus exilis","Slender madtom",29,0.257701421800948,104.103448275862,21.4265269960696,3.97880617649488,7.79831680739548,11.2413793103448,4.42073170731707,5.74190806924506
"958",2009,"BUFFRMFISHBM01","notnub","Notropis nubilus","Ozark minnow",54,0.479857819905213,65.8666666666667,10.7726772305051,1.96681277462331,3.85488220259499,2.86666666666667,8.23170731707317,2.72652567214459
"959",2009,"BUFFRMFISHBM01","pimnot","Pimephales notatus","Bluntnose minnow",2,0.0177725118483412,82.5,2.12132034355964,1.5,2.93994597681008,6,0.304878048780488,0.211358579236014
"960",2009,"BUFFRMFISHBM02","ambcon","Ambloplites constellatus","Ozark bass",10,0.0681818181818182,104.2,49.1455887022313,15.541199724889,30.4601917373262,36.5,1.76056338028169,9.08059889359109
"961",2009,"BUFFRMFISHBM02","amenat","Ameiurus natalis","Yellow bullhead",2,0.0136363636363636,145,56.5685424949238,40,78.3985593816022,50.5,0.352112676056338,2.51271366644575
"962",2009,"BUFFRMFISHBM02","camspp","Campostoma spp.","Stoneroller spp.",30,0.204545454545455,82.1,23.2369355211438,4.2424645840745,8.31507779047272,7.73333333333333,5.28169014084507,5.77177792688529
"963",2009,"BUFFRMFISHBM02","cotcar","Cottus carolinae","Banded sculpin",13,0.0886363636363636,35.9230769230769,3.54639578684093,0.983593219426494,1.92780728551373,0.384615384615385,2.2887323943662,0.124391765665631
"964",2009,"BUFFRMFISHBM02","cotimm","Cottus immaculatus","Knobfin Sculpin",2,0.0136363636363636,39,0,0,0,1,0.352112676056338,0.0497567062662525
"965",2009,"BUFFRMFISHBM02","cypgre","Notropis greenei","Wedgespot shiner",5,0.0340909090909091,74.8,5.54075807087803,2.47790233867277,4.85659934100621,4,0.880281690140845,0.497567062662525
"966",2009,"BUFFRMFISHBM02","ethble","Etheostoma blennioides","Greenside darter",8,0.0545454545454545,57.5,9.78336781043653,3.45894286080093,6.77940343175176,2,1.40845070422535,0.39805365013002
"967",2009,"BUFFRMFISHBM02","ethcae","Etheostoma caeruleum","Rainbow darter",207,1.41136363636364,39.5789473684211,5.35740183166849,1.22907227285172,2.40893738918616,0.736842105263158,36.443661971831,3.79460354630526
"968",2009,"BUFFRMFISHBM02","etheux","Etheostoma euzonum","Arkansas saddled darter",26,0.177272727272727,67.1923076923077,11.4263528066281,2.24089215116125,4.39206790951454,3.15384615384615,4.57746478873239,2.04002495691635
"969",2009,"BUFFRMFISHBM02","ethjul","Etheostoma juliae","Yoke darter",1,0.00681818181818182,48,NA,NA,NA,1,0.176056338028169,0.0248783531331263
"970",2009,"BUFFRMFISHBM02","ethspe","Etheostoma spectabile","Orangethroat darter",1,0.00681818181818182,46,NA,NA,NA,1,0.176056338028169,0.0248783531331263
"971",2009,"BUFFRMFISHBM02","ethzon","Etheostoma zonale","Banded darter",35,0.238636363636364,43.1142857142857,3.96878577202168,0.670847236266024,1.31483642220964,0.914285714285714,6.16197183098592,0.79610730026004
"972",2009,"BUFFRMFISHBM02","funcat","Fundulus catenatus","Northern studfish",2,0.0136363636363636,71.5,30.4055915910215,21.5,42.1392256676112,4,0.352112676056338,0.19902682506501
"973",2009,"BUFFRMFISHBM02","hypamb","Hybopsis amblops","Bigeye chub",22,0.15,67.3181818181818,10.1248697281983,2.15862947905912,4.23083603492233,2.72727272727273,3.87323943661972,1.49270118798758
"974",2009,"BUFFRMFISHBM02","hypnig","Hypentelium nigricans","Northern hog sucker",2,0.0136363636363636,118.5,10.6066017177982,7.5,14.6997298840504,18,0.352112676056338,0.895620712792545
"975",2009,"BUFFRMFISHBM02","lepcya","Lepomis cyanellus","Green sunfish",17,0.115909090909091,121,34.0789524486889,8.26536003272624,16.1998079834002,44.0588235294118,2.99295774647887,18.6338864967116
"976",2009,"BUFFRMFISHBM02","lepmeg","Lepomis megalotis","Longear sunfish",18,0.122727272727273,88.5555555555556,25.3660779092222,5.97884190057244,11.718314794381,18.8823529411765,3.16901408450704,8.45571320018844
"977",2009,"BUFFRMFISHBM02","luxchr","Luxilus chrysocephalus","Striped shiner",2,0.0136363636363636,59.5,3.53553390593274,2.5,4.89990996135013,2,0.352112676056338,0.099513412532505
"978",2009,"BUFFRMFISHBM02","luxpil","Luxilus pilsbryi","Duskystripe shiner",42,0.286363636363636,65.3095238095238,10.0109405889271,1.54472166914294,3.02759883765875,2.5,7.3943661971831,2.61222707897826
"979",2009,"BUFFRMFISHBM02","micdol","Micropterus dolomieu","Smallmouth bass",3,0.0204545454545455,198,102.190997646564,59,115.637875087863,147,0.528169014084507,10.9713537317087
"980",2009,"BUFFRMFISHBM02","moxduq","Moxostoma duquesnei","Black redhorse",5,0.0340909090909091,213,85.0323467863848,38.0276215401384,74.5327686363909,130.6,0.880281690140845,16.2455645959314
"981",2009,"BUFFRMFISHBM02","moxery","Moxostoma erythrurum","Golden redhorse",1,0.00681818181818182,310,NA,NA,NA,338,0.176056338028169,8.40888335899668
"982",2009,"BUFFRMFISHBM02","nocbig","Nocomis biguttatus","Hornyhead chub",2,0.0136363636363636,79.5,16.2634559672906,11.5,22.5395858222106,5.5,0.352112676056338,0.273661884464389
"983",2009,"BUFFRMFISHBM02","notala","Noturus albater","Ozark madtom",6,0.0409090909090909,55,22.7508241608958,9.28798507032966,18.2041162267919,2.16666666666667,1.05633802816901,0.323418590730641
"984",2009,"BUFFRMFISHBM02","notboo","Notropis boops","Bigeye shiner",8,0.0545454545454545,69,4.81070235442364,1.70084012854152,3.33358539540186,3.125,1.40845070422535,0.621958828328157
"985",2009,"BUFFRMFISHBM02","notexi","Noturus exilis","Slender madtom",1,0.00681818181818182,105,NA,NA,NA,10,0.176056338028169,0.248783531331263
"986",2009,"BUFFRMFISHBM02","notflv","Noturus flavater","Checkered madtom",7,0.0477272727272727,63.8571428571429,8.72598745947169,3.29811325160434,6.4641831900788,3.71428571428571,1.23239436619718,0.646837181461283
"987",2009,"BUFFRMFISHBM02","notnub","Notropis nubilus","Ozark minnow",61,0.415909090909091,59.975,9.85663254505336,1.55847044508554,3.05454594333777,2.15,10.7394366197183,3.26279601340951
"988",2009,"BUFFRMFISHBM02","notoza","Notropis ozarcanus","Ozark shiner",5,0.0340909090909091,51.4,5.12835256198323,2.29346898823594,4.49511661660197,1,0.880281690140845,0.124391765665631
"989",2009,"BUFFRMFISHBM02","notper","Notropis percobromus","Carmine shiner",11,0.075,54.5454545454545,3.01209682326569,0.908181363181249,1.78000276326574,1.18181818181818,1.93661971830986,0.323418590730641
"990",2009,"BUFFRMFISHBM02","pimnot","Pimephales notatus","Bluntnose minnow",13,0.0886363636363636,68.8461538461538,10.4151024466569,2.88862968543323,5.66161014812239,3.23076923076923,2.2887323943662,1.0448908315913
"991",2009,"BUFFRMFISHBM03","ambcon","Ambloplites constellatus","Ozark bass",10,0.0566679259539101,130.4,67.9071261192651,21.4741187893189,42.0884994267999,81,1.0351966873706,13.8145661411875
"992",2009,"BUFFRMFISHBM03","amenat","Ameiurus natalis","Yellow bullhead",8,0.0453343407631281,211.25,21.0153005484779,7.43003076325106,14.5625926999967,142,0.82815734989648,19.3745026375173
"993",2009,"BUFFRMFISHBM03","camspp","Campostoma spp.","Stoneroller spp.",30,0.17000377786173,72.1,12.8314000633683,2.34268241969334,4.59157316981409,4.36666666666667,3.1055900621118,2.23420761048835
"994",2009,"BUFFRMFISHBM03","cotcar","Cottus carolinae","Banded sculpin",3,0.017000377786173,41,7,4.04145188432738,7.9211001385332,1.66666666666667,0.31055900621118,0.0852750996369598
"995",2009,"BUFFRMFISHBM03","cypgal","Cyprinella galactura","Whitetail shiner",3,0.017000377786173,39.3333333333333,4.61880215351701,2.66666666666667,5.22657062544014,1,0.31055900621118,0.0511650597821759
"996",2009,"BUFFRMFISHBM03","cypgre","Notropis greenei","Wedgespot shiner",12,0.0680015111446921,49.5833333333333,6.80184912469775,1.96352471156573,3.84843771742323,1.08333333333333,1.24223602484472,0.221715259056096
"997",2009,"BUFFRMFISHBM03","ethaut","Etheostoma autmnale","Autumn darter",2,0.011333585190782,73,1.4142135623731,1,1.95996398454005,4,0.20703933747412,0.136440159419136
"998",2009,"BUFFRMFISHBM03","ethble","Etheostoma blennioides","Greenside darter",12,0.0680015111446921,60.75,11.0956584466014,3.20304069549072,6.27784440417794,2.41666666666667,1.24223602484472,0.494595577894367
"999",2009,"BUFFRMFISHBM03","ethcae","Etheostoma caeruleum","Rainbow darter",199,1.12769172648281,43.5333333333333,5.97542861445409,1.09095901429945,2.13824037663624,0.966666666666667,20.6004140786749,3.28081733336597
"1000",2009,"BUFFRMFISHBM03","etheux","Etheostoma euzonum","Arkansas saddled darter",4,0.022667170381564,61.5,7.93725393319377,3.96862696659689,7.77836592260434,2.25,0.41407867494824,0.153495179346528
"1001",2009,"BUFFRMFISHBM03","ethjul","Etheostoma juliae","Yoke darter",167,0.946354363430298,39,4.43341543437936,0.809427213400379,1.58644818637136,0.966666666666667,17.287784679089,2.75324871694531
"1002",2009,"BUFFRMFISHBM03","ethzon","Etheostoma zonale","Banded darter",5,0.028333962976955,42,3.60555127546399,1.61245154965971,3.16034696414883,0.8,0.5175983436853,0.0682200797095679
"1003",2009,"BUFFRMFISHBM03","funcat","Fundulus catenatus","Northern studfish",19,0.107669059312429,55.5789473684211,15.7420731003599,3.61147925296311,7.0783692667213,2.10526315789474,1.96687370600414,0.682200797095679
"1004",2009,"BUFFRMFISHBM03","funoli","Fundulus olivaceus","Blackspotted topminnow",1,0.00566679259539101,67,NA,NA,NA,3,0.10351966873706,0.0511650597821759
"1005",2009,"BUFFRMFISHBM03","hypamb","Hybopsis amblops","Bigeye chub",147,0.833018511522478,61.7096774193548,3.81395287846347,0.685006158652319,1.34258740014668,1.90322580645161,15.2173913043478,4.77155444613776
"1006",2009,"BUFFRMFISHBM03","hypnig","Hypentelium nigricans","Northern hog sucker",2,0.011333585190782,83,1.4142135623731,1,1.95996398454005,6,0.20703933747412,0.204660239128704
"1007",2009,"BUFFRMFISHBM03","lepcya","Lepomis cyanellus","Green sunfish",7,0.0396675481677371,93.5714285714286,36.7553041199822,13.892199152003,27.2282100039837,22.8571428571429,0.72463768115942,2.72880318838271
"1008",2009,"BUFFRMFISHBM03","lepmeg","Lepomis megalotis","Longear sunfish",54,0.306006800151114,74.8510638297872,35.4554090577497,5.17170294076303,10.1363515026354,14.9574468085106,5.59006211180124,13.7753758826309
"1009",2009,"BUFFRMFISHBM03","luxchr","Luxilus chrysocephalus","Striped shiner",5,0.028333962976955,78,18.907670401189,8.45576726264388,16.5729992964348,5.2,0.5175983436853,0.443430518112191
"1010",2009,"BUFFRMFISHBM03","luxpil","Luxilus pilsbryi","Duskystripe shiner",47,0.266339251983377,67.7446808510638,11.90080027471,1.73591013088872,3.4023213369401,3.27659574468085,4.86542443064182,2.62647306881836
"1011",2009,"BUFFRMFISHBM03","micdol","Micropterus dolomieu","Smallmouth bass",2,0.011333585190782,159,91.9238815542512,65,127.397658995103,9,0.20703933747412,0.306990358693055
"1012",2009,"BUFFRMFISHBM03","moxduq","Moxostoma duquesnei","Black redhorse",4,0.022667170381564,115,53.771119881711,26.8855599408555,52.6947291882696,26,0.41407867494824,1.77372207244876
"1013",2009,"BUFFRMFISHBM03","moxery","Moxostoma erythrurum","Golden redhorse",7,0.0396675481677371,182.142857142857,125.145819708355,47.3006737953763,92.7076170834151,155.285714285714,0.72463768115942,18.5388066610751
"1014",2009,"BUFFRMFISHBM03","nocbig","Nocomis biguttatus","Hornyhead chub",1,0.00566679259539101,60,NA,NA,NA,2,0.10351966873706,0.0341100398547839
"1015",2009,"BUFFRMFISHBM03","notala","Noturus albater","Ozark madtom",29,0.164336985266339,60.2068965517241,6.40523954244173,1.18942312293874,2.33122648333909,2.24137931034483,3.00207039337474,1.10857629528048
"1016",2009,"BUFFRMFISHBM03","notboo","Notropis boops","Bigeye shiner",19,0.107669059312429,70.4736842105263,6.86673479782245,1.57533700293696,3.08760378926971,3.42105263157895,1.96687370600414,1.10857629528048
"1017",2009,"BUFFRMFISHBM03","notexi","Noturus exilis","Slender madtom",7,0.0396675481677371,72.4285714285714,16.0089260815869,6.05080530987068,11.8593604848102,3.85714285714286,0.72463768115942,0.460485538039583
"1018",2009,"BUFFRMFISHBM03","notflv","Noturus flavater","Checkered madtom",5,0.028333962976955,66.6,4.82700735445887,2.15870331449229,4.23098074971213,4,0.5175983436853,0.341100398547839
"1019",2009,"BUFFRMFISHBM03","notnub","Notropis nubilus","Ozark minnow",127,0.719682659614658,48.9333333333333,6.05681908853685,1.10581881383984,2.16736504855288,1.3,13.1469979296066,2.81578379001241
"1020",2009,"BUFFRMFISHBM03","notper","Notropis percobromus","Carmine shiner",9,0.0510011333585191,54.8888888888889,6.00925212577332,2.00308404192444,3.92597258017882,1.33333333333333,0.93167701863354,0.204660239128704
"1021",2009,"BUFFRMFISHBM03","nottel","Notropis telescopus","Telescope shiner",7,0.0396675481677371,51.1428571428571,8.64924989866311,3.26910917987331,6.40733625408097,1,0.72463768115942,0.119385139491744
"1022",2009,"BUFFRMFISHBM03","percap","Percina caprodes","Logperch",1,0.00566679259539101,140,NA,NA,NA,21,0.10351966873706,0.358155418475231
"1023",2009,"BUFFRMFISHBM03","pimnot","Pimephales notatus","Bluntnose minnow",10,0.0566679259539101,66.4444444444444,14.9005965577818,4.96686551926059,9.73487753380459,3,1.0351966873706,0.511650597821759
"1024",2009,"BUFFRMFISHBM03","pyloli","Pylodictis olivaris","Flathead catfish",1,0.00566679259539101,285,NA,NA,NA,256,0.10351966873706,4.36608510141234
"1025",2009,"BUFFRMFISHBM04","ambcon","Ambloplites constellatus","Ozark bass",24,0.137286681285156,134.5,62.0021037511246,12.6561264307798,24.8055519881139,76,3.27421555252387,20.6124030244042
"1026",2009,"BUFFRMFISHBM04","amenat","Ameiurus natalis","Yellow bullhead",4,0.022881113547526,164.25,42.460766204423,21.2303831022115,41.6107862583222,69,0.545702592087312,3.11898203658748
"1027",2009,"BUFFRMFISHBM04","camspp","Campostoma spp.","Stoneroller spp.",102,0.583468395461913,86.8,19.6106937752041,3.58040644966847,7.01746769136513,7.36666666666667,13.9154160982265,8.49131558801388
"1028",2009,"BUFFRMFISHBM04","cotcar","Cottus carolinae","Banded sculpin",3,0.0171608351606445,38.6666666666667,3.05505046330389,1.76383420737639,3.45705152115748,0.666666666666667,0.409276944065484,0.0226013191057064
"1029",2009,"BUFFRMFISHBM04","cypgal","Cyprinella galactura","Whitetail shiner",2,0.011440556773763,44.5,6.36396103067893,4.5,8.81983793043024,1,0.272851296043656,0.0226013191057064
"1030",2009,"BUFFRMFISHBM04","cypgre","Notropis greenei","Wedgespot shiner",1,0.0057202783868815,50,NA,NA,NA,1,0.136425648021828,0.0113006595528532
"1031",2009,"BUFFRMFISHBM04","erihar","Erimystax harryi","Ozark chub",5,0.0286013919344075,93.4,14.4499134945508,6.46219776856141,12.6656748873555,6.2,0.682128240109141,0.350320446138449
"1032",2009,"BUFFRMFISHBM04","ethble","Etheostoma blennioides","Greenside darter",18,0.102965010963867,77.5555555555556,20.0593889480044,4.72804331719746,9.26679461905231,5.55555555555556,2.45566166439291,1.13006595528532
"1033",2009,"BUFFRMFISHBM04","ethcae","Etheostoma caeruleum","Rainbow darter",25,0.143006959672037,46.56,7.94816540676736,1.58963308135347,3.11562358808623,1.24,3.4106412005457,0.350320446138449
"1034",2009,"BUFFRMFISHBM04","etheux","Etheostoma euzonum","Arkansas saddled darter",1,0.0057202783868815,88,NA,NA,NA,7,0.136425648021828,0.0791046168699723
"1035",2009,"BUFFRMFISHBM04","ethjul","Etheostoma juliae","Yoke darter",4,0.022881113547526,47.75,8.95823643358446,4.47911821679223,8.77891038741004,1.75,0.545702592087312,0.0791046168699723
"1036",2009,"BUFFRMFISHBM04","ethspe","Etheostoma spectabile","Orangethroat darter",1,0.0057202783868815,50,NA,NA,NA,2,0.136425648021828,0.0226013191057064
"1037",2009,"BUFFRMFISHBM04","ethzon","Etheostoma zonale","Banded darter",19,0.108685289350748,59.8947368421053,13.498537932524,3.09677698596961,6.06957136065294,2.31578947368421,2.59208731241473,0.49722902032554
"1038",2009,"BUFFRMFISHBM04","funcat","Fundulus catenatus","Northern studfish",9,0.0514825054819335,70.4444444444444,10.5843175395383,3.52810584651276,6.91496039281021,3.22222222222222,1.22783083219645,0.327719127032742
"1039",2009,"BUFFRMFISHBM04","funoli","Fundulus olivaceus","Blackspotted topminnow",2,0.011440556773763,60.5,12.0208152801713,8.5,16.6596938685905,2,0.272851296043656,0.0452026382114127
"1040",2009,"BUFFRMFISHBM04","hypamb","Hybopsis amblops","Bigeye chub",13,0.0743636190294594,67.6153846153846,4.99230176602706,1.38461538461538,2.71379628628623,2.30769230769231,1.77353342428377,0.339019786585596
"1041",2009,"BUFFRMFISHBM04","hypnig","Hypentelium nigricans","Northern hog sucker",19,0.108685289350748,96.6842105263158,15.9828124057583,3.66670863738256,7.18661687107174,10.2631578947368,2.59208731241473,2.20362861280637
"1042",2009,"BUFFRMFISHBM04","ichamm","Ichthyomyzon spp.","Ichthyomyzon ammocoete",1,0.0057202783868815,152,NA,NA,NA,8,0.136425648021828,0.0904052764228255
"1043",2009,"BUFFRMFISHBM04","lepcya","Lepomis cyanellus","Green sunfish",11,0.0629230622556965,94.3636363636364,43.0726658735508,12.986897402083,25.4538511789996,25.9090909090909,1.50068212824011,3.22068797256316
"1044",2009,"BUFFRMFISHBM04","lepmeg","Lepomis megalotis","Longear sunfish",92,0.526265611593098,91.2333333333333,21.6710252026371,3.95656978258244,7.75473427618105,17.9,12.5511596180082,18.6099261516386
"1045",2009,"BUFFRMFISHBM04","luxchr","Luxilus chrysocephalus","Striped shiner",32,0.183048908380208,81.0625,21.3086950297518,3.76688068844339,7.38295048340849,5.84375,4.3656207366985,2.11322333638355
"1046",2009,"BUFFRMFISHBM04","luxpil","Luxilus pilsbryi","Duskystripe shiner",66,0.377538373534179,66.3666666666667,8.47097817636003,1.54658194377545,3.03124490893984,2.7,9.00409276944066,2.01377753231844
"1047",2009,"BUFFRMFISHBM04","micdol","Micropterus dolomieu","Smallmouth bass",7,0.0400419487081705,154.285714285714,63.6807513714945,24.0690616329585,47.1744939422735,62.5714285714286,0.954979536152797,4.94968888414969
"1048",2009,"BUFFRMFISHBM04","moxduq","Moxostoma duquesnei","Black redhorse",28,0.160167794832682,94.6071428571429,19.4790282016978,3.6811903144933,7.21500043664454,9.96428571428571,3.81991814461119,3.15288401524604
"1049",2009,"BUFFRMFISHBM04","moxery","Moxostoma erythrurum","Golden redhorse",30,0.171608351606445,101.466666666667,92.9077159237107,16.9625505925661,33.2459882473681,73.5333333333333,4.09276944065484,24.9292549735941
"1050",2009,"BUFFRMFISHBM04","notala","Noturus albater","Ozark madtom",1,0.0057202783868815,90,NA,NA,NA,7,0.136425648021828,0.0791046168699723
"1051",2009,"BUFFRMFISHBM04","notboo","Notropis boops","Bigeye shiner",19,0.108685289350748,59.3684210526316,17.4171388335225,3.99576568741803,7.83155683800028,2.33333333333333,2.59208731241473,0.500995906843158
"1052",2009,"BUFFRMFISHBM04","notnub","Notropis nubilus","Ozark minnow",174,0.99532843931738,49.2051282051282,6.07054791240586,0.972065629798876,1.90521362501504,1.12820512820513,23.7380627557981,2.21840639837549
"1053",2009,"BUFFRMFISHBM04","notper","Notropis percobromus","Carmine shiner",7,0.0400419487081705,46,1.63299316185545,0.617213399848368,1.20971603447832,0.857142857142857,0.954979536152797,0.0678039573171191
"1054",2009,"BUFFRMFISHBM04","pimnot","Pimephales notatus","Bluntnose minnow",13,0.0743636190294594,61.1538461538462,12.8895704211205,3.57492362092724,7.00672154449891,2.38461538461538,1.77353342428377,0.350320446138449
"1055",2009,"BUFFRMFISHBM05","ambcon","Ambloplites constellatus","Ozark bass",25,0.146470071282101,134.92,56.1626506971789,11.2325301394358,22.0153545285548,67.88,4.66417910447761,30.3976594220205
"1056",2009,"BUFFRMFISHBM05","camspp","Campostoma spp.","Stoneroller spp.",99,0.580021482277121,76.7,20.8692976931879,3.81019503528317,7.46784504322834,5.33333333333333,18.4701492537313,9.45784571292095
"1057",2009,"BUFFRMFISHBM05","cotcar","Cottus carolinae","Banded sculpin",7,0.0410116199589884,38.5714285714286,4.99523582550223,1.88802167634276,3.70045448766275,NA,1.30597014925373,NA
"1058",2009,"BUFFRMFISHBM05","ethble","Etheostoma blennioides","Greenside darter",10,0.0585880285128405,74.1,17.9409525326215,5.67342733960503,11.1197132545307,4.6,1.86567164179104,0.823978982565083
"1059",2009,"BUFFRMFISHBM05","ethcae","Etheostoma caeruleum","Rainbow darter",54,0.316375353969339,47.8333333333333,4.75672542634207,0.868455271955311,1.70214105521635,1.125,10.0746268656716,1.08818963458323
"1060",2009,"BUFFRMFISHBM05","etheux","Etheostoma euzonum","Arkansas saddled darter",17,0.0995996484718289,65.9411764705882,7.3354497837155,1.77910789821607,3.48698740511425,2.82352941176471,3.17164179104478,0.859804155720086
"1061",2009,"BUFFRMFISHBM05","ethjul","Etheostoma juliae","Yoke darter",57,0.333951762523191,39.2333333333333,4.19920627420627,0.766666666666667,1.50263905481404,0.8,10.634328358209,0.816813947934082
"1062",2009,"BUFFRMFISHBM05","ethzon","Etheostoma zonale","Banded darter",6,0.0351528171077043,41.8333333333333,2.48327740429189,1.0137937550497,1.98699924764904,0.75,1.11940298507463,0.0806066395987581
"1063",2009,"BUFFRMFISHBM05","funcat","Fundulus catenatus","Northern studfish",1,0.00585880285128405,96,NA,NA,NA,8,0.186567164179104,0.143300692620014
"1064",2009,"BUFFRMFISHBM05","funoli","Fundulus olivaceus","Blackspotted topminnow",3,0.0175764085538522,71,9.16515138991168,5.29150262212918,10.3711545634725,3.33333333333333,0.559701492537313,0.179125865775018
"1065",2009,"BUFFRMFISHBM05","hypamb","Hybopsis amblops","Bigeye chub",16,0.0937408456205449,69.6875,7.41816464273116,1.85454116068279,3.63483388278538,2.75,2.98507462686567,0.788153809410079
"1066",2009,"BUFFRMFISHBM05","hypnig","Hypentelium nigricans","Northern hog sucker",10,0.0585880285128405,131.4,68.5520078318482,21.6780482926341,42.4881939086829,47.1,1.86567164179104,8.43682827800335
"1067",2009,"BUFFRMFISHBM05","lepcya","Lepomis cyanellus","Green sunfish",2,0.0117176057025681,102.5,67.175144212722,47.5,93.0982892656526,29,0.373134328358209,1.0389300214951
"1068",2009,"BUFFRMFISHBM05","lepmeg","Lepomis megalotis","Longear sunfish",68,0.398398593887316,85.0416666666667,29.7564284728694,4.29497049723325,8.41798748923925,18.0208333333333,12.6865671641791,21.9503821351803
"1069",2009,"BUFFRMFISHBM05","luxpil","Luxilus pilsbryi","Duskystripe shiner",22,0.128893662728249,81.0909090909091,8.41149491786369,1.79333674211012,3.51487542668822,4.68181818181818,4.1044776119403,1.84499641748268
"1070",2009,"BUFFRMFISHBM05","micdol","Micropterus dolomieu","Smallmouth bass",7,0.0410116199589884,100.857142857143,10.7459848537112,4.06160050219809,7.96059070389805,11.1428571428571,1.30597014925373,1.39718175304514
"1071",2009,"BUFFRMFISHBM05","moxduq","Moxostoma duquesnei","Black redhorse",22,0.128893662728249,127,64.005208121423,13.6459562219773,26.7455827296858,40.0454545454545,4.1044776119403,15.7809887747791
"1072",2009,"BUFFRMFISHBM05","moxery","Moxostoma erythrurum","Golden redhorse",3,0.0175764085538522,93,4.58257569495584,2.64575131106459,5.18557728173623,9.66666666666667,0.559701492537313,0.519465010747552
"1073",2009,"BUFFRMFISHBM05","nocbig","Nocomis biguttatus","Hornyhead chub",2,0.0117176057025681,81.5,7.77817459305202,5.5,10.7798019149703,4,0.373134328358209,0.143300692620014
"1074",2009,"BUFFRMFISHBM05","notala","Noturus albater","Ozark madtom",1,0.00585880285128405,78,NA,NA,NA,5,0.186567164179104,0.089562932887509
"1075",2009,"BUFFRMFISHBM05","notboo","Notropis boops","Bigeye shiner",1,0.00585880285128405,77,NA,NA,NA,5,0.186567164179104,0.089562932887509
"1076",2009,"BUFFRMFISHBM05","notexi","Noturus exilis","Slender madtom",3,0.0175764085538522,62.6666666666667,4.04145188432738,2.33333333333333,4.57324929726012,2,0.559701492537313,0.107475519465011
"1077",2009,"BUFFRMFISHBM05","notflv","Noturus flavater","Checkered madtom",2,0.0117176057025681,108.5,12.0208152801713,8.5,16.6596938685905,15,0.373134328358209,0.537377597325054
"1078",2009,"BUFFRMFISHBM05","notnub","Notropis nubilus","Ozark minnow",42,0.24606971975393,66.1428571428571,7.15847033094303,1.21000233150887,2.37156099096688,2.62857142857143,7.83582089552239,1.9775495581562
"1079",2009,"BUFFRMFISHBM05","notoza","Notropis ozarcanus","Ozark shiner",26,0.152328874133385,49.4230769230769,2.11986937188265,0.415740588211436,0.814836579805911,0.884615384615385,4.85074626865672,0.411989491282541
"1080",2009,"BUFFRMFISHBM05","notper","Notropis percobromus","Carmine shiner",20,0.117176057025681,57.55,5.26632799266394,1.17758673834066,2.30802759581968,1.45,3.73134328358209,0.519465010747552
"1081",2009,"BUFFRMFISHBM05","perevi","Percina evides","Gilt darter",7,0.0410116199589884,57.8571428571429,6.74360367134594,2.54884260782336,4.99563971359493,2,1.30597014925373,0.250776212085025
"1082",2009,"BUFFRMFISHBM05","pimnot","Pimephales notatus","Bluntnose minnow",3,0.0175764085538522,83.3333333333333,12.5033328890074,7.21880260923591,14.1485931256061,5,0.559701492537313,0.268688798662527
"1083",2009,"BUFFRMFISHBM06","ambcon","Ambloplites constellatus","Ozark bass",11,0.0735212208978501,153.727272727273,45.3830164468844,13.6834943098949,26.8191560300527,78.3636363636364,2.07156308851224,16.4058764159975
"1084",2009,"BUFFRMFISHBM06","amenat","Ameiurus natalis","Yellow bullhead",3,0.02005124206305,167.666666666667,45.6544995956952,26.3586376312923,51.661980438875,35.6666666666667,0.564971751412429,2.03646029757742
"1085",2009,"BUFFRMFISHBM06","camspp","Campostoma spp.","Stoneroller spp.",39,0.26066614681965,53.7,30.5638393508091,5.58016808546741,10.9369284751959,2.63333333333333,7.34463276836158,1.95462123888973
"1086",2009,"BUFFRMFISHBM06","cotcar","Cottus carolinae","Banded sculpin",2,0.0133674947087,42,7.07106781186548,5,9.79981992270027,0.5,0.376647834274953,0.0190323392296955
"1087",2009,"BUFFRMFISHBM06","cypgal","Cyprinella galactura","Whitetail shiner",3,0.02005124206305,87,35.3411940941446,20.4042479237372,39.9915910621511,8.33333333333333,0.564971751412429,0.475808480742388
"1088",2009,"BUFFRMFISHBM06","cypgre","Notropis greenei","Wedgespot shiner",127,0.848835914002451,53.8571428571429,7.9895402003645,1.23281281757305,2.41626872212252,1.45238095238095,23.9171374764595,3.51056028601074
"1089",2009,"BUFFRMFISHBM06","erihar","Erimystax harryi","Ozark chub",12,0.0802049682522001,87.0833333333333,7.68065259222315,2.21721342083602,4.34565845087744,5.41666666666667,2.25988700564972,1.23710204993021
"1090",2009,"BUFFRMFISHBM06","ethble","Etheostoma blennioides","Greenside darter",5,0.03341873677175,67.2,8.75785361832453,3.91663120551323,7.67645610353162,3.4,0.941619585687382,0.323549766904824
"1091",2009,"BUFFRMFISHBM06","ethcae","Etheostoma caeruleum","Rainbow darter",21,0.14035869444135,45.3809523809524,5.55406329164685,1.21199597374035,2.37546845793863,0.952380952380952,3.95480225988701,0.38064678459391
"1092",2009,"BUFFRMFISHBM06","etheux","Etheostoma euzonum","Arkansas saddled darter",3,0.02005124206305,64.3333333333333,4.04145188432738,2.33333333333333,4.57324929726012,2.33333333333333,0.564971751412429,0.133226374607869
"1093",2009,"BUFFRMFISHBM06","ethjul","Etheostoma juliae","Yoke darter",44,0.2940848835914,37.1,3.24143433555643,0.591802234752008,1.15991106608425,0.633333333333333,8.28625235404897,0.530367853200848
"1094",2009,"BUFFRMFISHBM06","ethzon","Etheostoma zonale","Banded darter",2,0.0133674947087,48.5,2.12132034355964,1.5,2.93994597681008,1.5,0.376647834274953,0.0570970176890866
"1095",2009,"BUFFRMFISHBM06","funcat","Fundulus catenatus","Northern studfish",2,0.0133674947087,74.5,45.9619407771256,32.5,63.6988294975517,6,0.376647834274953,0.228388070756346
"1096",2009,"BUFFRMFISHBM06","hypamb","Hybopsis amblops","Bigeye chub",3,0.02005124206305,66,10.3923048454133,6,11.7597839072403,1,0.564971751412429,0.0570970176890866
"1097",2009,"BUFFRMFISHBM06","hypnig","Hypentelium nigricans","Northern hog sucker",2,0.0133674947087,227.5,166.170093578839,117.5,230.295768183456,260,0.376647834274953,9.89681639944167
"1098",2009,"BUFFRMFISHBM06","labsic","Labidesthes sicculus","Brook silverside",1,0.00668374735435001,88,NA,NA,NA,3,0.188323917137476,0.0570970176890866
"1099",2009,"BUFFRMFISHBM06","lepcya","Lepomis cyanellus","Green sunfish",17,0.11362370502395,139.235294117647,31.6968638270506,7.68761867998525,15.0674557396484,57.8235294117647,3.2015065913371,18.7087894627907
"1100",2009,"BUFFRMFISHBM06","lepmeg","Lepomis megalotis","Longear sunfish",30,0.2005124206305,89.6333333333333,18.9090077664758,3.45229669791307,6.76637719185616,14.3333333333333,5.64971751412429,8.18390586876908
"1101",2009,"BUFFRMFISHBM06","luxchr","Luxilus chrysocephalus","Striped shiner",2,0.0133674947087,70.5,6.36396103067893,4.5,8.81983793043024,2.5,0.376647834274953,0.0951616961484776
"1102",2009,"BUFFRMFISHBM06","luxpil","Luxilus pilsbryi","Duskystripe shiner",17,0.11362370502395,75.1875,9.3038970329642,2.32597425824105,4.55882577511972,4.0625,3.2015065913371,1.31442092805085
"1103",2009,"BUFFRMFISHBM06","micdol","Micropterus dolomieu","Smallmouth bass",6,0.0401024841261,127,64.9522901828719,26.5166614288702,51.971701390828,39.6,1.12994350282486,4.52208380097566
"1104",2009,"BUFFRMFISHBM06","moxduq","Moxostoma duquesnei","Black redhorse",9,0.06015372618915,132.444444444444,30.2907209847798,10.0969069949266,19.7895740653067,26.4444444444444,1.69491525423729,4.52969673666753
"1105",2009,"BUFFRMFISHBM06","moxery","Moxostoma erythrurum","Golden redhorse",7,0.04678623148045,100,7.37111479583199,2.78601951929716,5.46049791804802,10.5714285714286,1.31826741996234,1.40839310299747
"1106",2009,"BUFFRMFISHBM06","notala","Noturus albater","Ozark madtom",12,0.0802049682522001,62.6666666666667,6.15457454896664,1.77667263629675,3.48221437945947,2.5,2.25988700564972,0.570970176890866
"1107",2009,"BUFFRMFISHBM06","notboo","Notropis boops","Bigeye shiner",32,0.2138799153392,69.7096774193548,10.5836148468189,1.90087334109798,3.72564328772435,3.76666666666667,6.02636534839925,2.29403128848597
"1108",2009,"BUFFRMFISHBM06","notexi","Noturus exilis","Slender madtom",1,0.00668374735435001,62,NA,NA,NA,2,0.188323917137476,0.038064678459391
"1109",2009,"BUFFRMFISHBM06","notflv","Noturus flavater","Checkered madtom",2,0.0133674947087,60,14.142135623731,10,19.5996398454005,3.5,0.376647834274953,0.133226374607869
"1110",2009,"BUFFRMFISHBM06","notnub","Notropis nubilus","Ozark minnow",44,0.2940848835914,49.1363636363636,8.34876654053845,1.2586239126018,2.46685753878041,1.18181818181818,8.28625235404897,0.989681639944167
"1111",2009,"BUFFRMFISHBM06","notper","Notropis percobromus","Carmine shiner",58,0.3876573465523,44.3620689655172,3.24820207144117,0.426509827208502,0.835943900381065,0.724137931034483,10.9227871939736,0.799358247647212
"1112",2009,"BUFFRMFISHBM06","percap","Percina caprodes","Logperch",3,0.02005124206305,128.666666666667,34.6458270695524,20.0027775849033,39.2047236571756,19.3333333333333,0.564971751412429,1.10387567532234
"1113",2009,"BUFFRMFISHBM06","perevi","Percina evides","Gilt darter",1,0.00668374735435001,54,NA,NA,NA,2,0.188323917137476,0.038064678459391
"1114",2009,"BUFFRMFISHBM06","pimnot","Pimephales notatus","Bluntnose minnow",9,0.06015372618915,69.5555555555556,9.32886797943769,3.10962265981256,6.09474841874227,3.77777777777778,1.69491525423729,0.647099533809648
"1115",2009,"BUFFRMFISHBM06","pyloli","Pylodictis olivaris","Flathead catfish",1,0.00668374735435001,440,NA,NA,NA,910,0.188323917137476,17.3194286990229
"1116",2009,"BUFFRMFISHBT01","camspp","Campostoma spp.","Stoneroller spp.",12,0.564263322884013,115.909090909091,10.8945357446249,3.28482612091235,6.43814089246462,15.8181818181818,35.2941176470588,43.4481036539689
"1117",2009,"BUFFRMFISHBT01","cotcar","Cottus carolinae","Banded sculpin",16,0.752351097178683,63.3333333333333,50.9112205800684,13.1452206294465,25.764159002548,13.0666666666667,47.0588235294118,47.8539522237328
"1118",2009,"BUFFRMFISHBT01","ethaut","Etheostoma autmnale","Autumn darter",5,0.235109717868339,80.6,6.22896460095897,2.78567765543682,5.45982787719415,5.8,14.7058823529412,6.63790472491191
"1119",2009,"BUFFRMFISHBT01","luxpil","Luxilus pilsbryi","Duskystripe shiner",1,0.0470219435736677,99,NA,NA,NA,9,2.94117647058824,2.06003939738646
"1120",2009,"BUFFRMFISHBT06","amenat","Ameiurus natalis","Yellow bullhead",2,0.0794701986754967,100,7.07106781186548,5,9.79981992270027,13,2.06185567010309,7.56693830034924
"1121",2009,"BUFFRMFISHBT06","camspp","Campostoma spp.","Stoneroller spp.",3,0.119205298013245,73.6666666666667,15.8219257150744,9.13479307069648,17.9038654247911,4,3.09278350515464,3.49243306169965
"1122",2009,"BUFFRMFISHBT06","cotcar","Cottus carolinae","Banded sculpin",2,0.0794701986754967,28,5.65685424949238,4,7.83985593816022,NA,2.06185567010309,NA
"1123",2009,"BUFFRMFISHBT06","ethble","Etheostoma blennioides","Greenside darter",1,0.0397350993377483,59,NA,NA,NA,2,1.03092783505155,0.582072176949942
"1124",2009,"BUFFRMFISHBT06","ethcae","Etheostoma caeruleum","Rainbow darter",34,1.35099337748344,44.0333333333333,9.11415471077565,1.6640093758946,3.26139844669039,0.9,35.0515463917526,8.90570430733411
"1125",2009,"BUFFRMFISHBT06","funcat","Fundulus catenatus","Northern studfish",10,0.397350993377483,93.5,18.8870914177441,5.972622725589,11.7061254353999,9.3,10.3092783505155,27.0663562281723
"1126",2009,"BUFFRMFISHBT06","lepcya","Lepomis cyanellus","Green sunfish",1,0.0397350993377483,138,NA,NA,NA,50,1.03092783505155,14.5518044237485
"1127",2009,"BUFFRMFISHBT06","lepmeg","Lepomis megalotis","Longear sunfish",8,0.317880794701987,63.125,24.9252453777863,8.81240501468567,17.2719964459641,7,8.24742268041237,16.2980209545984
"1128",2009,"BUFFRMFISHBT06","luxpil","Luxilus pilsbryi","Duskystripe shiner",25,0.993377483443709,57.16,8.73059753586966,1.74611950717393,3.42233134676373,1.6,25.7731958762887,11.6414435389988
"1129",2009,"BUFFRMFISHBT06","micdol","Micropterus dolomieu","Smallmouth bass",2,0.0794701986754967,90.5,14.8492424049175,10.5,20.5796218376706,7.5,2.06185567010309,4.36554132712456
"1130",2009,"BUFFRMFISHBT06","moxduq","Moxostoma duquesnei","Black redhorse",1,0.0397350993377483,67,NA,NA,NA,3,1.03092783505155,0.873108265424913
"1131",2009,"BUFFRMFISHBT06","nocbig","Nocomis biguttatus","Hornyhead chub",1,0.0397350993377483,65,NA,NA,NA,3,1.03092783505155,0.873108265424913
"1132",2009,"BUFFRMFISHBT06","notexi","Noturus exilis","Slender madtom",4,0.158940397350993,63,19.5448202856921,9.77241014284603,19.1535719221321,2.5,4.12371134020619,2.91036088474971
"1133",2009,"BUFFRMFISHBT06","notnub","Notropis nubilus","Ozark minnow",3,0.119205298013245,48.3333333333333,1.52752523165195,0.881917103688197,1.72852576057874,1,3.09278350515464,0.873108265424913
"1134",2009,"BUFFRMFISHBT10","ambcon","Ambloplites constellatus","Ozark bass",1,0.0292540224280839,108,NA,NA,NA,23,0.288184438040346,1.84314563521744
"1135",2009,"BUFFRMFISHBT10","amenat","Ameiurus natalis","Yellow bullhead",1,0.0292540224280839,104,NA,NA,NA,19,0.288184438040346,1.5225985682231
"1136",2009,"BUFFRMFISHBT10","camspp","Campostoma spp.","Stoneroller spp.",43,1.25792296440761,76.6,14.6748670909801,2.67925191137334,5.25123725180185,4.8,12.3919308357349,16.5402286569078
"1137",2009,"BUFFRMFISHBT10","chrery","Chrosomus erythrogaster","Southern redbelly dace",4,0.117016089712335,68.75,19.9562020434751,9.97810102173755,19.5567186367079,3.75,1.15273775216138,1.20205150122876
"1138",2009,"BUFFRMFISHBT10","cotcar","Cottus carolinae","Banded sculpin",51,1.49195514383228,54.4117647058824,30.8928918440539,5.2980872422158,10.3840601816941,4.94117647058824,14.6974063400576,20.1944652206432
"1139",2009,"BUFFRMFISHBT10","ethble","Etheostoma blennioides","Greenside darter",1,0.0292540224280839,69,NA,NA,NA,3,0.288184438040346,0.240410300245753
"1140",2009,"BUFFRMFISHBT10","ethcae","Etheostoma caeruleum","Rainbow darter",58,1.69673330082886,52.3666666666667,7.58166269332805,1.38421589351038,2.71301329810828,1.8,16.7146974063401,8.3662784485522
"1141",2009,"BUFFRMFISHBT10","ethspe","Etheostoma spectabile","Orangethroat darter",7,0.204778156996587,43.1428571428571,3.02371578407382,1.14285714285714,2.23995883947435,1,2.01729106628242,0.56095736724009
"1142",2009,"BUFFRMFISHBT10","funcat","Fundulus catenatus","Northern studfish",11,0.321794246708922,57.9090909090909,21.700020946785,6.54280249303079,12.8236572442992,2.72727272727273,3.1700288184438,2.40410300245753
"1143",2009,"BUFFRMFISHBT10","hypamb","Hybopsis amblops","Bigeye chub",1,0.0292540224280839,50,NA,NA,NA,1,0.288184438040346,0.0801367667485842
"1144",2009,"BUFFRMFISHBT10","lepcya","Lepomis cyanellus","Green sunfish",10,0.292540224280839,77.1,21.3876911641564,6.76338179709924,13.2559847360083,9.6,2.88184438040346,7.69312960786409
"1145",2009,"BUFFRMFISHBT10","lepmac","Lepomis macrochirus","Bluegill",2,0.0585080448561677,64.5,3.53553390593274,2.5,4.89990996135013,4.5,0.576368876080692,0.721230900737258
"1146",2009,"BUFFRMFISHBT10","lepmeg","Lepomis megalotis","Longear sunfish",8,0.234032179424671,57.75,28.9223097279591,10.2255806681088,20.0417698305022,7.25,2.30547550432277,4.64793247141789
"1147",2009,"BUFFRMFISHBT10","luxchr","Luxilus chrysocephalus","Striped shiner",5,0.146270112140419,66.2,9.09395403551173,4.06693988153255,7.97105569509339,2.8,1.44092219020173,1.12191473448018
"1148",2009,"BUFFRMFISHBT10","luxpil","Luxilus pilsbryi","Duskystripe shiner",106,3.10092637737689,68.6,14.7241298554448,2.68824602048746,5.26886538173855,3.16666666666667,30.5475504322767,26.8992413719414
"1149",2009,"BUFFRMFISHBT10","micdol","Micropterus dolomieu","Smallmouth bass",1,0.0292540224280839,126,NA,NA,NA,23,0.288184438040346,1.84314563521744
"1150",2009,"BUFFRMFISHBT10","moxduq","Moxostoma duquesnei","Black redhorse",3,0.0877620672842516,86,5.56776436283002,3.21455025366432,6.30040272367616,7.33333333333333,0.864553314121038,1.76300886846885
"1151",2009,"BUFFRMFISHBT10","notnub","Notropis nubilus","Ozark minnow",33,0.965382740126768,44.7333333333333,6.33508747637579,1.15662343819316,2.26694028253349,0.8,9.51008645533141,2.11561064216262
"1152",2009,"BUFFRMFISHBT10","pimnot","Pimephales notatus","Bluntnose minnow",1,0.0292540224280839,74,NA,NA,NA,3,0.288184438040346,0.240410300245753
"1153",2009,"BUFFRMFISHBT11","camspp","Campostoma spp.","Stoneroller spp.",22,0.563380281690141,88.9545454545455,20.5946763179394,4.3907997440966,8.60580936175702,8.04545454545454,7.28476821192053,21.3604730681041
"1154",2009,"BUFFRMFISHBT11","chrery","Chrosomus erythrogaster","Southern redbelly dace",10,0.256081946222791,45.5,9.60613230065971,3.03772575749981,5.95383307960928,0.9,3.3112582781457,1.08612574922563
"1155",2009,"BUFFRMFISHBT11","cotcar","Cottus carolinae","Banded sculpin",16,0.409731113956466,45.3125,19.7001480535892,4.92503701339729,9.65289516878541,2.3125,5.29801324503311,4.46518363570538
"1156",2009,"BUFFRMFISHBT11","ethble","Etheostoma blennioides","Greenside darter",3,0.0768245838668374,65,10.1488915650922,5.85946527708232,11.4843409117443,3,0.993377483443709,1.08612574922563
"1157",2009,"BUFFRMFISHBT11","ethcae","Etheostoma caeruleum","Rainbow darter",136,3.48271446862996,50.1,7.01893989441278,1.2814772366476,2.51164923083721,1.46666666666667,45.0331125827815,24.0717647532081
"1158",2009,"BUFFRMFISHBT11","ethspe","Etheostoma spectabile","Orangethroat darter",1,0.0256081946222791,37,NA,NA,NA,NA,0.33112582781457,NA
"1159",2009,"BUFFRMFISHBT11","funcat","Fundulus catenatus","Northern studfish",2,0.0512163892445583,92.5,31.8198051533946,22.5,44.0991896521512,11.5,0.662251655629139,2.77565469246551
"1160",2009,"BUFFRMFISHBT11","lepcya","Lepomis cyanellus","Green sunfish",2,0.0512163892445583,121.5,16.2634559672906,11.5,22.5395858222106,30,0.662251655629139,7.24083832817088
"1161",2009,"BUFFRMFISHBT11","lepmeg","Lepomis megalotis","Longear sunfish",12,0.30729833546735,99.9166666666667,15.0300204641083,4.33879318043926,8.50387837002895,22.75,3.97350993377483,32.9458143931775
"1162",2009,"BUFFRMFISHBT11","luxchr","Luxilus chrysocephalus","Striped shiner",5,0.128040973111396,61,5.70087712549569,2.54950975679639,4.9969473015544,2,1.65562913907285,1.20680638802848
"1163",2009,"BUFFRMFISHBT11","luxpil","Luxilus pilsbryi","Duskystripe shiner",56,1.43405889884763,63.5333333333333,15.6397665855528,2.85541765100761,5.59651575679488,NA,18.5430463576159,NA
"1164",2009,"BUFFRMFISHBT11","nocbig","Nocomis biguttatus","Hornyhead chub",1,0.0256081946222791,71,NA,NA,NA,4,0.33112582781457,0.482722555211392
"1165",2009,"BUFFRMFISHBT11","notexi","Noturus exilis","Slender madtom",1,0.0256081946222791,79,NA,NA,NA,5,0.33112582781457,0.60340319401424
"1166",2009,"BUFFRMFISHBT11","notnub","Notropis nubilus","Ozark minnow",35,0.89628681177977,42.1333333333333,6.04998337605772,1.10457078919936,2.16491896520572,0.633333333333333,11.5894039735099,2.67508749346313
"1167",2009,"BUFFRMFISHBT20","ambcon","Ambloplites constellatus","Ozark bass",42,0.374164810690423,155.7,38.0400424235595,6.94512977461234,13.612204226197,83.3103448275862,4.9469964664311,15.74888610083
"1168",2009,"BUFFRMFISHBT20","amenat","Ameiurus natalis","Yellow bullhead",13,0.115812917594655,130.076923076923,49.7618688329085,13.8014592030742,27.0503629721244,48.0769230769231,1.53121319199058,2.81307711070584
"1169",2009,"BUFFRMFISHBT20","camspp","Campostoma spp.","Stoneroller spp.",165,1.46993318485523,99.2666666666667,22.7973581853224,4.16220910987537,8.15777995148024,11.3,19.434628975265,8.39197163665767
"1170",2009,"BUFFRMFISHBT20","cotcar","Cottus carolinae","Banded sculpin",3,0.0267260579064588,35.6666666666667,3.21455025366432,1.85592145427667,3.63753920851748,7.33333333333333,0.353356890459364,0.0990203142968457
"1171",2009,"BUFFRMFISHBT20","cypgre","Notropis greenei","Wedgespot shiner",2,0.0178173719376392,62.5,0.707106781186548,0.5,0.979981992270027,1.5,0.235571260306243,0.013502770131388
"1172",2009,"BUFFRMFISHBT20","ethble","Etheostoma blennioides","Greenside darter",18,0.160356347438753,77,21.5105993025053,5.0700968780627,9.93720727913187,5.27777777777778,2.12014134275618,0.427587720827288
"1173",2009,"BUFFRMFISHBT20","ethcae","Etheostoma caeruleum","Rainbow darter",56,0.498886414253898,46.7333333333333,6.45906651381491,1.17925881001423,2.31130479607944,1.16666666666667,6.59599528857479,0.294060327305784
"1174",2009,"BUFFRMFISHBT20","etheux","Etheostoma euzonum","Arkansas saddled darter",17,0.151447661469933,67.1176470588235,9.10276299359964,2.20774431221029,4.32709933900532,3.47058823529412,2.00235571260306,0.265554479250632
"1175",2009,"BUFFRMFISHBT20","ethjul","Etheostoma juliae","Yoke darter",1,0.0089086859688196,61,NA,NA,NA,4,0.117785630153121,0.0180036935085174
"1176",2009,"BUFFRMFISHBT20","ethzon","Etheostoma zonale","Banded darter",12,0.106904231625835,43.5833333333333,6.15642064445853,1.77720555816135,3.48325888712065,1,1.41342756183746,0.0540110805255522
"1177",2009,"BUFFRMFISHBT20","funoli","Fundulus olivaceus","Blackspotted topminnow",5,0.044543429844098,62.6,11.3048662088501,5.05568986390582,9.9089700502596,2.6,0.588928150765607,0.0585120039026815
"1178",2009,"BUFFRMFISHBT20","hypamb","Hybopsis amblops","Bigeye chub",10,0.089086859688196,66.3,5.63816360962405,1.78294388270884,3.49450579656534,2.4,1.17785630153121,0.108022161051104
"1179",2009,"BUFFRMFISHBT20","hypnig","Hypentelium nigricans","Northern hog sucker",16,0.142538975501114,195.3125,71.189623541637,17.7974058854093,34.8822745536433,117.9375,1.88457008244994,8.49324241264308
"1180",2009,"BUFFRMFISHBT20","ichamm","Ichthyomyzon spp.","Ichthyomyzon ammocoete",1,0.0089086859688196,155,NA,NA,NA,6,0.117785630153121,0.0270055402627761
"1181",2009,"BUFFRMFISHBT20","lepcya","Lepomis cyanellus","Green sunfish",9,0.0801781737193764,93.6666666666667,30.4877024388523,10.1625674796174,19.9182662505082,20.2222222222222,1.06007067137809,0.819168054637541
"1182",2009,"BUFFRMFISHBT20","lepmeg","Lepomis megalotis","Longear sunfish",210,1.87082405345212,113,25.6234755644116,4.46047456369088,8.74236949879113,31.2121212121212,24.7349823321555,29.5015068628205
"1183",2009,"BUFFRMFISHBT20","leposs","Lepisosteus osseus","Longnose gar",4,0.0356347438752784,710.5,47.0070916635636,23.5035458317818,46.0661033392788,784.75,0.471142520612485,14.128398480809
"1184",2009,"BUFFRMFISHBT20","luxchr","Luxilus chrysocephalus","Striped shiner",5,0.044543429844098,87.8,28.3672346202445,12.6862129889104,24.8645205584687,9.6,0.588928150765607,0.216044322102209
"1185",2009,"BUFFRMFISHBT20","luxpil","Luxilus pilsbryi","Duskystripe shiner",80,0.712694877505568,81.7666666666667,15.8759921402343,2.89854633932702,5.68104643260137,5.66666666666667,9.4228504122497,2.04041859763197
"1186",2009,"BUFFRMFISHBT20","micdol","Micropterus dolomieu","Smallmouth bass",18,0.160356347438753,194.888888888889,96.0330144756533,22.6351985845068,44.3641740085453,172.888888888889,2.12014134275618,14.0068735496265
"1187",2009,"BUFFRMFISHBT20","moxduq","Moxostoma duquesnei","Black redhorse",4,0.0356347438752784,91.25,10.2102889283311,5.10514446416553,10.0058992856385,7.25,0.471142520612485,0.130526777936751
"1188",2009,"BUFFRMFISHBT20","moxery","Moxostoma erythrurum","Golden redhorse",2,0.0178173719376392,81,8.48528137423857,6,11.7597839072403,5.5,0.235571260306243,0.0495101571484228
"1189",2009,"BUFFRMFISHBT20","nocbig","Nocomis biguttatus","Hornyhead chub",8,0.0712694877505568,81.375,26.6990502773841,9.43953975118945,18.5011579429655,8.125,0.94228504122497,0.292560019513408
"1190",2009,"BUFFRMFISHBT20","notboo","Notropis boops","Bigeye shiner",3,0.0267260579064588,71.6666666666667,5.5075705472861,3.17979733805649,6.23228826072705,3.33333333333333,0.353356890459364,0.0450092337712935
"1191",2009,"BUFFRMFISHBT20","notexi","Noturus exilis","Slender madtom",5,0.044543429844098,67.8,20.0299775336868,8.95767827062348,17.556726795519,4.25,0.588928150765607,0.0956446217639987
"1192",2009,"BUFFRMFISHBT20","notflv","Noturus flavater","Checkered madtom",8,0.0712694877505568,78.5,23.1393295371446,8.18098841391255,16.0344426492081,9,0.94228504122497,0.324066483153313
"1193",2009,"BUFFRMFISHBT20","notnub","Notropis nubilus","Ozark minnow",110,0.979955456570156,65.3666666666667,7.70795976106265,1.40727447782538,2.75820729290016,2.73333333333333,12.9564193168433,1.35327762872356
"1194",2009,"BUFFRMFISHBT20","notper","Notropis percobromus","Carmine shiner",19,0.169265033407572,52.3157894736842,7.60155416549762,1.74391612743446,3.41801280183011,1.15789473684211,2.2379269729093,0.0990203142968457
"1195",2009,"BUFFRMFISHBT20","pimnot","Pimephales notatus","Bluntnose minnow",3,0.0267260579064588,86,16.0934769394311,9.29157324317757,18.2111489163441,6.33333333333333,0.353356890459364,0.0855175441654576
"1196",2009,"BUFFRMFISHBT23","ambcon","Ambloplites constellatus","Ozark bass",8,0.207882200086618,56.5,7.07106781186548,2.5,4.89990996135013,3.125,5.22875816993464,3.74812593703148
"1197",2009,"BUFFRMFISHBT23","amenat","Ameiurus natalis","Yellow bullhead",8,0.207882200086618,83.5,17.67968971932,6.25071424490262,12.2511747976606,8.25,5.22875816993464,9.89505247376312
"1198",2009,"BUFFRMFISHBT23","camspp","Campostoma spp.","Stoneroller spp.",2,0.0519705500216544,105,22.6274169979695,16,31.3594237526409,12.5,1.30718954248366,3.74812593703148
"1199",2009,"BUFFRMFISHBT23","cotcar","Cottus carolinae","Banded sculpin",2,0.0519705500216544,36,0,0,0,1,1.30718954248366,0.299850074962519
"1200",2009,"BUFFRMFISHBT23","cypgre","Notropis greenei","Wedgespot shiner",3,0.0779558250324816,58,4.35889894354067,2.51661147842358,4.93246786079032,1.33333333333333,1.96078431372549,0.599700149925038
"1201",2009,"BUFFRMFISHBT23","erihar","Erimystax harryi","Ozark chub",1,0.0259852750108272,78,NA,NA,NA,4,0.65359477124183,0.599700149925038
"1202",2009,"BUFFRMFISHBT23","ethble","Etheostoma blennioides","Greenside darter",5,0.129926375054136,61.2,3.19374388453426,1.42828568570857,2.79938850362289,2.2,3.26797385620915,1.64917541229385
"1203",2009,"BUFFRMFISHBT23","ethcae","Etheostoma caeruleum","Rainbow darter",20,0.519705500216544,47.6,6.69956793579375,1.49806893243128,2.93616115392367,1.25,13.0718954248366,3.74812593703148
"1204",2009,"BUFFRMFISHBT23","etheux","Etheostoma euzonum","Arkansas saddled darter",4,0.103941100043309,75.5,9.1469484893415,4.57347424467075,8.96384480377619,4.25,2.61437908496732,2.54872563718141
"1205",2009,"BUFFRMFISHBT23","ethzon","Etheostoma zonale","Banded darter",1,0.0259852750108272,60,NA,NA,NA,3,0.65359477124183,0.449775112443778
"1206",2009,"BUFFRMFISHBT23","funcat","Fundulus catenatus","Northern studfish",1,0.0259852750108272,98,NA,NA,NA,9,0.65359477124183,1.34932533733133
"1207",2009,"BUFFRMFISHBT23","hypamb","Hybopsis amblops","Bigeye chub",10,0.259852750108272,66.4,13.6642274245971,4.32100811282635,8.46902027804503,2.5,6.5359477124183,3.74812593703148
"1208",2009,"BUFFRMFISHBT23","hypnig","Hypentelium nigricans","Northern hog sucker",1,0.0259852750108272,116,NA,NA,NA,15,0.65359477124183,2.24887556221889
"1209",2009,"BUFFRMFISHBT23","lepcya","Lepomis cyanellus","Green sunfish",2,0.0519705500216544,93,4.24264068711928,3,5.87989195362016,12.5,1.30718954248366,3.74812593703148
"1210",2009,"BUFFRMFISHBT23","lepmeg","Lepomis megalotis","Longear sunfish",17,0.441749675184062,92.4705882352941,27.5683642220998,6.68631044783626,13.1049276672129,18.1176470588235,11.1111111111111,46.1769115442279
"1211",2009,"BUFFRMFISHBT23","luxpil","Luxilus pilsbryi","Duskystripe shiner",25,0.64963187527068,61.6,12.2133806403742,2.44267612807483,4.78755723692242,2.16,16.3398692810458,8.09595202398801
"1212",2009,"BUFFRMFISHBT23","nocbig","Nocomis biguttatus","Hornyhead chub",1,0.0259852750108272,47,NA,NA,NA,2,0.65359477124183,0.299850074962519
"1213",2009,"BUFFRMFISHBT23","notexi","Noturus exilis","Slender madtom",1,0.0259852750108272,56,NA,NA,NA,2,0.65359477124183,0.299850074962519
"1214",2009,"BUFFRMFISHBT23","notflv","Noturus flavater","Checkered madtom",7,0.18189692507579,61.4285714285714,10.422046229942,3.93916321097782,7.72061802274168,3.14285714285714,4.57516339869281,3.29835082458771
"1215",2009,"BUFFRMFISHBT23","notnub","Notropis nubilus","Ozark minnow",28,0.727587700303162,42.4642857142857,4.4678451418598,0.844343367264938,1.65488259042455,0.642857142857143,18.3006535947712,2.69865067466267
"1216",2009,"BUFFRMFISHBT23","notper","Notropis percobromus","Carmine shiner",4,0.103941100043309,47,9.41629792788369,4.70814896394185,9.22780240317558,0.75,2.61437908496732,0.449775112443778
"1217",2009,"BUFFRMFISHBT23","pimnot","Pimephales notatus","Bluntnose minnow",2,0.0519705500216544,46,1.4142135623731,1,1.95996398454005,1,1.30718954248366,0.299850074962519
"1218",2010,"BUFFRMFISHBM01","ambcon","Ambloplites constellatus","Ozark bass",2,0.0192523664367078,77,8.48528137423857,6,11.7597839072403,8,0.29806259314456,0.185504563686534
"1219",2010,"BUFFRMFISHBM01","amenat","Ameiurus natalis","Yellow bullhead",1,0.00962618321835392,148,NA,NA,NA,49,0.14903129657228,0.568107726290011
"1220",2010,"BUFFRMFISHBM01","camspp","Campostoma spp.","Stoneroller spp.",163,1.56906786459169,103.333333333333,18.6016931623373,3.39618898426725,6.65640809385548,10.4333333333333,24.2921013412817,19.7172027806735
"1221",2010,"BUFFRMFISHBM01","chrery","Chrosomus erythrogaster","Southern redbelly dace",14,0.134766565056955,63.1428571428571,6.37129551923363,1.70280035306145,3.33742736486252,2.78571428571429,2.08643815201192,0.452167373985927
"1222",2010,"BUFFRMFISHBM01","cotcar","Cottus carolinae","Banded sculpin",68,0.654580458848067,82.0333333333333,19.7632248752896,3.60825469108111,7.07204924156667,9.76666666666667,10.1341281669151,7.69998526435522
"1223",2010,"BUFFRMFISHBM01","ethaut","Etheostoma autmnale","Autumn darter",18,0.173271297930371,74.2222222222222,9.06548435197743,2.13675515334126,4.18796314432923,4.72222222222222,2.68256333830104,0.985492994584713
"1224",2010,"BUFFRMFISHBM01","ethble","Etheostoma blennioides","Greenside darter",16,0.154018931493663,78.875,9.52802882727237,2.38200720681809,4.66864833627831,5.4375,2.38450074515648,1.00868106504553
"1225",2010,"BUFFRMFISHBM01","ethcae","Etheostoma caeruleum","Rainbow darter",149,1.43430129953473,58,4.44118654539916,0.810846017667853,1.58922899163672,2.73333333333333,22.2056631892697,4.72186408150432
"1226",2010,"BUFFRMFISHBM01","etheux","Etheostoma euzonum","Arkansas saddled darter",2,0.0192523664367078,90,12.7279220613579,9,17.6396758608605,7.5,0.29806259314456,0.173910528456126
"1227",2010,"BUFFRMFISHBM01","ethspe","Etheostoma spectabile","Orangethroat darter",45,0.433178244825926,53.9666666666667,5.70228830856727,1.04109064533342,2.04050016949507,2.03333333333333,6.70640834575261,1.06085422358237
"1228",2010,"BUFFRMFISHBM01","funcat","Fundulus catenatus","Northern studfish",2,0.0192523664367078,45.5,0.707106781186548,0.5,0.979981992270027,1,0.29806259314456,0.0231880704608168
"1229",2010,"BUFFRMFISHBM01","hypnig","Hypentelium nigricans","Northern hog sucker",10,0.0962618321835392,202.4,100.104611948368,31.6558578044149,62.0443411963743,157.8,1.4903129657228,18.2953875935844
"1230",2010,"BUFFRMFISHBM01","lepcya","Lepomis cyanellus","Green sunfish",20,0.192523664367078,103.2,31.2319000214103,6.98366515143506,13.6877321769002,30,2.9806259314456,6.95642113824503
"1231",2010,"BUFFRMFISHBM01","lepmeg","Lepomis megalotis","Longear sunfish",5,0.0481309160917696,84.4,20.791825316696,9.29838695688666,18.2245035498148,16.8,0.745156482861401,0.973898959354305
"1232",2010,"BUFFRMFISHBM01","luxchr","Luxilus chrysocephalus","Striped shiner",6,0.0577570993101235,112,27.7488738510232,11.3284303119776,22.203315412848,18.5,0.894187779433681,1.28693791057533
"1233",2010,"BUFFRMFISHBM01","luxpil","Luxilus pilsbryi","Duskystripe shiner",56,0.53906626022782,90.9666666666667,16.0376353346258,2.92805821393881,5.73888864395675,8.66666666666667,8.34575260804769,5.6269717651582
"1234",2010,"BUFFRMFISHBM01","moxduq","Moxostoma duquesnei","Black redhorse",10,0.0962618321835392,212.3,136.105392170104,43.0403041087976,84.3574459368945,213.7,1.4903129657228,24.7764532873827
"1235",2010,"BUFFRMFISHBM01","nocbig","Nocomis biguttatus","Hornyhead chub",4,0.0385047328734157,83.5,45.4935892919724,22.7467946459862,44.5828982698615,13.25,0.596125186289121,0.614483867211645
"1236",2010,"BUFFRMFISHBM01","notexi","Noturus exilis","Slender madtom",23,0.22140221402214,98.304347826087,24.0178622593661,5.00807047591525,9.81563776483225,8.82608695652174,3.42771982116244,2.3535891517729
"1237",2010,"BUFFRMFISHBM01","notnub","Notropis nubilus","Ozark minnow",47,0.452430611262634,70.0967741935484,7.57343972362043,1.36022992894242,2.66600167142062,3.51612903225806,7.00447093889717,1.9160078221091
"1238",2010,"BUFFRMFISHBM01","nottel","Notropis telescopus","Telescope shiner",10,0.0962618321835392,76.5,7.01189465598754,2.21735578260835,4.34593747482398,5.2,1.4903129657228,0.602889831981236
"1239",2010,"BUFFRMFISHBM02","ambcon","Ambloplites constellatus","Ozark bass",5,0.0441826215022091,162.4,55.048160732217,24.6182858867144,48.2509536990709,99.8,0.943396226415094,3.78758672506498
"1240",2010,"BUFFRMFISHBM02","camspp","Campostoma spp.","Stoneroller spp.",34,0.300441826215022,78.3666666666667,47.0586452413796,8.59169384144559,16.8394104954279,10.1034482758621,6.41509433962264,2.60741752160164
"1241",2010,"BUFFRMFISHBM02","cotcar","Cottus carolinae","Banded sculpin",32,0.282768777614138,57.0666666666667,22.871354366865,4.17571890247541,8.18425865841492,3.96666666666667,6.0377358490566,0.963468954512187
"1242",2010,"BUFFRMFISHBM02","cypgal","Cyprinella galactura","Whitetail shiner",9,0.0795287187039764,49.1111111111111,14.3129700310981,4.77099001036602,9.35096859091778,1.22222222222222,1.69811320754717,0.0834938957429154
"1243",2010,"BUFFRMFISHBM02","erihar","Erimystax harryi","Ozark chub",1,0.00883652430044183,76,NA,NA,NA,3,0.188679245283019,0.0227710624753406
"1244",2010,"BUFFRMFISHBM02","ethble","Etheostoma blennioides","Greenside darter",8,0.0706921944035346,67,8.50210058078086,3.00594648750012,5.89154685495491,3,1.50943396226415,0.182168499802724
"1245",2010,"BUFFRMFISHBM02","ethcae","Etheostoma caeruleum","Rainbow darter",78,0.689248895434462,47.5,5.67359279226257,1.03585158480698,2.03023179955041,1.24137931034483,14.7169811320755,0.734955671617888
"1246",2010,"BUFFRMFISHBM02","etheux","Etheostoma euzonum","Arkansas saddled darter",11,0.0972017673048601,78.9090909090909,12.9726986047973,3.9114157991345,7.66623409486458,5.09090909090909,2.07547169811321,0.425059832873024
"1247",2010,"BUFFRMFISHBM02","ethjul","Etheostoma juliae","Yoke darter",2,0.0176730486008837,50.5,4.94974746830583,3.5,6.85987394589019,3,0.377358490566038,0.0455421249506811
"1248",2010,"BUFFRMFISHBM02","ethzon","Etheostoma zonale","Banded darter",8,0.0706921944035346,45.875,4.42194204265178,1.56339260218648,3.06419319398187,1,1.50943396226415,0.0607228332675748
"1249",2010,"BUFFRMFISHBM02","funcat","Fundulus catenatus","Northern studfish",4,0.0353460972017673,54.25,7.84750491132904,3.92375245566452,7.69041349735305,1.5,0.754716981132076,0.0455421249506811
"1250",2010,"BUFFRMFISHBM02","funoli","Fundulus olivaceus","Blackspotted topminnow",1,0.00883652430044183,54,NA,NA,NA,2,0.188679245283019,0.0151807083168937
"1251",2010,"BUFFRMFISHBM02","hypamb","Hybopsis amblops","Bigeye chub",7,0.0618556701030928,84.2857142857143,12.4460741563258,4.70417385952946,9.22001134169252,5.57142857142857,1.32075471698113,0.296023812179427
"1252",2010,"BUFFRMFISHBM02","hypnig","Hypentelium nigricans","Northern hog sucker",17,0.150220913107511,181.058823529412,50.0505626694587,12.1390445004573,23.7920900276253,81.7058823529412,3.20754716981132,10.5430019260827
"1253",2010,"BUFFRMFISHBM02","labsic","Labidesthes sicculus","Brook silverside",3,0.0265095729013255,83,7.21110255092798,4.16333199893227,8.15998077359039,3,0.566037735849057,0.0683131874260217
"1254",2010,"BUFFRMFISHBM02","lepcya","Lepomis cyanellus","Green sunfish",3,0.0265095729013255,101,19.6977156035922,11.3724814061547,22.2896539709146,21.3333333333333,0.566037735849057,0.485782666140599
"1255",2010,"BUFFRMFISHBM02","lepmeg","Lepomis megalotis","Longear sunfish",101,0.892488954344624,72.625,31.8767869374337,4.25971483253814,8.34888765618583,12.4545454545455,19.0566037735849,9.54797549912992
"1256",2010,"BUFFRMFISHBM02","luxchr","Luxilus chrysocephalus","Striped shiner",5,0.0441826215022091,132.8,34.1643088617346,15.2787434038274,29.9457868005307,27.8,0.943396226415094,1.05505922802411
"1257",2010,"BUFFRMFISHBM02","luxpil","Luxilus pilsbryi","Duskystripe shiner",25,0.220913107511046,86.44,17.6919944230905,3.53839888461811,6.93513437678819,6.44,4.71698113207547,1.22204701950994
"1258",2010,"BUFFRMFISHBM02","micdol","Micropterus dolomieu","Smallmouth bass",9,0.0795287187039764,185.111111111111,105.119508708475,35.0398362361583,68.6768170470517,142.333333333333,1.69811320754717,9.72324367697042
"1259",2010,"BUFFRMFISHBM02","moxduq","Moxostoma duquesnei","Black redhorse",34,0.300441826215022,217.294117647059,69.9872410067958,12.0027128106933,23.5248848257363,133.588235294118,6.41509433962264,34.4753885876656
"1260",2010,"BUFFRMFISHBM02","moxery","Moxostoma erythrurum","Golden redhorse",9,0.0795287187039764,278.777777777778,129.786148892879,43.2620496309595,84.792059174065,315.444444444444,1.69811320754717,21.5490154558306
"1261",2010,"BUFFRMFISHBM02","notala","Noturus albater","Ozark madtom",1,0.00883652430044183,62,NA,NA,NA,2,0.188679245283019,0.0151807083168937
"1262",2010,"BUFFRMFISHBM02","notboo","Notropis boops","Bigeye shiner",12,0.106038291605302,64.0833333333333,18.7687280207038,5.4180650875501,10.6192124374921,3.08333333333333,2.26415094339623,0.280843103862533
"1263",2010,"BUFFRMFISHBM02","notexi","Noturus exilis","Slender madtom",1,0.00883652430044183,70,NA,NA,NA,3,0.188679245283019,0.0227710624753406
"1264",2010,"BUFFRMFISHBM02","notnub","Notropis nubilus","Ozark minnow",72,0.636229749631811,63.2678571428571,10.0045281955515,1.33691131514548,2.62029802820921,2.33928571428571,13.5849056603774,1.27843250754412
"1265",2010,"BUFFRMFISHBM02","notoza","Notropis ozarcanus","Ozark shiner",7,0.0618556701030928,52.5714285714286,4.42933941113657,1.67413293630923,3.28124026049838,1.14285714285714,1.32075471698113,0.0607228332675748
"1266",2010,"BUFFRMFISHBM02","notper","Notropis percobromus","Carmine shiner",11,0.0972017673048601,53.3636363636364,5.10436533317762,1.53902405482251,3.01643171879291,1.27272727272727,2.07547169811321,0.106264958218256
"1267",2010,"BUFFRMFISHBM02","nottel","Notropis telescopus","Telescope shiner",7,0.0618556701030928,51.4285714285714,7.7643875666864,2.93466265488202,5.75183311034346,1.14285714285714,1.32075471698113,0.0607228332675748
"1268",2010,"BUFFRMFISHBM02","pimnot","Pimephales notatus","Bluntnose minnow",13,0.114874815905744,60.0769230769231,13.6776066282418,3.7934855402886,7.43509503483912,2.38461538461538,2.45283018867925,0.235300978911852
"1269",2010,"BUFFRMFISHBM03","ambcon","Ambloplites constellatus","Ozark bass",22,0.16054487959134,117.090909090909,47.4441115729204,10.1151185742021,19.8252681047883,45.1363636363636,2.78128950695322,9.08664735685944
"1270",2010,"BUFFRMFISHBM03","amenat","Ameiurus natalis","Yellow bullhead",1,0.00729749452687911,225,NA,NA,NA,164,0.126422250316056,1.50071517273409
"1271",2010,"BUFFRMFISHBM03","camspp","Campostoma spp.","Stoneroller spp.",53,0.386767209924593,51.9333333333333,34.0516173430597,6.21694631277597,12.18499086686,3.16666666666667,6.70037926675095,1.5357928647797
"1272",2010,"BUFFRMFISHBM03","cotcar","Cottus carolinae","Banded sculpin",8,0.0583799562150328,44.25,5.57417514717905,1.97076852304591,3.86263532703519,1.25,1.01137800252845,0.0915070227276882
"1273",2010,"BUFFRMFISHBM03","cypgal","Cyprinella galactura","Whitetail shiner",9,0.0656774507419119,67.3333333333333,29.5338788512447,9.84462628374824,19.2951129574029,5.125,1.1378002528445,0.422076142331462
"1274",2010,"BUFFRMFISHBM03","cypgre","Notropis greenei","Wedgespot shiner",12,0.0875699343225493,67.75,8.11424112846723,2.34237964989504,4.59097975191383,2.83333333333333,1.51706700379267,0.31112387727414
"1275",2010,"BUFFRMFISHBM03","ethaut","Etheostoma autmnale","Autumn darter",4,0.0291899781075164,70,6.05530070819498,3.02765035409749,5.93408565181103,3.75,0.505689001264223,0.137260534091532
"1276",2010,"BUFFRMFISHBM03","ethble","Etheostoma blennioides","Greenside darter",20,0.145949890537582,80.85,15.5030557259563,3.46658864622056,6.79438889580775,5.8,2.52844500632111,1.06148146364118
"1277",2010,"BUFFRMFISHBM03","ethcae","Etheostoma caeruleum","Rainbow darter",91,0.664072001945999,48.3333333333333,4.38125579016457,0.799904208824419,1.56778344037787,1.2,11.5044247787611,0.999256688186356
"1278",2010,"BUFFRMFISHBM03","etheux","Etheostoma euzonum","Arkansas saddled darter",6,0.0437849671612746,68.6666666666667,9.37372213513216,3.82680603695098,7.50040200824437,3.16666666666667,0.758533501896334,0.173863343182608
"1279",2010,"BUFFRMFISHBM03","ethjul","Etheostoma juliae","Yoke darter",78,0.56920457309657,44.6,6.98569967862919,1.27540843131393,2.49975459095403,1.23333333333333,9.86093552465234,0.880297558640361
"1280",2010,"BUFFRMFISHBM03","ethzon","Etheostoma zonale","Banded darter",6,0.0437849671612746,43.8333333333333,2.99443929086343,1.22247472139282,2.39600642594056,1.16666666666667,0.758533501896334,0.0640549159093818
"1281",2010,"BUFFRMFISHBM03","funcat","Fundulus catenatus","Northern studfish",16,0.116759912430066,54,13.7015814172428,3.4253953543107,6.71365152725979,1.8125,2.02275600505689,0.265370365910296
"1282",2010,"BUFFRMFISHBM03","funoli","Fundulus olivaceus","Blackspotted topminnow",5,0.0364874726343955,59.4,13.6491757992928,6.10409698481274,11.9638102483725,2.2,0.632111251580278,0.100657725000457
"1283",2010,"BUFFRMFISHBM03","hypamb","Hybopsis amblops","Bigeye chub",29,0.211627341279494,72.9655172413793,11.0566165020275,2.05316214043797,4.02412384967958,3.20689655172414,3.66624525916561,0.8510153113675
"1284",2010,"BUFFRMFISHBM03","lepcya","Lepomis cyanellus","Green sunfish",8,0.0583799562150328,113.5,45.516088207515,16.0923673123095,31.5404603581161,41.25,1.01137800252845,3.01973175001371
"1285",2010,"BUFFRMFISHBM03","lepmac","Lepomis macrochirus","Bluegill",1,0.00729749452687911,71,NA,NA,NA,5,0.126422250316056,0.0457535113638441
"1286",2010,"BUFFRMFISHBM03","lepmeg","Lepomis megalotis","Longear sunfish",151,1.10192167355874,84.7567567567568,43.3329521812759,7.12389345555323,13.9625746025849,24.2702702702703,19.0897597977244,33.5355926157542
"1287",2010,"BUFFRMFISHBM03","leposs","Lepisosteus osseus","Longnose gar",1,0.00729749452687911,596,NA,NA,NA,399,0.126422250316056,3.65113020683476
"1288",2010,"BUFFRMFISHBM03","luxchr","Luxilus chrysocephalus","Striped shiner",10,0.072974945268791,116.5,22.2323587992318,7.03048915636585,13.7795055401764,16.4,1.26422250316056,1.50071517273409
"1289",2010,"BUFFRMFISHBM03","luxpil","Luxilus pilsbryi","Duskystripe shiner",61,0.445147166139625,55.9666666666667,31.5326687009251,5.75705131527793,11.2836132350937,3,7.71175726927939,1.67457851591669
"1290",2010,"BUFFRMFISHBM03","micdol","Micropterus dolomieu","Smallmouth bass",3,0.0218924835806373,174,127.047235310336,73.3507555062205,143.764839030995,174,0.379266750948167,4.77666658638533
"1291",2010,"BUFFRMFISHBM03","moxduq","Moxostoma duquesnei","Black redhorse",8,0.0583799562150328,218.75,112.565853741583,39.7980392553632,78.0027235958231,169.25,1.01137800252845,12.390050877329
"1292",2010,"BUFFRMFISHBM03","moxery","Moxostoma erythrurum","Golden redhorse",12,0.0875699343225493,221.583333333333,83.1739232882008,24.0102435,47.059212520037,167.25,1.51706700379267,18.365459461447
"1293",2010,"BUFFRMFISHBM03","moxspp","Moxostoma spp.","Redhorse spp.",3,0.0218924835806373,24.3333333333333,1.52752523165195,0.881917103688197,1.72852576057874,NA,0.379266750948167,NA
"1294",2010,"BUFFRMFISHBM03","notala","Noturus albater","Ozark madtom",5,0.0364874726343955,66.4,7.56967634711022,3.38526217596215,6.63499194311151,2.6,0.632111251580278,0.118959129545995
"1295",2010,"BUFFRMFISHBM03","notboo","Notropis boops","Bigeye shiner",31,0.226222330333252,64.9354838709677,12.7982693722523,2.2986370360234,4.50524580413576,2.80645161290323,3.91908975979772,0.796111097730888
"1296",2010,"BUFFRMFISHBM03","notexi","Noturus exilis","Slender madtom",6,0.0437849671612746,78.6666666666667,18.151216671801,7.41020317610193,14.5237313432841,4.5,0.758533501896334,0.247068961364758
"1297",2010,"BUFFRMFISHBM03","notflv","Noturus flavater","Checkered madtom",1,0.00729749452687911,59,NA,NA,NA,3,0.126422250316056,0.0274521068183065
"1298",2010,"BUFFRMFISHBM03","notnub","Notropis nubilus","Ozark minnow",69,0.503527122354658,60.2758620689655,11.3070665379921,2.09966954456288,4.11527668677885,2.06896551724138,8.72313527180784,1.30634163480217
"1299",2010,"BUFFRMFISHBM03","notoza","Notropis ozarcanus","Ozark shiner",8,0.0583799562150328,49.125,2.90012315009454,1.02534837285397,2.00964588240053,0.75,1.01137800252845,0.0549042136366129
"1300",2010,"BUFFRMFISHBM03","notper","Notropis percobromus","Carmine shiner",22,0.16054487959134,54.5714285714286,7.2702917999997,1.58650773799597,3.10949802766621,1.0952380952381,2.78128950695322,0.220488350001001
"1301",2010,"BUFFRMFISHBM03","notspp","Notropis spp.","Notropis spp.",1,0.00729749452687911,25,NA,NA,NA,0.1,0.126422250316056,0.000915070227276882
"1302",2010,"BUFFRMFISHBM03","nottel","Notropis telescopus","Telescope shiner",5,0.0364874726343955,60,7.10633520177595,3.17804971641414,6.22886298524945,1.4,0.632111251580278,0.0640549159093818
"1303",2010,"BUFFRMFISHBM03","percap","Percina caprodes","Logperch",1,0.00729749452687911,149,NA,NA,NA,22,0.126422250316056,0.201315450000914
"1304",2010,"BUFFRMFISHBM03","pimnot","Pimephales notatus","Bluntnose minnow",24,0.175139868645099,60.6666666666667,12.818691063432,2.61660435631525,5.12845030016849,2.375,3.03413400758533,0.521590029547823
"1305",2010,"BUFFRMFISHBM04","ambcon","Ambloplites constellatus","Ozark bass",16,0.120330910002507,133.5625,67.5395871569655,16.8848967892414,33.0937895895891,74.625,0.968523002421308,7.80482864995064
"1306",2010,"BUFFRMFISHBM04","amenat","Ameiurus natalis","Yellow bullhead",3,0.02256204562547,134,58.5064099052403,33.7786915081091,66.2050188007827,43,0.181598062953995,0.843235256150446
"1307",2010,"BUFFRMFISHBM04","camspp","Campostoma spp.","Stoneroller spp.",435,3.27149661569316,106.9,39.4368548091931,7.20015165868372,14.1120379342464,17.5,26.3317191283293,49.7606851739944
"1308",2010,"BUFFRMFISHBM04","cotcar","Cottus carolinae","Banded sculpin",35,0.263223865630484,50.40625,16.1362332715398,2.85250999227845,5.59081685040638,2.83870967741935,2.11864406779661,0.649453510613497
"1309",2010,"BUFFRMFISHBM04","cypgal","Cyprinella galactura","Whitetail shiner",12,0.0902481825018802,44.5,6.09768957735782,1.76025135946116,3.45002926828153,0.75,0.726392251815981,0.0588303667081707
"1310",2010,"BUFFRMFISHBM04","cypgre","Notropis greenei","Wedgespot shiner",1,0.00752068187515668,66,NA,NA,NA,2,0.0605326876513317,0.0130734148240379
"1311",2010,"BUFFRMFISHBM04","erihar","Erimystax harryi","Ozark chub",5,0.0376034093757834,105.4,9.28977932999487,4.1545156155682,8.14270097972292,8.2,0.302663438256659,0.268005003892778
"1312",2010,"BUFFRMFISHBM04","ethble","Etheostoma blennioides","Greenside darter",74,0.556530458761594,78.5,12.8539541749235,2.34680021824778,4.59964390667638,4.9,4.47941888619855,2.37021010759808
"1313",2010,"BUFFRMFISHBM04","ethcae","Etheostoma caeruleum","Rainbow darter",119,0.894961143143645,48.0666666666667,4.56322128608148,0.833126411091521,1.63289776030849,1.33333333333333,7.20338983050847,1.03715757604034
"1314",2010,"BUFFRMFISHBM04","etheux","Etheostoma euzonum","Arkansas saddled darter",44,0.330910002506894,79.3333333333333,6.13825389826294,1.12068670792421,2.19650558548421,4.96666666666667,2.6634382566586,1.42848845977321
"1315",2010,"BUFFRMFISHBM04","ethjul","Etheostoma juliae","Yoke darter",10,0.0752068187515668,46.8,6.98888005652153,2.21007792723344,4.33167314040447,1.5,0.605326876513317,0.0980506111802845
"1316",2010,"BUFFRMFISHBM04","ethzon","Etheostoma zonale","Banded darter",14,0.105289546252194,44.6428571428571,4.43078640106563,1.18417747619748,2.3209452046506,0.846153846153846,0.847457627118644,0.0774348416500708
"1317",2010,"BUFFRMFISHBM04","funcat","Fundulus catenatus","Northern studfish",1,0.00752068187515668,89,NA,NA,NA,5,0.0605326876513317,0.0326835370600948
"1318",2010,"BUFFRMFISHBM04","funoli","Fundulus olivaceus","Blackspotted topminnow",2,0.0150413637503134,67,11.3137084989848,8,15.6797118763204,3,0.121065375302663,0.0392202444721138
"1319",2010,"BUFFRMFISHBM04","hypamb","Hybopsis amblops","Bigeye chub",13,0.0977688643770368,75.3076923076923,16.6752541978856,4.62488338783637,9.06460487285687,4.23076923076923,0.786924939467312,0.359518907661043
"1320",2010,"BUFFRMFISHBM04","hypnig","Hypentelium nigricans","Northern hog sucker",9,0.0676861368764101,107.555555555556,19.151443229631,6.38381440987699,12.5120463273467,13.1111111111111,0.544794188861985,0.771331474618238
"1321",2010,"BUFFRMFISHBM04","ichamm","Ichthyomyzon spp.","Ichthyomyzon ammocoete",3,0.02256204562547,116.333333333333,33.6055550963428,19.4021762811403,38.0275667327323,3.33333333333333,0.181598062953995,0.0653670741201896
"1322",2010,"BUFFRMFISHBM04","labsic","Labidesthes sicculus","Brook silverside",1,0.00752068187515668,86,NA,NA,NA,3,0.0605326876513317,0.0196101222360569
"1323",2010,"BUFFRMFISHBM04","lepcya","Lepomis cyanellus","Green sunfish",6,0.0451240912509401,87.5,29.1804729228297,11.9128781856723,23.3488121961305,10.1666666666667,0.36319612590799,0.398739152133157
"1324",2010,"BUFFRMFISHBM04","lepmeg","Lepomis megalotis","Longear sunfish",72,0.541489095011281,89.5483870967742,30.8175693500503,5.53499885084687,10.8483984021305,20,4.35835351089588,9.41285867330731
"1325",2010,"BUFFRMFISHBM04","luxchr","Luxilus chrysocephalus","Striped shiner",131,0.985209325645525,76.4375,18.2487612520424,2.63398180531097,5.16250947434329,5.72916666666667,7.92978208232445,4.90593509412465
"1326",2010,"BUFFRMFISHBM04","luxpil","Luxilus pilsbryi","Duskystripe shiner",234,1.75983955878666,83.0666666666667,23.1128167658244,4.21980370337521,8.27066328044416,5.96666666666667,14.1646489104116,9.12655088866088
"1327",2010,"BUFFRMFISHBM04","micdol","Micropterus dolomieu","Smallmouth bass",4,0.0300827275006267,129.5,148.221680825265,74.1108404126324,145.254578072755,165,0.242130750605327,4.31422689193252
"1328",2010,"BUFFRMFISHBM04","moxduq","Moxostoma duquesnei","Black redhorse",4,0.0300827275006267,121.25,26.5879045181576,13.2939522590788,26.0556676399894,18.5,0.242130750605327,0.483716348489403
"1329",2010,"BUFFRMFISHBM04","moxery","Moxostoma erythrurum","Golden redhorse",4,0.0300827275006267,159.5,9.71253485622231,4.85626742811116,9.51810925839282,44.5,0.242130750605327,1.16353391933938
"1330",2010,"BUFFRMFISHBM04","moxspp","Moxostoma spp.","Redhorse spp.",5,0.0376034093757834,25.6,2.30217288664427,1.0295630140987,2.01790642744796,0.2,0.302663438256659,0.00653670741201897
"1331",2010,"BUFFRMFISHBM04","nocbig","Nocomis biguttatus","Hornyhead chub",2,0.0150413637503134,74,11.3137084989848,8,15.6797118763204,5,0.121065375302663,0.0653670741201896
"1332",2010,"BUFFRMFISHBM04","notala","Noturus albater","Ozark madtom",4,0.0300827275006267,68,6.37704215656966,3.18852107828483,6.24938647738509,3.25,0.242130750605327,0.0849771963562465
"1333",2010,"BUFFRMFISHBM04","notboo","Notropis boops","Bigeye shiner",21,0.15793431937829,61.8571428571429,16.6201254937672,3.62680872070732,7.10841447140213,2.66666666666667,1.27118644067797,0.366055615073062
"1334",2010,"BUFFRMFISHBM04","notexi","Noturus exilis","Slender madtom",13,0.0977688643770368,81.1538461538462,20.4973419164785,5.68493979158311,11.1422772457815,4.69230769230769,0.786924939467312,0.398739152133157
"1335",2010,"BUFFRMFISHBM04","notflv","Noturus flavater","Checkered madtom",4,0.0300827275006267,80.5,34.5012077083301,17.250603854165,33.8105622657313,8.25,0.242130750605327,0.215711344596626
"1336",2010,"BUFFRMFISHBM04","notnub","Notropis nubilus","Ozark minnow",310,2.33141138129857,53.4666666666667,6.53760123325501,1.19359722247579,2.33940756809959,1.3,18.7651331719128,2.63429308704364
"1337",2010,"BUFFRMFISHBM04","notoza","Notropis ozarcanus","Ozark shiner",4,0.0300827275006267,49.25,3.947573094109,1.9737865470545,3.8685505453965,1.25,0.242130750605327,0.0326835370600948
"1338",2010,"BUFFRMFISHBM04","notper","Notropis percobromus","Carmine shiner",20,0.150413637503134,52.9,5.84807660688538,1.3076696830622,2.56298548247682,1.05,1.21065375302663,0.137270855652398
"1339",2010,"BUFFRMFISHBM04","percap","Percina caprodes","Logperch",2,0.0150413637503134,153.5,21.920310216783,15.5,30.3794417603708,25.5,0.121065375302663,0.333372078012967
"1340",2010,"BUFFRMFISHBM04","perevi","Percina evides","Gilt darter",6,0.0451240912509401,66.8333333333333,7.08284312029193,2.89155859548291,5.66735070633373,3.16666666666667,0.36319612590799,0.12419744082836
"1341",2010,"BUFFRMFISHBM04","pimnot","Pimephales notatus","Bluntnose minnow",9,0.0676861368764101,55.4444444444444,6.96618818133545,2.32206272711182,4.55115931498202,1.66666666666667,0.544794188861985,0.0980506111802845
"1342",2010,"BUFFRMFISHBM05","ambcon","Ambloplites constellatus","Ozark bass",24,0.252720252720253,143.083333333333,33.1910368553956,6.77509202746917,13.278936365784,62.1666666666667,4.08858603066439,22.1594407020443
"1343",2010,"BUFFRMFISHBM05","camspp","Campostoma spp.","Stoneroller spp.",67,0.705510705510705,36.4848484848485,13.1556100488566,2.29009775997217,4.48850913062131,0.606060606060606,11.4139693356048,0.603088198487679
"1344",2010,"BUFFRMFISHBM05","cotcar","Cottus carolinae","Banded sculpin",24,0.252720252720253,57.9166666666667,20.6837820666267,4.22205933451374,8.27508423623807,3.70833333333333,4.08858603066439,1.32184331265546
"1345",2010,"BUFFRMFISHBM05","cypgre","Notropis greenei","Wedgespot shiner",3,0.0315900315900316,65,5.19615242270663,3,5.87989195362016,2.33333333333333,0.511073253833049,0.10396520436616
"1346",2010,"BUFFRMFISHBM05","erihar","Erimystax harryi","Ozark chub",2,0.0210600210600211,101,19.7989898732233,14,27.4394957835608,7.5,0.340715502555366,0.222782580784628
"1347",2010,"BUFFRMFISHBM05","ethble","Etheostoma blennioides","Greenside darter",23,0.242190242190242,86.6086956521739,18.5171643480872,3.86109567403995,7.56760846198171,7.30434782608696,3.91822827938671,2.49516490478783
"1348",2010,"BUFFRMFISHBM05","ethcae","Etheostoma caeruleum","Rainbow darter",69,0.726570726570727,45.8333333333333,3.806376984368,0.694946178902281,1.3620694818422,1.06666666666667,11.7546848381601,1.09311986304991
"1349",2010,"BUFFRMFISHBM05","etheux","Etheostoma euzonum","Arkansas saddled darter",15,0.157950157950158,76.4666666666667,10.8421575782858,2.79943304917717,5.4867879535184,4.66666666666667,2.55536626916525,1.0396520436616
"1350",2010,"BUFFRMFISHBM05","ethjul","Etheostoma juliae","Yoke darter",67,0.705510705510705,47.1935483870968,9.70023832985118,1.74221423496462,3.41467715388366,1.35483870967742,11.4139693356048,1.3481939404902
"1351",2010,"BUFFRMFISHBM05","ethspe","Etheostoma spectabile","Orangethroat darter",1,0.0105300105300105,46,NA,NA,NA,1,0.170357751277683,0.0148521720523085
"1352",2010,"BUFFRMFISHBM05","ethzon","Etheostoma zonale","Banded darter",7,0.0737100737100737,42.4285714285714,2.99205296617238,1.13088972257504,2.21650312673357,0.5,1.19250425894378,0.0519826021830798
"1353",2010,"BUFFRMFISHBM05","funcat","Fundulus catenatus","Northern studfish",2,0.0210600210600211,95,14.142135623731,10,19.5996398454005,7.5,0.340715502555366,0.222782580784628
"1354",2010,"BUFFRMFISHBM05","funoli","Fundulus olivaceus","Blackspotted topminnow",2,0.0210600210600211,60,5.65685424949238,4,7.83985593816022,2,0.340715502555366,0.0594086882092341
"1355",2010,"BUFFRMFISHBM05","hypamb","Hybopsis amblops","Bigeye chub",8,0.0842400842400842,70.5,5.12695955569325,1.81265393434993,3.5527364277607,2.75,1.36286201022147,0.326747785150787
"1356",2010,"BUFFRMFISHBM05","hypnig","Hypentelium nigricans","Northern hog sucker",2,0.0210600210600211,31.5,0.707106781186548,0.5,0.979981992270027,0.2,0.340715502555366,0.00594086882092341
"1357",2010,"BUFFRMFISHBM05","ichamm","Ichthyomyzon spp.","Ichthyomyzon ammocoete",1,0.0105300105300105,100,NA,NA,NA,2,0.170357751277683,0.029704344104617
"1358",2010,"BUFFRMFISHBM05","lepcya","Lepomis cyanellus","Green sunfish",1,0.0105300105300105,101,NA,NA,NA,18,0.170357751277683,0.267339096941553
"1359",2010,"BUFFRMFISHBM05","lepmeg","Lepomis megalotis","Longear sunfish",78,0.821340821340821,97.4666666666667,28.6088162603085,5.22323133643052,10.2373453023248,23.8333333333333,13.2879045996593,27.6101878452415
"1360",2010,"BUFFRMFISHBM05","luxchr","Luxilus chrysocephalus","Striped shiner",12,0.126360126360126,60.0833333333333,35.4592168639701,10.2361942008332,20.0625719723909,4.25,2.0442930153322,0.757460774667735
"1361",2010,"BUFFRMFISHBM05","luxpil","Luxilus pilsbryi","Duskystripe shiner",83,0.873990873990874,44.1333333333333,26.8388978309768,4.90008992020082,9.60399976460135,5.875,14.1396933560477,7.24229039700694
"1362",2010,"BUFFRMFISHBM05","micdol","Micropterus dolomieu","Smallmouth bass",9,0.0947700947700948,167.222222222222,76.8696588027061,25.623219600902,50.2205875857287,90.75,1.53321976149915,12.130511523723
"1363",2010,"BUFFRMFISHBM05","moxduq","Moxostoma duquesnei","Black redhorse",6,0.0631800631800632,188.5,59.8188933364702,24.4209609420541,47.8642039142854,81.8333333333333,1.0221465076661,7.29241647768348
"1364",2010,"BUFFRMFISHBM05","moxery","Moxostoma erythrurum","Golden redhorse",3,0.0315900315900316,248,105.399240983984,60.8522801544856,119.268277479933,227.333333333333,0.511073253833049,10.1291813396744
"1365",2010,"BUFFRMFISHBM05","nocbig","Nocomis biguttatus","Hornyhead chub",1,0.0105300105300105,84,NA,NA,NA,6,0.170357751277683,0.0891130323138511
"1366",2010,"BUFFRMFISHBM05","notala","Noturus albater","Ozark madtom",6,0.0631800631800632,67.3333333333333,10.3473023859684,4.22426850998424,8.27941414059578,3,1.0221465076661,0.267339096941553
"1367",2010,"BUFFRMFISHBM05","notboo","Notropis boops","Bigeye shiner",1,0.0105300105300105,78,NA,NA,NA,3,0.170357751277683,0.0445565161569256
"1368",2010,"BUFFRMFISHBM05","notexi","Noturus exilis","Slender madtom",5,0.0526500526500526,72.4,10.2615788258922,4.58911756223351,8.99450514279792,2.8,0.851788756388416,0.207930408732319
"1369",2010,"BUFFRMFISHBM05","notnub","Notropis nubilus","Ozark minnow",6,0.0631800631800632,68,9.67470929795826,3.9496835316263,7.74123747231851,3,1.0221465076661,0.267339096941553
"1370",2010,"BUFFRMFISHBM05","notoza","Notropis ozarcanus","Ozark shiner",6,0.0631800631800632,53.8333333333333,3.25064096243597,1.32706861582629,2.60100669203295,1.16666666666667,1.0221465076661,0.10396520436616
"1371",2010,"BUFFRMFISHBM05","notper","Notropis percobromus","Carmine shiner",41,0.431730431730432,59.3666666666667,8.29824798016002,1.51504586883511,2.96943533784301,1.43333333333333,6.98466780238501,0.872812644273997
"1372",2010,"BUFFRMFISHBM05","notspp","Notropis spp.","Notropis spp.",2,0.0210600210600211,25.5,0.707106781186548,0.5,0.979981992270027,NA,0.340715502555366,NA
"1373",2010,"BUFFRMFISHBM05","percap","Percina caprodes","Logperch",4,0.0421200421200421,148.25,2.06155281280883,1.03077640640442,2.02028463266628,24.25,0.681431005110733,1.44066068907393
"1374",2010,"BUFFRMFISHBM05","perevi","Percina evides","Gilt darter",4,0.0421200421200421,56.25,7.41057802513857,3.70528901256928,7.26223301694778,1.75,0.681431005110733,0.10396520436616
"1375",2010,"BUFFRMFISHBM05","pimnot","Pimephales notatus","Bluntnose minnow",2,0.0210600210600211,62,9.89949493661167,7,13.7197478917804,2.5,0.340715502555366,0.0742608602615426
"1376",2010,"BUFFRMFISHBM06","ambcon","Ambloplites constellatus","Ozark bass",39,0.26755088040247,158.875,38.8917024071849,6.87514662600241,13.4750397753968,85.375,3.86521308225966,20.2150708620552
"1377",2010,"BUFFRMFISHBM06","amenat","Ameiurus natalis","Yellow bullhead",2,0.0137205579693574,134.5,34.6482322781408,24.5,48.0191176212313,30,0.198216055500496,0.364276533160135
"1378",2010,"BUFFRMFISHBM06","camspp","Campostoma spp.","Stoneroller spp.",161,1.10450491653327,33.2333333333333,5.36066988437037,0.97871993966942,1.91825583270328,0.4,15.9563924677899,0.390990145591878
"1379",2010,"BUFFRMFISHBM06","cotcar","Cottus carolinae","Banded sculpin",8,0.0548822318774297,44.75,4.71320333894961,1.66636902104117,3.26602326619396,1.5,0.792864222001982,0.0728553066320269
"1380",2010,"BUFFRMFISHBM06","cypgal","Cyprinella galactura","Whitetail shiner",11,0.0754630688314658,92.2,25.3894116163062,8.02883691590645,15.7362311929223,8.1,1.09018830525273,0.5409506517428
"1381",2010,"BUFFRMFISHBM06","cypgre","Notropis greenei","Wedgespot shiner",98,0.672307340498514,61.6333333333333,6.88568396589336,1.25714814399048,2.46396508545271,2.2,9.71258671952428,1.30896700915542
"1382",2010,"BUFFRMFISHBM06","erihar","Erimystax harryi","Ozark chub",22,0.150926137662932,99.7272727272727,9.96747958867483,2.1250737885654,4.16506809007827,7.86363636363636,2.18037661050545,1.05033067061172
"1383",2010,"BUFFRMFISHBM06","ethble","Etheostoma blennioides","Greenside darter",32,0.219528927509719,70.0645161290323,31.945720092965,5.73762070575978,11.2455299402405,5.58064516129032,3.17145688800793,1.08421230514758
"1384",2010,"BUFFRMFISHBM06","ethcae","Etheostoma caeruleum","Rainbow darter",56,0.384175623142008,45.5333333333333,5.90577352423374,1.0782417929132,2.11331508073577,1.13333333333333,5.55004955401388,0.38532362174272
"1385",2010,"BUFFRMFISHBM06","etheux","Etheostoma euzonum","Arkansas saddled darter",23,0.15778641664761,36.7826086956522,18.5911917602717,3.87653145651577,7.5978620397075,0.956521739130435,2.2794846382557,0.133568062158716
"1386",2010,"BUFFRMFISHBM06","ethjul","Etheostoma juliae","Yoke darter",76,0.521381202835582,39.5666666666667,4.88264578738387,0.891445079352573,1.74720024972649,0.9,7.53221010901883,0.415275247802553
"1387",2010,"BUFFRMFISHBM06","ethspe","Etheostoma spectabile","Orangethroat darter",2,0.0137205579693574,55,2.82842712474619,2,3.91992796908011,2,0.198216055500496,0.0242851022106756
"1388",2010,"BUFFRMFISHBM06","ethzon","Etheostoma zonale","Banded darter",27,0.185227532586325,36.0740740740741,8.53916734332914,1.64336352144211,3.22093331553346,0.555555555555556,2.67591674925669,0.0910691332900336
"1389",2010,"BUFFRMFISHBM06","funcat","Fundulus catenatus","Northern studfish",3,0.0205808369540361,91,11.5325625946708,6.65832811847939,13.05008330947,7.33333333333333,0.297324083250743,0.133568062158716
"1390",2010,"BUFFRMFISHBM06","hypamb","Hybopsis amblops","Bigeye chub",23,0.15778641664761,53.6086956521739,16.716184673529,3.48556545247075,6.83158275259973,1.60869565217391,2.2794846382557,0.22463719544875
"1391",2010,"BUFFRMFISHBM06","hypnig","Hypentelium nigricans","Northern hog sucker",6,0.0411616739080723,308,95.0915348493229,38.8209565398209,76.0876766634437,378.833333333333,0.594648166501487,13.8000093312164
"1392",2010,"BUFFRMFISHBM06","ichamm","Ichthyomyzon spp.","Ichthyomyzon ammocoete",1,0.00686027898467871,87,NA,NA,NA,1,0.0991080277502478,0.00607127555266891
"1393",2010,"BUFFRMFISHBM06","lepcya","Lepomis cyanellus","Green sunfish",10,0.0686027898467871,118.3,31.1592682840917,9.85342580019761,19.3123596927251,35.9,0.991080277502478,2.17958792340814
"1394",2010,"BUFFRMFISHBM06","lepmeg","Lepomis megalotis","Longear sunfish",129,0.884975989023554,101.147058823529,28.1394065894886,4.82586841684709,9.45852829114962,24.4705882352941,12.784935579782,19.1652312504956
"1395",2010,"BUFFRMFISHBM06","leposs","Lepisosteus osseus","Longnose gar",1,0.00686027898467871,685,NA,NA,NA,838,0.0991080277502478,5.08772891313655
"1396",2010,"BUFFRMFISHBM06","luxchr","Luxilus chrysocephalus","Striped shiner",1,0.00686027898467871,129,NA,NA,NA,24,0.0991080277502478,0.145710613264054
"1397",2010,"BUFFRMFISHBM06","luxpil","Luxilus pilsbryi","Duskystripe shiner",60,0.411616739080723,58.8666666666667,20.035715236983,3.65800439701518,7.16955687343891,2.33333333333333,5.94648166501487,0.849978577373647
"1398",2010,"BUFFRMFISHBM06","micdol","Micropterus dolomieu","Smallmouth bass",14,0.0960439057855019,186.285714285714,107.584977912939,28.7532948081327,56.3554222608026,157.571428571429,1.38751238850347,13.3932338691876
"1399",2010,"BUFFRMFISHBM06","moxduq","Moxostoma duquesnei","Black redhorse",5,0.0343013949233935,210,52.5690022732028,23.5095725184445,46.0779154280838,106,0.495540138751239,3.21777604291452
"1400",2010,"BUFFRMFISHBM06","moxery","Moxostoma erythrurum","Golden redhorse",9,0.0617425108621084,225.222222222222,93.6119353738851,31.2039784579617,61.1586739519686,179.777777777778,0.89197224975223,9.82332384421829
"1401",2010,"BUFFRMFISHBM06","notala","Noturus albater","Ozark madtom",14,0.0960439057855019,61.1428571428571,6.15013624435881,1.64369305059795,3.22157918081075,2.35714285714286,1.38751238850347,0.200352093238074
"1402",2010,"BUFFRMFISHBM06","notboo","Notropis boops","Bigeye shiner",26,0.178367253601646,62.12,10.2401171868295,2.04802343736589,4.01405217673107,2.48,2.57680872150644,0.391475847636091
"1403",2010,"BUFFRMFISHBM06","notexi","Noturus exilis","Slender madtom",1,0.00686027898467871,69,NA,NA,NA,3,0.0991080277502478,0.0182138266580067
"1404",2010,"BUFFRMFISHBM06","notflv","Noturus flavater","Checkered madtom",6,0.0411616739080723,71,14.226735395023,5.80804040389987,11.3835500123972,5,0.594648166501487,0.182138266580067
"1405",2010,"BUFFRMFISHBM06","notnub","Notropis nubilus","Ozark minnow",92,0.631145666590441,63.5483870967742,7.01350463832654,1.25966261883283,2.46889336558374,2.35483870967742,9.11793855302279,1.31531247134595
"1406",2010,"BUFFRMFISHBM06","notoza","Notropis ozarcanus","Ozark shiner",5,0.0343013949233935,47.4,5.68330889535313,2.54165300542777,4.98154835183641,0.8,0.495540138751239,0.0242851022106756
"1407",2010,"BUFFRMFISHBM06","notper","Notropis percobromus","Carmine shiner",30,0.205808369540361,50.5,5.53203834728774,1.01000739726436,1.97957812275719,0.966666666666667,2.97324083250743,0.176066991027398
"1408",2010,"BUFFRMFISHBM06","percap","Percina caprodes","Logperch",6,0.0411616739080723,132,18.3847763108502,7.50555349946513,14.7106145429902,18.1666666666667,0.594648166501487,0.661769035240911
"1409",2010,"BUFFRMFISHBM06","pimnot","Pimephales notatus","Bluntnose minnow",8,0.0548822318774297,63.5,10.0285307284481,3.54562104171167,6.94928954458227,2.375,0.792864222001982,0.115354235500709
"1410",2010,"BUFFRMFISHBM06","pyloli","Pylodictis olivaris","Flathead catfish",2,0.0137205579693574,270,70.7106781186548,50,97.9981992270027,231.5,0.198216055500496,2.81100058088571
"1411",2010,"BUFFRMFISHBT08","camspp","Campostoma spp.","Stoneroller spp.",88,5.2642073778664,90.8666666666667,11.1347029235361,2.03290932077981,3.9844290525642,7.46666666666667,51.4619883040936,55.2807224185316
"1412",2010,"BUFFRMFISHBT08","cotcar","Cottus carolinae","Banded sculpin",10,0.598205383848455,50.5,19.9680300035387,6.31444551977624,12.3760858011017,2.7,5.84795321637427,2.27158001009591
"1413",2010,"BUFFRMFISHBT08","ethble","Etheostoma blennioides","Greenside darter",1,0.0598205383848455,79,NA,NA,NA,4,0.584795321637427,0.336530371866061
"1414",2010,"BUFFRMFISHBT08","ethcae","Etheostoma caeruleum","Rainbow darter",6,0.358923230309073,55.3333333333333,3.20416395751944,1.30809445802324,2.56381802610199,1.83333333333333,3.50877192982456,0.925458522631668
"1415",2010,"BUFFRMFISHBT08","funcat","Fundulus catenatus","Northern studfish",3,0.179461615154536,95.6666666666667,3.05505046330389,1.76383420737639,3.45705152115748,9.33333333333333,1.75438596491228,2.35571260306243
"1416",2010,"BUFFRMFISHBT08","luxchr","Luxilus chrysocephalus","Striped shiner",8,0.478564307078764,115.875,23.4486521086882,8.29035045786882,16.248788316638,18,4.67836257309941,12.1150933871782
"1417",2010,"BUFFRMFISHBT08","luxpil","Luxilus pilsbryi","Duskystripe shiner",52,3.11066799601196,86.1666666666667,9.00989239222868,1.64497376797261,3.22408934073946,5.93333333333333,30.4093567251462,25.9577093499355
"1418",2010,"BUFFRMFISHBT08","notnub","Notropis nubilus","Ozark minnow",2,0.119641076769691,73,2.82842712474619,2,3.91992796908011,3.5,1.16959064327485,0.588928150765607
"1419",2010,"BUFFRMFISHBT08","sematr","Semotilus atromaculatus","Creek chub",1,0.0598205383848455,54,NA,NA,NA,2,0.584795321637427,0.16826518593303
"1420",2010,"BUFFRMFISHBT14","camspp","Campostoma spp.","Stoneroller spp.",139,4.17,76.7333333333333,14.6167908486317,2.66864868871022,5.23045531726208,4.73333333333333,27.2549019607843,35.6912950707027
"1421",2010,"BUFFRMFISHBT14","chrery","Chrosomus erythrogaster","Southern redbelly dace",66,1.98,52.0333333333333,14.5424072696168,2.65506816733207,5.20383798446962,1.8,12.9411764705882,6.44461321471194
"1422",2010,"BUFFRMFISHBT14","cotcar","Cottus carolinae","Banded sculpin",16,0.48,52,24.0610335050956,6.0152583762739,11.7896897751997,3.5625,3.13725490196078,3.09211240099816
"1423",2010,"BUFFRMFISHBT14","ethble","Etheostoma blennioides","Greenside darter",24,0.72,73.2916666666667,12.9898929495427,2.6515507949797,5.19694406133876,4.04166666666667,4.70588235294118,5.26201584029511
"1424",2010,"BUFFRMFISHBT14","ethcae","Etheostoma caeruleum","Rainbow darter",80,2.4,56.1666666666667,7.09095262961207,1.29462490314637,2.53741818365554,2.2,15.6862745098039,9.54757513290659
"1425",2010,"BUFFRMFISHBT14","ethspe","Etheostoma spectabile","Orangethroat darter",42,1.26,51.5333333333333,5.93489582939306,1.0835587740673,2.12373617230429,1.46666666666667,8.23529411764706,3.3416512965173
"1426",2010,"BUFFRMFISHBT14","funcat","Fundulus catenatus","Northern studfish",7,0.21,51.8571428571429,3.71611676478603,1.40456011464311,2.75288723882194,1.14285714285714,1.37254901960784,0.43398068785939
"1427",2010,"BUFFRMFISHBT14","luxpil","Luxilus pilsbryi","Duskystripe shiner",122,3.66,77.2333333333333,17.270032512665,3.15306212534475,6.17988820669302,5.03333333333333,23.921568627451,33.3116342989404
"1428",2010,"BUFFRMFISHBT14","nocbig","Nocomis biguttatus","Hornyhead chub",1,0.03,65,NA,NA,NA,2,0.196078431372549,0.108495171964848
"1429",2010,"BUFFRMFISHBT14","notexi","Noturus exilis","Slender madtom",1,0.03,100,NA,NA,NA,9,0.196078431372549,0.488228273841814
"1430",2010,"BUFFRMFISHBT14","notnub","Notropis nubilus","Ozark minnow",8,0.24,47.75,2.91547594742265,1.03077640640442,2.02028463266628,1,1.56862745098039,0.43398068785939
"1431",2010,"BUFFRMFISHBT14","sematr","Semotilus atromaculatus","Creek chub",4,0.12,85,31.2089730686545,15.6044865343272,30.5842316045216,8.5,0.784313725490196,1.84441792340241
"1432",2010,"BUFFRMFISHBT17","ambcon","Ambloplites constellatus","Ozark bass",2,0.0165425971877585,81.5,33.2340187157677,23.5,46.0591536366913,12.5,0.254777070063694,0.449189661850023
"1433",2010,"BUFFRMFISHBT17","amenat","Ameiurus natalis","Yellow bullhead",1,0.00827129859387924,224,NA,NA,NA,147,0.127388535031847,2.64123521167813
"1434",2010,"BUFFRMFISHBT17","camspp","Campostoma spp.","Stoneroller spp.",195,1.61290322580645,79.7666666666667,33.6028358135536,6.1350103904086,12.0243994099799,8.13333333333333,24.8407643312102,28.4965921477654
"1435",2010,"BUFFRMFISHBT17","chrery","Chrosomus erythrogaster","Southern redbelly dace",5,0.0413564929693962,67.2,7.39594483484024,3.30756708170825,6.48271235659841,2.8,0.636942675159236,0.251546210636013
"1436",2010,"BUFFRMFISHBT17","cotcar","Cottus carolinae","Banded sculpin",71,0.587262200165426,60.7,23.8720006240177,4.35841107818397,8.54232874306097,4.63333333333333,9.04458598726115,5.91073703039716
"1437",2010,"BUFFRMFISHBT17","ethaut","Etheostoma autmnale","Autumn darter",1,0.00827129859387924,69,NA,NA,NA,3,0.127388535031847,0.0539027594220027
"1438",2010,"BUFFRMFISHBT17","ethble","Etheostoma blennioides","Greenside darter",19,0.157154673283706,84,13.9124245031395,3.19172907730653,6.25567403993005,6.68421052631579,2.4203821656051,2.28188348219811
"1439",2010,"BUFFRMFISHBT17","ethcae","Etheostoma caeruleum","Rainbow darter",101,0.835401157981803,59.2,6.0423790701665,1.10318243924243,2.16219784929221,2.83333333333333,12.8662420382166,5.14172432930993
"1440",2010,"BUFFRMFISHBT17","ethspe","Etheostoma spectabile","Orangethroat darter",33,0.272952853598015,54.3030303030303,5.592879672432,0.973595383419233,1.90821188701616,1.81818181818182,4.20382165605096,1.07805518844005
"1441",2010,"BUFFRMFISHBT17","ethzon","Etheostoma zonale","Banded darter",26,0.21505376344086,52.3076923076923,2.9362456405312,0.57584514683732,1.12863574847333,1.46153846153846,3.31210191082803,0.682768286012034
"1442",2010,"BUFFRMFISHBT17","funoli","Fundulus olivaceus","Blackspotted topminnow",1,0.00827129859387924,80,NA,NA,NA,5,0.127388535031847,0.0898379323700045
"1443",2010,"BUFFRMFISHBT17","hypamb","Hybopsis amblops","Bigeye chub",3,0.0248138957816377,81.3333333333333,1.52752523165195,0.881917103688197,1.72852576057874,4.33333333333333,0.382165605095541,0.233578624162012
"1444",2010,"BUFFRMFISHBT17","hypnig","Hypentelium nigricans","Northern hog sucker",7,0.0578990901571547,186.571428571429,82.9173426629539,31.3398097229289,61.4248983392788,93.8571428571429,0.89171974522293,11.8047043134186
"1445",2010,"BUFFRMFISHBT17","lepcya","Lepomis cyanellus","Green sunfish",4,0.033085194375517,102.75,17.9698822107065,8.98494110535326,17.6101609697059,21.5,0.509554140127389,1.54521243676408
"1446",2010,"BUFFRMFISHBT17","luxchr","Luxilus chrysocephalus","Striped shiner",10,0.0827129859387924,88.9,13.8920440860548,4.39305006674052,8.6102199130927,6.9,1.27388535031847,1.23976346670606
"1447",2010,"BUFFRMFISHBT17","luxpil","Luxilus pilsbryi","Duskystripe shiner",91,0.752688172043011,61.8666666666667,30.4174783390364,5.553446342905,10.8845548221695,3.7,11.5923566878981,6.0496863657961
"1448",2010,"BUFFRMFISHBT17","micdol","Micropterus dolomieu","Smallmouth bass",1,0.00827129859387924,203,NA,NA,NA,112,0.127388535031847,2.0123696850881
"1449",2010,"BUFFRMFISHBT17","moxduq","Moxostoma duquesnei","Black redhorse",1,0.00827129859387924,89,NA,NA,NA,6,0.127388535031847,0.107805518844005
"1450",2010,"BUFFRMFISHBT17","moxery","Moxostoma erythrurum","Golden redhorse",2,0.0165425971877585,386.5,0.707106781186548,0.5,0.979981992270027,613.5,0.254777070063694,22.0462286035991
"1451",2010,"BUFFRMFISHBT17","moxspp","Moxostoma spp.","Redhorse spp.",1,0.00827129859387924,33,NA,NA,NA,0.3,0.127388535031847,0.00539027594220027
"1452",2010,"BUFFRMFISHBT17","notexi","Noturus exilis","Slender madtom",2,0.0165425971877585,109.5,31.8198051533946,22.5,44.0991896521512,13.5,0.254777070063694,0.485124834798024
"1453",2010,"BUFFRMFISHBT17","notnub","Notropis nubilus","Ozark minnow",188,1.5550041356493,62.8333333333333,5.4259723986202,1.27891395919846,2.50662529935451,2.05555555555556,23.9490445859873,6.94347397295279
"1454",2010,"BUFFRMFISHBT17","notper","Notropis percobromus","Carmine shiner",20,0.165425971877585,55.65,7.44294084492498,1.6642921681762,3.26195270937743,1.25,2.54777070063694,0.449189661850023
"1455",2010,"BUFFRMFISHBT27","ambcon","Ambloplites constellatus","Ozark bass",7,0.109861365419827,93,32.2645316098034,12.1948466867889,23.9014603030938,20.4285714285714,1.30353817504655,3.94712058602872
"1456",2010,"BUFFRMFISHBT27","amenat","Ameiurus natalis","Yellow bullhead",2,0.0313889615485221,85,2.82842712474619,2,3.91992796908011,7.5,0.37243947858473,0.414033627905111
"1457",2010,"BUFFRMFISHBT27","camspp","Campostoma spp.","Stoneroller spp.",58,0.910279884907141,78.9333333333333,38.902117071487,7.10252235158674,13.9206880085007,7.76666666666667,10.8007448789572,12.4338898833548
"1458",2010,"BUFFRMFISHBT27","cotcar","Cottus carolinae","Banded sculpin",65,1.02014125032697,75.4324324324324,22.8418968619564,3.75518471223905,7.36002679128393,8.43243243243243,12.1042830540037,15.1290125656138
"1459",2010,"BUFFRMFISHBT27","cotimm","Cottus immaculatus","Knobfin Sculpin",4,0.0627779230970442,58,9.34523051258412,4.67261525629206,9.15815761594483,3,0.74487895716946,0.331226902324089
"1460",2010,"BUFFRMFISHBT27","cypgre","Notropis greenei","Wedgespot shiner",1,0.0156944807742611,61,NA,NA,NA,2,0.186219739292365,0.0552044837206815
"1461",2010,"BUFFRMFISHBT27","ethaut","Etheostoma autmnale","Autumn darter",4,0.0627779230970442,65.75,3.09569593683445,1.54784796841723,3.03372627164125,3,0.74487895716946,0.331226902324089
"1462",2010,"BUFFRMFISHBT27","ethble","Etheostoma blennioides","Greenside darter",45,0.706251634841747,73.8,10.3836741886084,1.89579086096166,3.71568180970503,4.2,8.37988826815642,5.2168237116044
"1463",2010,"BUFFRMFISHBT27","ethcae","Etheostoma caeruleum","Rainbow darter",69,1.08291917342401,49.2,4.88064438933758,0.89107967573374,1.74648407179376,1.46666666666667,12.8491620111732,2.79334687626648
"1464",2010,"BUFFRMFISHBT27","etheux","Etheostoma euzonum","Arkansas saddled darter",19,0.29819513471096,80.8421052631579,10.9151431908699,2.50410558543568,4.90795676093952,5.31578947368421,3.53817504655493,2.78782642789441
"1465",2010,"BUFFRMFISHBT27","ethspe","Etheostoma spectabile","Orangethroat darter",3,0.0470834423227832,47,3.60555127546399,2.08166599946613,4.07999038679519,1,0.558659217877095,0.0828067255810222
"1466",2010,"BUFFRMFISHBT27","ethzon","Etheostoma zonale","Banded darter",26,0.408056500130787,45.0769230769231,3.55441220933169,0.697077585182104,1.36624696138708,1,4.84171322160149,0.717658288368859
"1467",2010,"BUFFRMFISHBT27","funcat","Fundulus catenatus","Northern studfish",5,0.0784724038713053,82,25.2388589282479,11.287160847618,22.1224287490418,6.4,0.931098696461825,0.883271739530903
"1468",2010,"BUFFRMFISHBT27","funoli","Fundulus olivaceus","Blackspotted topminnow",10,0.156944807742611,69.7,7.57261146794449,2.39467000742157,4.69346696940455,3.1,1.86219739292365,0.855669497670563
"1469",2010,"BUFFRMFISHBT27","hypamb","Hybopsis amblops","Bigeye chub",1,0.0156944807742611,68,NA,NA,NA,3,0.186219739292365,0.0828067255810222
"1470",2010,"BUFFRMFISHBT27","hypnig","Hypentelium nigricans","Northern hog sucker",4,0.0627779230970442,78.5,69.0917264704441,34.5458632352221,67.7086477558816,19.3333333333333,0.74487895716946,2.13457337053302
"1471",2010,"BUFFRMFISHBT27","ichamm","Ichthyomyzon spp.","Ichthyomyzon ammocoete",1,0.0156944807742611,168,NA,NA,NA,8,0.186219739292365,0.220817934882726
"1472",2010,"BUFFRMFISHBT27","lepcya","Lepomis cyanellus","Green sunfish",37,0.580695788647659,75.3666666666667,17.5508784205616,3.20433733832407,6.28038577743211,8.2,6.8901303538175,8.37452018042738
"1473",2010,"BUFFRMFISHBT27","lepmeg","Lepomis megalotis","Longear sunfish",71,1.11430813497253,87.6666666666667,21.3837407348689,3.9041190547766,7.65193273871869,14.4333333333333,13.2216014897579,28.2858573837485
"1474",2010,"BUFFRMFISHBT27","luxpil","Luxilus pilsbryi","Duskystripe shiner",42,0.659168192518964,31.0645161290323,2.51575679628706,0.451843259223048,0.885596514734371,0.229032258064516,7.82122905027933,0.265515758798503
"1475",2010,"BUFFRMFISHBT27","micdol","Micropterus dolomieu","Smallmouth bass",6,0.0941668846455663,125.333333333333,46.9453583080017,19.1653622744552,37.5634198085949,28.3333333333333,1.11731843575419,4.69238111625792
"1476",2010,"BUFFRMFISHBT27","moxduq","Moxostoma duquesnei","Black redhorse",5,0.0784724038713053,159,11.0453610171873,4.93963561409139,9.68150790037051,37.6,0.931098696461825,5.18922146974406
"1477",2010,"BUFFRMFISHBT27","moxspp","Moxostoma spp.","Redhorse spp.",4,0.0627779230970442,27.25,4.57347424467075,2.28673712233537,4.4819224018881,0.25,0.74487895716946,0.0276022418603407
"1478",2010,"BUFFRMFISHBT27","nocbig","Nocomis biguttatus","Hornyhead chub",2,0.0313889615485221,76.5,4.94974746830583,3.5,6.85987394589019,5,0.37243947858473,0.276022418603407
"1479",2010,"BUFFRMFISHBT27","notala","Noturus albater","Ozark madtom",2,0.0313889615485221,63.5,2.12132034355964,1.5,2.93994597681008,3,0.37243947858473,0.165613451162044
"1480",2010,"BUFFRMFISHBT27","notexi","Noturus exilis","Slender madtom",12,0.188333769291133,80.9166666666667,15.669648330064,4.52343784073462,8.86577525414549,4.41666666666667,2.23463687150838,1.46291881859806
"1481",2010,"BUFFRMFISHBT27","notflv","Noturus flavater","Checkered madtom",29,0.45513994245357,64.7586206896552,10.9141296767532,2.02670300123289,3.97226488977569,3.3448275862069,5.40037243947858,2.67741746045305
"1482",2010,"BUFFRMFISHBT27","notnub","Notropis nubilus","Ozark minnow",3,0.0470834423227832,61.6666666666667,4.61880215351701,2.66666666666667,5.22657062544014,2,0.558659217877095,0.165613451162044
"1483",2010,"BUFFRMFISHBT29","ambcon","Ambloplites constellatus","Ozark bass",33,0.327597617471873,115.733333333333,37.5774449346425,6.86067141470399,13.4466688825833,34.9333333333333,3.81062355658199,8.61424469843467
"1484",2010,"BUFFRMFISHBT29","amenat","Ameiurus natalis","Yellow bullhead",21,0.208471211118465,152.380952380952,42.8572936505284,9.35222820164269,18.3300304504195,58.7619047619048,2.42494226327945,9.22100794402184
"1485",2010,"BUFFRMFISHBT29","camspp","Campostoma spp.","Stoneroller spp.",102,1.01257445400397,70.1612903225806,42.0357758535858,7.54984821811308,14.7974305962455,7.16129032258065,11.7782909930716,5.45826590381216
"1486",2010,"BUFFRMFISHBT29","cotcar","Cottus carolinae","Banded sculpin",21,0.208471211118465,57.2380952380952,22.3291396204707,4.87261773876403,9.5501552784085,4.52380952380952,2.42494226327945,0.709883107521941
"1487",2010,"BUFFRMFISHBT29","cypgal","Cyprinella galactura","Whitetail shiner",1,0.00992720052945069,52,NA,NA,NA,1,0.115473441108545,0.00747245376338885
"1488",2010,"BUFFRMFISHBT29","cypgre","Notropis greenei","Wedgespot shiner",7,0.0694904037061549,58.5714285714286,4.35343323738644,1.64544309934962,3.22500921333521,1.85714285714286,0.808314087759815,0.0971418989240551
"1489",2010,"BUFFRMFISHBT29","cypspp","Cyprinidae spp.","Non-carp minnow spp.",1,0.00992720052945069,32,NA,NA,NA,0.1,0.115473441108545,0.000747245376338885
"1490",2010,"BUFFRMFISHBT29","erihar","Erimystax harryi","Ozark chub",2,0.0198544010589014,96.5,13.4350288425444,9.5,18.6196578531305,7,0.23094688221709,0.104614352687444
"1491",2010,"BUFFRMFISHBT29","ethble","Etheostoma blennioides","Greenside darter",36,0.357379219060225,95.5333333333333,13.7883842501536,2.5174030284527,4.93401927033936,9.53333333333333,4.15704387990762,2.56454613159505
"1492",2010,"BUFFRMFISHBT29","ethcae","Etheostoma caeruleum","Rainbow darter",89,0.883520847121112,47.8333333333333,5.16008108285221,0.942097602544612,1.84647737090897,1.26666666666667,10.2771362586605,0.842394620926036
"1493",2010,"BUFFRMFISHBT29","etheux","Etheostoma euzonum","Arkansas saddled darter",4,0.0397088021178028,86.75,7.54431353183752,3.77215676591876,7.39329140523985,7.25,0.46189376443418,0.216701159138277
"1494",2010,"BUFFRMFISHBT29","ethjul","Etheostoma juliae","Yoke darter",7,0.0694904037061549,45.5714285714286,5.19156825558337,1.962228359813,3.84589691467658,1.42857142857143,0.808314087759815,0.0747245376338885
"1495",2010,"BUFFRMFISHBT29","ethzon","Etheostoma zonale","Banded darter",10,0.0992720052945069,47.4,4.69515116310907,1.48473716342134,2.91003136681398,1.5,1.15473441108545,0.112086806450833
"1496",2010,"BUFFRMFISHBT29","funoli","Fundulus olivaceus","Blackspotted topminnow",3,0.0297816015883521,66,11.2694276695846,6.50640709864771,12.7523235821053,3,0.346420323325635,0.0672520838704996
"1497",2010,"BUFFRMFISHBT29","hypnig","Hypentelium nigricans","Northern hog sucker",5,0.0496360026472535,233.4,40.7467790138067,18.2225135478067,35.7154702614944,146,0.577367205542725,5.45489124727386
"1498",2010,"BUFFRMFISHBT29","ichamm","Ichthyomyzon spp.","Ichthyomyzon ammocoete",3,0.0297816015883521,155.333333333333,16.0727512683216,9.27960727138337,18.1876960425874,6.33333333333333,0.346420323325635,0.141976621504388
"1499",2010,"BUFFRMFISHBT29","lepcya","Lepomis cyanellus","Green sunfish",17,0.168762409000662,102.647058823529,19.0622046746651,4.62326372534041,9.06143039269767,19,1.96304849884527,2.4136025655746
"1500",2010,"BUFFRMFISHBT29","lepmeg","Lepomis megalotis","Longear sunfish",206,2.04500330906684,110.6,27.1580305009339,4.9583553075916,9.71819782543256,31.5,23.7875288683603,48.4887524706302
"1501",2010,"BUFFRMFISHBT29","luxchr","Luxilus chrysocephalus","Striped shiner",2,0.0198544010589014,157,65.0538238691624,46,90.1583432888425,61.5,0.23094688221709,0.919111812896829
"1502",2010,"BUFFRMFISHBT29","luxpil","Luxilus pilsbryi","Duskystripe shiner",118,1.17140966247518,63.3,29.391706547819,5.36616689327091,10.5174938458422,3.33333333333333,13.6258660508083,2.93916514693295
"1503",2010,"BUFFRMFISHBT29","micdol","Micropterus dolomieu","Smallmouth bass",10,0.0992720052945069,189.9,53.1192578596083,16.7977842454163,32.9230521410902,90.3,1.15473441108545,6.74762574834013
"1504",2010,"BUFFRMFISHBT29","moxduq","Moxostoma duquesnei","Black redhorse",2,0.0198544010589014,190.5,4.94974746830583,3.5,6.85987394589019,68,0.23094688221709,1.01625371182088
"1505",2010,"BUFFRMFISHBT29","moxspp","Moxostoma spp.","Redhorse spp.",1,0.00992720052945069,38,NA,NA,NA,0.4,0.115473441108545,0.00298898150535554
"1506",2010,"BUFFRMFISHBT29","nocbig","Nocomis biguttatus","Hornyhead chub",4,0.0397088021178028,113,39.4038915167863,19.7019457583932,38.6151041118123,19.75,0.46189376443418,0.590323847307719
"1507",2010,"BUFFRMFISHBT29","notexi","Noturus exilis","Slender madtom",22,0.218398411647915,78.9545454545455,22.9356808171341,4.88990358031663,9.58403490529406,4.81818181818182,2.54041570438799,0.792080098919218
"1508",2010,"BUFFRMFISHBT29","notflv","Noturus flavater","Checkered madtom",6,0.0595632031767042,85.3333333333333,14.2079789789634,5.80038312910832,11.3685420295861,7.83333333333333,0.69284064665127,0.351205326879276
"1509",2010,"BUFFRMFISHBT29","notnub","Notropis nubilus","Ozark minnow",94,0.933156849768365,66.8333333333333,5.38249610941021,0.982704844935923,1.92606610350743,2.4,10.8545034642032,1.68578556902052
"1510",2010,"BUFFRMFISHBT29","notper","Notropis percobromus","Carmine shiner",38,0.377233620119126,56.2333333333333,5.34778931659734,0.976368280495166,1.91364666541783,1.23333333333333,4.38799076212471,0.350208999710824
"1511",2010,"BUFFRMFISHBT29","sematr","Semotilus atromaculatus","Creek chub",1,0.00992720052945069,63,NA,NA,NA,2,0.115473441108545,0.0149449075267777
"1512",2010,"BUFFRMFISHBT32","amenat","Ameiurus natalis","Yellow bullhead",2,0.107238605898123,170,21.2132034355964,15,29.3994597681008,74,0.961538461538462,9.41615591796916
"1513",2010,"BUFFRMFISHBT32","camspp","Campostoma spp.","Stoneroller spp.",50,2.68096514745308,68.0666666666667,28.5680474189843,5.21578799841831,10.2227566278961,5.13333333333333,24.0384615384615,16.3298199478294
"1514",2010,"BUFFRMFISHBT32","cotcar","Cottus carolinae","Banded sculpin",108,5.79088471849866,75.2,26.8243327519289,4.89743071275203,9.59878781377431,8.7,51.9230769230769,59.7798655440799
"1515",2010,"BUFFRMFISHBT32","cotimm","Cottus immaculatus","Knobfin Sculpin",1,0.0536193029490617,65,NA,NA,NA,10,0.480769230769231,0.636226751214133
"1516",2010,"BUFFRMFISHBT32","ethcae","Etheostoma caeruleum","Rainbow darter",5,0.268096514745308,45.8,9.03880523078133,4.04227658628155,7.92271652466135,1.3,2.40384615384615,0.413547388289186
"1517",2010,"BUFFRMFISHBT32","ethspe","Etheostoma spectabile","Orangethroat darter",2,0.107238605898123,47,8.48528137423857,6,11.7597839072403,1,0.961538461538462,0.127245350242827
"1518",2010,"BUFFRMFISHBT32","ethzon","Etheostoma zonale","Banded darter",1,0.0536193029490617,56,NA,NA,NA,1,0.480769230769231,0.0636226751214133
"1519",2010,"BUFFRMFISHBT32","funoli","Fundulus olivaceus","Blackspotted topminnow",4,0.214477211796247,63,8.24621125123532,4.12310562561766,8.0811385306651,4,1.92307692307692,1.01796280194261
"1520",2010,"BUFFRMFISHBT32","lepcya","Lepomis cyanellus","Green sunfish",2,0.107238605898123,85.5,40.3050865276332,28.5,55.8589735593915,14.5,0.961538461538462,1.84505757852098
"1521",2010,"BUFFRMFISHBT32","lepmeg","Lepomis megalotis","Longear sunfish",1,0.0536193029490617,44,NA,NA,NA,1,0.480769230769231,0.0636226751214133
"1522",2010,"BUFFRMFISHBT32","luxchr","Luxilus chrysocephalus","Striped shiner",1,0.0536193029490617,110,NA,NA,NA,13,0.480769230769231,0.827094776578372
"1523",2010,"BUFFRMFISHBT32","luxpil","Luxilus pilsbryi","Duskystripe shiner",26,1.3941018766756,34.7307692307692,11.6569556653792,2.28611709257132,4.48070716588121,0.461538461538462,12.5,0.763472101456959
"1524",2010,"BUFFRMFISHBT32","nocbig","Nocomis biguttatus","Hornyhead chub",3,0.160857908847185,148,21.1660104885167,12.2202018532156,23.9511555161121,34,1.44230769230769,6.48951286238415
"1525",2010,"BUFFRMFISHBT32","sematr","Semotilus atromaculatus","Creek chub",2,0.107238605898123,120,12.7279220613579,9,17.6396758608605,17.5,0.961538461538462,2.22679362924946
"1526",2012,"BUFFRMFISHBT15","amenat","Ameiurus natalis","Yellow bullhead",1,0.0240577385725742,115,NA,NA,NA,23,0.121802679658952,0.395254652834663
"1527",2012,"BUFFRMFISHBT15","camspp","Campostoma spp.","Stoneroller spp.",227,5.46110665597434,99.0666666666667,34.3500573039058,6.27143374564809,12.2917842728994,14.9666666666667,27.6492082825822,58.3848405519817
"1528",2012,"BUFFRMFISHBT15","chrery","Chrosomus erythrogaster","Southern redbelly dace",10,0.240577385725742,65.6,17.6396019103481,5.57813190553572,10.9329376358638,3.33333333333333,1.21802679658952,0.572832830195164
"1529",2012,"BUFFRMFISHBT15","cotcar","Cottus carolinae","Banded sculpin",339,8.15557337610265,54.0666666666667,23.5385719153922,4.29753560317264,8.42301500449699,3.73333333333333,41.2911084043849,21.74931689685
"1530",2012,"BUFFRMFISHBT15","ethcae","Etheostoma caeruleum","Rainbow darter",83,1.99679230152366,50.0333333333333,7.14134795222251,1.30382578814186,2.55545158687261,1.56666666666667,10.1096224116931,2.23462087059134
"1531",2012,"BUFFRMFISHBT15","ethspe","Etheostoma spectabile","Orangethroat darter",14,0.336808340016038,45.6428571428571,2.6196635972272,0.700134546387711,1.3722384952522,1.21428571428571,1.70523751522533,0.292144743399534
"1532",2012,"BUFFRMFISHBT15","funcat","Fundulus catenatus","Northern studfish",2,0.0481154771451484,106,12.7279220613579,9,17.6396758608605,12.5,0.243605359317905,0.429624622646373
"1533",2012,"BUFFRMFISHBT15","funoli","Fundulus olivaceus","Blackspotted topminnow",1,0.0240577385725742,65,NA,NA,NA,3,0.121802679658952,0.0515549547175648
"1534",2012,"BUFFRMFISHBT15","lamaep","Lampetra aepyptera","Least Brook lamprey",2,0.0481154771451484,144.5,2.12132034355964,1.5,2.93994597681008,5.5,0.243605359317905,0.189034833964404
"1535",2012,"BUFFRMFISHBT15","lepcya","Lepomis cyanellus","Green sunfish",3,0.0721732157177225,68,22.6053091109146,13.0511813003013,25.5798453042931,6.33333333333333,0.365408038976857,0.326514713211244
"1536",2012,"BUFFRMFISHBT15","lepmeg","Lepomis megalotis","Longear sunfish",7,0.168404170008019,100.571428571429,24.5007288521324,9.2604050689382,18.150060417371,32.5714285714286,0.852618757612667,3.91817655853492
"1537",2012,"BUFFRMFISHBT15","luxpil","Luxilus pilsbryi","Duskystripe shiner",83,1.99679230152366,86.1,28.1723146075154,5.14353740255617,10.0811480621448,6.76666666666667,10.1096224116931,9.65166035595832
"1538",2012,"BUFFRMFISHBT15","nocbig","Nocomis biguttatus","Hornyhead chub",1,0.0240577385725742,70,NA,NA,NA,4,0.121802679658952,0.0687399396234197
"1539",2012,"BUFFRMFISHBT15","notexi","Noturus exilis","Slender madtom",3,0.0721732157177225,101,36.5102725270574,21.0792156716832,41.3145035388513,11.6666666666667,0.365408038976857,0.601474471704922
"1540",2012,"BUFFRMFISHBT15","notnub","Notropis nubilus","Ozark minnow",25,0.601443464314354,56.52,10.847887659202,2.1695775318404,4.25229382407448,1.68,3.04506699147381,0.721769366045907
"1541",2012,"BUFFRMFISHBT15","notper","Notropis percobromus","Carmine shiner",20,0.481154771451483,55,3.56887126487678,0.798023875121013,1.56409805404027,1.2,2.43605359317905,0.412439637740518
"1542",2012,"BUFFRMFISHBT20","ambcon","Ambloplites constellatus","Ozark bass",21,0.215384615384615,97.8095238095238,45.7040687987613,9.97344546846633,19.5475939199682,31.7,1.33928571428571,2.71651454765564
"1543",2012,"BUFFRMFISHBT20","amenat","Ameiurus natalis","Yellow bullhead",18,0.184615384615385,167.333333333333,65.4522726878143,15.4272486205415,30.2368516768066,90.6111111111111,1.14795918367347,6.65560346586504
"1544",2012,"BUFFRMFISHBT20","camspp","Campostoma spp.","Stoneroller spp.",533,5.46666666666667,119.333333333333,21.1029223884592,3.8528488738133,7.55144503054978,18.8666666666667,33.9923469387755,41.0351347307425
"1545",2012,"BUFFRMFISHBT20","cotcar","Cottus carolinae","Banded sculpin",18,0.184615384615385,38.7777777777778,5.36388309250541,1.26427936940081,2.47794203042261,1.05555555555556,1.14795918367347,0.0775330875851844
"1546",2012,"BUFFRMFISHBT20","cypgre","Notropis greenei","Wedgespot shiner",9,0.0923076923076923,60.1111111111111,7.80135315897897,2.60045105299299,5.09679040742552,1.77777777777778,0.573979591836735,0.0652910211243658
"1547",2012,"BUFFRMFISHBT20","erihar","Erimystax harryi","Ozark chub",14,0.143589743589744,88.5,18.6372249502482,4.98100788600456,9.76259606327892,6.21428571428571,0.892857142857143,0.355019927363739
"1548",2012,"BUFFRMFISHBT20","ethble","Etheostoma blennioides","Greenside darter",37,0.379487179487179,91.5666666666667,9.5581102349977,1.74506419427642,3.42026297149218,7.6,2.35969387755102,1.14748969626073
"1549",2012,"BUFFRMFISHBT20","ethcae","Etheostoma caeruleum","Rainbow darter",87,0.892307692307692,50.3,4.73541317426837,0.864564204884644,1.69451470389641,1.53333333333333,5.5484693877551,0.5443638886244
"1550",2012,"BUFFRMFISHBT20","etheux","Etheostoma euzonum","Arkansas saddled darter",8,0.0820512820512821,82.875,11.6427475893181,4.11633288602506,8.06786420498694,5.875,0.510204081632653,0.191792374552824
"1551",2012,"BUFFRMFISHBT20","ethjul","Etheostoma juliae","Yoke darter",15,0.153846153846154,45.8,8.52894232263633,2.20216343842227,4.31616102737854,1.46666666666667,0.956632653061224,0.089775154046003
"1552",2012,"BUFFRMFISHBT20","ethzon","Etheostoma zonale","Banded darter",46,0.471794871794872,52.6,4.75322032397783,0.86781533074489,1.7008867934917,1.6,2.93367346938776,0.300338697172083
"1553",2012,"BUFFRMFISHBT20","funcat","Fundulus catenatus","Northern studfish",4,0.041025641025641,70.75,16.6808273176123,8.34041365880614,16.346910387426,4,0.255102040816327,0.0652910211243658
"1554",2012,"BUFFRMFISHBT20","funoli","Fundulus olivaceus","Blackspotted topminnow",9,0.0923076923076923,65,13.1909059582729,4.39696865275764,8.61790020055657,2.11111111111111,0.573979591836735,0.0775330875851844
"1555",2012,"BUFFRMFISHBT20","hypnig","Hypentelium nigricans","Northern hog sucker",16,0.164102564102564,158.5,78.5476500815482,19.636912520387,38.4876413075223,76.7333333333333,1.02040816326531,5.00999768760967
"1556",2012,"BUFFRMFISHBT20","lepcya","Lepomis cyanellus","Green sunfish",8,0.0820512820512821,85.625,23.4029149588556,8.27417993346945,16.2170946712041,13.125,0.510204081632653,0.428472326128651
"1557",2012,"BUFFRMFISHBT20","lepmeg","Lepomis megalotis","Longear sunfish",260,2.66666666666667,93.6666666666667,26.1643786978342,4.77694013863714,9.36263062803256,21.1666666666667,16.5816326530612,22.4573908075683
"1558",2012,"BUFFRMFISHBT20","luxchr","Luxilus chrysocephalus","Striped shiner",1,0.0102564102564103,89,NA,NA,NA,6,0.0637755102040816,0.0244841329216372
"1559",2012,"BUFFRMFISHBT20","luxpil","Luxilus pilsbryi","Duskystripe shiner",241,2.47179487179487,72.0666666666667,27.6828508265507,5.05417395125078,9.90599891605202,4.66666666666667,15.3698979591837,4.58941469320021
"1560",2012,"BUFFRMFISHBT20","micdol","Micropterus dolomieu","Smallmouth bass",20,0.205128205128205,195.15,71.7585681661999,16.0457036387675,31.4490012385877,114.7,1.27551020408163,9.36110015370594
"1561",2012,"BUFFRMFISHBT20","moxduq","Moxostoma duquesnei","Black redhorse",5,0.0512820512820513,224.2,61.2919244272849,27.4105818982378,53.7237533158316,133.8,0.318877551020408,2.72998082076254
"1562",2012,"BUFFRMFISHBT20","moxery","Moxostoma erythrurum","Golden redhorse",1,0.0102564102564103,144,NA,NA,NA,33,0.0637755102040816,0.134662731069004
"1563",2012,"BUFFRMFISHBT20","nocbig","Nocomis biguttatus","Hornyhead chub",5,0.0512820512820513,96.8,8.98331787259028,4.01746188532013,7.87408060448985,10.6,0.318877551020408,0.216276507474462
"1564",2012,"BUFFRMFISHBT20","notala","Noturus albater","Ozark madtom",34,0.348717948717949,57.7058823529412,7.32587531956837,1.2563772522364,2.46245416537874,1.82352941176471,2.16836734693878,0.253002706856917
"1565",2012,"BUFFRMFISHBT20","notboo","Notropis boops","Bigeye shiner",9,0.0923076923076923,61,6.92820323027551,2.3094010767585,4.52634293630469,1.88888888888889,0.573979591836735,0.0693717099446387
"1566",2012,"BUFFRMFISHBT20","notexi","Noturus exilis","Slender madtom",13,0.133333333333333,59.0769230769231,8.65507113837064,2.40048482939876,4.70486381105634,1.69230769230769,0.829081632653061,0.089775154046003
"1567",2012,"BUFFRMFISHBT20","notflv","Noturus flavater","Checkered madtom",12,0.123076923076923,77.8333333333333,16.7648622440092,4.83959886475286,9.48543947453654,6.08333333333333,0.76530612244898,0.297890283879919
"1568",2012,"BUFFRMFISHBT20","notnub","Notropis nubilus","Ozark minnow",42,0.430769230769231,60.3333333333333,7.09216825623255,1.29484684518688,2.5378531820616,1.96666666666667,2.67857142857143,0.337064896554538
"1569",2012,"BUFFRMFISHBT20","notoza","Notropis ozarcanus","Ozark shiner",28,0.287179487179487,47.6428571428571,2.4070003725905,0.45488031367959,0.89154903208828,0.857142857142857,1.78571428571429,0.0979365316865487
"1570",2012,"BUFFRMFISHBT20","notper","Notropis percobromus","Carmine shiner",18,0.184615384615385,52.4444444444444,4.97313041692965,1.17217808051201,2.29742682127084,1,1.14795918367347,0.0734523987649115
"1571",2012,"BUFFRMFISHBT20","nottel","Notropis telescopus","Telescope shiner",1,0.0102564102564103,61,NA,NA,NA,2,0.0637755102040816,0.00816137764054572
"1572",2012,"BUFFRMFISHBT20","pimnot","Pimephales notatus","Bluntnose minnow",35,0.358974358974359,70.7666666666667,8.748136090475,1.59718382429274,3.13042277230372,3.5,2.23214285714286,0.499884380483426
"1573",2012,"BUFFRMFISHBT27","ambcon","Ambloplites constellatus","Ozark bass",1,0.0206611570247934,145,NA,NA,NA,60,0.216450216450216,2.89455477751749
"1574",2012,"BUFFRMFISHBT27","amenat","Ameiurus natalis","Yellow bullhead",8,0.165289256198347,101.625,31.8206469360472,11.250297615111,22.0501781409743,15.625,1.73160173160173,6.03032245316144
"1575",2012,"BUFFRMFISHBT27","camspp","Campostoma spp.","Stoneroller spp.",27,0.557851239669422,66.1578947368421,42.14428016798,9.6685609631837,18.9500312701699,6.42105263157895,5.84415584415584,8.36373985714265
"1576",2012,"BUFFRMFISHBT27","cotcar","Cottus carolinae","Banded sculpin",27,0.557851239669422,49.1111111111111,19.3476958145753,3.72346579558134,7.29785885700621,2.2962962962963,5.84415584415584,2.99103993676807
"1577",2012,"BUFFRMFISHBT27","cypgal","Cyprinella galactura","Whitetail shiner",1,0.0206611570247934,68,NA,NA,NA,2,0.216450216450216,0.096485159250583
"1578",2012,"BUFFRMFISHBT27","ethaut","Etheostoma autmnale","Autumn darter",1,0.0206611570247934,72,NA,NA,NA,4,0.216450216450216,0.192970318501166
"1579",2012,"BUFFRMFISHBT27","ethble","Etheostoma blennioides","Greenside darter",8,0.165289256198347,87,7.65319727770221,2.70581384641083,5.30329768783502,6.375,1.73160173160173,2.46037156088987
"1580",2012,"BUFFRMFISHBT27","ethcae","Etheostoma caeruleum","Rainbow darter",31,0.640495867768595,44.3870967741936,4.55834340782437,0.818702644504055,1.60462769727565,0.870967741935484,6.70995670995671,1.30254964988287
"1581",2012,"BUFFRMFISHBT27","etheux","Etheostoma euzonum","Arkansas saddled darter",12,0.247933884297521,75.5,6.74873725562453,1.94819263561244,3.81838740074655,4.08333333333333,2.5974025974026,2.36388640163928
"1582",2012,"BUFFRMFISHBT27","ethjul","Etheostoma juliae","Yoke darter",3,0.0619834710743802,36.3333333333333,3.21455025366432,1.85592145427667,3.63753920851748,1,0.649350649350649,0.144727738875875
"1583",2012,"BUFFRMFISHBT27","ethzon","Etheostoma zonale","Banded darter",1,0.0206611570247934,51,NA,NA,NA,1,0.216450216450216,0.0482425796252915
"1584",2012,"BUFFRMFISHBT27","funcat","Fundulus catenatus","Northern studfish",4,0.0826446280991736,86.25,16.2762608318577,8.13813041592887,15.9504425167106,5.75,0.865800865800866,1.10957933138171
"1585",2012,"BUFFRMFISHBT27","funoli","Fundulus olivaceus","Blackspotted topminnow",11,0.227272727272727,66.5454545454545,9.89306460469794,2.98287121095716,5.84632014399741,2.27272727272727,2.38095238095238,1.20606449063229
"1586",2012,"BUFFRMFISHBT27","hypamb","Hybopsis amblops","Bigeye chub",16,0.330578512396694,70.5,5.07280330126581,1.26820082531645,2.48562794278422,2.625,3.46320346320346,2.02618834426224
"1587",2012,"BUFFRMFISHBT27","hypnig","Hypentelium nigricans","Northern hog sucker",1,0.0206611570247934,122,NA,NA,NA,18,0.216450216450216,0.868366433255247
"1588",2012,"BUFFRMFISHBT27","lepcya","Lepomis cyanellus","Green sunfish",28,0.578512396694215,85.1785714285714,33.2833553902209,6.28996294002183,12.3281008265345,15.6428571428571,6.06060606060606,21.1302498758777
"1589",2012,"BUFFRMFISHBT27","lepmeg","Lepomis megalotis","Longear sunfish",137,2.83057851239669,56.9310344827586,17.4743302231808,3.24490166021103,6.35989038738784,3.93103448275862,29.6536796536797,25.9811244340622
"1590",2012,"BUFFRMFISHBT27","luxchr","Luxilus chrysocephalus","Striped shiner",2,0.0413223140495868,61,1.4142135623731,1,1.95996398454005,2,0.432900432900433,0.192970318501166
"1591",2012,"BUFFRMFISHBT27","luxpil","Luxilus pilsbryi","Duskystripe shiner",16,0.330578512396694,39.9375,8.92538514575141,2.23134628643785,4.37335835845539,0.5625,3.46320346320346,0.434183216627624
"1592",2012,"BUFFRMFISHBT27","micdol","Micropterus dolomieu","Smallmouth bass",9,0.185950413223141,80.7777777777778,55.95037483739,18.6501249457967,36.5535732009335,13.7777777777778,1.94805194805195,5.98207987353615
"1593",2012,"BUFFRMFISHBT27","nocbig","Nocomis biguttatus","Hornyhead chub",3,0.0619834710743802,74.3333333333333,11.2398102000582,6.48930744464393,12.7188088761097,4.66666666666667,0.649350649350649,0.675396114754081
"1594",2012,"BUFFRMFISHBT27","notboo","Notropis boops","Bigeye shiner",15,0.309917355371901,50.8,5.17134964422801,1.33523673663405,2.61701591463753,1,3.24675324675325,0.723638694379373
"1595",2012,"BUFFRMFISHBT27","notexi","Noturus exilis","Slender madtom",21,0.433884297520661,78.0476190476191,17.2872096952521,3.77237842776511,7.39372585447545,4.04761904761905,4.54545454545455,4.10061926814978
"1596",2012,"BUFFRMFISHBT27","notflv","Noturus flavater","Checkered madtom",24,0.495867768595041,73.9166666666667,10.7538331554954,2.1951170008323,4.30235026348289,4.58333333333333,5.19480519480519,5.30668375878207
"1597",2012,"BUFFRMFISHBT27","notnub","Notropis nubilus","Ozark minnow",33,0.681818181818182,48.125,3.40540367556453,0.601996007917318,1.17989049435483,0.9375,7.14285714285714,1.49250480715746
"1598",2012,"BUFFRMFISHBT27","notper","Notropis percobromus","Carmine shiner",8,0.165289256198347,50,2.61861468283191,0.925820099772551,1.81457405171748,0.875,1.73160173160173,0.337698057377041
"1599",2012,"BUFFRMFISHBT27","nottel","Notropis telescopus","Telescope shiner",2,0.0413223140495868,69,18.3847763108502,13,25.4795317990207,3,0.432900432900433,0.289455477751749
"1600",2012,"BUFFRMFISHBT27","pimnot","Pimephales notatus","Bluntnose minnow",12,0.247933884297521,62.9166666666667,8.33893750953194,2.40724390794187,4.71811136156951,2.16666666666667,2.5974025974026,1.25430707025758
"1601",2013,"BUFFRMFISHBM01","ambcon","Ambloplites constellatus","Ozark bass",10,0.106063284426374,74,34.4028422598418,10.8791339524594,21.3227107298074,12,2.59067357512953,4.27808138409949
"1602",2013,"BUFFRMFISHBM01","amenat","Ameiurus natalis","Yellow bullhead",1,0.0106063284426374,77,NA,NA,NA,7,0.259067357512953,0.249554747405804
"1603",2013,"BUFFRMFISHBM01","camspp","Campostoma spp.","Stoneroller spp.",9,0.095456955983737,90.3333333333333,17.1610023017305,5.72033410057684,11.2116488166669,14.5555555555556,2.33160621761658,4.67023884430861
"1604",2013,"BUFFRMFISHBM01","chrery","Chrosomus erythrogaster","Southern redbelly dace",6,0.0636379706558246,70.6666666666667,4.36653943835008,1.78263226094946,3.49389502914015,3.33333333333333,1.55440414507772,0.713013564016582
"1605",2013,"BUFFRMFISHBM01","cotcar","Cottus carolinae","Banded sculpin",59,0.625773378115609,48.9487179487179,18.9069031085261,3.02752748893995,5.9338448405273,2.76923076923077,15.2849740932642,5.82477234604316
"1606",2013,"BUFFRMFISHBM01","ethaut","Etheostoma autmnale","Autumn darter",6,0.0636379706558246,79.8333333333333,12.2868493384865,5.01608523762417,9.83134640912641,6.33333333333333,1.55440414507772,1.35472577163151
"1607",2013,"BUFFRMFISHBM01","ethble","Etheostoma blennioides","Greenside darter",3,0.0318189853279123,114.666666666667,4.16333199893227,2.40370085030933,4.71116709621458,17.3333333333333,0.77720207253886,1.85383526644311
"1608",2013,"BUFFRMFISHBM01","ethcae","Etheostoma caeruleum","Rainbow darter",115,1.21972777090331,52.7666666666667,8.39820725259095,1.53329585161585,3.00520464681174,3.8,29.7927461139896,15.5793463737623
"1609",2013,"BUFFRMFISHBM01","ethspe","Etheostoma spectabile","Orangethroat darter",10,0.106063284426374,48,4.96655480858378,1.57056253191863,3.07824599802856,1.7,2.59067357512953,0.606061529414095
"1610",2013,"BUFFRMFISHBM01","hypamb","Hybopsis amblops","Bigeye chub",2,0.0212126568852749,82.5,9.19238815542512,6.5,12.7397658995103,5.5,0.518134715025907,0.39215746020912
"1611",2013,"BUFFRMFISHBM01","hypnig","Hypentelium nigricans","Northern hog sucker",2,0.0212126568852749,195.5,105.358910396796,74.5,146.017316848234,18,0.518134715025907,1.28342441522985
"1612",2013,"BUFFRMFISHBM01","lepcya","Lepomis cyanellus","Green sunfish",53,0.562135407459784,86.9166666666667,42.1123497325903,7.01872495543172,13.7564481300387,22.3888888888889,13.7305699481865,42.3034908717505
"1613",2013,"BUFFRMFISHBM01","lepmeg","Lepomis megalotis","Longear sunfish",19,0.201520240410111,61,24.5470070590195,5.63146963877083,11.0374776720216,7.47368421052632,4.92227979274611,5.06239630451773
"1614",2013,"BUFFRMFISHBM01","luxpil","Luxilus pilsbryi","Duskystripe shiner",5,0.0530316422131872,90.4,11.6318528188763,5.20192272145598,10.1955811844143,8.6,1.29533678756477,1.53297916263565
"1615",2013,"BUFFRMFISHBM01","nocbig","Nocomis biguttatus","Hornyhead chub",5,0.0530316422131872,112.4,10.4785495179438,4.68614980554399,9.1846848450256,19.6,1.29533678756477,3.49376646368125
"1616",2013,"BUFFRMFISHBM01","notboo","Notropis boops","Bigeye shiner",26,0.275764539508573,53.1923076923077,8.41911743958584,1.65112477352606,3.23614509009293,1.61538461538462,6.73575129533679,1.49732848443482
"1617",2013,"BUFFRMFISHBM01","notexi","Noturus exilis","Slender madtom",23,0.243945554180661,87.4782608695652,28.4043363610325,5.92271355300075,11.6083052546287,7.78260869565217,5.95854922279793,6.38147139794841
"1618",2013,"BUFFRMFISHBM01","notnub","Notropis nubilus","Ozark minnow",32,0.339402510164398,64.40625,5.35126982217094,0.945979794804001,1.85408632791843,2.5625,8.29015544041451,2.92335561246799
"1619",2013,"BUFFRMFISHBM02","ambcon","Ambloplites constellatus","Ozark bass",20,0.145631067961165,126.5,38.6788395841828,8.64885146010425,16.951437369441,46.1052631578947,2.86944045911047,8.07529872198133
"1620",2013,"BUFFRMFISHBM02","amenat","Ameiurus natalis","Yellow bullhead",1,0.00728155339805825,146,NA,NA,NA,45,0.143472022955524,0.394085639685733
"1621",2013,"BUFFRMFISHBM02","camspp","Campostoma spp.","Stoneroller spp.",1,0.00728155339805825,125,NA,NA,NA,18,0.143472022955524,0.157634255874293
"1622",2013,"BUFFRMFISHBM02","cotcar","Cottus carolinae","Banded sculpin",6,0.0436893203883495,51,22.9172424170099,9.35592503889024,18.3372761182814,2.66666666666667,0.860832137733142,0.140119338554927
"1623",2013,"BUFFRMFISHBM02","cypgal","Cyprinella galactura","Whitetail shiner",7,0.0509708737864078,64.1428571428571,12.8248271129162,4.84732902116782,9.50059030270472,2.14285714285714,1.00430416068867,0.131361879895244
"1624",2013,"BUFFRMFISHBM02","erihar","Erimystax harryi","Ozark chub",1,0.00728155339805825,105,NA,NA,NA,9,0.143472022955524,0.0788171279371466
"1625",2013,"BUFFRMFISHBM02","ethble","Etheostoma blennioides","Greenside darter",8,0.058252427184466,76,9.57675757833964,3.38589511271181,6.63623247634533,4.5,1.14777618364419,0.315268511748586
"1626",2013,"BUFFRMFISHBM02","ethcae","Etheostoma caeruleum","Rainbow darter",46,0.33495145631068,45.8125,4.82224348805248,0.852460267733644,1.67079142300931,1.125,6.59971305595409,0.453198485638593
"1627",2013,"BUFFRMFISHBM02","etheux","Etheostoma euzonum","Arkansas saddled darter",1,0.00728155339805825,83,NA,NA,NA,6,0.143472022955524,0.0525447519580977
"1628",2013,"BUFFRMFISHBM02","ethjul","Etheostoma juliae","Yoke darter",10,0.0728155339805825,42.2,3.61478445646026,1.14309521329882,2.24042544896581,1,1.43472022955524,0.0875745865968295
"1629",2013,"BUFFRMFISHBM02","ethzon","Etheostoma zonale","Banded darter",1,0.00728155339805825,43,NA,NA,NA,NA,0.143472022955524,NA
"1630",2013,"BUFFRMFISHBM02","funcat","Fundulus catenatus","Northern studfish",1,0.00728155339805825,53,NA,NA,NA,1,0.143472022955524,0.00875745865968295
"1631",2013,"BUFFRMFISHBM02","funoli","Fundulus olivaceus","Blackspotted topminnow",2,0.0145631067961165,67,19.7989898732233,14,27.4394957835608,3,0.286944045911047,0.0525447519580977
"1632",2013,"BUFFRMFISHBM02","hypamb","Hybopsis amblops","Bigeye chub",26,0.189320388349515,78.5769230769231,5.33046397172386,1.04538999262782,2.04892673534912,4.15384615384615,3.73027259684362,0.945805535245759
"1633",2013,"BUFFRMFISHBM02","hypnig","Hypentelium nigricans","Northern hog sucker",2,0.0145631067961165,133.5,4.94974746830583,3.5,6.85987394589019,25.5,0.286944045911047,0.446630391643831
"1634",2013,"BUFFRMFISHBM02","ichamm","Ichthyomyzon spp.","Ichthyomyzon ammocoete",2,0.0145631067961165,152.5,23.3345237791561,16.5,32.3394057449109,6,0.286944045911047,0.105089503916195
"1635",2013,"BUFFRMFISHBM02","labsic","Labidesthes sicculus","Brook silverside",2,0.0145631067961165,79,5.65685424949238,4,7.83985593816022,2,0.286944045911047,0.0350298346387318
"1636",2013,"BUFFRMFISHBM02","lepcya","Lepomis cyanellus","Green sunfish",14,0.101941747572816,82.5,29.3408352877796,7.84166807775987,15.3693870111268,13.2857142857143,2.00860832137733,1.62888731070103
"1637",2013,"BUFFRMFISHBM02","lepmac","Lepomis macrochirus","Bluegill",2,0.0145631067961165,68,29.698484809835,21,41.1592436753411,6.5,0.286944045911047,0.113846962575878
"1638",2013,"BUFFRMFISHBM02","lepmeg","Lepomis megalotis","Longear sunfish",225,1.63834951456311,59.45,35.0288891762653,5.53855368513089,10.8553657492981,8.7,32.2812051649928,17.1427253263294
"1639",2013,"BUFFRMFISHBM02","leposs","Lepisosteus osseus","Longnose gar",2,0.0145631067961165,812,NA,NA,NA,989,0.286944045911047,17.3222532288529
"1640",2013,"BUFFRMFISHBM02","luxpil","Luxilus pilsbryi","Duskystripe shiner",22,0.160194174757282,80.9090909090909,11.7348041187583,2.50186864441205,4.90357243709766,5.31818181818182,3.15638450502152,1.02462266318291
"1641",2013,"BUFFRMFISHBM02","micdol","Micropterus dolomieu","Smallmouth bass",6,0.0436893203883495,228.666666666667,71.5336750535485,29.2035005512087,57.2378093028646,175.333333333333,0.860832137733142,9.21284650998646
"1642",2013,"BUFFRMFISHBM02","moxduq","Moxostoma duquesnei","Black redhorse",8,0.058252427184466,282.25,21.345792492734,7.54687731070654,14.7916077247273,213.875,1.14777618364419,14.9840117667175
"1643",2013,"BUFFRMFISHBM02","moxery","Moxostoma erythrurum","Golden redhorse",6,0.0436893203883495,323.166666666667,28.8750180375124,11.7881767509276,23.1044018752106,383.833333333333,0.860832137733142,20.1684272932498
"1644",2013,"BUFFRMFISHBM02","nocbig","Nocomis biguttatus","Hornyhead chub",1,0.00728155339805825,53,NA,NA,NA,1,0.143472022955524,0.00875745865968295
"1645",2013,"BUFFRMFISHBM02","notboo","Notropis boops","Bigeye shiner",166,1.20873786407767,61.7428571428571,10.3422117817136,1.74815285812372,3.42631664139326,2.51428571428571,23.8163558106169,3.6551130314471
"1646",2013,"BUFFRMFISHBM02","notexi","Noturus exilis","Slender madtom",4,0.029126213592233,67.75,5.1234753829798,2.5617376914899,5.02091361315898,3,0.573888091822095,0.105089503916195
"1647",2013,"BUFFRMFISHBM02","notnub","Notropis nubilus","Ozark minnow",47,0.342233009708738,57.2888888888889,8.41973391455568,1.25513982569379,2.46002885392172,1.55555555555556,6.74318507890961,0.640267533119042
"1648",2013,"BUFFRMFISHBM02","notoza","Notropis ozarcanus","Ozark shiner",7,0.0509708737864078,47.4285714285714,6.67974906856894,2.52470783653554,4.94833643109569,1,1.00430416068867,0.0613022106177807
"1649",2013,"BUFFRMFISHBM02","notper","Notropis percobromus","Carmine shiner",19,0.138349514563107,61.8421052631579,3.13161580399953,0.718441937875202,1.40812032321856,1.68421052631579,2.72596843615495,0.280238677109854
"1650",2013,"BUFFRMFISHBM02","pimnot","Pimephales notatus","Bluntnose minnow",30,0.218446601941748,54.9333333333333,9.15360616080496,1.67121219226371,3.2755157073611,1.73333333333333,4.30416068866571,0.455387850303513
"1651",2013,"BUFFRMFISHBM02","pyloli","Pylodictis olivaris","Flathead catfish",1,0.00728155339805825,270,NA,NA,NA,196,0.143472022955524,1.71646189729786
"1652",2013,"BUFFRMFISHBM03","ambcon","Ambloplites constellatus","Ozark bass",22,0.14658523042754,166.227272727273,46.6158891960791,9.93854097015783,19.4791823603851,95.2727272727273,1.9873532068654,10.6532291776644
"1653",2013,"BUFFRMFISHBM03","amenat","Ameiurus natalis","Yellow bullhead",1,0.00666296501943365,237,NA,NA,NA,212,0.0903342366757001,1.07752127178666
"1654",2013,"BUFFRMFISHBM03","camspp","Campostoma spp.","Stoneroller spp.",72,0.479733481399223,73.2666666666667,31.8660270219072,5.81791393932258,11.4029017862258,6.76,6.50406504065041,2.47382619530191
"1655",2013,"BUFFRMFISHBM03","cotcar","Cottus carolinae","Banded sculpin",7,0.0466407551360355,47.5714285714286,3.5523298860111,1.34265449332111,2.63155445059026,1.57142857142857,0.632339656729901,0.0559091225927042
"1656",2013,"BUFFRMFISHBM03","cypgal","Cyprinella galactura","Whitetail shiner",21,0.139922265408107,67.5714285714286,30.3340920888881,6.61944157786147,12.9738670903755,4.61904761904762,1.8970189701897,0.493016808317482
"1657",2013,"BUFFRMFISHBM03","cypgre","Notropis greenei","Wedgespot shiner",14,0.0932815102720711,67.2857142857143,8.21282834658983,2.19497070352316,4.30206352602594,3.21428571428571,1.2646793134598,0.228719137879244
"1658",2013,"BUFFRMFISHBM03","erihar","Erimystax harryi","Ozark chub",1,0.00666296501943365,90,NA,NA,NA,5,0.0903342366757001,0.0254132375421383
"1659",2013,"BUFFRMFISHBM03","ethble","Etheostoma blennioides","Greenside darter",11,0.0732926152137701,85.1818181818182,13.489389769876,4.06720404704885,7.9715734499913,6.63636363636364,0.993676603432701,0.371033268115219
"1660",2013,"BUFFRMFISHBM03","ethcae","Etheostoma caeruleum","Rainbow darter",37,0.246529705719045,46.8333333333333,4.31583558324564,0.787960167809033,1.54437355015784,1.26666666666667,3.3423667570009,0.238206746561643
"1661",2013,"BUFFRMFISHBM03","etheux","Etheostoma euzonum","Arkansas saddled darter",2,0.0133259300388673,78.5,9.19238815542512,6.5,12.7397658995103,5,0.1806684733514,0.0508264750842765
"1662",2013,"BUFFRMFISHBM03","ethjul","Etheostoma juliae","Yoke darter",95,0.632981676846197,43.0333333333333,6.17828976075225,1.1279962229224,2.21083197162512,1.06666666666667,8.58175248419151,0.515041614187336
"1663",2013,"BUFFRMFISHBM03","ethzon","Etheostoma zonale","Banded darter",12,0.0799555802332038,47.9166666666667,3.05876782480472,0.882990213519786,1.73062901720011,1.25,1.0840108401084,0.0762397126264148
"1664",2013,"BUFFRMFISHBM03","funcat","Fundulus catenatus","Northern studfish",18,0.119933370349806,78.8333333333333,9.03099238895769,2.12862531969203,4.17202896317643,4.66666666666667,1.6260162601626,0.426942390707923
"1665",2013,"BUFFRMFISHBM03","funoli","Fundulus olivaceus","Blackspotted topminnow",8,0.0533037201554692,58.125,8.02562859131385,2.83748820010133,5.56137467875599,2,0.722673893405601,0.0813223601348425
"1666",2013,"BUFFRMFISHBM03","gamaff","Gambusia affinis","Western Mosquitofish",10,0.0666296501943365,44.5,4.97214463005877,1.5723301886761,3.08171054161022,1.33333333333333,0.903342366757001,0.0677686334457021
"1667",2013,"BUFFRMFISHBM03","hypamb","Hybopsis amblops","Bigeye chub",8,0.0533037201554692,74.375,4.59619407771256,1.625,3.18494147487759,3.375,0.722673893405601,0.137231482727547
"1668",2013,"BUFFRMFISHBM03","hypnig","Hypentelium nigricans","Northern hog sucker",2,0.0133259300388673,35,7.07106781186548,5,9.79981992270027,NA,0.1806684733514,NA
"1669",2013,"BUFFRMFISHBM03","ichamm","Ichthyomyzon spp.","Ichthyomyzon ammocoete",6,0.0399777901166019,117.833333333333,19.5797514454772,7.99340005532342,15.6667762224544,3.33333333333333,0.5420054200542,0.101652950168553
"1670",2013,"BUFFRMFISHBM03","lepcya","Lepomis cyanellus","Green sunfish",28,0.186563020544142,64.0714285714286,30.1058977505252,5.68947988887347,11.151175672957,8.94444444444444,2.5293586269196,1.2729208315551
"1671",2013,"BUFFRMFISHBM03","lepmac","Lepomis macrochirus","Bluegill",7,0.0466407551360355,31.1428571428571,1.67616341969505,0.633530223602384,1.24169642137828,0.428571428571429,0.632339656729901,0.015247942525283
"1672",2013,"BUFFRMFISHBM03","lepmeg","Lepomis megalotis","Longear sunfish",245,1.63242642976124,79.4,39.9029858013416,7.28525514506772,14.2788377025178,17.5333333333333,22.1318879855465,21.8333594803691
"1673",2013,"BUFFRMFISHBM03","leposs","Lepisosteus osseus","Longnose gar",4,0.0266518600777346,793.25,57.0927607786953,28.5463803893477,55.9498774521019,992.25,0.3613369467028,20.1730279609494
"1674",2013,"BUFFRMFISHBM03","luxchr","Luxilus chrysocephalus","Striped shiner",1,0.00666296501943365,123,NA,NA,NA,16,0.0903342366757001,0.0813223601348425
"1675",2013,"BUFFRMFISHBM03","luxpil","Luxilus pilsbryi","Duskystripe shiner",36,0.239866740699611,69.3333333333333,22.8523496616315,4.17224913389038,8.17745803695358,4.03333333333333,3.2520325203252,0.738000418223695
"1676",2013,"BUFFRMFISHBM03","micdol","Micropterus dolomieu","Smallmouth bass",10,0.0666296501943365,205.3,86.3469101293665,27.3052904926662,53.5173859530298,153,0.903342366757001,7.77645068789431
"1677",2013,"BUFFRMFISHBM03","moxduq","Moxostoma duquesnei","Black redhorse",19,0.126596335369239,251,120.826321635644,27.7194592489217,54.3291417988123,275.631578947368,1.7163504968383,26.6178250016356
"1678",2013,"BUFFRMFISHBM03","notala","Noturus albater","Ozark madtom",10,0.0666296501943365,65.5,4.35252161906686,1.37638818813751,2.69767127749585,2.7,0.903342366757001,0.137231482727547
"1679",2013,"BUFFRMFISHBM03","notboo","Notropis boops","Bigeye shiner",290,1.93225985563576,53.3846153846154,10.7590153014303,2.9840139494468,5.84855987028086,1.46153846153846,26.196928635953,2.1542605978028
"1680",2013,"BUFFRMFISHBM03","notexi","Noturus exilis","Slender madtom",13,0.0866185452526374,66.7692307692308,10.4095616794836,2.8870929531141,5.65859820812303,2.53846153846154,1.1743450767841,0.167727367778113
"1681",2013,"BUFFRMFISHBM03","notnub","Notropis nubilus","Ozark minnow",45,0.299833425874514,60.34375,6.96817361640675,1.2318107041616,2.41430461592766,1.875,4.0650406504065,0.428848383523583
"1682",2013,"BUFFRMFISHBM03","notoza","Notropis ozarcanus","Ozark shiner",3,0.0199888950583009,48.6666666666667,1.15470053837925,0.666666666666667,1.30664265636004,1,0.2710027100271,0.015247942525283
"1683",2013,"BUFFRMFISHBM03","notper","Notropis percobromus","Carmine shiner",1,0.00666296501943365,57,NA,NA,NA,1,0.0903342366757001,0.00508264750842765
"1684",2013,"BUFFRMFISHBM03","pimnot","Pimephales notatus","Bluntnose minnow",47,0.313159355913381,59.5106382978723,9.61853360518918,1.40300732254313,2.74984382223051,2.12765957446809,4.2457091237579,0.508264750842765
"1685",2013,"BUFFRMFISHBM03","pyloli","Pylodictis olivaris","Flathead catfish",1,0.00666296501943365,271,NA,NA,NA,197,0.0903342366757001,1.00128155916025
"1686",2013,"BUFFRMFISHBM04","ambcon","Ambloplites constellatus","Ozark bass",48,0.408626560726447,118.733333333333,52.4200102180872,9.57054068703256,18.757915059159,50.9666666666667,4.92813141683778,20.329349584373
"1687",2013,"BUFFRMFISHBM04","camspp","Campostoma spp.","Stoneroller spp.",71,0.604426787741203,49.5333333333333,25.8480084383669,4.71917909609247,9.24942106493553,2.56666666666667,7.28952772073922,1.51434153828438
"1688",2013,"BUFFRMFISHBM04","cotcar","Cottus carolinae","Banded sculpin",4,0.0340522133938706,50.25,8.0156097709407,4.00780488547035,7.85515323258556,2.25,0.410677618069815,0.074789137614191
"1689",2013,"BUFFRMFISHBM04","cypgal","Cyprinella galactura","Whitetail shiner",23,0.195800227014756,54.0434782608696,12.5643010183238,2.61983786487249,5.13478786048438,1.47826086956522,2.36139630390144,0.282536742098055
"1690",2013,"BUFFRMFISHBM04","cypgre","Notropis greenei","Wedgespot shiner",3,0.025539160045403,57.3333333333333,4.04145188432738,2.33333333333333,4.57324929726012,1.66666666666667,0.308008213552361,0.0415495208967728
"1691",2013,"BUFFRMFISHBM04","cypunk","unknown Cyprinid","unknown minnow",1,0.00851305334846765,15,NA,NA,NA,0.2,0.102669404517454,0.00166198083587091
"1692",2013,"BUFFRMFISHBM04","erihar","Erimystax harryi","Ozark chub",5,0.0425652667423383,106.8,9.01110426085505,4.02988833592198,7.89843600012513,9.6,0.513347022587269,0.398875400609019
"1693",2013,"BUFFRMFISHBM04","ethaut","Etheostoma autmnale","Autumn darter",1,0.00851305334846765,31,NA,NA,NA,0.5,0.102669404517454,0.00415495208967728
"1694",2013,"BUFFRMFISHBM04","ethble","Etheostoma blennioides","Greenside darter",60,0.510783200908059,81.3,17.7397857935207,3.23882694814033,6.34798417051282,6,6.16016427104723,2.99156550456764
"1695",2013,"BUFFRMFISHBM04","ethcae","Etheostoma caeruleum","Rainbow darter",69,0.587400681044268,46.6333333333333,5.08197174152014,0.927836853144797,1.81852681569278,1.26666666666667,7.08418891170431,0.726285625275588
"1696",2013,"BUFFRMFISHBM04","etheux","Etheostoma euzonum","Arkansas saddled darter",30,0.25539160045403,69.4333333333333,8.86559927893838,1.61862957029203,3.17245566208392,3.46666666666667,3.08008213552361,0.864230034652874
"1697",2013,"BUFFRMFISHBM04","ethjul","Etheostoma juliae","Yoke darter",31,0.263904653802497,42.8333333333333,5.7119556004585,1.04285564327969,2.04395950190255,1.46666666666667,3.18275154004107,0.377823643354654
"1698",2013,"BUFFRMFISHBM04","ethzon","Etheostoma zonale","Banded darter",7,0.0595913734392736,47.8571428571429,5.92814112035612,2.24062673447973,4.39154770237786,1,0.718685831622177,0.0581693292554819
"1699",2013,"BUFFRMFISHBM04","funoli","Fundulus olivaceus","Blackspotted topminnow",5,0.0425652667423383,58.6,14.4152696818339,6.44670458451448,12.6353088046176,2.5,0.513347022587269,0.103873802241932
"1700",2013,"BUFFRMFISHBM04","hypamb","Hybopsis amblops","Bigeye chub",7,0.0595913734392736,74.5714285714286,6.18754509363078,2.33867222053499,4.58371332389289,3.28571428571429,0.718685831622177,0.191127796125155
"1701",2013,"BUFFRMFISHBM04","hypnig","Hypentelium nigricans","Northern hog sucker",7,0.0595913734392736,74.4285714285714,54.1690475667213,20.4739755169676,40.1282546336113,11.5714285714286,0.718685831622177,0.673102238527719
"1702",2013,"BUFFRMFISHBM04","ichamm","Ichthyomyzon spp.","Ichthyomyzon ammocoete",1,0.00851305334846765,46,NA,NA,NA,4,0.102669404517454,0.0332396167174182
"1703",2013,"BUFFRMFISHBM04","ictpun","Ictalurus punctatus","Channel catfish",1,0.00851305334846765,380,NA,NA,NA,527,0.102669404517454,4.37931950251985
"1704",2013,"BUFFRMFISHBM04","lepcya","Lepomis cyanellus","Green sunfish",9,0.0766174801362089,70.7777777777778,22.8022903333074,7.6007634444358,14.8972226061028,7.88888888888889,0.924024640657084,0.590003196734173
"1705",2013,"BUFFRMFISHBM04","lepmeg","Lepomis megalotis","Longear sunfish",195,1.66004540295119,79.9,28.2737236365475,5.16205207346801,10.1174361503176,14.2758620689655,20.0205338809035,23.1330539448032
"1706",2013,"BUFFRMFISHBM04","leposs","Lepisosteus osseus","Longnose gar",2,0.0170261066969353,447.5,526.794551983978,372.5,730.08658424117,581,0.205338809034908,9.65610865640999
"1707",2013,"BUFFRMFISHBM04","luxpil","Luxilus pilsbryi","Duskystripe shiner",78,0.664018161180477,57.5333333333333,25.1049292224529,4.58351201323602,8.98351846864928,2.66666666666667,8.0082135523614,1.72846006930575
"1708",2013,"BUFFRMFISHBM04","micdol","Micropterus dolomieu","Smallmouth bass",5,0.0425652667423383,298.75,115.069182089153,57.5345910445765,112.765726312611,388,0.513347022587269,16.1212141079478
"1709",2013,"BUFFRMFISHBM04","moxduq","Moxostoma duquesnei","Black redhorse",3,0.025539160045403,29.3333333333333,3.51188458428425,2.02758751009941,3.97399849529808,0.333333333333333,0.308008213552361,0.00830990417935455
"1710",2013,"BUFFRMFISHBM04","moxery","Moxostoma erythrurum","Golden redhorse",4,0.0340522133938706,308.75,8.30160627027485,4.15080313513742,8.13542465178529,348.25,0.410677618069815,11.5756965218409
"1711",2013,"BUFFRMFISHBM04","notala","Noturus albater","Ozark madtom",1,0.00851305334846765,77,NA,NA,NA,4,0.102669404517454,0.0332396167174182
"1712",2013,"BUFFRMFISHBM04","notboo","Notropis boops","Bigeye shiner",229,1.94948921679909,51.1666666666667,6.6128575561153,1.20733708435095,2.36633720252745,1.4,23.5112936344969,2.66415527990107
"1713",2013,"BUFFRMFISHBM04","notexi","Noturus exilis","Slender madtom",5,0.0425652667423383,62.2,7.19027120489902,3.21558703816271,6.30243478395273,2.2,0.513347022587269,0.0914089459729001
"1714",2013,"BUFFRMFISHBM04","notnub","Notropis nubilus","Ozark minnow",1,0.00851305334846765,44,NA,NA,NA,0.5,0.102669404517454,0.00415495208967728
"1715",2013,"BUFFRMFISHBM04","notoza","Notropis ozarcanus","Ozark shiner",5,0.0425652667423383,48.8,14.2021125189177,6.35137780328017,12.4484717466363,0.8,0.513347022587269,0.0332396167174182
"1716",2013,"BUFFRMFISHBM04","notper","Notropis percobromus","Carmine shiner",11,0.0936435868331442,57.1818181818182,4.40041320373853,1.32677450175695,2.60043023904969,1.45454545454545,1.12936344969199,0.132958466869673
"1717",2013,"BUFFRMFISHBM04","perevi","Percina evides","Gilt darter",3,0.025539160045403,62.3333333333333,6.80685928555405,3.92994204085053,7.70254486139688,2.33333333333333,0.308008213552361,0.0581693292554819
"1718",2013,"BUFFRMFISHBM04","pimnot","Pimephales notatus","Bluntnose minnow",49,0.417139614074915,59.3666666666667,15.63039332206,2.8537063350568,5.59316163916511,2.76,5.03080082135524,1.12383144121591
"1719",2013,"BUFFRMFISHBM05","ambcon","Ambloplites constellatus","Ozark bass",15,0.145278450363196,156.6,51.5194831384899,13.3022733467057,26.0719766720502,94.2,2.82485875706215,14.5712871353968
"1720",2013,"BUFFRMFISHBM05","camspp","Campostoma spp.","Stoneroller spp.",19,0.184019370460048,72.4210526315789,47.971421804461,11.0053989380847,21.5701855541414,9.38888888888889,3.57815442561205,1.83960065234565
"1721",2013,"BUFFRMFISHBM05","cotcar","Cottus carolinae","Banded sculpin",4,0.0387409200968523,49.75,0.5,0.25,0.489990996135013,1.75,0.753295668549906,0.0721861358441458
"1722",2013,"BUFFRMFISHBM05","cypgal","Cyprinella galactura","Whitetail shiner",17,0.164648910411622,87.2352941176471,26.9595284912513,6.53864609331045,12.815510850542,7.41176470588235,3.2015065913371,1.29935044519462
"1723",2013,"BUFFRMFISHBM05","ethble","Etheostoma blennioides","Greenside darter",26,0.25181598062954,83.4615384615385,16.5631658066464,3.24830406365242,6.36655897559385,6.23076923076923,4.89642184557439,1.67059342953594
"1724",2013,"BUFFRMFISHBM05","ethcae","Etheostoma caeruleum","Rainbow darter",87,0.842615012106538,47.3,3.76141939459946,0.686738083553183,1.3459819105763,1.26666666666667,16.3841807909604,1.13641602428927
"1725",2013,"BUFFRMFISHBM05","etheux","Etheostoma euzonum","Arkansas saddled darter",21,0.203389830508475,64.3333333333333,11.8967782753707,2.59608985585679,5.08824261810909,2.95238095238095,3.95480225988701,0.639362917476719
"1726",2013,"BUFFRMFISHBM05","ethspe","Etheostoma spectabile","Orangethroat darter",1,0.00968523002421308,33,NA,NA,NA,0.4,0.188323917137476,0.0041249220482369
"1727",2013,"BUFFRMFISHBM05","ethzon","Etheostoma zonale","Banded darter",5,0.0484261501210654,45.8,1.09544511501033,0.489897948556636,0.960182335271062,1,0.941619585687382,0.0515615256029613
"1728",2013,"BUFFRMFISHBM05","funcat","Fundulus catenatus","Northern studfish",2,0.0193704600484262,95.5,13.4350288425444,9.5,18.6196578531305,9,0.376647834274953,0.185621492170661
"1729",2013,"BUFFRMFISHBM05","funoli","Fundulus olivaceus","Blackspotted topminnow",1,0.00968523002421308,50,NA,NA,NA,1,0.188323917137476,0.0103123051205922
"1730",2013,"BUFFRMFISHBM05","gamaff","Gambusia affinis","Western Mosquitofish",2,0.0193704600484262,45,0,0,0,1.5,0.376647834274953,0.0309369153617767
"1731",2013,"BUFFRMFISHBM05","hypamb","Hybopsis amblops","Bigeye chub",1,0.00968523002421308,73,NA,NA,NA,2,0.188323917137476,0.0206246102411845
"1732",2013,"BUFFRMFISHBM05","hypnig","Hypentelium nigricans","Northern hog sucker",14,0.135593220338983,48.5714285714286,40.6139693393111,10.8545398846174,21.2745072426037,6.30769230769231,2.63653483992467,0.9106558675723
"1733",2013,"BUFFRMFISHBM05","ichamm","Ichthyomyzon spp.","Ichthyomyzon ammocoete",2,0.0193704600484262,88.5,17.6776695296637,12.5,24.4995498067507,1.5,0.376647834274953,0.0309369153617767
"1734",2013,"BUFFRMFISHBM05","lepcya","Lepomis cyanellus","Green sunfish",20,0.193704600484261,60.1578947368421,13.606628931414,3.12157476180476,6.11817410818654,4.57894736842105,3.76647834274953,0.944390047885816
"1735",2013,"BUFFRMFISHBM05","lepmeg","Lepomis megalotis","Longear sunfish",143,1.38498789346247,69.3225806451613,36.553510635573,6.56520431784101,12.8675640141152,13.3548387096774,26.9303201506591,19.6938415403001
"1736",2013,"BUFFRMFISHBM05","leposs","Lepisosteus osseus","Longnose gar",1,0.00968523002421308,869,NA,NA,NA,1343,0.188323917137476,13.8494257769554
"1737",2013,"BUFFRMFISHBM05","luxpil","Luxilus pilsbryi","Duskystripe shiner",23,0.222760290556901,50.7826086956522,25.2063421343611,5.25588566066845,10.3013466017707,2.04347826086957,4.33145009416196,0.484678340667836
"1738",2013,"BUFFRMFISHBM05","micdol","Micropterus dolomieu","Smallmouth bass",3,0.0290556900726392,194,63.5531273817426,36.6924152016917,71.9158123011056,102.666666666667,0.564971751412429,3.17618997714241
"1739",2013,"BUFFRMFISHBM05","moxduq","Moxostoma duquesnei","Black redhorse",16,0.154963680387409,140.125,133.531956225217,33.3829890563043,65.4294562466512,114.0625,3.01318267419962,18.8199568450809
"1740",2013,"BUFFRMFISHBM05","moxery","Moxostoma erythrurum","Golden redhorse",2,0.0193704600484262,327,41.0121933088198,29,56.8389555516616,408.5,0.376647834274953,8.42515328352387
"1741",2013,"BUFFRMFISHBM05","notala","Noturus albater","Ozark madtom",1,0.00968523002421308,77,NA,NA,NA,6,0.188323917137476,0.0618738307235535
"1742",2013,"BUFFRMFISHBM05","notboo","Notropis boops","Bigeye shiner",65,0.62953995157385,56.4516129032258,9.12446787371705,1.63880280829256,3.21199448201651,1.74516129032258,12.241054613936,1.16978132117944
"1743",2013,"BUFFRMFISHBM05","notexi","Noturus exilis","Slender madtom",5,0.0484261501210654,73.8,14.2021125189177,6.35137780328017,12.4484717466363,3.6,0.941619585687382,0.185621492170661
"1744",2013,"BUFFRMFISHBM05","notnub","Notropis nubilus","Ozark minnow",2,0.0193704600484262,36.5,20.5060966544099,14.5,28.4194777758308,0.55,0.376647834274953,0.0113435356326515
"1745",2013,"BUFFRMFISHBM05","notoza","Notropis ozarcanus","Ozark shiner",3,0.0290556900726392,51,3.46410161513775,2,3.91992796908011,1.33333333333333,0.564971751412429,0.041249220482369
"1746",2013,"BUFFRMFISHBM05","notper","Notropis percobromus","Carmine shiner",5,0.0484261501210654,60,4.18330013267038,1.87082869338697,3.66675686028259,1.4,0.941619585687382,0.0721861358441458
"1747",2013,"BUFFRMFISHBM05","perevi","Percina evides","Gilt darter",1,0.00968523002421308,62,NA,NA,NA,2,0.188323917137476,0.0206246102411845
"1748",2013,"BUFFRMFISHBM05","pimnot","Pimephales notatus","Bluntnose minnow",22,0.213075060532688,60.9545454545455,9.95455039632999,2.12231727549558,4.15966542373851,2.27272727272727,4.14312617702448,0.515615256029613
"1749",2013,"BUFFRMFISHBM05","pyloli","Pylodictis olivaris","Flathead catfish",2,0.0193704600484262,353,19.7989898732233,14,27.4394957835608,487.5,0.376647834274953,10.0544974925774
"1750",2013,"BUFFRMFISHBM06","ambcon","Ambloplites constellatus","Ozark bass",27,0.190073917634636,143.851851851852,51.4547625841631,9.90247367635162,19.4084917635051,79.4814814814815,2.98672566371681,11.4393417743229
"1751",2013,"BUFFRMFISHBM06","amenat","Ameiurus natalis","Yellow bullhead",1,0.00703977472720873,217,NA,NA,NA,151,0.110619469026549,0.804911746469135
"1752",2013,"BUFFRMFISHBM06","camspp","Campostoma spp.","Stoneroller spp.",83,0.584301302358324,32.5666666666667,11.9731980383007,2.18599688368463,4.28447516233867,0.5,9.18141592920354,0.221217466744829
"1753",2013,"BUFFRMFISHBM06","cotcar","Cottus carolinae","Banded sculpin",2,0.0140795494544175,47.5,6.36396103067893,4.5,8.81983793043024,1.5,0.221238938053097,0.0159916241020358
"1754",2013,"BUFFRMFISHBM06","cypgal","Cyprinella galactura","Whitetail shiner",13,0.0915170714537135,54.6153846153846,17.8444130450704,4.94914970881228,9.70015518336896,2,1.43805309734513,0.138594075550977
"1755",2013,"BUFFRMFISHBM06","cypgre","Notropis greenei","Wedgespot shiner",19,0.133755719816966,60.7894736842105,4.84858452848092,1.1123415778349,2.18014943106287,2.15789473684211,2.10176991150442,0.218552196061156
"1756",2013,"BUFFRMFISHBM06","erihar","Erimystax harryi","Ozark chub",13,0.0915170714537135,92.2307692307692,7.50726144202893,2.08213969750377,4.08091881788852,7.30769230769231,1.43805309734513,0.5064014298978
"1757",2013,"BUFFRMFISHBM06","ethble","Etheostoma blennioides","Greenside darter",27,0.190073917634636,85.6296296296296,9.06450451846333,1.74446470793513,3.41908799985403,7.14814814814815,2.98672566371681,1.02879448389764
"1758",2013,"BUFFRMFISHBM06","ethcae","Etheostoma caeruleum","Rainbow darter",58,0.408306934178106,43.0666666666667,3.30029605080946,0.602548864491185,1.18097407332823,0.933333333333333,6.41592920353982,0.288559972685624
"1759",2013,"BUFFRMFISHBM06","etheux","Etheostoma euzonum","Arkansas saddled darter",4,0.0281590989088349,60.75,3.20156211871642,1.60078105935821,3.13747322347597,2.25,0.442477876106195,0.0479748723061074
"1760",2013,"BUFFRMFISHBM06","ethjul","Etheostoma juliae","Yoke darter",27,0.190073917634636,36.4814814814815,4.63573386747217,0.892147398758841,1.74857677046842,0.62962962962963,2.98672566371681,0.0906192032448696
"1761",2013,"BUFFRMFISHBM06","ethzon","Etheostoma zonale","Banded darter",8,0.0563181978176698,44.875,3.39905449037985,1.20174723988509,2.35538130869519,1.375,0.884955752212389,0.0586359550407979
"1762",2013,"BUFFRMFISHBM06","funcat","Fundulus catenatus","Northern studfish",8,0.0563181978176698,68.5,15.9910689359494,5.65369664151568,11.0810417968858,3.25,0.884955752212389,0.138594075550977
"1763",2013,"BUFFRMFISHBM06","hypamb","Hybopsis amblops","Bigeye chub",6,0.0422386483632524,69.8333333333333,7.88458411500991,3.21886798597133,6.30886532349278,3,0.663716814159292,0.0959497446122148
"1764",2013,"BUFFRMFISHBM06","hypnig","Hypentelium nigricans","Northern hog sucker",9,0.0633579725448786,132.777777777778,130.732338938934,43.5774463129782,85.410225311665,203.2,0.995575221238938,9.74849405260102
"1765",2013,"BUFFRMFISHBM06","ichamm","Ichthyomyzon spp.","Ichthyomyzon ammocoete",1,0.00703977472720873,NA,NA,NA,NA,NA,0.110619469026549,NA
"1766",2013,"BUFFRMFISHBM06","ichcas","Ichthyomyzon castaneus","Chestnut lamprey",1,0.00703977472720873,154,NA,NA,NA,7,0.110619469026549,0.0373137895714169
"1767",2013,"BUFFRMFISHBM06","ictpun","Ictalurus punctatus","Channel catfish",1,0.00703977472720873,391,NA,NA,NA,699,0.110619469026549,3.72604841577434
"1768",2013,"BUFFRMFISHBM06","lepcya","Lepomis cyanellus","Green sunfish",1,0.00703977472720873,80,NA,NA,NA,9,0.110619469026549,0.0479748723061074
"1769",2013,"BUFFRMFISHBM06","lepmeg","Lepomis megalotis","Longear sunfish",183,1.2882787750792,78.1935483870968,41.6560674690884,7.48165057903334,14.6637656798186,21.3548387096774,20.2433628318584,20.8314117576906
"1770",2013,"BUFFRMFISHBM06","leposs","Lepisosteus osseus","Longnose gar",2,0.0140795494544175,365,455.376767084137,322,631.108403021897,700,0.221238938053097,7.46275791428337
"1771",2013,"BUFFRMFISHBM06","luxpil","Luxilus pilsbryi","Duskystripe shiner",42,0.295670538542767,65.2926829268293,20.746377879571,3.24003987901516,6.35036147134323,3.26829268292683,4.64601769911504,0.731714312571199
"1772",2013,"BUFFRMFISHBM06","micdol","Micropterus dolomieu","Smallmouth bass",11,0.077437521999296,238.454545454545,88.5295020164054,26.6926491877662,52.3166310599841,223.818181818182,1.21681415929204,13.1237928464041
"1773",2013,"BUFFRMFISHBM06","moxduq","Moxostoma duquesnei","Black redhorse",12,0.0844772967265047,213.416666666667,89.7192168868402,25.8997070105498,50.7624929508172,142.833333333333,1.32743362831858,9.13654790362979
"1774",2013,"BUFFRMFISHBM06","moxery","Moxostoma erythrurum","Golden redhorse",7,0.0492784230904611,301.857142857143,22.7187776331135,8.58689081551355,16.8299967375843,291.571428571429,0.774336283185841,10.8796349307517
"1775",2013,"BUFFRMFISHBM06","moxpis","Moxostoma pisolabrum","Pealip Redhorse",1,0.00703977472720873,371,NA,NA,NA,587,0.110619469026549,3.12902778263167
"1776",2013,"BUFFRMFISHBM06","notala","Noturus albater","Ozark madtom",6,0.0422386483632524,64.1666666666667,3.60092580688171,1.47007180474666,2.88128779199126,3,0.663716814159292,0.0959497446122148
"1777",2013,"BUFFRMFISHBM06","notboo","Notropis boops","Bigeye shiner",196,1.37979584653291,59.9333333333333,11.3256904587675,2.06777871452932,4.052771808476,2.5,21.6814159292035,2.61196526999918
"1778",2013,"BUFFRMFISHBM06","notexi","Noturus exilis","Slender madtom",2,0.0140795494544175,75.5,6.36396103067893,4.5,8.81983793043024,3,0.221238938053097,0.0319832482040716
"1779",2013,"BUFFRMFISHBM06","notnub","Notropis nubilus","Ozark minnow",53,0.373108060542063,51.875,6.38984571058865,1.01032331712586,1.98019731430773,1.425,5.86283185840708,0.402589136768751
"1780",2013,"BUFFRMFISHBM06","notoza","Notropis ozarcanus","Ozark shiner",1,0.00703977472720873,50,NA,NA,NA,1,0.110619469026549,0.00533054136734527
"1781",2013,"BUFFRMFISHBM06","notper","Notropis percobromus","Carmine shiner",17,0.119676170362548,54.1764705882353,3.76223494278413,0.912476003381681,1.78842010338514,1.29411764705882,1.88053097345133,0.117271910081596
"1782",2013,"BUFFRMFISHBM06","perevi","Percina evides","Gilt darter",4,0.0281590989088349,63,4.24264068711928,2.12132034355964,4.15771147304903,2.75,0.442477876106195,0.0586359550407979
"1783",2013,"BUFFRMFISHBM06","pimnot","Pimephales notatus","Bluntnose minnow",56,0.394227384723689,58.3414634146341,8.46052526766974,1.32131205860559,2.58972404720543,2.24390243902439,6.19469026548673,0.669828027428361
"1784",2013,"BUFFRMFISHBM06","pyloli","Pylodictis olivaris","Flathead catfish",2,0.0140795494544175,270,36.7695526217005,26,50.9590635980414,193,0.221238938053097,2.05758896779527
"1785",2013,"BUFFRMFISHBT07","ambcon","Ambloplites constellatus","Ozark bass",29,0.479338842975207,110.068965517241,27.0857514393543,5.02969777331046,9.85802648880981,29.8965517241379,2.82651072124756,9.4028588161291
"1786",2013,"BUFFRMFISHBT07","amenat","Ameiurus natalis","Yellow bullhead",1,0.0165289256198347,74,NA,NA,NA,8,0.0974658869395711,0.0867622497451359
"1787",2013,"BUFFRMFISHBT07","camspp","Campostoma spp.","Stoneroller spp.",217,3.58677685950413,90.1666666666667,17.5146900576656,3.19773027743165,6.2674361760393,8,21.1500974658869,18.8274081946945
"1788",2013,"BUFFRMFISHBT07","chrery","Chrosomus erythrogaster","Southern redbelly dace",10,0.165289256198347,28.2222222222222,10.4496145596115,3.48320485320383,6.82695606305463,0.333333333333333,0.974658869395711,0.0361509373938066
"1789",2013,"BUFFRMFISHBT07","cotcar","Cottus carolinae","Banded sculpin",57,0.942148760330578,76.1333333333333,14.0705937755093,2.56892720277942,5.03500479635288,6.86666666666667,5.55555555555556,4.24484306878077
"1790",2013,"BUFFRMFISHBT07","cotimm","Cottus immaculatus","Knobfin Sculpin",1,0.0165289256198347,77,NA,NA,NA,7,0.0974658869395711,0.0759169685269939
"1791",2013,"BUFFRMFISHBT07","ethble","Etheostoma blennioides","Greenside darter",30,0.495867768595041,77.6333333333333,15.76439316796,2.878171247824,5.64111198707375,5.4,2.92397660818713,1.756935557339
"1792",2013,"BUFFRMFISHBT07","ethcae","Etheostoma caeruleum","Rainbow darter",165,2.72727272727273,47.4666666666667,8.00316029532357,1.46117047502614,2.86384150632452,1.4,16.0818713450292,2.5052599613908
"1793",2013,"BUFFRMFISHBT07","ethjul","Etheostoma juliae","Yoke darter",8,0.132231404958678,56.75,7.30459737816828,2.58256516997013,5.06173472086902,3.125,0.779727095516569,0.27113203045355
"1794",2013,"BUFFRMFISHBT07","ethspe","Etheostoma spectabile","Orangethroat darter",15,0.247933884297521,49.7333333333333,13.577642687609,3.50573226732429,6.87110898339556,1.8,1.46198830409357,0.292822592889834
"1795",2013,"BUFFRMFISHBT07","ethzon","Etheostoma zonale","Banded darter",1,0.0165289256198347,49,NA,NA,NA,2,0.0974658869395711,0.021690562436284
"1796",2013,"BUFFRMFISHBT07","funcat","Fundulus catenatus","Northern studfish",23,0.380165289256198,57.8695652173913,19.1958905351832,4.00261986724747,7.84499078360953,2.78260869565217,2.24171539961014,0.694097997961087
"1797",2013,"BUFFRMFISHBT07","funoli","Fundulus olivaceus","Blackspotted topminnow",12,0.198347107438017,64.5833333333333,11.7817912925245,3.4011101871375,6.66605347424179,2.91666666666667,1.16959064327485,0.379584842634969
"1798",2013,"BUFFRMFISHBT07","hypnig","Hypentelium nigricans","Northern hog sucker",2,0.0330578512396694,181,76.3675323681471,54,105.838055165163,80,0.194931773879142,1.73524499490272
"1799",2013,"BUFFRMFISHBT07","lepcya","Lepomis cyanellus","Green sunfish",5,0.0826446280991736,98,10.295630140987,4.60434577328853,9.02435188801475,18,0.487329434697856,0.976075309632779
"1800",2013,"BUFFRMFISHBT07","lepmeg","Lepomis megalotis","Longear sunfish",108,1.78512396694215,82.1666666666667,24.6479814286231,4.50008514180842,8.82000480530832,14.1666666666667,10.5263157894737,16.5932802637572
"1801",2013,"BUFFRMFISHBT07","luxchr","Luxilus chrysocephalus","Striped shiner",12,0.198347107438017,105.666666666667,41.6595145376798,12.0260659663193,23.5706561696886,33.25,1.16959064327485,4.32726720603865
"1802",2013,"BUFFRMFISHBT07","luxpil","Luxilus pilsbryi","Duskystripe shiner",183,3.02479338842975,83.9333333333333,17.5025778068563,3.19551889310149,6.26310194239622,6.4,17.8362573099415,12.7019933626879
"1803",2013,"BUFFRMFISHBT07","micdol","Micropterus dolomieu","Smallmouth bass",9,0.148760330578512,226.444444444444,45.856054973992,15.2853516579973,29.9587387407044,162,0.87719298245614,15.812420016051
"1804",2013,"BUFFRMFISHBT07","nocbig","Nocomis biguttatus","Hornyhead chub",12,0.198347107438017,137.666666666667,32.1596396783674,9.2836883126734,18.1956947365353,38.4166666666667,1.16959064327485,4.99967464156346
"1805",2013,"BUFFRMFISHBT07","notala","Noturus albater","Ozark madtom",3,0.0495867768595041,80,18.3303027798234,10.5830052442584,20.7423091269449,8,0.292397660818713,0.260286749235408
"1806",2013,"BUFFRMFISHBT07","notboo","Notropis boops","Bigeye shiner",1,0.0165289256198347,46,NA,NA,NA,1,0.0974658869395711,0.010845281218142
"1807",2013,"BUFFRMFISHBT07","notexi","Noturus exilis","Slender madtom",24,0.396694214876033,89.4583333333333,23.3405397774227,4.7643677313183,9.33798916248866,7.95833333333333,2.33918128654971,2.07144871266512
"1808",2013,"BUFFRMFISHBT07","notnub","Notropis nubilus","Ozark minnow",86,1.42148760330579,57.2333333333333,10.8649494447412,1.98365929901266,3.88790078366278,1.83333333333333,8.38206627680312,1.70993933872705
"1809",2013,"BUFFRMFISHBT07","nottel","Notropis telescopus","Telescope shiner",1,0.0165289256198347,78,NA,NA,NA,3,0.0974658869395711,0.032535843654426
"1810",2013,"BUFFRMFISHBT07","pimnot","Pimephales notatus","Bluntnose minnow",11,0.181818181818182,51.7272727272727,11.5593331043872,3.48527006672604,6.83100380717855,1.45454545454545,1.07212475633528,0.173524499490272
"1811",2013,"BUFFRMFISHBT15","amenat","Ameiurus natalis","Yellow bullhead",1,0.0182982616651418,178,NA,NA,NA,83,0.2,3.40835276637789
"1812",2013,"BUFFRMFISHBT15","camspp","Campostoma spp.","Stoneroller spp.",55,1.0064043915828,80.4,11.312489283668,2.06536852073347,4.04804791544038,5.33333333333333,11,12.0455840739459
"1813",2013,"BUFFRMFISHBT15","chrery","Chrosomus erythrogaster","Southern redbelly dace",12,0.219579139981702,54.9090909090909,9.27851869055126,2.79757864607802,5.48315339023125,1.72727272727273,2.4,0.851154907704445
"1814",2013,"BUFFRMFISHBT15","cotcar","Cottus carolinae","Banded sculpin",222,4.06221408966148,70.2333333333333,18.8874768460267,3.44836570764179,6.75867259250088,5.63333333333333,44.4,51.3552526461709
"1815",2013,"BUFFRMFISHBT15","cotimm","Cottus immaculatus","Knobfin Sculpin",1,0.0182982616651418,67,NA,NA,NA,3,0.2,0.123193473483538
"1816",2013,"BUFFRMFISHBT15","ethble","Etheostoma blennioides","Greenside darter",1,0.0182982616651418,66,NA,NA,NA,3,0.2,0.123193473483538
"1817",2013,"BUFFRMFISHBT15","ethcae","Etheostoma caeruleum","Rainbow darter",122,2.2323879231473,49.6,7.37470046147989,1.3464299325321,2.63895417546961,1.56666666666667,24.4,7.84879307727342
"1818",2013,"BUFFRMFISHBT15","ethspe","Etheostoma spectabile","Orangethroat darter",7,0.128087831655993,51.5714285714286,4.85994317035165,1.83688585923675,3.60023012781495,1.57142857142857,1.4,0.451709402772973
"1819",2013,"BUFFRMFISHBT15","lamaep","Lampetra aepyptera","Least Brook lamprey",2,0.0365965233302836,133.5,4.94974746830583,3.5,6.85987394589019,4.5,0.4,0.369580420450614
"1820",2013,"BUFFRMFISHBT15","lepcya","Lepomis cyanellus","Green sunfish",2,0.0365965233302836,105.5,14.8492424049175,10.5,20.5796218376706,20,0.4,1.64257964644717
"1821",2013,"BUFFRMFISHBT15","lepmeg","Lepomis megalotis","Longear sunfish",30,0.548947849954254,76.7,22.6611470629114,4.1373404750995,8.10903832297485,10.8666666666667,6,13.3870241185445
"1822",2013,"BUFFRMFISHBT15","luxpil","Luxilus pilsbryi","Duskystripe shiner",41,0.750228728270814,74.6,14.3853373625537,2.62639125693084,5.14763227289533,4.4,8.2,7.40803420547676
"1823",2013,"BUFFRMFISHBT15","notexi","Noturus exilis","Slender madtom",2,0.0365965233302836,103,50.9116882454314,36,70.5587034434419,9.5,0.4,0.780225332062408
"1824",2013,"BUFFRMFISHBT15","notnub","Notropis nubilus","Ozark minnow",1,0.0182982616651418,59,NA,NA,NA,2,0.2,0.0821289823223588
"1825",2013,"BUFFRMFISHBT15","pimnot","Pimephales notatus","Bluntnose minnow",1,0.0182982616651418,69,NA,NA,NA,3,0.2,0.123193473483538
"1826",2013,"BUFFRMFISHBT19","ambcon","Ambloplites constellatus","Ozark bass",6,0.147843942505133,85.5,17.7848249921106,7.26062439922812,14.2305623277599,13.5,1.17416829745597,2.90806845101902
"1827",2013,"BUFFRMFISHBT19","amenat","Ameiurus natalis","Yellow bullhead",4,0.0985626283367556,143.25,34.5675666870937,17.2837833435468,33.8755928699451,47.75,0.782778864970646,6.85729721166214
"1828",2013,"BUFFRMFISHBT19","camspp","Campostoma spp.","Stoneroller spp.",253,6.23408624229979,45.7272727272727,23.7200768433525,4.12913537597982,8.09295662421071,2,49.5107632093933,18.1664522989583
"1829",2013,"BUFFRMFISHBT19","cotcar","Cottus carolinae","Banded sculpin",96,2.36550308008214,59.5666666666667,19.6989118084422,3.59651278526288,7.04903552905309,4.1,18.7866927592955,14.1310585471739
"1830",2013,"BUFFRMFISHBT19","cypgal","Cyprinella galactura","Whitetail shiner",1,0.0246406570841889,55,NA,NA,NA,1,0.195694716242661,0.0359020796422101
"1831",2013,"BUFFRMFISHBT19","ethble","Etheostoma blennioides","Greenside darter",11,0.271047227926078,90.5454545454545,13.7721722060366,4.1524661595986,8.13868411983461,7.90909090909091,2.15264187866928,3.12348092887228
"1832",2013,"BUFFRMFISHBT19","ethcae","Etheostoma caeruleum","Rainbow darter",58,1.42915811088296,55.4333333333333,6.34460581821328,1.15836124170464,2.2703463148282,1.8,11.3502935420744,3.74817711464674
"1833",2013,"BUFFRMFISHBT19","etheux","Etheostoma euzonum","Arkansas saddled darter",4,0.0985626283367556,73.5,5.56776436283002,2.78388218141501,5.45630881277622,4,0.782778864970646,0.574433274275362
"1834",2013,"BUFFRMFISHBT19","ethjul","Etheostoma juliae","Yoke darter",2,0.0492813141683778,49,8.48528137423857,6,11.7597839072403,1.5,0.391389432485323,0.10770623892663
"1835",2013,"BUFFRMFISHBT19","ethspe","Etheostoma spectabile","Orangethroat darter",1,0.0246406570841889,45,NA,NA,NA,1,0.195694716242661,0.0359020796422101
"1836",2013,"BUFFRMFISHBT19","ethzon","Etheostoma zonale","Banded darter",3,0.0739219712525667,59.3333333333333,7.02376916856849,4.05517502019881,7.94799699059616,2.66666666666667,0.587084148727984,0.287216637137681
"1837",2013,"BUFFRMFISHBT19","funcat","Fundulus catenatus","Northern studfish",2,0.0492813141683778,77,9.89949493661167,7,13.7197478917804,5,0.391389432485323,0.359020796422101
"1838",2013,"BUFFRMFISHBT19","funoli","Fundulus olivaceus","Blackspotted topminnow",4,0.0985626283367556,65.25,2.75378527364305,1.37689263682153,2.69865997874858,2.5,0.782778864970646,0.359020796422101
"1839",2013,"BUFFRMFISHBT19","gamaff","Gambusia affinis","Western Mosquitofish",6,0.147843942505133,31.6666666666667,7.06163342766153,2.88289977472529,5.6503797295002,0.6,1.17416829745597,0.129247486711956
"1840",2013,"BUFFRMFISHBT19","lepcya","Lepomis cyanellus","Green sunfish",4,0.0985626283367556,57.75,14.2448821218944,7.1224410609472,13.9597279614658,4.25,0.782778864970646,0.610335353917572
"1841",2013,"BUFFRMFISHBT19","lepmeg","Lepomis megalotis","Longear sunfish",30,0.739219712525667,81.4666666666667,20.5169960383284,3.74587384747886,7.34177783168904,13.3214285714286,5.87084148727984,14.3480096855833
"1842",2013,"BUFFRMFISHBT19","luxpil","Luxilus pilsbryi","Duskystripe shiner",10,0.246406570841889,91.2222222222222,8.54075198354597,2.84691732784866,5.57985542954638,7.11111111111111,1.95694716242661,2.55303677455717
"1843",2013,"BUFFRMFISHBT19","micdol","Micropterus dolomieu","Smallmouth bass",3,0.0739219712525667,259.333333333333,115.62583333033,66.756605998541,130.840543487271,269,0.587084148727984,28.9729782712636
"1844",2013,"BUFFRMFISHBT19","nocbig","Nocomis biguttatus","Hornyhead chub",2,0.0492813141683778,98,7.07106781186548,5,9.79981992270027,11,0.391389432485323,0.789845752128623
"1845",2013,"BUFFRMFISHBT19","notala","Noturus albater","Ozark madtom",1,0.0246406570841889,123,NA,NA,NA,25,0.195694716242661,0.897551991055253
"1846",2013,"BUFFRMFISHBT19","notboo","Notropis boops","Bigeye shiner",2,0.0492813141683778,72,19.7989898732233,14,27.4394957835608,3,0.391389432485323,0.215412477853261
"1847",2013,"BUFFRMFISHBT19","notnub","Notropis nubilus","Ozark minnow",4,0.0985626283367556,75.25,6.84957419601151,3.42478709800575,6.71245936680872,3.5,0.782778864970646,0.502629114990942
"1848",2013,"BUFFRMFISHBT19","notper","Notropis percobromus","Carmine shiner",1,0.0246406570841889,52,NA,NA,NA,1,0.195694716242661,0.0359020796422101
"1849",2013,"BUFFRMFISHBT19","pimnot","Pimephales notatus","Bluntnose minnow",3,0.0739219712525667,66,7.21110255092798,4.16333199893227,8.15998077359039,2.33333333333333,0.587084148727984,0.251314557495471
"1850",2013,"BUFFRMFISHBT20","ambcon","Ambloplites constellatus","Ozark bass",28,0.228664761126991,113.285714285714,46.8518999518753,8.85417683739579,17.3538677140445,39.4444444444444,2.82828282828283,8.71408508243314
"1851",2013,"BUFFRMFISHBT20","amenat","Ameiurus natalis","Yellow bullhead",14,0.114332380563495,121.714285714286,38.5235763405468,10.2958588556826,20.1795125470457,32.2857142857143,1.41414141414141,3.56628753675433
"1852",2013,"BUFFRMFISHBT20","camspp","Campostoma spp.","Stoneroller spp.",143,1.16782360146999,115.666666666667,17.7226395896037,3.23569649392002,6.34184859298576,16.6666666666667,14.4444444444444,18.8045397402607
"1853",2013,"BUFFRMFISHBT20","cotcar","Cottus carolinae","Banded sculpin",15,0.122498979175174,48.4,12.7267996201492,3.2860455319571,6.44053089419468,2.33333333333333,1.51515151515152,0.276150583598233
"1854",2013,"BUFFRMFISHBT20","cypgal","Cyprinella galactura","Whitetail shiner",5,0.0408329930583912,47.6,2.19089023002066,0.979795897113271,1.92036467054212,1,0.505050505050505,0.0394500833711762
"1855",2013,"BUFFRMFISHBT20","ethble","Etheostoma blennioides","Greenside darter",44,0.359330338913842,90.6666666666667,14.0057459472971,2.5570876633404,5.01179972545886,8.03333333333333,4.44444444444444,2.78885789378635
"1856",2013,"BUFFRMFISHBT20","ethcae","Etheostoma caeruleum","Rainbow darter",184,1.5026541445488,49.6,5.72110430622958,1.04452596078729,2.04723326406019,1.53333333333333,18.5858585858586,2.22603670435757
"1857",2013,"BUFFRMFISHBT20","etheux","Etheostoma euzonum","Arkansas saddled darter",29,0.236831359738669,72.9310344827586,12.8199928529141,2.38061290824927,4.66591556129973,4.41379310344828,2.92929292929293,1.00992213430211
"1858",2013,"BUFFRMFISHBT20","ethjul","Etheostoma juliae","Yoke darter",28,0.228664761126991,51.5714285714286,9.17899603736532,1.73466720000828,3.39988523717918,2.17857142857143,2.82828282828283,0.48129101712835
"1859",2013,"BUFFRMFISHBT20","ethzon","Etheostoma zonale","Banded darter",31,0.253164556962025,50.2,5.2483166430968,0.95820713811797,1.87805148044042,1.36666666666667,3.13131313131313,0.334273706431766
"1860",2013,"BUFFRMFISHBT20","funcat","Fundulus catenatus","Northern studfish",2,0.0163331972233565,103.5,9.19238815542512,6.5,12.7397658995103,10.5,0.202020202020202,0.16569035015894
"1861",2013,"BUFFRMFISHBT20","funoli","Fundulus olivaceus","Blackspotted topminnow",14,0.114332380563495,63.2142857142857,6.81828504750359,1.82226332950872,3.57157049618514,2.42857142857143,1.41414141414141,0.268260566923998
"1862",2013,"BUFFRMFISHBT20","hypamb","Hybopsis amblops","Bigeye chub",1,0.00816659861167824,69,NA,NA,NA,3,0.101010101010101,0.0236700500227057
"1863",2013,"BUFFRMFISHBT20","hypnig","Hypentelium nigricans","Northern hog sucker",2,0.0163331972233565,33.5,0.707106781186548,0.5,0.979981992270027,1,0.202020202020202,0.0157800333484705
"1864",2013,"BUFFRMFISHBT20","lepcya","Lepomis cyanellus","Green sunfish",13,0.106165781951817,72.4615384615385,34.0945141838962,9.45611685400553,18.533648467453,11.8461538461538,1.31313131313131,1.21506256783223
"1865",2013,"BUFFRMFISHBT20","lepmac","Lepomis macrochirus","Bluegill",1,0.00816659861167824,65,NA,NA,NA,5,0.101010101010101,0.0394500833711762
"1866",2013,"BUFFRMFISHBT20","lepmeg","Lepomis megalotis","Longear sunfish",245,2.00081665986117,98.9333333333333,26.1071179794975,4.76648580960649,9.34214051964997,22.9666666666667,24.7474747474747,44.3958088231426
"1867",2013,"BUFFRMFISHBT20","luxpil","Luxilus pilsbryi","Duskystripe shiner",56,0.457329522253981,81.5666666666667,18.3127679847796,3.3434387052074,6.55301944672373,5.93333333333333,5.65656565656566,2.62158954029256
"1868",2013,"BUFFRMFISHBT20","micdol","Micropterus dolomieu","Smallmouth bass",6,0.0489995916700694,259.5,32.8435686246181,13.4083307437329,26.2798453505177,218.4,0.606060606060606,10.3390778499179
"1869",2013,"BUFFRMFISHBT20","notala","Noturus albater","Ozark madtom",7,0.0571661902817477,73.4285714285714,8.58015428876705,3.2429934940917,6.35615045051744,4.14285714285714,0.707070707070707,0.228810483552822
"1870",2013,"BUFFRMFISHBT20","notboo","Notropis boops","Bigeye shiner",40,0.326663944467129,53.0666666666667,6.64329235645499,1.21289369324402,2.37722795583405,1.5,4.04040404040404,0.473401000454114
"1871",2013,"BUFFRMFISHBT20","notexi","Noturus exilis","Slender madtom",11,0.0898325847284606,79.2727272727273,22.2939045888822,6.72186514848224,13.1746135999602,5.18181818181818,1.11111111111111,0.449730950431409
"1872",2013,"BUFFRMFISHBT20","notnub","Notropis nubilus","Ozark minnow",28,0.228664761126991,58.0714285714286,5.77945641060787,1.0922145982576,2.14070127597378,1.75,2.82828282828283,0.386610817037527
"1873",2013,"BUFFRMFISHBT20","notoza","Notropis ozarcanus","Ozark shiner",1,0.00816659861167824,54,NA,NA,NA,1,0.101010101010101,0.00789001667423524
"1874",2013,"BUFFRMFISHBT20","notper","Notropis percobromus","Carmine shiner",10,0.0816659861167824,58.9,6.82234889495139,2.15741615003792,4.22845795373939,1.5,1.01010101010101,0.118350250113529
"1875",2013,"BUFFRMFISHBT20","pimnot","Pimephales notatus","Bluntnose minnow",32,0.261331155573704,70.8666666666667,10.6341458270641,1.94152051642748,3.80531028744346,4,3.23232323232323,1.00992213430211
"1876",2013,"BUFFRMFISHBT27","ambcon","Ambloplites constellatus","Ozark bass",9,0.215311004784689,105.444444444444,52.0026708715791,17.3342236238597,33.9744540027284,34,2.25563909774436,16.3640910647093
"1877",2013,"BUFFRMFISHBT27","amenat","Ameiurus natalis","Yellow bullhead",1,0.0239234449760766,136,NA,NA,NA,36,0.25062656641604,1.92518718408344
"1878",2013,"BUFFRMFISHBT27","camspp","Campostoma spp.","Stoneroller spp.",6,0.143540669856459,80.8333333333333,15.4196843893339,6.29505979143787,12.3380904717444,5.5,1.50375939849624,1.76475491874315
"1879",2013,"BUFFRMFISHBT27","cotcar","Cottus carolinae","Banded sculpin",10,0.239234449760766,83.2,32.0963826276074,10.1497673755499,19.8931785075375,11.9,2.5062656641604,6.36381319183138
"1880",2013,"BUFFRMFISHBT27","cypgal","Cyprinella galactura","Whitetail shiner",8,0.191387559808612,43.25,4.16619044897648,1.47297075909295,2.8869696381028,0.75,2.00501253132832,0.320864530680574
"1881",2013,"BUFFRMFISHBT27","erihar","Erimystax harryi","Ozark chub",2,0.0478468899521531,69,7.07106781186548,5,9.79981992270027,2.5,0.50125313283208,0.267387108900478
"1882",2013,"BUFFRMFISHBT27","ethaut","Etheostoma autmnale","Autumn darter",1,0.0239234449760766,59,NA,NA,NA,2,0.25062656641604,0.106954843560191
"1883",2013,"BUFFRMFISHBT27","ethble","Etheostoma blennioides","Greenside darter",18,0.430622009569378,74.7222222222222,11.1503392486272,2.62816016507828,5.15109926915627,4.66666666666667,4.51127819548872,4.49210342952803
"1884",2013,"BUFFRMFISHBT27","ethcae","Etheostoma caeruleum","Rainbow darter",57,1.36363636363636,45.0333333333333,5.24229045317047,0.957106911398483,1.87589507569539,0.6,14.2857142857143,1.82892782487927
"1885",2013,"BUFFRMFISHBT27","etheux","Etheostoma euzonum","Arkansas saddled darter",13,0.311004784688995,75.2307692307692,10.1007742785215,2.8014507371613,5.49074254929934,4.15384615384615,3.25814536340852,2.88778077612516
"1886",2013,"BUFFRMFISHBT27","ethzon","Etheostoma zonale","Banded darter",1,0.0239234449760766,46,NA,NA,NA,1,0.25062656641604,0.0534774217800956
"1887",2013,"BUFFRMFISHBT27","funcat","Fundulus catenatus","Northern studfish",5,0.119617224880383,68.4,24.3885218904303,10.9068785635488,21.3770891683076,5.25,1.2531328320802,1.40378232172751
"1888",2013,"BUFFRMFISHBT27","funoli","Fundulus olivaceus","Blackspotted topminnow",18,0.430622009569378,61.7647058823529,12.0806115933999,2.92997868362642,5.74265269537785,0.764705882352941,4.51127819548872,0.736100982149551
"1889",2013,"BUFFRMFISHBT27","gamaff","Gambusia affinis","Western Mosquitofish",5,0.119617224880383,36.2,5.11859355682789,2.28910462845192,4.4865626286097,0.5,1.2531328320802,0.133693554450239
"1890",2013,"BUFFRMFISHBT27","hypnig","Hypentelium nigricans","Northern hog sucker",1,0.0239234449760766,129,NA,NA,NA,22,0.25062656641604,1.1765032791621
"1891",2013,"BUFFRMFISHBT27","ichamm","Ichthyomyzon spp.","Ichthyomyzon ammocoete",1,0.0239234449760766,70,NA,NA,NA,1,0.25062656641604,0.0534774217800956
"1892",2013,"BUFFRMFISHBT27","lepcya","Lepomis cyanellus","Green sunfish",26,0.62200956937799,80.8461538461538,30.824266165075,6.04513594876519,11.8482487412281,12.7692307692308,6.51629072681704,17.7545040309917
"1893",2013,"BUFFRMFISHBT27","lepmeg","Lepomis megalotis","Longear sunfish",105,2.51196172248804,59.3333333333333,22.1271144843221,4.03983991185418,7.91794073054165,5.33333333333333,26.3157894736842,29.9473561968535
"1894",2013,"BUFFRMFISHBT27","micdol","Micropterus dolomieu","Smallmouth bass",1,0.0239234449760766,156,NA,NA,NA,40,0.25062656641604,2.13909687120382
"1895",2013,"BUFFRMFISHBT27","notala","Noturus albater","Ozark madtom",1,0.0239234449760766,61,NA,NA,NA,3,0.25062656641604,0.160432265340287
"1896",2013,"BUFFRMFISHBT27","notboo","Notropis boops","Bigeye shiner",2,0.0478468899521531,58.5,3.53553390593274,2.5,4.89990996135013,1.5,0.50125313283208,0.160432265340287
"1897",2013,"BUFFRMFISHBT27","notcry","Notemigonus crysoleucas","Golden shiner",1,0.0239234449760766,73,NA,NA,NA,3,0.25062656641604,0.160432265340287
"1898",2013,"BUFFRMFISHBT27","notexi","Noturus exilis","Slender madtom",13,0.311004784688995,85.7692307692308,15.0230591988552,4.16664694275411,8.16647794409197,5.84615384615385,3.25814536340852,4.06428405528727
"1899",2013,"BUFFRMFISHBT27","notnub","Notropis nubilus","Ozark minnow",30,0.717703349282297,48.2333333333333,8.66098399018038,1.58127210053763,3.09923636681176,1.03333333333333,7.5187969924812,1.65780007518296
"1900",2013,"BUFFRMFISHBT27","notoza","Notropis ozarcanus","Ozark shiner",2,0.0478468899521531,42,1.4142135623731,1,1.95996398454005,0.5,0.50125313283208,0.0534774217800956
"1901",2013,"BUFFRMFISHBT27","notper","Notropis percobromus","Carmine shiner",1,0.0239234449760766,43,NA,NA,NA,NA,0.25062656641604,NA
"1902",2013,"BUFFRMFISHBT27","pimnot","Pimephales notatus","Bluntnose minnow",61,1.45933014354067,50,9.25500796400484,1.68972554392514,3.31180120985062,1.23333333333333,15.2882205513784,4.02328469858919
"1903",2013,"BUFFRMFISHBT30","ambcon","Ambloplites constellatus","Ozark bass",1,0.0353356890459364,69,NA,NA,NA,6,0.574712643678161,1.49663257670242
"1904",2013,"BUFFRMFISHBT30","camspp","Campostoma spp.","Stoneroller spp.",14,0.49469964664311,59.1428571428571,29.8994652456866,7.99096821407958,15.6620099012003,3.5,8.04597701149425,12.2224993764031
"1905",2013,"BUFFRMFISHBT30","cotcar","Cottus carolinae","Banded sculpin",31,1.09540636042403,47,13.5468535601191,2.47330575936546,4.84759021111179,1.9,17.816091954023,14.6919431279621
"1906",2013,"BUFFRMFISHBT30","ethble","Etheostoma blennioides","Greenside darter",4,0.141342756183746,73.6666666666667,20.5993527406405,11.8930418499408,23.3099336925117,2,2.29885057471264,1.99551010226989
"1907",2013,"BUFFRMFISHBT30","ethcae","Etheostoma caeruleum","Rainbow darter",47,1.66077738515901,45.3,4.82200416195704,0.880373483962555,1.72550032151066,1,27.0114942528736,11.7236218508356
"1908",2013,"BUFFRMFISHBT30","ethspe","Etheostoma spectabile","Orangethroat darter",3,0.106007067137809,46.6666666666667,7.37111479583199,4.25571511160124,8.34104834720128,0.666666666666667,1.72413793103448,0.498877525567473
"1909",2013,"BUFFRMFISHBT30","funcat","Fundulus catenatus","Northern studfish",12,0.424028268551237,69.8333333333333,21.7750204397497,6.28590695624953,12.3201512444189,3.66666666666667,6.89655172413793,10.9753055624844
"1910",2013,"BUFFRMFISHBT30","funoli","Fundulus olivaceus","Blackspotted topminnow",2,0.0706713780918728,61,7.07106781186548,5,9.79981992270027,2.5,1.14942528735632,1.24719381391868
"1911",2013,"BUFFRMFISHBT30","hypnig","Hypentelium nigricans","Northern hog sucker",1,0.0353356890459364,37,NA,NA,NA,NA,0.574712643678161,NA
"1912",2013,"BUFFRMFISHBT30","ichamm","Ichthyomyzon spp.","Ichthyomyzon ammocoete",6,0.212014134275618,137,17.5613211348122,7.16937933157397,14.0517252813908,4.66666666666667,3.44827586206897,6.98428535794462
"1913",2013,"BUFFRMFISHBT30","lepcya","Lepomis cyanellus","Green sunfish",6,0.212014134275618,57.3333333333333,13.1097927774113,5.35205048971368,10.4898262032788,3.66666666666667,3.44827586206897,5.4876527812422
"1914",2013,"BUFFRMFISHBT30","lepmeg","Lepomis megalotis","Longear sunfish",21,0.742049469964664,50.7142857142857,13.3121856099698,2.90495705823754,5.693611210781,2.57142857142857,12.0689655172414,13.4696931903218
"1915",2013,"BUFFRMFISHBT30","luxpil","Luxilus pilsbryi","Duskystripe shiner",11,0.3886925795053,68.1818181818182,14.4348064193337,4.35225789221303,8.53026872016774,3.18181818181818,6.32183908045977,8.73035669743078
"1916",2013,"BUFFRMFISHBT30","notala","Noturus albater","Ozark madtom",1,0.0353356890459364,65,NA,NA,NA,3,0.574712643678161,0.74831628835121
"1917",2013,"BUFFRMFISHBT30","notexi","Noturus exilis","Slender madtom",3,0.106007067137809,84.6666666666667,32.331615074619,18.6666666666667,36.585994378081,6.66666666666667,1.72413793103448,4.98877525567473
"1918",2013,"BUFFRMFISHBT30","notnub","Notropis nubilus","Ozark minnow",8,0.282685512367491,56.625,4.1726148019814,1.47524211088021,2.89142140580205,1.25,4.59770114942529,2.49438762783737
"1919",2013,"BUFFRMFISHBT30","pimnot","Pimephales notatus","Bluntnose minnow",3,0.106007067137809,67.6666666666667,8.50490054811538,4.91030662088541,9.62402412998398,3,1.72413793103448,2.24494886505363
"1920",2013,"BUFFRMFISHBT31","ambcon","Ambloplites constellatus","Ozark bass",2,0.054249547920434,78,21.2132034355964,15,29.3994597681008,9.5,0.925925925925926,2.67983074753173
"1921",2013,"BUFFRMFISHBT31","amenat","Ameiurus natalis","Yellow bullhead",1,0.027124773960217,138,NA,NA,NA,39,0.462962962962963,5.50070521861777
"1922",2013,"BUFFRMFISHBT31","camspp","Campostoma spp.","Stoneroller spp.",24,0.650994575045208,46.7083333333333,22.810141083121,4.65610055121184,9.12578938877229,1.875,11.1111111111111,6.34696755994358
"1923",2013,"BUFFRMFISHBT31","cotcar","Cottus carolinae","Banded sculpin",18,0.488245931283906,40.8888888888889,5.77916021671467,1.36216112626749,2.66978674862479,1.11111111111111,8.33333333333333,2.82087447108604
"1924",2013,"BUFFRMFISHBT31","ethble","Etheostoma blennioides","Greenside darter",5,0.135623869801085,68.6,10.4546640309481,4.67546789102438,9.16374867728123,3,2.31481481481481,2.11565585331453
"1925",2013,"BUFFRMFISHBT31","ethcae","Etheostoma caeruleum","Rainbow darter",27,0.732368896925859,44.7777777777778,4.68494588535641,0.901618256016451,1.76713930959606,1.07407407407407,12.5,4.09026798307475
"1926",2013,"BUFFRMFISHBT31","ethspe","Etheostoma spectabile","Orangethroat darter",1,0.027124773960217,40,NA,NA,NA,1,0.462962962962963,0.141043723554302
"1927",2013,"BUFFRMFISHBT31","funcat","Fundulus catenatus","Northern studfish",10,0.27124773960217,77.4,16.7809415707224,5.30659966456864,10.4007442229269,4.8,4.62962962962963,6.77009873060649
"1928",2013,"BUFFRMFISHBT31","funoli","Fundulus olivaceus","Blackspotted topminnow",3,0.081374321880651,72,6.2449979983984,3.60555127546399,7.06675064432187,3.33333333333333,1.38888888888889,1.41043723554302
"1929",2013,"BUFFRMFISHBT31","hypnig","Hypentelium nigricans","Northern hog sucker",1,0.027124773960217,43,NA,NA,NA,NA,0.462962962962963,NA
"1930",2013,"BUFFRMFISHBT31","ichamm","Ichthyomyzon spp.","Ichthyomyzon ammocoete",1,0.027124773960217,114,NA,NA,NA,3,0.462962962962963,0.423131170662905
"1931",2013,"BUFFRMFISHBT31","lepcya","Lepomis cyanellus","Green sunfish",46,1.24773960216998,59.8,22.8675345835758,4.17502150865132,8.18289179163667,5.5,21.2962962962963,35.6840620592384
"1932",2013,"BUFFRMFISHBT31","lepmeg","Lepomis megalotis","Longear sunfish",36,0.976491862567812,50.7,12.2225060921406,2.23151409863657,4.37368726432104,2.63333333333333,16.6666666666667,13.3709449929478
"1933",2013,"BUFFRMFISHBT31","luxpil","Luxilus pilsbryi","Duskystripe shiner",12,0.325497287522604,51.4166666666667,20.3981208284816,5.88843027564317,11.5411112657359,1.75,5.55555555555556,2.96191819464034
"1934",2013,"BUFFRMFISHBT31","micdol","Micropterus dolomieu","Smallmouth bass",1,0.027124773960217,33,NA,NA,NA,1,0.462962962962963,0.141043723554302
"1935",2013,"BUFFRMFISHBT31","moxspp","Moxostoma spp.","Redhorse spp.",1,0.027124773960217,29,NA,NA,NA,0.2,0.462962962962963,0.0282087447108604
"1936",2013,"BUFFRMFISHBT31","notala","Noturus albater","Ozark madtom",3,0.081374321880651,77.6666666666667,17.6729548557487,10.2034852433426,19.9984635937375,6,1.38888888888889,2.53878702397743
"1937",2013,"BUFFRMFISHBT31","notexi","Noturus exilis","Slender madtom",8,0.216998191681736,88.375,22.6080737790728,7.99316113937408,15.6663079557983,8.875,3.7037037037037,10.0141043723554
"1938",2013,"BUFFRMFISHBT31","notnub","Notropis nubilus","Ozark minnow",5,0.135623869801085,51,4.30116263352131,1.92353840616713,3.77006599896716,1.2,2.31481481481481,0.846262341325811
"1939",2013,"BUFFRMFISHBT31","pimnot","Pimephales notatus","Bluntnose minnow",11,0.298372513562387,50.3636363636364,9.51075945729601,2.867601871925,5.62039639097264,1.36363636363636,5.09259259259259,2.11565585331453
"1940",2015,"BUFFRMFISHBM01","ambcon","Ambloplites constellatus","Ozark bass",6,0.0438169425511198,171.666666666667,41.8218443718909,17.0736964688702,33.4638301619543,135,0.864553314121038,9.04677517832944
"1941",2015,"BUFFRMFISHBM01","amenat","Ameiurus natalis","Yellow bullhead",1,0.00730282375851996,224,NA,NA,NA,185,0.144092219020173,2.06623877529746
"1942",2015,"BUFFRMFISHBM01","camspp","Campostoma spp.","Stoneroller spp.",104,0.759493670886076,82.0333333333333,16.5914047821056,3.02916221995278,5.93704885443685,10.4,14.985590778098,12.080237077631
"1943",2015,"BUFFRMFISHBM01","chrery","Chrosomus erythrogaster","Southern redbelly dace",28,0.204479065238559,54.6785714285714,12.572909063858,2.37605647425701,4.65698511477696,3.89285714285714,4.03458213256484,1.21740554868878
"1944",2015,"BUFFRMFISHBM01","cotcar","Cottus carolinae","Banded sculpin",102,0.744888023369036,69.4333333333333,27.2987094975181,4.98403966085706,9.76853823279906,6.66666666666667,14.6974063400576,7.59482360649879
"1945",2015,"BUFFRMFISHBM01","cypgal","Cyprinella galactura","Whitetail shiner",3,0.0219084712755599,115.666666666667,7.50555349946513,4.33333333333333,8.49317726634023,14.3333333333333,0.432276657060519,0.4802609045286
"1946",2015,"BUFFRMFISHBM01","ethaut","Etheostoma autmnale","Autumn darter",23,0.167964946445959,68.7391304347826,10.7543538384328,2.24243778918326,4.39509730437081,5.47826086956522,3.31412103746398,1.40727613885125
"1947",2015,"BUFFRMFISHBM01","ethble","Etheostoma blennioides","Greenside darter",17,0.124148003894839,95.8235294117647,21.9494740657881,5.32352941176471,10.4339259176985,10.1176470588235,2.44956772334294,1.9210436181144
"1948",2015,"BUFFRMFISHBM01","ethcae","Etheostoma caeruleum","Rainbow darter",174,1.27069133398247,55.8333333333333,7.44674579856905,1.35958355129436,2.66473479451002,2.16666666666667,25.0720461095101,4.21065955830889
"1949",2015,"BUFFRMFISHBM01","ethspe","Etheostoma spectabile","Orangethroat darter",14,0.102239532619279,50.3571428571429,9.60454333881902,2.56692218073447,5.03107502535658,1.64285714285714,2.01729106628242,0.256883739631577
"1950",2015,"BUFFRMFISHBM01","funcat","Fundulus catenatus","Northern studfish",1,0.00730282375851996,120,NA,NA,NA,18,0.144092219020173,0.201039448407321
"1951",2015,"BUFFRMFISHBM01","hypnig","Hypentelium nigricans","Northern hog sucker",4,0.0292112950340798,156.5,123.974459735329,61.9872298676644,121.492738042028,122,0.576368876080692,5.45040282348736
"1952",2015,"BUFFRMFISHBM01","lepcya","Lepomis cyanellus","Green sunfish",23,0.167964946445959,107.391304347826,22.6570060014252,4.7243123306748,9.25948201984109,28.1304347826087,3.31412103746398,7.2262512844187
"1953",2015,"BUFFRMFISHBM01","lepmeg","Lepomis megalotis","Longear sunfish",4,0.0292112950340798,90.25,31.1809236553377,15.5904618276689,30.5567436845775,21,0.576368876080692,0.938184092567497
"1954",2015,"BUFFRMFISHBM01","luxchr","Luxilus chrysocephalus","Striped shiner",20,0.146056475170399,110.9,34.7228121587311,7.7642568356879,15.2176637646672,21.75,2.88184438040346,4.85845333651025
"1955",2015,"BUFFRMFISHBM01","luxpil","Luxilus pilsbryi","Duskystripe shiner",61,0.445472249269718,80.1666666666667,18.6770804285181,3.40995275301254,6.68338458488778,10.3666666666667,8.78962536023055,7.06281365876904
"1956",2015,"BUFFRMFISHBM01","moxduq","Moxostoma duquesnei","Black redhorse",11,0.0803310613437196,231.545454545455,141.967153691524,42.8047073954093,83.8956848637776,219.636363636364,1.5850144092219,26.9839615195604
"1957",2015,"BUFFRMFISHBM01","nocbig","Nocomis biguttatus","Hornyhead chub",7,0.0511197663096397,91.1428571428571,61.6020253223019,23.2833770372449,45.6345804314669,26,1.00864553314121,2.03273220056291
"1958",2015,"BUFFRMFISHBM01","notboo","Notropis boops","Bigeye shiner",61,0.445472249269718,75.8,6.21122454471158,1.13400926428943,2.22261731614204,4.5,8.78962536023055,3.06585158821164
"1959",2015,"BUFFRMFISHBM01","notexi","Noturus exilis","Slender madtom",6,0.0438169425511198,116.333333333333,14.080719678577,5.74842973727995,11.2667152527277,15,0.864553314121038,1.0051972420366
"1960",2015,"BUFFRMFISHBM01","notnub","Notropis nubilus","Ozark minnow",18,0.131450827653359,68,16.4173509362718,3.86960672538571,7.58428981608997,3.44444444444444,2.59365994236311,0.692469211180772
"1961",2015,"BUFFRMFISHBM01","nottel","Notropis telescopus","Telescope shiner",5,0.0365141187925998,58.2,9.95991967839099,4.45421149026402,8.73009410044195,1.6,0.720461095100865,0.0893508659588093
"1962",2015,"BUFFRMFISHBM01","pimnot","Pimephales notatus","Bluntnose minnow",1,0.00730282375851996,105,NA,NA,NA,10,0.144092219020173,0.111688582448512
"1963",2015,"BUFFRMFISHBM02","ambcon","Ambloplites constellatus","Ozark bass",9,0.0971397733405289,195.111111111111,28.3832892933696,9.46109643112321,18.5434082592619,147.222222222222,2.73556231003039,14.54062596023
"1964",2015,"BUFFRMFISHBM02","camspp","Campostoma spp.","Stoneroller spp.",24,0.259039395574744,83.5833333333333,15.2398695266202,3.1108253405675,6.09710562970685,8.70833333333333,7.29483282674772,2.29357798165138
"1965",2015,"BUFFRMFISHBM02","cotcar","Cottus carolinae","Banded sculpin",8,0.0863464651915812,74.75,30.1792265355777,10.669967867136,20.9127527357862,9.25,2.43161094224924,0.812080242307186
"1966",2015,"BUFFRMFISHBM02","cypgal","Cyprinella galactura","Whitetail shiner",2,0.0215866162978953,91,1.4142135623731,1,1.95996398454005,7,0.60790273556231,0.153636802598657
"1967",2015,"BUFFRMFISHBM02","cypgre","Notropis greenei","Wedgespot shiner",5,0.0539665407447383,58.8,9.03880523078133,4.04227658628155,7.92271652466135,1.6,1.51975683890578,0.0877924586278039
"1968",2015,"BUFFRMFISHBM02","ethble","Etheostoma blennioides","Greenside darter",16,0.172692930383162,76.1875,21.4979650199734,5.37449125499335,10.5338092950124,5,4.86322188449848,0.877924586278039
"1969",2015,"BUFFRMFISHBM02","ethcae","Etheostoma caeruleum","Rainbow darter",53,0.572045331894226,45.8666666666667,5.14435300267118,0.939226061110813,1.84084925311861,1,16.1094224924012,0.581625038409201
"1970",2015,"BUFFRMFISHBM02","etheux","Etheostoma euzonum","Arkansas saddled darter",9,0.0971397733405289,71.2222222222222,10.0967541539073,3.3655847179691,6.59642483413783,3.77777777777778,2.73556231003039,0.373117949168166
"1971",2015,"BUFFRMFISHBM02","ethjul","Etheostoma juliae","Yoke darter",8,0.0863464651915812,47,4.14039335605413,1.4638501094228,2.8690934932337,1.5,2.43161094224924,0.131688687941706
"1972",2015,"BUFFRMFISHBM02","ethzon","Etheostoma zonale","Banded darter",14,0.151106314085267,46.3571428571429,9.90421155839306,2.64701188125952,5.18804795391826,0.857142857142857,4.25531914893617,0.131688687941706
"1973",2015,"BUFFRMFISHBM02","funcat","Fundulus catenatus","Northern studfish",1,0.0107933081489477,86,NA,NA,NA,7,0.303951367781155,0.0768184012993284
"1974",2015,"BUFFRMFISHBM02","hypamb","Hybopsis amblops","Bigeye chub",1,0.0107933081489477,59,NA,NA,NA,2,0.303951367781155,0.021948114656951
"1975",2015,"BUFFRMFISHBM02","hypnig","Hypentelium nigricans","Northern hog sucker",3,0.032379924446843,279.333333333333,85.0078427754365,49.0793009096277,96.1936621692741,267.666666666667,0.911854103343465,8.81216803476581
"1976",2015,"BUFFRMFISHBM02","lepcya","Lepomis cyanellus","Green sunfish",19,0.205072854830005,106.947368421053,39.278879940201,9.0111930670949,17.661613869243,36.3333333333333,5.77507598784195,7.57575757575758
"1977",2015,"BUFFRMFISHBM02","lepmac","Lepomis macrochirus","Bluegill",1,0.0107933081489477,112,NA,NA,NA,22,0.303951367781155,0.241429261226461
"1978",2015,"BUFFRMFISHBM02","lepmeg","Lepomis megalotis","Longear sunfish",54,0.582838640043173,97.7428571428571,22.3532375035644,3.77838675661889,7.40550196263614,22.2857142857143,16.4133738601824,13.2064941335825
"1979",2015,"BUFFRMFISHBM02","luxchr","Luxilus chrysocephalus","Striped shiner",2,0.0215866162978953,68.5,3.53553390593274,2.5,4.89990996135013,3,0.60790273556231,0.0658443439708529
"1980",2015,"BUFFRMFISHBM02","luxpil","Luxilus pilsbryi","Duskystripe shiner",35,0.377765785213168,71.7666666666667,7.96840023460485,1.45482418524084,2.85140300690988,3.13333333333333,10.6382978723404,1.20348828702281
"1981",2015,"BUFFRMFISHBM02","micdol","Micropterus dolomieu","Smallmouth bass",5,0.0539665407447383,254.4,36.2601709869107,16.2160414404996,31.7828571951882,205.4,1.51975683890578,11.2703568763443
"1982",2015,"BUFFRMFISHBM02","moxduq","Moxostoma duquesnei","Black redhorse",11,0.118726389638424,260.363636363636,55.73198852952,16.8038267975281,32.934895325604,188,3.3434650455927,22.6943505552873
"1983",2015,"BUFFRMFISHBM02","notala","Noturus albater","Ozark madtom",8,0.0863464651915812,65.8571428571429,9.06326967174966,3.42559394522337,6.71404075829628,3.57142857142857,2.43161094224924,0.3135444950993
"1984",2015,"BUFFRMFISHBM02","notboo","Notropis boops","Bigeye shiner",2,0.0215866162978953,57,14.142135623731,10,19.5996398454005,1.5,0.60790273556231,0.0329221719854264
"1985",2015,"BUFFRMFISHBM02","notnub","Notropis nubilus","Ozark minnow",22,0.237452779276848,59.7727272727273,10.2070555344812,2.17615155183288,4.2651786664934,2,6.68693009118541,0.482858522452921
"1986",2015,"BUFFRMFISHBM02","notper","Notropis percobromus","Carmine shiner",4,0.0431732325957906,62,7.52772652709081,3.7638632635454,7.37703643928238,1.75,1.21580547112462,0.0768184012993284
"1987",2015,"BUFFRMFISHBM02","nottel","Notropis telescopus","Telescope shiner",1,0.0107933081489477,37,NA,NA,NA,0.4,0.303951367781155,0.00438962293139019
"1988",2015,"BUFFRMFISHBM02","percap","Percina caprodes","Logperch",2,0.0215866162978953,125.5,21.920310216783,15.5,30.3794417603708,18.5,0.60790273556231,0.406040121153593
"1989",2015,"BUFFRMFISHBM02","pimnot","Pimephales notatus","Bluntnose minnow",8,0.0863464651915812,60.625,17.1542372941165,6.06493875837647,11.887061534859,2.75,2.43161094224924,0.241429261226461
"1990",2015,"BUFFRMFISHBM02","pyloli","Pylodictis olivaris","Flathead catfish",2,0.0215866162978953,375,18.3847763108502,13,25.4795317990207,605.5,0.60790273556231,13.2895834247838
"1991",2015,"BUFFRMFISHBM03","ambcon","Ambloplites constellatus","Ozark bass",10,0.0946073793755913,165,45.5777723603659,14.4129571335425,28.2488768924629,106.4,1.12107623318386,7.22743728990457
"1992",2015,"BUFFRMFISHBM03","amenat","Ameiurus natalis","Yellow bullhead",1,0.00946073793755913,179,NA,NA,NA,68,0.112107623318386,0.461903886948788
"1993",2015,"BUFFRMFISHBM03","camspp","Campostoma spp.","Stoneroller spp.",77,0.728476821192053,74.6333333333333,18.217996659865,3.3261359077206,6.51910658681782,4.63333333333333,8.6322869955157,2.42341044216318
"1994",2015,"BUFFRMFISHBM03","cotcar","Cottus carolinae","Banded sculpin",12,0.11352885525071,38.3333333333333,3.28449064359739,0.94815077861588,1.85834137800073,0.75,1.34529147982063,0.0611343379785161
"1995",2015,"BUFFRMFISHBM03","cypgal","Cyprinella galactura","Whitetail shiner",14,0.132450331125828,49.7142857142857,18.1380542227939,4.84759889745879,9.50111925051529,1.58333333333333,1.5695067264574,0.150571610206345
"1996",2015,"BUFFRMFISHBM03","cypgre","Notropis greenei","Wedgespot shiner",88,0.832544938505203,58.6333333333333,8.07073612560808,1.47350807722247,2.8880227622849,1.86666666666667,9.86547085201794,1.11581487984492
"1997",2015,"BUFFRMFISHBM03","erihar","Erimystax harryi","Ozark chub",2,0.0189214758751183,111,14.142135623731,10,19.5996398454005,9.5,0.224215246636771,0.129061380176867
"1998",2015,"BUFFRMFISHBM03","ethble","Etheostoma blennioides","Greenside darter",29,0.274361400189215,77.6206896551724,20.7921925475877,3.86101322656667,7.56744686790346,5.31034482758621,3.25112107623318,1.04607644985461
"1999",2015,"BUFFRMFISHBM03","ethcae","Etheostoma caeruleum","Rainbow darter",175,1.65562913907285,45.7,5.54697805270955,1.01273500181837,1.9849241294471,0.866666666666667,19.6188340807175,1.03022680667499
"2000",2015,"BUFFRMFISHBM03","etheux","Etheostoma euzonum","Arkansas saddled darter",7,0.0662251655629139,68.2857142857143,7.47694870283071,2.82602097618244,5.5388993328723,3,0.7847533632287,0.142646788616537
"2001",2015,"BUFFRMFISHBM03","ethjul","Etheostoma juliae","Yoke darter",32,0.302743614001892,48.7333333333333,7.88247000205731,1.43913554299486,2.82065383314142,1.26666666666667,3.58744394618834,0.275330944377317
"2002",2015,"BUFFRMFISHBM03","ethzon","Etheostoma zonale","Banded darter",22,0.208136234626301,44.1363636363636,4.30166584061675,0.91711823874195,1.79751871749903,0.772727272727273,2.46636771300448,0.115475971737197
"2003",2015,"BUFFRMFISHBM03","funcat","Fundulus catenatus","Northern studfish",1,0.00946073793755913,46,NA,NA,NA,2,0.112107623318386,0.0135854084396702
"2004",2015,"BUFFRMFISHBM03","hypamb","Hybopsis amblops","Bigeye chub",24,0.227057710501419,68.125,5.31865053169137,1.08566499356886,2.12786428667087,2.54166666666667,2.69058295964126,0.414354957409942
"2005",2015,"BUFFRMFISHBM03","hypnig","Hypentelium nigricans","Northern hog sucker",11,0.10406811731315,141.545454545455,88.3746158536077,26.6459492525646,52.2251008689086,69.7272727272727,1.23318385650224,5.21000413661354
"2006",2015,"BUFFRMFISHBM03","lepcya","Lepomis cyanellus","Green sunfish",10,0.0946073793755913,121.8,44.8027776916665,14.1678823007847,27.7685390467405,27.6,1.12107623318386,1.87478636467449
"2007",2015,"BUFFRMFISHBM03","lepmeg","Lepomis megalotis","Longear sunfish",105,0.993377483443709,76.1538461538462,37.5251063054972,6.0088259940389,11.7770825376843,13.2,11.7713004484305,9.41468804869147
"2008",2015,"BUFFRMFISHBM03","leposs","Lepisosteus osseus","Longnose gar",1,0.00946073793755913,638,NA,NA,NA,495,0.112107623318386,3.36238858881838
"2009",2015,"BUFFRMFISHBM03","luxchr","Luxilus chrysocephalus","Striped shiner",10,0.0946073793755913,72.3,9.70738550451837,3.06974483195808,6.01658931236579,3.5,1.12107623318386,0.237744647694229
"2010",2015,"BUFFRMFISHBM03","luxpil","Luxilus pilsbryi","Duskystripe shiner",47,0.444654683065279,68.3225806451613,6.84780790605867,1.229902607189,2.41056481458236,2.51612903225806,5.26905829596413,0.803292053868243
"2011",2015,"BUFFRMFISHBM03","micdol","Micropterus dolomieu","Smallmouth bass",12,0.11352885525071,255.916666666667,48.0992502934077,13.8850575523591,27.2142127258896,219.166666666667,1.34529147982063,17.8648120981664
"2012",2015,"BUFFRMFISHBM03","micsal","Micropterus salmoides","Largemouth bass",2,0.0189214758751183,152,73.5391052434009,52,101.918127196083,59.5,0.224215246636771,0.808331802160379
"2013",2015,"BUFFRMFISHBM03","moxduq","Moxostoma duquesnei","Black redhorse",36,0.340586565752129,123.129032258065,67.5394906384326,12.1304506148502,23.7752463213482,37.3548387096774,4.03587443946188,9.1346533392415
"2014",2015,"BUFFRMFISHBM03","moxery","Moxostoma erythrurum","Golden redhorse",22,0.208136234626301,219.263157894737,132.879160687556,30.4845701652399,59.7486596080544,232.157894736842,2.46636771300448,34.6935580474337
"2015",2015,"BUFFRMFISHBM03","notala","Noturus albater","Ozark madtom",18,0.170293282876064,59.2222222222222,8.56501471827007,2.01879332941712,3.95676221788726,1.94444444444444,2.01793721973094,0.237744647694229
"2016",2015,"BUFFRMFISHBM03","notboo","Notropis boops","Bigeye shiner",32,0.302743614001892,70.5357142857143,7.0210379250488,1.32685144965943,2.60058105416725,3.14285714285714,3.58744394618834,0.683151967251989
"2017",2015,"BUFFRMFISHBM03","notexi","Noturus exilis","Slender madtom",4,0.0378429517502365,64.75,22.0963797939844,11.0481898969922,21.654054292464,2.75,0.448430493273543,0.0747197464181863
"2018",2015,"BUFFRMFISHBM03","notnub","Notropis nubilus","Ozark minnow",69,0.65279091769158,55.0333333333333,7.48554161923727,1.36666666666667,2.67861744553807,1.46666666666667,7.73542600896861,0.687421667047314
"2019",2015,"BUFFRMFISHBM03","notper","Notropis percobromus","Carmine shiner",1,0.00946073793755913,57,NA,NA,NA,NA,0.112107623318386,NA
"2020",2015,"BUFFRMFISHBM03","percap","Percina caprodes","Logperch",1,0.00946073793755913,129,NA,NA,NA,18,0.112107623318386,0.122268675957032
"2021",2015,"BUFFRMFISHBM03","perevi","Percina evides","Gilt darter",1,0.00946073793755913,78,NA,NA,NA,5,0.112107623318386,0.0339635210991756
"2022",2015,"BUFFRMFISHBM03","pimnot","Pimephales notatus","Bluntnose minnow",15,0.141911069063387,51.3333333333333,13.9369327772683,3.59850056957149,7.05293151470699,1.4,1.68161434977578,0.142646788616537
"2023",2015,"BUFFRMFISHBM03","sematr","Semotilus atromaculatus","Creek chub",1,0.00946073793755913,46,NA,NA,NA,1,0.112107623318386,0.00679270421983512
"2024",2015,"BUFFRMFISHBM04","ambcon","Ambloplites constellatus","Ozark bass",25,0.205648478201261,152.04,54.0990449700054,10.8198089940011,21.2064359478447,90.76,4.40917107583774,18.4416924274218
"2025",2015,"BUFFRMFISHBM04","camspp","Campostoma spp.","Stoneroller spp.",61,0.501782286811078,98.9666666666667,27.3148732168131,4.98699073874741,9.77432223917973,11.551724137931,10.7583774250441,5.72720756150155
"2026",2015,"BUFFRMFISHBM04","cotcar","Cottus carolinae","Banded sculpin",6,0.0493556347683027,39.6666666666667,1.36626010212795,0.557773351022717,1.09321567954074,0.833333333333333,1.05820105820106,0.0406383702675667
"2027",2015,"BUFFRMFISHBM04","cypgal","Cyprinella galactura","Whitetail shiner",4,0.0329037565122018,61.75,25.5391855782443,12.7695927891221,25.0279419639218,2.25,0.705467372134039,0.07314906648162
"2028",2015,"BUFFRMFISHBM04","cypgre","Notropis greenei","Wedgespot shiner",5,0.0411296956402523,58,12.3895116933639,5.54075807087803,10.8596862659706,1.8,0.881834215167548,0.07314906648162
"2029",2015,"BUFFRMFISHBM04","erihar","Erimystax harryi","Ozark chub",5,0.0411296956402523,110.8,15.546703830716,6.95269731830748,13.6270363392909,10.8,0.881834215167548,0.43889439888972
"2030",2015,"BUFFRMFISHBM04","ethble","Etheostoma blennioides","Greenside darter",52,0.427748834658624,74.8,21.2106024236091,3.87250846856149,7.58997712820688,5.23333333333333,9.1710758377425,2.21181103242943
"2031",2015,"BUFFRMFISHBM04","ethcae","Etheostoma caeruleum","Rainbow darter",50,0.411296956402523,49.0714285714286,5.97481486729193,1.12913387632185,2.21306173131492,1.17857142857143,8.81834215167548,0.478952221010607
"2032",2015,"BUFFRMFISHBM04","etheux","Etheostoma euzonum","Arkansas saddled darter",30,0.246778173841514,65.9666666666667,8.8609306483023,1.61777719885468,3.17078504476527,2.73333333333333,5.29100529100529,0.666469272388094
"2033",2015,"BUFFRMFISHBM04","ethjul","Etheostoma juliae","Yoke darter",10,0.0822593912805045,45.6,8.89694079757506,2.81345971280123,5.51427970904481,1.33333333333333,1.7636684303351,0.108368987380178
"2034",2015,"BUFFRMFISHBM04","ethzon","Etheostoma zonale","Banded darter",13,0.106937208664656,44.1538461538462,4.94715665553042,1.37209438378984,2.68925557561776,0.846153846153846,2.29276895943563,0.0894044145886467
"2035",2015,"BUFFRMFISHBM04","funoli","Fundulus olivaceus","Blackspotted topminnow",1,0.00822593912805045,70,NA,NA,NA,4,0.17636684303351,0.0325106962140534
"2036",2015,"BUFFRMFISHBM04","hypamb","Hybopsis amblops","Bigeye chub",1,0.00822593912805045,88,NA,NA,NA,5,0.17636684303351,0.0406383702675667
"2037",2015,"BUFFRMFISHBM04","hypnig","Hypentelium nigricans","Northern hog sucker",9,0.0740334521524541,148.444444444444,100.359492713832,33.4531642379441,65.5669970752738,95.7777777777778,1.58730158730159,7.0060550341285
"2038",2015,"BUFFRMFISHBM04","lepcya","Lepomis cyanellus","Green sunfish",12,0.0987112695366054,125.5,21.4666760775436,6.19689560598814,12.1456922036913,41.1666666666667,2.11640211640212,4.01507098243559
"2039",2015,"BUFFRMFISHBM04","lepmac","Lepomis macrochirus","Bluegill",1,0.00822593912805045,165,NA,NA,NA,92,0.17636684303351,0.747746012923227
"2040",2015,"BUFFRMFISHBM04","lepmeg","Lepomis megalotis","Longear sunfish",95,0.781464217164793,95.1666666666667,33.2722140814984,6.07464739685923,11.9060901166241,24.9333333333333,16.7548500881834,19.2517506080886
"2041",2015,"BUFFRMFISHBM04","leposs","Lepisosteus osseus","Longnose gar",2,0.0164518782561009,71,4.24264068711928,3,5.87989195362016,1,0.352733686067019,0.0162553481070267
"2042",2015,"BUFFRMFISHBM04","luxchr","Luxilus chrysocephalus","Striped shiner",5,0.0411296956402523,77.6,46.5435280141074,20.814898510442,40.7964514223227,9.8,0.881834215167548,0.398256028622154
"2043",2015,"BUFFRMFISHBM04","luxpil","Luxilus pilsbryi","Duskystripe shiner",62,0.510008225939128,71.8888888888889,14.0036625245885,2.69500610940395,5.28211491254715,3.40740740740741,10.9347442680776,1.71704640004593
"2044",2015,"BUFFRMFISHBM04","micdol","Micropterus dolomieu","Smallmouth bass",3,0.0246778173841514,214.333333333333,80.9958846691197,46.7629958169681,91.6537876104547,150,0.529100529100529,3.657453324081
"2045",2015,"BUFFRMFISHBM04","micsal","Micropterus salmoides","Largemouth bass",2,0.0164518782561009,258.5,10.6066017177982,7.5,14.6997298840504,210,0.352733686067019,3.4136231024756
"2046",2015,"BUFFRMFISHBM04","moxduq","Moxostoma duquesnei","Black redhorse",26,0.213874417329312,117.884615384615,65.8691593528121,12.9180049570747,25.3188244679763,37.8846153846154,4.58553791887125,8.00575894271064
"2047",2015,"BUFFRMFISHBM04","moxery","Moxostoma erythrurum","Golden redhorse",21,0.172744721689059,160.571428571429,117.485135837931,25.6373584766423,50.2482992729616,127.761904761905,3.7037037037037,21.8065494855763
"2048",2015,"BUFFRMFISHBM04","notala","Noturus albater","Ozark madtom",4,0.0329037565122018,64.75,14.9749791318719,7.48748956593597,14.6752098838539,2.25,0.705467372134039,0.07314906648162
"2049",2015,"BUFFRMFISHBM04","notboo","Notropis boops","Bigeye shiner",35,0.287907869481766,62.1,12.7342871400608,2.32495210678641,4.55682239508189,2.33333333333333,6.17283950617284,0.663760047703589
"2050",2015,"BUFFRMFISHBM04","notexi","Noturus exilis","Slender madtom",2,0.0164518782561009,105,12.7279220613579,9,17.6396758608605,9,0.352733686067019,0.14629813296324
"2051",2015,"BUFFRMFISHBM04","notflv","Noturus flavater","Checkered madtom",2,0.0164518782561009,55.5,0.707106781186548,0.5,0.979981992270027,2,0.352733686067019,0.0325106962140534
"2052",2015,"BUFFRMFISHBM04","notnub","Notropis nubilus","Ozark minnow",6,0.0493556347683027,58,10.3150375665821,4.21109645262767,8.25359738257461,1.66666666666667,1.05820105820106,0.0812767405351334
"2053",2015,"BUFFRMFISHBM04","notper","Notropis percobromus","Carmine shiner",4,0.0329037565122018,54,3.55902608401044,1.77951304200522,3.48778147234954,1.5,0.705467372134039,0.04876604432108
"2054",2015,"BUFFRMFISHBM04","nottel","Notropis telescopus","Telescope shiner",1,0.00822593912805045,54,NA,NA,NA,1,0.17636684303351,0.00812767405351334
"2055",2015,"BUFFRMFISHBM04","percap","Percina caprodes","Logperch",2,0.0164518782561009,132,18.3847763108502,13,25.4795317990207,18,0.352733686067019,0.29259626592648
"2056",2015,"BUFFRMFISHBM04","pimnot","Pimephales notatus","Bluntnose minnow",10,0.0822593912805045,61.2,10.7785795807137,3.40848614164379,6.68051007942572,2.4,1.7636684303351,0.19506417728432
"2057",2015,"BUFFRMFISHBT05","ambcon","Ambloplites constellatus","Ozark bass",8,0.0806587128213746,121.5,47.6235235991626,16.8374582404827,33.0008117425433,52.125,2.38805970149254,8.78833222264938
"2058",2015,"BUFFRMFISHBT05","camspp","Campostoma spp.","Stoneroller spp.",88,0.88724584103512,107.766666666667,19.6129502138754,3.58081841712177,7.0182751327364,19.4,26.2686567164179,35.979474269801
"2059",2015,"BUFFRMFISHBT05","cotcar","Cottus carolinae","Banded sculpin",14,0.141152747437405,52.7142857142857,25.8707692830481,6.91425392781723,13.5516886784864,8.21428571428571,4.17910447761194,2.42364078082657
"2060",2015,"BUFFRMFISHBT05","ethaut","Etheostoma autmnale","Autumn darter",15,0.151235086540077,68.9333333333333,7.86008602885187,2.02946548596673,3.97767926036186,3.26666666666667,4.47761194029851,1.03268172400436
"2061",2015,"BUFFRMFISHBT05","ethble","Etheostoma blennioides","Greenside darter",16,0.161317425642749,93.75,19.1607237163248,4.79018092908121,9.38858210042979,9.75,4.77611940298508,3.2877214070343
"2062",2015,"BUFFRMFISHBT05","ethcae","Etheostoma caeruleum","Rainbow darter",53,0.534363972441606,56.8,12.5406923858789,2.28960670215972,4.48754667499458,1.96666666666667,15.8208955223881,2.19673180337527
"2063",2015,"BUFFRMFISHBT05","ethspe","Etheostoma spectabile","Orangethroat darter",22,0.22181146025878,48.4545454545455,8.89476717609197,1.89637073375918,3.71681833950378,1.36363636363636,6.56716417910448,0.632254116737365
"2064",2015,"BUFFRMFISHBT05","funcat","Fundulus catenatus","Northern studfish",1,0.0100823391026718,31,NA,NA,NA,6,0.298507462686567,0.126450823347473
"2065",2015,"BUFFRMFISHBT05","hypamb","Hybopsis amblops","Bigeye chub",1,0.0100823391026718,85,NA,NA,NA,5,0.298507462686567,0.105375686122894
"2066",2015,"BUFFRMFISHBT05","hypnig","Hypentelium nigricans","Northern hog sucker",2,0.0201646782053436,103.5,13.4350288425444,9.5,18.6196578531305,144.5,0.597014925373134,6.09071465790329
"2067",2015,"BUFFRMFISHBT05","lepcya","Lepomis cyanellus","Green sunfish",14,0.141152747437405,121.428571428571,29.3905120370877,7.85494474747412,15.3954088056013,48.2142857142857,4.17910447761194,14.2257176265907
"2068",2015,"BUFFRMFISHBT05","lepmac","Lepomis macrochirus","Bluegill",1,0.0100823391026718,170,NA,NA,NA,99,0.298507462686567,2.08643858523331
"2069",2015,"BUFFRMFISHBT05","lepmeg","Lepomis megalotis","Longear sunfish",40,0.403293564106873,79.5666666666667,17.5237441545864,3.19938332180543,6.27067608347676,11.8666666666667,11.9402985074627,10.0036651359334
"2070",2015,"BUFFRMFISHBT05","luxchr","Luxilus chrysocephalus","Striped shiner",9,0.0907410519240464,103.666666666667,58.2537552437609,19.417918414587,38.0584207473276,26.4444444444444,2.6865671641791,5.01588265944976
"2071",2015,"BUFFRMFISHBT05","luxpil","Luxilus pilsbryi","Duskystripe shiner",30,0.302470173080155,91.6551724137931,19.9683246705322,3.70802480252364,7.26759506672757,8.82758620689655,8.95522388059701,5.58127772016433
"2072",2015,"BUFFRMFISHBT05","notexi","Noturus exilis","Slender madtom",7,0.0705763737187027,100,15.2752523165195,5.77350269189626,11.3158573407617,9.14285714285714,2.08955223880597,1.34880878237305
"2073",2015,"BUFFRMFISHBT05","notnub","Notropis nubilus","Ozark minnow",14,0.141152747437405,70.5,11.147610989321,2.97932435736253,5.83936843869349,3.64285714285714,4.17910447761194,1.07483199845352
"2074",2015,"BUFFRMFISHBT07","ambcon","Ambloplites constellatus","Ozark bass",18,0.363758841360728,124.388888888889,53.0617164407069,12.5067665055405,24.5128119139113,61.6111111111111,3.21428571428571,13.115878610119
"2075",2015,"BUFFRMFISHBT07","amenat","Ameiurus natalis","Yellow bullhead",2,0.0404176490400808,193,72.1248916810278,51,99.9581632115427,125,0.357142857142857,2.95669039903494
"2076",2015,"BUFFRMFISHBT07","camspp","Campostoma spp.","Stoneroller spp.",66,1.33378241832267,99.9,27.6833698367312,5.05426870911194,9.90618463804715,7.3,11.7857142857143,5.69813373702013
"2077",2015,"BUFFRMFISHBT07","cotcar","Cottus carolinae","Banded sculpin",33,0.666891209161334,80.6333333333333,17.9548923950978,3.27809986079101,6.42495766487613,8.66666666666667,5.89285714285714,3.38245381649597
"2078",2015,"BUFFRMFISHBT07","ethaut","Etheostoma autmnale","Autumn darter",3,0.0606264735601213,78.3333333333333,2.08166599946613,1.20185042515466,2.35558354810729,5,0.535714285714286,0.177401423942096
"2079",2015,"BUFFRMFISHBT07","ethble","Etheostoma blennioides","Greenside darter",42,0.848770629841697,84.8,15.0754424650569,2.75238663416099,5.39457867448496,7,7.5,3.47706790926508
"2080",2015,"BUFFRMFISHBT07","ethcae","Etheostoma caeruleum","Rainbow darter",37,0.747726507241495,51.6,6.44659760568745,1.1769823092646,2.30684293659941,1.7,6.60714285714286,0.74390330439719
"2081",2015,"BUFFRMFISHBT07","etheux","Etheostoma euzonum","Arkansas saddled darter",2,0.0404176490400808,87,0,0,0,6.5,0.357142857142857,0.153747900749817
"2082",2015,"BUFFRMFISHBT07","ethspe","Etheostoma spectabile","Orangethroat darter",11,0.222297069720445,41.3636363636364,4.29587540025842,1.29525516807046,2.53865348020747,0.818181818181818,1.96428571428571,0.106440854365258
"2083",2015,"BUFFRMFISHBT07","ethzon","Etheostoma zonale","Banded darter",1,0.0202088245200404,48,NA,NA,NA,1,0.178571428571429,0.0118267615961397
"2084",2015,"BUFFRMFISHBT07","funcat","Fundulus catenatus","Northern studfish",10,0.202088245200404,91.8,15.0318181054574,4.75347825866024,9.31664618826823,8.2,1.78571428571429,0.969794450883459
"2085",2015,"BUFFRMFISHBT07","funoli","Fundulus olivaceus","Blackspotted topminnow",16,0.323341192320647,69.9375,13.6306945286487,3.40767363216217,6.67891759010465,3.625,2.85714285714286,0.685952172576105
"2086",2015,"BUFFRMFISHBT07","hypnig","Hypentelium nigricans","Northern hog sucker",2,0.0404176490400808,255.5,13.4350288425444,9.5,18.6196578531305,192,0.357142857142857,4.54147645291766
"2087",2015,"BUFFRMFISHBT07","lepcya","Lepomis cyanellus","Green sunfish",30,0.606264735601213,95.0333333333333,32.0704863067903,5.85524292679653,11.4760652572541,22.5666666666667,5.35714285714286,8.00671760058661
"2088",2015,"BUFFRMFISHBT07","lepmac","Lepomis macrochirus","Bluegill",20,0.404176490400808,65.5,27.9482604674762,6.24942102581469,12.2486401348242,7.1,3.57142857142857,1.67940014665184
"2089",2015,"BUFFRMFISHBT07","lepmeg","Lepomis megalotis","Longear sunfish",145,2.93027955540586,92.2666666666667,20.5693668005292,3.75543539674924,7.36051812389539,18.8666666666667,25.8928571428571,32.354077473173
"2090",2015,"BUFFRMFISHBT07","luxchr","Luxilus chrysocephalus","Striped shiner",8,0.161670596160323,93.125,40.0871817774353,14.1729590367412,27.7784892663742,14,1.42857142857143,1.32459729876765
"2091",2015,"BUFFRMFISHBT07","luxpil","Luxilus pilsbryi","Duskystripe shiner",71,1.43482654092287,79.1333333333333,14.3039259943057,2.61152764265525,5.11850012423508,5.36666666666667,12.6785714285714,4.50639039351578
"2092",2015,"BUFFRMFISHBT07","micdol","Micropterus dolomieu","Smallmouth bass",2,0.0404176490400808,307,41.0121933088198,29,56.8389555516616,406.5,0.357142857142857,9.61515717766161
"2093",2015,"BUFFRMFISHBT07","moxduq","Moxostoma duquesnei","Black redhorse",1,0.0202088245200404,329,NA,NA,NA,387,0.178571428571429,4.57695673770608
"2094",2015,"BUFFRMFISHBT07","nocbig","Nocomis biguttatus","Hornyhead chub",10,0.202088245200404,78.6,38.7332759609443,12.2485373276431,24.006692025475,10.2,1.78571428571429,1.20632968280625
"2095",2015,"BUFFRMFISHBT07","notexi","Noturus exilis","Slender madtom",1,0.0202088245200404,60,NA,NA,NA,2,0.178571428571429,0.0236535231922795
"2096",2015,"BUFFRMFISHBT07","notnub","Notropis nubilus","Ozark minnow",11,0.222297069720445,65.7272727272727,14.3463647596937,4.3255917284983,8.47800399968102,3,1.96428571428571,0.390283132672612
"2097",2015,"BUFFRMFISHBT07","pimnot","Pimephales notatus","Bluntnose minnow",17,0.343550016840687,51.8823529411765,12.297775982577,2.98264878449111,5.84588419613475,1.47058823529412,3.03571428571429,0.295669039903494
"2098",2015,"BUFFRMFISHBT07","sematr","Semotilus atromaculatus","Creek chub",1,0.0202088245200404,24,NA,NA,NA,NA,0.178571428571429,NA
"2099",2015,"BUFFRMFISHBT09","ambcon","Ambloplites constellatus","Ozark bass",7,0.119148936170213,203,19.4336477961979,7.34522844793686,14.3963832161753,169.285714285714,2.27272727272727,23.5998915078325
"2100",2015,"BUFFRMFISHBT09","camspp","Campostoma spp.","Stoneroller spp.",14,0.238297872340426,88.5714285714286,34.6936356072458,9.27226413884961,18.1733037672875,8.85714285714286,4.54545454545455,2.46952451221201
"2101",2015,"BUFFRMFISHBT09","cotcar","Cottus carolinae","Banded sculpin",6,0.102127659574468,49.8333333333333,20.817460620034,8.49869270992767,16.6571316271313,2.5,1.94805194805195,0.298732803896614
"2102",2015,"BUFFRMFISHBT09","cypgal","Cyprinella galactura","Whitetail shiner",2,0.0340425531914894,39,4.24264068711928,3,5.87989195362016,NA,0.649350649350649,NA
"2103",2015,"BUFFRMFISHBT09","cypgre","Notropis greenei","Wedgespot shiner",3,0.051063829787234,59,18.2482875908947,10.5356537528527,20.6495019091756,1.8,0.974025974025974,0.107543809402781
"2104",2015,"BUFFRMFISHBT09","erihar","Erimystax harryi","Ozark chub",2,0.0340425531914894,68.5,0.707106781186548,0.5,0.979981992270027,2,0.649350649350649,0.079662081039097
"2105",2015,"BUFFRMFISHBT09","ethble","Etheostoma blennioides","Greenside darter",7,0.119148936170213,60.7142857142857,3.54562104171167,1.34011878852098,2.62658456050657,1.85714285714286,2.27272727272727,0.258901763377065
"2106",2015,"BUFFRMFISHBT09","ethcae","Etheostoma caeruleum","Rainbow darter",68,1.15744680851064,46.5666666666667,5.67318759351957,1.03577760597637,2.03008680370681,0.933333333333333,22.0779220779221,1.26397168582034
"2107",2015,"BUFFRMFISHBT09","etheux","Etheostoma euzonum","Arkansas saddled darter",1,0.0170212765957447,71,NA,NA,NA,3,0.324675324675325,0.0597465607793228
"2108",2015,"BUFFRMFISHBT09","ethspe","Etheostoma spectabile","Orangethroat darter",4,0.0680851063829787,45.75,6.23832242407097,3.11916121203548,6.11344363756385,0.75,1.2987012987013,0.0597465607793228
"2109",2015,"BUFFRMFISHBT09","ethzon","Etheostoma zonale","Banded darter",1,0.0170212765957447,38,NA,NA,NA,0.4,0.324675324675325,0.0079662081039097
"2110",2015,"BUFFRMFISHBT09","funcat","Fundulus catenatus","Northern studfish",1,0.0170212765957447,69,NA,NA,NA,3,0.324675324675325,0.0597465607793228
"2111",2015,"BUFFRMFISHBT09","funoli","Fundulus olivaceus","Blackspotted topminnow",3,0.051063829787234,78.3333333333333,2.08166599946613,1.20185042515466,2.35558354810729,3.33333333333333,0.974025974025974,0.199155202597743
"2112",2015,"BUFFRMFISHBT09","hypamb","Hybopsis amblops","Bigeye chub",3,0.051063829787234,71,7,4.04145188432738,7.9211001385332,2.66666666666667,0.974025974025974,0.159324162078194
"2113",2015,"BUFFRMFISHBT09","hypnig","Hypentelium nigricans","Northern hog sucker",4,0.0680851063829787,207.5,95.346735654662,47.673367827331,93.4380839632993,152.5,1.2987012987013,12.1484673584623
"2114",2015,"BUFFRMFISHBT09","lepcya","Lepomis cyanellus","Green sunfish",5,0.0851063829787234,114.6,16.118312566767,7.20832851637604,14.1280642808301,25.8,1.62337662337662,2.56910211351088
"2115",2015,"BUFFRMFISHBT09","lepmeg","Lepomis megalotis","Longear sunfish",39,0.663829787234043,74.6153846153846,28.8750624374949,4.62371043912268,9.06230593562233,13.4857142857143,12.6623376623377,10.4744256269121
"2116",2015,"BUFFRMFISHBT09","luxchr","Luxilus chrysocephalus","Striped shiner",2,0.0340425531914894,88,25.4558441227157,18,35.279351721721,8.5,0.649350649350649,0.338563844416162
"2117",2015,"BUFFRMFISHBT09","luxpil","Luxilus pilsbryi","Duskystripe shiner",36,0.612765957446809,70.3611111111111,13.7905822476848,2.29843037461413,4.5048407552166,3.11111111111111,11.6883116883117,2.23053826909472
"2118",2015,"BUFFRMFISHBT09","micdol","Micropterus dolomieu","Smallmouth bass",5,0.0851063829787234,265.4,50.0129983104393,22.3664927961449,43.8375203409185,265.4,1.62337662337662,26.4278953847204
"2119",2015,"BUFFRMFISHBT09","moxduq","Moxostoma duquesnei","Black redhorse",8,0.136170212765957,172.5,95.6959470704705,33.8336265527993,66.3126895098647,88.625,2.5974025974026,14.1201038641799
"2120",2015,"BUFFRMFISHBT09","nocbig","Nocomis biguttatus","Hornyhead chub",1,0.0170212765957447,53,NA,NA,NA,2,0.324675324675325,0.0398310405195485
"2121",2015,"BUFFRMFISHBT09","notboo","Notropis boops","Bigeye shiner",4,0.0680851063829787,63,15.7056253191863,7.85281265959316,15.3912299901428,2.75,1.2987012987013,0.219070722857517
"2122",2015,"BUFFRMFISHBT09","notexi","Noturus exilis","Slender madtom",5,0.0851063829787234,72.4,15.1426549851735,6.77200118133481,13.2728784186789,3.2,1.62337662337662,0.318648324156388
"2123",2015,"BUFFRMFISHBT09","notnub","Notropis nubilus","Ozark minnow",40,0.680851063829787,59.6,8.04729608992824,1.27238923249702,2.49383707001072,1.875,12.987012987013,1.49366401948307
"2124",2015,"BUFFRMFISHBT09","notper","Notropis percobromus","Carmine shiner",24,0.408510638297872,56.625,4.78050843211946,0.975817197480425,1.91256656255644,1.25,7.79220779220779,0.597465607793228
"2125",2015,"BUFFRMFISHBT09","nottel","Notropis telescopus","Telescope shiner",1,0.0170212765957447,82,NA,NA,NA,4,0.324675324675325,0.079662081039097
"2126",2015,"BUFFRMFISHBT09","pimnot","Pimephales notatus","Bluntnose minnow",12,0.204255319148936,52.6666666666667,9.54733026303768,2.75607684870353,5.40181136208357,1.33333333333333,3.8961038961039,0.318648324156388
"2127",2015,"BUFFRMFISHBT15","camspp","Campostoma spp.","Stoneroller spp.",4,0.0842400842400842,81,15.2970585407784,7.64852927038918,14.9908419046632,5,2.18579234972678,1.45843461351483
"2128",2015,"BUFFRMFISHBT15","chrery","Chrosomus erythrogaster","Southern redbelly dace",10,0.210600210600211,52.1,16.1826381587731,5.11739951320764,10.0299187403898,1.8,5.46448087431694,1.31259115216334
"2129",2015,"BUFFRMFISHBT15","cotcar","Cottus carolinae","Banded sculpin",61,1.28466128466128,69.4333333333333,30.7870139813048,5.62091401192919,11.0167890235778,9.2,33.3333333333333,40.9236752552261
"2130",2015,"BUFFRMFISHBT15","cotimm","Cottus immaculatus","Knobfin Sculpin",1,0.0210600210600211,53,NA,NA,NA,2,0.546448087431694,0.145843461351483
"2131",2015,"BUFFRMFISHBT15","cypgre","Notropis greenei","Wedgespot shiner",1,0.0210600210600211,71,NA,NA,NA,4,0.546448087431694,0.291686922702965
"2132",2015,"BUFFRMFISHBT15","ethble","Etheostoma blennioides","Greenside darter",6,0.126360126360126,87.8333333333333,8.08496547096317,3.30067333198007,6.46920085541276,13.6666666666667,3.27868852459016,5.97958191541079
"2133",2015,"BUFFRMFISHBT15","ethcae","Etheostoma caeruleum","Rainbow darter",41,0.863460863460863,50.6666666666667,7.65791604556485,1.39813778721221,2.74029970836045,1.46666666666667,22.4043715846995,4.38502673796791
"2134",2015,"BUFFRMFISHBT15","ethspe","Etheostoma spectabile","Orangethroat darter",18,0.379080379080379,41.0555555555556,4.45199521988833,1.04934533659771,2.05667906707657,0.722222222222222,9.83606557377049,0.947982498784638
"2135",2015,"BUFFRMFISHBT15","lepcya","Lepomis cyanellus","Green sunfish",2,0.0421200421200421,110.5,20.5060966544099,14.5,28.4194777758308,26,1.09289617486339,3.79192999513855
"2136",2015,"BUFFRMFISHBT15","lepmac","Lepomis macrochirus","Bluegill",1,0.0210600210600211,75,NA,NA,NA,6,0.546448087431694,0.437530384054448
"2137",2015,"BUFFRMFISHBT15","lepmeg","Lepomis megalotis","Longear sunfish",3,0.0631800631800632,103.666666666667,28.7460142164672,16.5965190460061,32.5285795989051,27.6666666666667,1.63934426229508,6.05250364608653
"2138",2015,"BUFFRMFISHBT15","luxpil","Luxilus pilsbryi","Duskystripe shiner",18,0.379080379080379,67.3333333333333,14.1878158166456,3.34410025805862,6.55431606648599,3.11111111111111,9.83606557377049,4.08361691784152
"2139",2015,"BUFFRMFISHBT15","moxduq","Moxostoma duquesnei","Black redhorse",1,0.0210600210600211,344,NA,NA,NA,385,0.546448087431694,28.0748663101604
"2140",2015,"BUFFRMFISHBT15","notnub","Notropis nubilus","Ozark minnow",15,0.315900315900316,59.0666666666667,6.15823103852149,1.59004841695276,3.11643763090233,1.93333333333333,8.19672131147541,2.1147301895965
"2141",2015,"BUFFRMFISHBT15","pimnot","Pimephales notatus","Bluntnose minnow",1,0.0210600210600211,23,NA,NA,NA,NA,0.546448087431694,NA
"2142",2015,"BUFFRMFISHBT19","camspp","Campostoma spp.","Stoneroller spp.",79,1.48822605965463,82.5862068965517,20.5365827616742,3.8135476809301,7.47441610794925,7.10344827586207,24.3076923076923,26.7644811181635
"2143",2015,"BUFFRMFISHBT19","cotcar","Cottus carolinae","Banded sculpin",46,0.866562009419152,63.8,27.0202988829535,4.93320906957509,9.66891210457353,5.7,14.1538461538462,12.5053312969332
"2144",2015,"BUFFRMFISHBT19","erihar","Erimystax harryi","Ozark chub",1,0.0188383045525903,115,NA,NA,NA,14,0.307692307692308,0.667714104336633
"2145",2015,"BUFFRMFISHBT19","ethble","Etheostoma blennioides","Greenside darter",1,0.0188383045525903,112,NA,NA,NA,10,0.307692307692308,0.476938645954738
"2146",2015,"BUFFRMFISHBT19","ethcae","Etheostoma caeruleum","Rainbow darter",88,1.65777080062794,47.5333333333333,7.2622468895692,1.32589881319626,2.59871392100907,1.16666666666667,27.0769230769231,4.89657009846864
"2147",2015,"BUFFRMFISHBT19","ethspe","Etheostoma spectabile","Orangethroat darter",19,0.357927786499215,41.1052631578947,6.72387732753874,1.54256325155293,3.02336841691874,0.842105263157895,5.84615384615385,0.763101833527581
"2148",2015,"BUFFRMFISHBT19","funcat","Fundulus catenatus","Northern studfish",1,0.0188383045525903,108,NA,NA,NA,13,0.307692307692308,0.620020239741159
"2149",2015,"BUFFRMFISHBT19","hypamb","Hybopsis amblops","Bigeye chub",3,0.0565149136577708,76,7,4.04145188432738,7.9211001385332,5,0.923076923076923,0.715407968932107
"2150",2015,"BUFFRMFISHBT19","hypnig","Hypentelium nigricans","Northern hog sucker",1,0.0188383045525903,400,NA,NA,NA,686,0.307692307692308,32.717991112495
"2151",2015,"BUFFRMFISHBT19","lepmeg","Lepomis megalotis","Longear sunfish",1,0.0188383045525903,75,NA,NA,NA,7,0.307692307692308,0.333857052168317
"2152",2015,"BUFFRMFISHBT19","luxpil","Luxilus pilsbryi","Duskystripe shiner",65,1.22448979591837,80.5666666666667,16.3426316484036,2.98374266760949,5.84802816765007,5.53333333333333,20,17.1538932995054
"2153",2015,"BUFFRMFISHBT19","notala","Noturus albater","Ozark madtom",1,0.0188383045525903,70,NA,NA,NA,4,0.307692307692308,0.190775458381895
"2154",2015,"BUFFRMFISHBT19","notboo","Notropis boops","Bigeye shiner",1,0.0188383045525903,83,NA,NA,NA,5,0.307692307692308,0.238469322977369
"2155",2015,"BUFFRMFISHBT19","notexi","Noturus exilis","Slender madtom",1,0.0188383045525903,63,NA,NA,NA,2,0.307692307692308,0.0953877291909476
"2156",2015,"BUFFRMFISHBT19","notnub","Notropis nubilus","Ozark minnow",16,0.301412872841444,59.8125,8.2721923736496,2.0680480934124,4.05329978138503,2.25,4.92307692307692,1.71697912543706
"2157",2015,"BUFFRMFISHBT19","notper","Notropis percobromus","Carmine shiner",1,0.0188383045525903,53,NA,NA,NA,3,0.307692307692308,0.143081593786421
"2158",2015,"BUFFRMFISHBT20","ambcon","Ambloplites constellatus","Ozark bass",16,0.139150601536455,149.75,49.5062285643601,12.37655714109,24.2576062491385,78,1.04849279161206,5.27344740355958
"2159",2015,"BUFFRMFISHBT20","amenat","Ameiurus natalis","Yellow bullhead",17,0.147847514132483,179.411764705882,56.9967749345625,13.8237484338093,27.0940490616082,106.705882352941,1.11402359108781,7.66509101767394
"2160",2015,"BUFFRMFISHBT20","camspp","Campostoma spp.","Stoneroller spp.",715,6.21829250616031,112.966666666667,23.9834473570093,4.37875837472389,8.58220871146196,14.7333333333333,46.8545216251638,44.5130230487963
"2161",2015,"BUFFRMFISHBT20","cotcar","Cottus carolinae","Banded sculpin",4,0.0347876503841136,48,21.0871208719129,10.5435604359565,20.6649987232961,3,0.262123197903014,0.0507062250342267
"2162",2015,"BUFFRMFISHBT20","cypgal","Cyprinella galactura","Whitetail shiner",1,0.00869691259602841,45,NA,NA,NA,NA,0.0655307994757536,NA
"2163",2015,"BUFFRMFISHBT20","cypgre","Notropis greenei","Wedgespot shiner",6,0.0521814755761705,67.8333333333333,9.36838655621482,3.82462779597934,7.49613273439031,NA,0.393184796854522,NA
"2164",2015,"BUFFRMFISHBT20","erihar","Erimystax harryi","Ozark chub",1,0.00869691259602841,102,NA,NA,NA,9,0.0655307994757536,0.03802966877567
"2165",2015,"BUFFRMFISHBT20","ethble","Etheostoma blennioides","Greenside darter",80,0.695753007682273,75.2,16.0525000738418,2.93077213159883,5.74420782482738,4.96666666666667,5.24246395806029,1.67893945113328
"2166",2015,"BUFFRMFISHBT20","ethcae","Etheostoma caeruleum","Rainbow darter",61,0.530511668357733,49.3333333333333,5.73755524852572,1.04752947818323,2.05312004998317,1.4,3.99737876802097,0.36085930149358
"2167",2015,"BUFFRMFISHBT20","etheux","Etheostoma euzonum","Arkansas saddled darter",41,0.356573416437165,83.9666666666667,10.7654726927734,1.96549741201263,3.85230413925144,5.96666666666667,2.6867627785059,1.03370273757275
"2168",2015,"BUFFRMFISHBT20","ethjul","Etheostoma juliae","Yoke darter",6,0.0521814755761705,55.3333333333333,7.58067719050658,3.09479850358271,6.06569360643056,2.66666666666667,0.393184796854522,0.0676083000456356
"2169",2015,"BUFFRMFISHBT20","ethspe","Etheostoma spectabile","Orangethroat darter",1,0.00869691259602841,67,NA,NA,NA,4,0.0655307994757536,0.0169020750114089
"2170",2015,"BUFFRMFISHBT20","ethzon","Etheostoma zonale","Banded darter",57,0.495724017973619,49.7666666666667,5.61207646944075,1.02462029225222,2.00821887064325,1.36666666666667,3.73525557011796,0.329167910847188
"2171",2015,"BUFFRMFISHBT20","funoli","Fundulus olivaceus","Blackspotted topminnow",2,0.0173938251920568,58,5.65685424949238,4,7.83985593816022,2.5,0.131061598951507,0.0211275937642611
"2172",2015,"BUFFRMFISHBT20","hypnig","Hypentelium nigricans","Northern hog sucker",9,0.0782722133642557,169.888888888889,60.6639193517128,20.2213064505709,39.6330323634665,67.8888888888889,0.589777195281782,2.58179195799271
"2173",2015,"BUFFRMFISHBT20","ichamm","Ichthyomyzon spp.","Ichthyomyzon ammocoete",5,0.043484562980142,148.2,15.1393526942204,6.7705243519243,13.269983886223,5.2,0.327653997378768,0.109863487574158
"2174",2015,"BUFFRMFISHBT20","lepcya","Lepomis cyanellus","Green sunfish",8,0.0695753007682273,108.5,21.1254754807014,7.46898348409704,14.6389386299547,25,0.524246395806029,0.845103750570445
"2175",2015,"BUFFRMFISHBT20","lepmeg","Lepomis megalotis","Longear sunfish",158,1.37411219017249,110.4,26.5844133748097,4.85362762780843,9.5129353448731,31.7666666666667,10.3538663171691,21.2084420230657
"2176",2015,"BUFFRMFISHBT20","luxpil","Luxilus pilsbryi","Duskystripe shiner",188,1.63501956805334,77.1333333333333,13.7633529729304,2.51283296339325,4.92506210741583,NA,12.3197903014417,NA
"2177",2015,"BUFFRMFISHBT20","micdol","Micropterus dolomieu","Smallmouth bass",9,0.0782722133642557,230.333333333333,92.79951508494,30.93317169498,60.6279024497546,220.777777777778,0.589777195281782,8.39610576191737
"2178",2015,"BUFFRMFISHBT20","moxduq","Moxostoma duquesnei","Black redhorse",8,0.0695753007682273,149.25,91.8130865244321,32.4608280415466,63.6220538697792,68.375,0.524246395806029,2.31135875781017
"2179",2015,"BUFFRMFISHBT20","moxery","Moxostoma erythrurum","Golden redhorse",1,0.00869691259602841,361,NA,NA,NA,464,0.0655307994757536,1.96064070132343
"2180",2015,"BUFFRMFISHBT20","notala","Noturus albater","Ozark madtom",30,0.260907377880852,79.4333333333333,19.8853322019424,3.63054833682925,7.11574398431712,6.03333333333333,1.96592398427261,0.764818894266253
"2181",2015,"BUFFRMFISHBT20","notexi","Noturus exilis","Slender madtom",12,0.104362951152341,89.25,20.1274349176351,5.81028998389665,11.3879591081712,6.5,0.786369593709043,0.329590462722474
"2182",2015,"BUFFRMFISHBT20","notnub","Notropis nubilus","Ozark minnow",71,0.617480794318017,63.6666666666667,10.0045966446923,1.82658108701282,3.58003314538716,NA,4.65268676277851,NA
"2183",2015,"BUFFRMFISHBT20","notper","Notropis percobromus","Carmine shiner",11,0.0956660385563125,56.1818181818182,4.09434199397612,1.23449055976494,2.41955703639398,5.72727272727273,0.72083879423329,0.26620768142969
"2184",2015,"BUFFRMFISHBT20","percap","Percina caprodes","Logperch",1,0.00869691259602841,144,NA,NA,NA,22,0.0655307994757536,0.092961412562749
"2185",2015,"BUFFRMFISHBT20","pimnot","Pimephales notatus","Bluntnose minnow",7,0.0608783881721989,64.7142857142857,13.7442628723683,5.19484307345498,10.1817053293091,2.85714285714286,0.458715596330275,0.0845103750570445
"2186",2015,"BUFFRMFISHBT23","ambcon","Ambloplites constellatus","Ozark bass",3,0.0720288115246098,89.6666666666667,60.0777274314977,34.6858921048762,67.9830992971995,29.6666666666667,1.04166666666667,5.72715572715573
"2187",2015,"BUFFRMFISHBT23","amenat","Ameiurus natalis","Yellow bullhead",3,0.0720288115246098,171.666666666667,80.6866366465559,46.5844513878946,91.3038469598303,96.6666666666667,1.04166666666667,18.6615186615187
"2188",2015,"BUFFRMFISHBT23","camspp","Campostoma spp.","Stoneroller spp.",11,0.264105642256903,80.6363636363636,16.6569668743906,5.02226447888478,9.84345749944898,6.18181818181818,3.81944444444444,4.37580437580438
"2189",2015,"BUFFRMFISHBT23","cotcar","Cottus carolinae","Banded sculpin",5,0.120048019207683,76,27.267196408872,12.1942609452152,23.9003122707051,10.6,1.73611111111111,3.41055341055341
"2190",2015,"BUFFRMFISHBT23","cypgre","Notropis greenei","Wedgespot shiner",7,0.168067226890756,64.7142857142857,3.45032779671177,1.30410132739325,2.55599163388165,2.42857142857143,2.43055555555556,1.09395109395109
"2191",2015,"BUFFRMFISHBT23","erihar","Erimystax harryi","Ozark chub",2,0.0480192076830732,84.5,12.0208152801713,8.5,16.6596938685905,4.5,0.694444444444444,0.579150579150579
"2192",2015,"BUFFRMFISHBT23","ethble","Etheostoma blennioides","Greenside darter",3,0.0720288115246098,60.6666666666667,17.925772879665,10.3494497975067,20.2845488629185,3,1.04166666666667,0.579150579150579
"2193",2015,"BUFFRMFISHBT23","ethcae","Etheostoma caeruleum","Rainbow darter",5,0.120048019207683,43.4,3.78153408023781,1.69115345252878,3.31459985928697,1,1.73611111111111,0.321750321750322
"2194",2015,"BUFFRMFISHBT23","funoli","Fundulus olivaceus","Blackspotted topminnow",3,0.0720288115246098,60.6666666666667,2.08166599946613,1.20185042515466,2.35558354810729,2,1.04166666666667,0.386100386100386
"2195",2015,"BUFFRMFISHBT23","lepcya","Lepomis cyanellus","Green sunfish",3,0.0720288115246098,111.666666666667,47.0035459655262,27.1375099160635,53.188542065583,35,1.04166666666667,6.75675675675676
"2196",2015,"BUFFRMFISHBT23","lepmeg","Lepomis megalotis","Longear sunfish",19,0.456182472989196,97.9473684210526,23.65838748194,5.42760632636337,10.637912921934,21.8421052631579,6.59722222222222,26.7052767052767
"2197",2015,"BUFFRMFISHBT23","luxpil","Luxilus pilsbryi","Duskystripe shiner",15,0.360144057623049,80.4666666666667,20.9348194801547,5.4053471468332,10.5942857317294,5.33333333333333,5.20833333333333,5.14800514800515
"2198",2015,"BUFFRMFISHBT23","nocbig","Nocomis biguttatus","Hornyhead chub",1,0.0240096038415366,154,NA,NA,NA,46,0.347222222222222,2.96010296010296
"2199",2015,"BUFFRMFISHBT23","notboo","Notropis boops","Bigeye shiner",11,0.264105642256903,86.9090909090909,15.5142163543928,4.6777122330833,9.16814750688571,5.63636363636364,3.81944444444444,3.98970398970399
"2200",2015,"BUFFRMFISHBT23","notnub","Notropis nubilus","Ozark minnow",22,0.528211284513806,56.3636363636364,7.35847716223854,1.56883260227566,3.07485539823254,1.77272727272727,7.63888888888889,2.50965250965251
"2201",2015,"BUFFRMFISHBT23","notper","Notropis percobromus","Carmine shiner",174,4.17767106842737,52.3,5.20709065635008,0.950680337152439,1.86329922162918,1.5,60.4166666666667,16.7953667953668
"2202",2015,"BUFFRMFISHBT23","pimnot","Pimephales notatus","Bluntnose minnow",1,0.0240096038415366,25,NA,NA,NA,NA,0.347222222222222,NA
"2203",2017,"BUFFRMFISHBM01","ambcon","Ambloplites constellatus","Ozark bass",7,0.0602236879839404,145.857142857143,47.3160598931222,17.883789642377,35.0515836061493,81.8571428571429,1.24113475177305,7.9987928357193
"2204",2017,"BUFFRMFISHBM01","amenat","Ameiurus natalis","Yellow bullhead",3,0.0258101519931173,157.333333333333,26.3881286440197,15.2351931760353,29.8604299225395,75,0.531914893617021,3.14088723915679
"2205",2017,"BUFFRMFISHBM01","camspp","Campostoma spp.","Stoneroller spp.",132,1.13564668769716,95.0357142857143,21.4691546916641,4.0572888694942,7.95214005908387,11.2857142857143,23.4042553191489,20.7956648443981
"2206",2017,"BUFFRMFISHBM01","chrery","Chrosomus erythrogaster","Southern redbelly dace",28,0.240894751935761,64.2857142857143,13.0720429496811,2.4703839123151,4.84186349612474,2.89285714285714,4.9645390070922,1.13071940609645
"2207",2017,"BUFFRMFISHBM01","cotcar","Cottus carolinae","Banded sculpin",104,0.894751935761399,65.7666666666667,23.895870849964,4.36276916525182,8.55087043675544,5.26666666666667,18.4397163120567,7.64608283167769
"2208",2017,"BUFFRMFISHBM01","cypgre","Notropis greenei","Wedgespot shiner",1,0.00860338399770576,88,NA,NA,NA,6,0.177304964539007,0.0837569930441811
"2209",2017,"BUFFRMFISHBM01","ethaut","Etheostoma autmnale","Autumn darter",22,0.189274447949527,70.3181818181818,8.5822983026602,1.82975214610469,3.58624830700007,3.40909090909091,3.90070921985816,1.04696241305226
"2210",2017,"BUFFRMFISHBM01","ethble","Etheostoma blennioides","Greenside darter",10,0.0860338399770576,92.4,15.9387717357532,5.04028217904955,9.87877154285617,8,1.77304964539007,1.11675990725575
"2211",2017,"BUFFRMFISHBM01","ethcae","Etheostoma caeruleum","Rainbow darter",86,0.739891023802696,48.6666666666667,9.88322624043082,1.80442198427031,3.53660210208211,1.36666666666667,15.2482269503546,1.6407064304099
"2212",2017,"BUFFRMFISHBM01","ethspe","Etheostoma spectabile","Orangethroat darter",9,0.0774304559793519,48,9.97496867163,3.32498955721,6.51685978110338,1.11111111111111,1.59574468085106,0.139594988406969
"2213",2017,"BUFFRMFISHBM01","ethzon","Etheostoma zonale","Banded darter",2,0.0172067679954115,59,4.24264068711928,3,5.87989195362016,2.5,0.354609929078014,0.0697974942034843
"2214",2017,"BUFFRMFISHBM01","hypnig","Hypentelium nigricans","Northern hog sucker",2,0.0172067679954115,224.5,78.4888527117068,55.5,108.778001141973,146.5,0.354609929078014,4.09013316032418
"2215",2017,"BUFFRMFISHBM01","lamaep","Lampetra aepyptera","Least Brook lamprey",1,0.00860338399770576,117,NA,NA,NA,3,0.177304964539007,0.0418784965220906
"2216",2017,"BUFFRMFISHBM01","lepcya","Lepomis cyanellus","Green sunfish",48,0.412962431889877,92.3333333333333,42.2703395916735,7.7174728359211,15.1259688100715,27.5333333333333,8.51063829787234,18.448873667865
"2217",2017,"BUFFRMFISHBM01","lepmeg","Lepomis megalotis","Longear sunfish",14,0.120447375967881,102.428571428571,22.3562563458688,5.97496083550941,11.7107080466358,26.2857142857143,2.4822695035461,5.13709557337644
"2218",2017,"BUFFRMFISHBM01","luxchr","Luxilus chrysocephalus","Striped shiner",9,0.0774304559793519,117.444444444444,53.7450256096113,17.9150085365371,35.1127715143404,11.3333333333333,1.59574468085106,1.42386888175108
"2219",2017,"BUFFRMFISHBM01","luxpil","Luxilus pilsbryi","Duskystripe shiner",23,0.197877831947233,87.9565217391304,17.4081440211434,3.62984895038988,7.11437321208468,6.78260869565217,4.07801418439716,2.17768181914871
"2220",2017,"BUFFRMFISHBM01","micdol","Micropterus dolomieu","Smallmouth bass",2,0.0172067679954115,296,15.556349186104,11,21.5596038299406,357.5,0.354609929078014,9.98104167109825
"2221",2017,"BUFFRMFISHBM01","moxduq","Moxostoma duquesnei","Black redhorse",2,0.0172067679954115,236,196.57568516986,139,272.434993851067,225.5,0.354609929078014,6.29573397715428
"2222",2017,"BUFFRMFISHBM01","nocbig","Nocomis biguttatus","Hornyhead chub",14,0.120447375967881,104.285714285714,59.2081446728775,15.8240422766037,31.0145529519825,22.1428571428571,2.4822695035461,4.32744464061603
"2223",2017,"BUFFRMFISHBM01","notboo","Notropis boops","Bigeye shiner",7,0.0602236879839404,88.8571428571429,4.0178174601215,1.51859225896209,2.97638613476702,7,1.24113475177305,0.684015443194146
"2224",2017,"BUFFRMFISHBM01","notexi","Noturus exilis","Slender madtom",5,0.0430169199885288,122.6,23.8704838660635,10.675204916066,20.9230171630743,16.4,0.886524822695036,1.14467890493714
"2225",2017,"BUFFRMFISHBM01","notnub","Notropis nubilus","Ozark minnow",28,0.240894751935761,72.0357142857143,8.24837646362691,1.55879663162823,3.05518525721368,3.39285714285714,4.9645390070922,1.3261523898662
"2226",2017,"BUFFRMFISHBM01","nottel","Notropis telescopus","Telescope shiner",5,0.0430169199885288,58,11.4236596587959,5.10881590977792,10.01309518681,1.6,0.886524822695036,0.111675990725575
"2227",2017,"BUFFRMFISHBM02","ambcon","Ambloplites constellatus","Ozark bass",10,0.124275062137531,173.6,36.9780715800294,11.6934929673634,22.9188250695047,109.4,2.00803212851406,15.5759305915185
"2228",2017,"BUFFRMFISHBM02","amenat","Ameiurus natalis","Yellow bullhead",1,0.0124275062137531,192,NA,NA,NA,105,0.200803212851406,1.49494763446933
"2229",2017,"BUFFRMFISHBM02","camspp","Campostoma spp.","Stoneroller spp.",23,0.285832642916321,83.3478260869565,17.0203319475486,3.5489845431,6.95588188616535,8.39130434782609,4.61847389558233,2.74785612811982
"2230",2017,"BUFFRMFISHBM02","cotcar","Cottus carolinae","Banded sculpin",3,0.0372825186412593,31.6666666666667,4.04145188432738,2.33333333333333,4.57324929726012,0.333333333333333,0.602409638554217,0.0142375965187555
"2231",2017,"BUFFRMFISHBM02","cypgal","Cyprinella galactura","Whitetail shiner",13,0.16155758077879,103,28.5452856586396,7.91703777807629,15.5171089092725,15.5384615384615,2.61044176706827,2.87599449678861
"2232",2017,"BUFFRMFISHBM02","cypgre","Notropis greenei","Wedgespot shiner",20,0.248550124275062,63.3,6.38336654290294,1.42736415152288,2.79758232980842,2.15,4.01606425702811,0.612216650306487
"2233",2017,"BUFFRMFISHBM02","ethble","Etheostoma blennioides","Greenside darter",9,0.111847555923778,77.3333333333333,21.9658826364888,7.3219608788296,14.3507796187173,5.33333333333333,1.80722891566265,0.683404632900265
"2234",2017,"BUFFRMFISHBM02","ethcae","Etheostoma caeruleum","Rainbow darter",46,0.571665285832643,43,6.4165733684813,1.17150065860137,2.29609909872364,0.8,9.23694779116466,0.523943551890203
"2235",2017,"BUFFRMFISHBM02","etheux","Etheostoma euzonum","Arkansas saddled darter",5,0.0621375310687655,70,17.1026313764871,7.64852927038918,14.9908419046632,3.6,1.00401606425703,0.256276737337599
"2236",2017,"BUFFRMFISHBM02","ethjul","Etheostoma juliae","Yoke darter",49,0.608947804473902,41.0666666666667,7.40891044776413,1.35267579292537,2.65119583689289,0.866666666666667,9.83935742971888,0.604623265496484
"2237",2017,"BUFFRMFISHBM02","ethzon","Etheostoma zonale","Banded darter",8,0.0994200497100249,49.375,5.06916448455054,1.79222029098785,3.51268722269808,1.14285714285714,1.60642570281124,0.130172311028622
"2238",2017,"BUFFRMFISHBM02","funcat","Fundulus catenatus","Northern studfish",1,0.0124275062137531,95,NA,NA,NA,7,0.200803212851406,0.0996631756312886
"2239",2017,"BUFFRMFISHBM02","funoli","Fundulus olivaceus","Blackspotted topminnow",1,0.0124275062137531,62,NA,NA,NA,3,0.200803212851406,0.0427127895562666
"2240",2017,"BUFFRMFISHBM02","hypamb","Hybopsis amblops","Bigeye chub",18,0.223695111847556,73.3333333333333,5.54128887109679,1.30609431242203,2.55989781275979,2.94444444444444,3.6144578313253,0.754592615494043
"2241",2017,"BUFFRMFISHBM02","ichamm","Ichthyomyzon spp.","Ichthyomyzon ammocoete",3,0.0372825186412593,140.333333333333,17.0977581376429,9.87139526330723,19.3475791932415,5.66666666666667,0.602409638554217,0.242039140818844
"2242",2017,"BUFFRMFISHBM02","lepcya","Lepomis cyanellus","Green sunfish",7,0.0869925434962718,123.857142857143,40.2965199962667,15.2306529444947,29.8515312322386,45.4285714285714,1.40562248995984,4.52755569296425
"2243",2017,"BUFFRMFISHBM02","lepmac","Lepomis macrochirus","Bluegill",2,0.0248550124275062,66,12.7279220613579,9,17.6396758608605,3.5,0.401606425702811,0.0996631756312886
"2244",2017,"BUFFRMFISHBM02","lepmeg","Lepomis megalotis","Longear sunfish",52,0.646230323115162,85.5454545454545,29.4203335360084,4.43528216118408,8.69299329719377,17.780487804878,10.4417670682731,13.1638733861703
"2245",2017,"BUFFRMFISHBM02","leposs","Lepisosteus osseus","Longnose gar",1,0.0124275062137531,620,NA,NA,NA,459,0.200803212851406,6.53505680210878
"2246",2017,"BUFFRMFISHBM02","luxchr","Luxilus chrysocephalus","Striped shiner",4,0.0497100248550124,77.5,27.4408454680245,13.7204227340122,26.8915344113286,4.5,0.803212851405622,0.256276737337599
"2247",2017,"BUFFRMFISHBM02","luxpil","Luxilus pilsbryi","Duskystripe shiner",36,0.447390223695112,71.1333333333333,12.5002988470023,2.28223188468633,4.47309229835418,5.1,7.2289156626506,2.61402272084351
"2248",2017,"BUFFRMFISHBM02","micdol","Micropterus dolomieu","Smallmouth bass",5,0.0621375310687655,205,89.6046873773911,40.0724344156928,78.5405282276012,159,1.00401606425703,11.3188892324106
"2249",2017,"BUFFRMFISHBM02","moxduq","Moxostoma duquesnei","Black redhorse",3,0.0372825186412593,277,24.2487113059643,14,27.4394957835608,210.666666666667,0.602409638554217,8.99816099985349
"2250",2017,"BUFFRMFISHBM02","notala","Noturus albater","Ozark madtom",7,0.0869925434962718,65,8.08290376865476,3.05505046330389,5.98778887902804,2.57142857142857,1.40562248995984,0.256276737337599
"2251",2017,"BUFFRMFISHBM02","notboo","Notropis boops","Bigeye shiner",74,0.91963545981773,65.03125,4.04398697391093,0.714882653070621,1.40114425319086,2.40625,14.859437751004,2.5351820301209
"2252",2017,"BUFFRMFISHBM02","notexi","Noturus exilis","Slender madtom",1,0.0124275062137531,38,NA,NA,NA,1,0.200803212851406,0.0142375965187555
"2253",2017,"BUFFRMFISHBM02","notnub","Notropis nubilus","Ozark minnow",45,0.55923777961889,60.5333333333333,8.97403662424738,1.63842743032593,3.21125875472134,1.73333333333333,9.03614457831325,1.11053252846293
"2254",2017,"BUFFRMFISHBM02","notoza","Notropis ozarcanus","Ozark shiner",5,0.0621375310687655,49.6,6.10737259384099,2.73130005674953,5.35324974220129,2,1.00401606425703,0.142375965187555
"2255",2017,"BUFFRMFISHBM02","notper","Notropis percobromus","Carmine shiner",35,0.434962717481359,53.1666666666667,4.13632631719245,0.755186409709524,1.48013816464478,1,7.0281124497992,0.498315878156443
"2256",2017,"BUFFRMFISHBM02","percap","Percina caprodes","Logperch",1,0.0124275062137531,171,NA,NA,NA,37,0.200803212851406,0.526791071193954
"2257",2017,"BUFFRMFISHBM02","pimnot","Pimephales notatus","Bluntnose minnow",9,0.111847555923778,65.7777777777778,14.0870310727436,4.69567702424788,9.20335785055805,2.33333333333333,1.80722891566265,0.298989526893866
"2258",2017,"BUFFRMFISHBM02","pyloli","Pylodictis olivaris","Flathead catfish",1,0.0124275062137531,496,NA,NA,NA,1436,0.200803212851406,20.4451886009329
"2259",2017,"BUFFRMFISHBM03","ambcon","Ambloplites constellatus","Ozark bass",4,0.0352526439482961,130.25,63.2527996745335,31.6263998372668,61.9866046417063,67.75,0.64,1.79842998243317
"2260",2017,"BUFFRMFISHBM03","amenat","Ameiurus natalis","Yellow bullhead",1,0.00881316098707403,215,NA,NA,NA,148,0.16,0.982168403690437
"2261",2017,"BUFFRMFISHBM03","camspp","Campostoma spp.","Stoneroller spp.",113,0.995887191539365,91.3333333333333,18.2441929038432,3.33091866563687,6.52848062008048,7.96666666666667,18.08,5.97419416181704
"2262",2017,"BUFFRMFISHBM03","cotcar","Cottus carolinae","Banded sculpin",3,0.0264394829612221,28.6666666666667,5.13160143944688,2.96273147243853,5.80684698184284,0.333333333333333,0.48,0.00663627299790836
"2263",2017,"BUFFRMFISHBM03","cypgal","Cyprinella galactura","Whitetail shiner",7,0.0616921269095182,77.1428571428571,21.1299832105042,7.98638296885205,15.6530229856941,4.71428571428571,1.12,0.218997008930976
"2264",2017,"BUFFRMFISHBM03","cypgre","Notropis greenei","Wedgespot shiner",19,0.167450058754407,60.4736842105263,6.89096365662736,1.58089548436053,3.09849821266865,2.10526315789474,3.04,0.265450919916334
"2265",2017,"BUFFRMFISHBM03","erihar","Erimystax harryi","Ozark chub",1,0.00881316098707403,109,NA,NA,NA,7,0.16,0.0464539109853585
"2266",2017,"BUFFRMFISHBM03","ethble","Etheostoma blennioides","Greenside darter",13,0.114571092831962,76.5384615384615,20.3822446613688,5.65301755658595,11.0797108148811,5.07692307692308,2.08,0.437994017861952
"2267",2017,"BUFFRMFISHBM03","ethcae","Etheostoma caeruleum","Rainbow darter",33,0.290834312573443,46.4333333333333,5.57508826794718,1.01786720147903,1.99498305594346,1.03333333333333,5.28,0.226296909228675
"2268",2017,"BUFFRMFISHBM03","etheux","Etheostoma euzonum","Arkansas saddled darter",4,0.0352526439482961,63.75,2.21735578260835,1.10867789130417,2.17296873741199,2.25,0.64,0.0597264569811752
"2269",2017,"BUFFRMFISHBM03","ethjul","Etheostoma juliae","Yoke darter",62,0.54641598119859,44.3666666666667,7.6990072505277,1.40563998050328,2.75500373701602,1.16666666666667,9.92,0.480023746848705
"2270",2017,"BUFFRMFISHBM03","ethzon","Etheostoma zonale","Banded darter",1,0.00881316098707403,46,NA,NA,NA,1,0.16,0.00663627299790836
"2271",2017,"BUFFRMFISHBM03","funcat","Fundulus catenatus","Northern studfish",5,0.0440658049353701,69,27.4135003237456,12.2596900450215,24.0285509498664,4.2,0.8,0.139361732956076
"2272",2017,"BUFFRMFISHBM03","funoli","Fundulus olivaceus","Blackspotted topminnow",1,0.00881316098707403,42,NA,NA,NA,NA,0.16,NA
"2273",2017,"BUFFRMFISHBM03","hypamb","Hybopsis amblops","Bigeye chub",22,0.193889541715629,66.1818181818182,4.01943331277484,0.856946061627201,1.67958341748276,2.04545454545455,3.52,0.298632284905876
"2274",2017,"BUFFRMFISHBM03","hypnig","Hypentelium nigricans","Northern hog sucker",5,0.0440658049353701,287.8,45.9205836199846,20.5363093081498,40.2504266193483,314.5,0.8,10.4355392892109
"2275",2017,"BUFFRMFISHBM03","labsic","Labidesthes sicculus","Brook silverside",2,0.0176263219741481,77.5,10.6066017177982,7.5,14.6997298840504,2,0.32,0.0265450919916334
"2276",2017,"BUFFRMFISHBM03","lepcya","Lepomis cyanellus","Green sunfish",7,0.0616921269095182,71,60.8604962188118,23.0031053804232,45.0852580782091,47.25,1.12,2.19494729405819
"2277",2017,"BUFFRMFISHBM03","lepmac","Lepomis macrochirus","Bluegill",1,0.00881316098707403,33,NA,NA,NA,1,0.16,0.00663627299790836
"2278",2017,"BUFFRMFISHBM03","lepmeg","Lepomis megalotis","Longear sunfish",30,0.264394829612221,68.1666666666667,31.3226626486686,5.71870963126677,11.2084649153252,15.0952380952381,4.8,3.00528362905279
"2279",2017,"BUFFRMFISHBM03","luxchr","Luxilus chrysocephalus","Striped shiner",4,0.0352526439482961,90,35.5621521658443,17.7810760829222,34.850268728894,9.75,0.64,0.258814646918426
"2280",2017,"BUFFRMFISHBM03","luxpil","Luxilus pilsbryi","Duskystripe shiner",18,0.158636897767333,65.3333333333333,14.8482520262587,3.49976656551146,6.8594164226999,2.5,2.88,0.298632284905876
"2281",2017,"BUFFRMFISHBM03","micdol","Micropterus dolomieu","Smallmouth bass",14,0.123384253819036,232,89.8571515924453,24.0153339293099,47.0691895781502,224.928571428571,2.24,20.8976236704134
"2282",2017,"BUFFRMFISHBM03","moxduq","Moxostoma duquesnei","Black redhorse",33,0.290834312573443,230.066666666667,109.111437288336,19.9209318282106,39.0443089217705,210.5,5.28,46.0988703799704
"2283",2017,"BUFFRMFISHBM03","moxery","Moxostoma erythrurum","Golden redhorse",5,0.0440658049353701,135.6,67.6779136794272,30.2664831125124,59.3212168392141,40.6,0.8,1.3471634185754
"2284",2017,"BUFFRMFISHBM03","notala","Noturus albater","Ozark madtom",6,0.0528789659224442,64.6666666666667,6.65331997326648,2.71620650499511,5.32366692436384,2.33333333333333,0.96,0.092907821970717
"2285",2017,"BUFFRMFISHBM03","notboo","Notropis boops","Bigeye shiner",105,0.925381903642773,64.5,5.55691554235149,1.01454933089899,1.98848014910123,4.3,16.8,2.99627725855562
"2286",2017,"BUFFRMFISHBM03","notexi","Noturus exilis","Slender madtom",3,0.0264394829612221,72.3333333333333,14.0118997046558,8.08977406634106,15.8556658130946,2.66666666666667,0.48,0.0530901839832669
"2287",2017,"BUFFRMFISHBM03","notnub","Notropis nubilus","Ozark minnow",50,0.440658049353702,57.8666666666667,8.98171834159901,1.63982991361722,3.21400757146119,1.89655172413793,8,0.629301749801655
"2288",2017,"BUFFRMFISHBM03","notoza","Notropis ozarcanus","Ozark shiner",4,0.0352526439482961,46.25,0.5,0.25,0.489990996135013,0.75,0.64,0.0199088189937251
"2289",2017,"BUFFRMFISHBM03","notper","Notropis percobromus","Carmine shiner",5,0.0440658049353701,58.4,5.31977443130815,2.37907545067406,4.66290219982456,1.6,0.8,0.0530901839832669
"2290",2017,"BUFFRMFISHBM03","percap","Percina caprodes","Logperch",1,0.00881316098707403,95,NA,NA,NA,7,0.16,0.0464539109853585
"2291",2017,"BUFFRMFISHBM03","perevi","Percina evides","Gilt darter",1,0.00881316098707403,60,NA,NA,NA,2,0.16,0.0132725459958167
"2292",2017,"BUFFRMFISHBM03","pimnot","Pimephales notatus","Bluntnose minnow",42,0.370152761457109,71.2926829268293,12.3900038386576,1.93499350929743,3.79251758854174,2.09756097560976,6.72,0.584639465084024
"2293",2017,"BUFFRMFISHBM04","ambcon","Ambloplites constellatus","Ozark bass",16,0.161616161616162,153.125,57.9492594143072,14.4873148535768,28.3946153457027,94.0625,4.1343669250646,23.7640221264873
"2294",2017,"BUFFRMFISHBM04","amenat","Ameiurus natalis","Yellow bullhead",8,0.0808080808080808,171.875,86.0488856074599,30.4228752632902,59.6277398222033,123.875,2.0671834625323,15.6479374932551
"2295",2017,"BUFFRMFISHBM04","camspp","Campostoma spp.","Stoneroller spp.",48,0.484848484848485,96.1666666666667,22.9888778705514,4.19717566047744,8.22631313132389,9.63333333333333,12.4031007751938,7.30131816032407
"2296",2017,"BUFFRMFISHBM04","cotcar","Cottus carolinae","Banded sculpin",1,0.0101010101010101,78,NA,NA,NA,8,0.258397932816538,0.12632038339661
"2297",2017,"BUFFRMFISHBM04","cypgal","Cyprinella galactura","Whitetail shiner",3,0.0303030303030303,87,12.7671453348037,7.37111479583199,14.447119525741,5.33333333333333,0.775193798449612,0.252640766793221
"2298",2017,"BUFFRMFISHBM04","cypgre","Notropis greenei","Wedgespot shiner",3,0.0303030303030303,66,2,1.15470053837925,2.26317146815234,2.33333333333333,0.775193798449612,0.110530335472034
"2299",2017,"BUFFRMFISHBM04","erihar","Erimystax harryi","Ozark chub",5,0.0505050505050505,99.8,18.1576430188502,8.12034482026472,15.9155833897652,7.8,1.29198966408269,0.615811869058475
"2300",2017,"BUFFRMFISHBM04","ethble","Etheostoma blennioides","Greenside darter",39,0.393939393939394,83.025641025641,19.2702213401747,3.08570496661757,6.04787060148681,7.56410256410256,10.077519379845,4.65806413775
"2301",2017,"BUFFRMFISHBM04","ethcae","Etheostoma caeruleum","Rainbow darter",32,0.323232323232323,46,5.43932044437094,0.993079501626997,1.9464000569739,0.833333333333333,8.2687338501292,0.421067944655368
"2302",2017,"BUFFRMFISHBM04","etheux","Etheostoma euzonum","Arkansas saddled darter",7,0.0707070707070707,65.2857142857143,10.387721689801,3.92618975425215,7.69519051480438,2.42857142857143,1.80878552971576,0.268430814717797
"2303",2017,"BUFFRMFISHBM04","ethjul","Etheostoma juliae","Yoke darter",12,0.121212121212121,46.5,7.98293634743963,2.30447522455896,4.51668844340041,1.33333333333333,3.10077519379845,0.252640766793221
"2304",2017,"BUFFRMFISHBM04","ethzon","Etheostoma zonale","Banded darter",6,0.0606060606060606,45.6666666666667,5.71547606649408,2.33333333333333,4.57324929726012,0.833333333333333,1.55038759689922,0.0789502396228814
"2305",2017,"BUFFRMFISHBM04","funcat","Fundulus catenatus","Northern studfish",6,0.0606060606060606,85.1666666666667,14.8245292224295,6.05208871198843,11.8618759067387,6,1.55038759689922,0.568441725284746
"2306",2017,"BUFFRMFISHBM04","funoli","Fundulus olivaceus","Blackspotted topminnow",6,0.0606060606060606,63,11.0995495404093,4.53137212479105,8.88132616513919,2.33333333333333,1.55038759689922,0.221060670944068
"2307",2017,"BUFFRMFISHBM04","hypamb","Hybopsis amblops","Bigeye chub",2,0.0202020202020202,75.5,6.36396103067893,4.5,8.81983793043024,3,0.516795865633075,0.0947402875474577
"2308",2017,"BUFFRMFISHBM04","hypnig","Hypentelium nigricans","Northern hog sucker",2,0.0202020202020202,285.5,127.986327394765,90.5,177.376740600875,341.5,0.516795865633075,10.7846027324856
"2309",2017,"BUFFRMFISHBM04","ichgag","Ichthyomyzon gagei","Southern Brook Lamprey",5,0.0505050505050505,126.4,26.4253666010521,11.817783210061,23.1624294688217,4.6,1.29198966408269,0.363171102265255
"2310",2017,"BUFFRMFISHBM04","labsic","Labidesthes sicculus","Brook silverside",1,0.0101010101010101,89,NA,NA,NA,3,0.258397932816538,0.0473701437737289
"2311",2017,"BUFFRMFISHBM04","lepcya","Lepomis cyanellus","Green sunfish",5,0.0505050505050505,98,35.1923287095356,15.7384878562078,30.8468693692883,26.6,1.29198966408269,2.10007637396865
"2312",2017,"BUFFRMFISHBM04","lepmac","Lepomis macrochirus","Bluegill",1,0.0101010101010101,55,NA,NA,NA,3,0.258397932816538,0.0473701437737289
"2313",2017,"BUFFRMFISHBM04","lepmeg","Lepomis megalotis","Longear sunfish",64,0.646464646464647,80.1315789473684,34.0160304440315,5.51812879985807,10.815333709775,21.4473684210526,16.5374677002584,21.6739184143658
"2314",2017,"BUFFRMFISHBM04","luxchr","Luxilus chrysocephalus","Striped shiner",3,0.0303030303030303,87.3333333333333,19.6553639837408,11.3480296870328,22.2417294820756,7,0.775193798449612,0.331591006416102
"2315",2017,"BUFFRMFISHBM04","luxpil","Luxilus pilsbryi","Duskystripe shiner",22,0.222222222222222,67.9047619047619,13.8343946810287,3.01891241998613,5.91695961565346,2.76190476190476,5.68475452196382,0.959433388179016
"2316",2017,"BUFFRMFISHBM04","micsal","Micropterus salmoides","Largemouth bass",1,0.0101010101010101,253,NA,NA,NA,97,0.258397932816538,1.5316346486839
"2317",2017,"BUFFRMFISHBM04","moxduq","Moxostoma duquesnei","Black redhorse",12,0.121212121212121,106.916666666667,10.1574722458022,2.93220966770003,5.74702534381222,11.8333333333333,3.10077519379845,2.24218680528983
"2318",2017,"BUFFRMFISHBM04","moxery","Moxostoma erythrurum","Golden redhorse",3,0.0303030303030303,138.333333333333,97.5721954930468,56.3333333333333,110.411304462423,57.3333333333333,0.775193798449612,2.71588824302712
"2319",2017,"BUFFRMFISHBM04","notala","Noturus albater","Ozark madtom",4,0.0404040404040404,64.5,2.51661147842358,1.25830573921179,2.46623393039516,3.25,1.03359173126615,0.205270623019492
"2320",2017,"BUFFRMFISHBM04","notboo","Notropis boops","Bigeye shiner",29,0.292929292929293,57.1071428571429,11.4676333110461,2.1671789905363,4.24759276950301,1.64285714285714,7.49354005167959,0.752282997549456
"2321",2017,"BUFFRMFISHBM04","notexi","Noturus exilis","Slender madtom",6,0.0606060606060606,99.3333333333333,15.9708067005605,6.52005453283261,12.779072061589,7.33333333333333,1.55038759689922,0.694762108681357
"2322",2017,"BUFFRMFISHBM04","notnub","Notropis nubilus","Ozark minnow",20,0.202020202020202,57.4,10.9563728150861,2.44991944013633,4.80175386769173,1.8,5.16795865633075,0.568441725284746
"2323",2017,"BUFFRMFISHBM04","notper","Notropis percobromus","Carmine shiner",6,0.0606060606060606,51.1666666666667,4.53504869507116,1.85142587693318,3.62872803883451,0.833333333333333,1.55038759689922,0.0789502396228814
"2324",2017,"BUFFRMFISHBM04","percap","Percina caprodes","Logperch",1,0.0101010101010101,117,NA,NA,NA,12,0.258397932816538,0.189480575094915
"2325",2017,"BUFFRMFISHBM04","perevi","Percina evides","Gilt darter",2,0.0202020202020202,69.5,6.36396103067893,4.5,8.81983793043024,3.5,0.516795865633075,0.110530335472034
"2326",2017,"BUFFRMFISHBM04","pimnot","Pimephales notatus","Bluntnose minnow",6,0.0606060606060606,62.8333333333333,8.93121865518176,3.64615474773691,7.14633198762408,2.33333333333333,1.55038759689922,0.221060670944068
"2327",2017,"BUFFRMFISHBM05","ambcon","Ambloplites constellatus","Ozark bass",26,0.287504607445632,118.961538461538,53.4217040306509,10.4768581269872,20.5342646000307,50.1153846153846,6.41975308641975,15.6400904852038
"2328",2017,"BUFFRMFISHBM05","camspp","Campostoma spp.","Stoneroller spp.",9,0.0995208256542573,99,18.1934053986603,6.06446846622008,11.8861397791702,11.2222222222222,2.22222222222222,1.21231706754074
"2329",2017,"BUFFRMFISHBM05","cotcar","Cottus carolinae","Banded sculpin",7,0.0774050866199779,50.5714285714286,17.42466779078,6.58590537890304,12.9081373482386,2,1.72839506172839,0.168043949956142
"2330",2017,"BUFFRMFISHBM05","cypgal","Cyprinella galactura","Whitetail shiner",9,0.0995208256542573,93.2222222222222,25.8591269080076,8.61970896933588,16.8943191371152,8.33333333333333,2.22222222222222,0.90023544619362
"2331",2017,"BUFFRMFISHBM05","cypgre","Notropis greenei","Wedgespot shiner",27,0.298562476962772,57.3703703703704,8.1389289984718,1.56633761606098,3.06996531510985,1.74074074074074,6.66666666666667,0.564147546281335
"2332",2017,"BUFFRMFISHBM05","erihar","Erimystax harryi","Ozark chub",1,0.0110578695171397,114,NA,NA,NA,10,0.246913580246914,0.120031392825816
"2333",2017,"BUFFRMFISHBM05","ethble","Etheostoma blennioides","Greenside darter",12,0.132694434205676,73.4166666666667,14.9754850176931,4.32305015310517,8.4730226034465,4.08333333333333,2.96296296296296,0.588153824846498
"2334",2017,"BUFFRMFISHBM05","ethcae","Etheostoma caeruleum","Rainbow darter",22,0.243273129377073,48.4545454545455,6.10017386736814,1.30056143841666,2.54905357897827,1.13636363636364,5.4320987654321,0.30007848206454
"2335",2017,"BUFFRMFISHBM05","etheux","Etheostoma euzonum","Arkansas saddled darter",50,0.552893475856985,63.7666666666667,4.22376962973331,0.771151301303392,1.51142877718584,2.3,12.3456790123457,1.38036101749688
"2336",2017,"BUFFRMFISHBM05","ethjul","Etheostoma juliae","Yoke darter",19,0.210099520825654,40.2631578947368,5.73335373313384,1.31532155422643,2.57798287437304,0.684210526315789,4.69135802469136,0.156040810673561
"2337",2017,"BUFFRMFISHBM05","ethzon","Etheostoma zonale","Banded darter",1,0.0110578695171397,45,NA,NA,NA,1,0.246913580246914,0.0120031392825816
"2338",2017,"BUFFRMFISHBM05","funcat","Fundulus catenatus","Northern studfish",6,0.0663472171028382,71.6666666666667,10.3279555898864,4.21637021355784,8.26393376406082,3.5,1.48148148148148,0.252065924934214
"2339",2017,"BUFFRMFISHBM05","funoli","Fundulus olivaceus","Blackspotted topminnow",3,0.0331736085514191,50,8.88819441731559,5.13160143944688,10.0577540043298,1.33333333333333,0.740740740740741,0.0480125571303264
"2340",2017,"BUFFRMFISHBM05","gamaff","Gambusia affinis","Western Mosquitofish",2,0.0221157390342794,46.5,4.94974746830583,3.5,6.85987394589019,1,0.493827160493827,0.0240062785651632
"2341",2017,"BUFFRMFISHBM05","hypamb","Hybopsis amblops","Bigeye chub",3,0.0331736085514191,69.3333333333333,2.08166599946613,1.20185042515466,2.35558354810729,2.66666666666667,0.740740740740741,0.0960251142606528
"2342",2017,"BUFFRMFISHBM05","hypnig","Hypentelium nigricans","Northern hog sucker",3,0.0331736085514191,106.666666666667,16.7729941672122,9.68389269755597,18.9800809173601,14.6666666666667,0.740740740740741,0.52813812843359
"2343",2017,"BUFFRMFISHBM05","labsic","Labidesthes sicculus","Brook silverside",1,0.0110578695171397,79,NA,NA,NA,2,0.246913580246914,0.0240062785651632
"2344",2017,"BUFFRMFISHBM05","lepcya","Lepomis cyanellus","Green sunfish",3,0.0331736085514191,64,5.19615242270663,3,5.87989195362016,4.33333333333333,0.740740740740741,0.156040810673561
"2345",2017,"BUFFRMFISHBM05","lepmeg","Lepomis megalotis","Longear sunfish",84,0.928861039439735,77.974358974359,41.7552311122351,6.68618806970694,13.104687810487,20.025641025641,20.7407407407407,20.191126910115
"2346",2017,"BUFFRMFISHBM05","lepmxm","Lepomis megalotis x L. macrochirus","Longear sunfish x Bluegill hybrid",1,0.0110578695171397,214,NA,NA,NA,182,0.246913580246914,2.18457134942985
"2347",2017,"BUFFRMFISHBM05","luxpil","Luxilus pilsbryi","Duskystripe shiner",8,0.0884629561371176,67.625,7.48212154787283,2.64532944208143,5.18475043372304,2.625,1.97530864197531,0.252065924934214
"2348",2017,"BUFFRMFISHBM05","micdol","Micropterus dolomieu","Smallmouth bass",2,0.0221157390342794,279.5,31.8198051533946,22.5,44.0991896521512,227.5,0.493827160493827,5.46142837357463
"2349",2017,"BUFFRMFISHBM05","moxduq","Moxostoma duquesnei","Black redhorse",18,0.199041651308515,217.5,93.9701141477501,22.1489683142493,43.4111801906475,148.5,4.44444444444444,32.0843913023406
"2350",2017,"BUFFRMFISHBM05","moxery","Moxostoma erythrurum","Golden redhorse",3,0.0331736085514191,140.666666666667,74.2316194982524,42.8576454996979,83.9994416415931,79,0.740740740740741,2.84474400997184
"2351",2017,"BUFFRMFISHBM05","notala","Noturus albater","Ozark madtom",1,0.0110578695171397,63,NA,NA,NA,2,0.246913580246914,0.0240062785651632
"2352",2017,"BUFFRMFISHBM05","notboo","Notropis boops","Bigeye shiner",28,0.309620346479912,63.9285714285714,8.89414527123434,1.6808354651548,3.29437697564103,2.21428571428571,6.91358024691358,0.744194635520059
"2353",2017,"BUFFRMFISHBM05","notflv","Noturus flavater","Checkered madtom",2,0.0221157390342794,76,9.89949493661167,7,13.7197478917804,3.5,0.493827160493827,0.0840219749780712
"2354",2017,"BUFFRMFISHBM05","notnub","Notropis nubilus","Ozark minnow",33,0.36490969406561,58.9090909090909,7.77159747238155,1.35286147102341,2.65155975927775,1.90909090909091,8.14814814814815,0.756197774802641
"2355",2017,"BUFFRMFISHBM05","notoza","Notropis ozarcanus","Ozark shiner",1,0.0110578695171397,51,NA,NA,NA,NA,0.246913580246914,NA
"2356",2017,"BUFFRMFISHBM05","notper","Notropis percobromus","Carmine shiner",9,0.0995208256542573,55.5555555555556,7.93900357587637,2.64633452529212,5.18672036061746,2.33333333333333,2.22222222222222,0.252065924934214
"2357",2017,"BUFFRMFISHBM05","perevi","Percina evides","Gilt darter",7,0.0774050866199779,56.8571428571429,8.35520938154896,3.15797231077891,6.18951199330138,2.14285714285714,1.72839506172839,0.180047089238724
"2358",2017,"BUFFRMFISHBM05","pimnot","Pimephales notatus","Bluntnose minnow",3,0.0331736085514191,69,11,6.35085296108588,12.4474430748379,3,0.740740740740741,0.108028253543234
"2359",2017,"BUFFRMFISHBM05","pyloli","Pylodictis olivaris","Flathead catfish",1,0.0110578695171397,471,NA,NA,NA,1055,0.246913580246914,12.6633119431236
"2360",2017,"BUFFRMFISHBM06","ambcon","Ambloplites constellatus","Ozark bass",32,0.297951582867784,167.166666666667,24.5104950544882,4.47498367898734,8.77080684221973,88.9666666666667,7.72946859903382,11.8713164579695
"2361",2017,"BUFFRMFISHBM06","camspp","Campostoma spp.","Stoneroller spp.",12,0.111731843575419,84.8333333333333,23.2646174316799,6.71591656838703,13.1629545972144,7.08333333333333,2.89855072463768,0.354438190425045
"2362",2017,"BUFFRMFISHBM06","cypgal","Cyprinella galactura","Whitetail shiner",10,0.0931098696461825,80.2,26.5447211743168,8.39417787649405,16.4522863177513,6,2.41545893719807,0.250191663829444
"2363",2017,"BUFFRMFISHBM06","cypgre","Notropis greenei","Wedgespot shiner",36,0.335195530726257,50.71875,6.69248193991803,1.18307484067114,2.31878407873089,1.4375,8.69565217391304,0.215790310052895
"2364",2017,"BUFFRMFISHBM06","erihar","Erimystax harryi","Ozark chub",4,0.037243947858473,98.25,16.7207455974108,8.36037279870541,16.3860295827909,7.75,0.966183574879227,0.129265692978546
"2365",2017,"BUFFRMFISHBM06","ethble","Etheostoma blennioides","Greenside darter",16,0.148975791433892,79.3125,12.4242706023332,3.10606765058329,6.08778072868819,4.6875,3.86473429951691,0.312739579786805
"2366",2017,"BUFFRMFISHBM06","ethcae","Etheostoma caeruleum","Rainbow darter",12,0.111731843575419,42,2.73030134866931,0.788170109311512,1.54478502794156,0.833333333333333,2.89855072463768,0.0416986106382406
"2367",2017,"BUFFRMFISHBM06","etheux","Etheostoma euzonum","Arkansas saddled darter",8,0.074487895716946,91.625,43.9283101037523,15.5310029802144,30.4402064850045,2.75,1.93236714975845,0.0917369434041293
"2368",2017,"BUFFRMFISHBM06","ethjul","Etheostoma juliae","Yoke darter",2,0.0186219739292365,52.5,24.7487373415292,17.5,34.2993697294509,1.5,0.483091787439614,0.0125095831914722
"2369",2017,"BUFFRMFISHBM06","ethzon","Etheostoma zonale","Banded darter",4,0.037243947858473,43.25,1.70782512765993,0.853912563829966,1.67363787105299,1,0.966183574879227,0.0166794442552962
"2370",2017,"BUFFRMFISHBM06","funcat","Fundulus catenatus","Northern studfish",6,0.0558659217877095,71,18.9525723847714,7.73735527597555,15.164937676503,3.5,1.44927536231884,0.0875670823403053
"2371",2017,"BUFFRMFISHBM06","hypnig","Hypentelium nigricans","Northern hog sucker",2,0.0186219739292365,348,14.142135623731,10,19.5996398454005,399,0.483091787439614,3.3275491289316
"2372",2017,"BUFFRMFISHBM06","ichgag","Ichthyomyzon gagei","Southern Brook Lamprey",1,0.00931098696461825,116,NA,NA,NA,3,0.241545893719807,0.0125095831914722
"2373",2017,"BUFFRMFISHBM06","labsic","Labidesthes sicculus","Brook silverside",1,0.00931098696461825,85,NA,NA,NA,3,0.241545893719807,0.0125095831914722
"2374",2017,"BUFFRMFISHBM06","lepcya","Lepomis cyanellus","Green sunfish",7,0.0651769087523277,86.2857142857143,38.6941609966943,14.6250181696497,28.6645088857574,17.5714285714286,1.69082125603865,0.51289291085036
"2375",2017,"BUFFRMFISHBM06","lepmeg","Lepomis megalotis","Longear sunfish",86,0.800744878957169,99.2758620689655,42.5750568758316,7.90598958446477,15.4954548476997,31.0689655172414,20.7729468599034,11.1415811859128
"2376",2017,"BUFFRMFISHBM06","leposs","Lepisosteus osseus","Longnose gar",1,0.00931098696461825,873,NA,NA,NA,1260,0.241545893719807,5.25402494041832
"2377",2017,"BUFFRMFISHBM06","luxpil","Luxilus pilsbryi","Duskystripe shiner",22,0.204841713221601,67.1818181818182,10.8655697531517,2.31654725498381,4.54034918825338,2.59090909090909,5.31400966183575,0.237682080637971
"2378",2017,"BUFFRMFISHBM06","micdol","Micropterus dolomieu","Smallmouth bass",14,0.130353817504655,226.142857142857,66.8406338215784,17.8639108053686,35.0126218015584,151.642857142857,3.38164251207729,8.85261503849848
"2379",2017,"BUFFRMFISHBM06","micsal","Micropterus salmoides","Largemouth bass",1,0.00931098696461825,302,NA,NA,NA,382,0.241545893719807,1.59288692638079
"2380",2017,"BUFFRMFISHBM06","moxcar","Moxostoma carinatum","River redhorse",2,0.0186219739292365,338.5,58.6898628384834,41.5,81.3385053584122,446.5,0.483091787439614,3.72368592999489
"2381",2017,"BUFFRMFISHBM06","moxduq","Moxostoma duquesnei","Black redhorse",24,0.223463687150838,236.041666666667,111.632736030356,22.7869368220983,44.6615754893023,203.5,5.79710144927536,20.3656014357167
"2382",2017,"BUFFRMFISHBM06","moxery","Moxostoma erythrurum","Golden redhorse",15,0.139664804469274,292.666666666667,62.0353202005193,16.0174508008837,31.3936266938743,289.666666666667,3.6231884057971,18.1180463223155
"2383",2017,"BUFFRMFISHBM06","notboo","Notropis boops","Bigeye shiner",32,0.297951582867784,53.65625,9.73722281066404,1.72131406983622,3.37371358296105,3.21875,7.72946859903382,0.429495689573878
"2384",2017,"BUFFRMFISHBM06","notexi","Noturus exilis","Slender madtom",2,0.0186219739292365,64.5,6.36396103067893,4.5,8.81983793043024,2.5,0.483091787439614,0.0208493053191203
"2385",2017,"BUFFRMFISHBM06","notflv","Noturus flavater","Checkered madtom",1,0.00931098696461825,50,NA,NA,NA,1,0.241545893719807,0.00416986106382406
"2386",2017,"BUFFRMFISHBM06","notnub","Notropis nubilus","Ozark minnow",10,0.0931098696461825,49.7,2.58413965910857,0.817176711475418,1.6016369234967,1.1,2.41545893719807,0.0458684717020647
"2387",2017,"BUFFRMFISHBM06","notper","Notropis percobromus","Carmine shiner",7,0.0651769087523277,48.2857142857143,4.46147530585589,1.6862791628215,3.3050464270105,0.857142857142857,1.69082125603865,0.0250191663829444
"2388",2017,"BUFFRMFISHBM06","percap","Percina caprodes","Logperch",1,0.00931098696461825,116,NA,NA,NA,10,0.241545893719807,0.0416986106382406
"2389",2017,"BUFFRMFISHBM06","pimnot","Pimephales notatus","Bluntnose minnow",30,0.279329608938547,55.8,7.76552949101747,1.41778522440063,2.77880797763827,1.5,7.2463768115942,0.187643747872083
"2390",2017,"BUFFRMFISHBM06","pyloli","Pylodictis olivaris","Flathead catfish",13,0.121042830540037,269.384615384615,80.6169321147223,22.3591140315562,43.8230582280744,234.461538461538,3.14009661835749,12.7097365225357
"2391",2017,"BUFFRMFISHBT07","ambcon","Ambloplites constellatus","Ozark bass",2,0.0431965442764579,130,35.3553390593274,25,48.9990996135013,54.5,0.432900432900433,2.93346832328384
"2392",2017,"BUFFRMFISHBT07","amenat","Ameiurus natalis","Yellow bullhead",1,0.0215982721382289,82,NA,NA,NA,9,0.216450216450216,0.242212980821602
"2393",2017,"BUFFRMFISHBT07","camspp","Campostoma spp.","Stoneroller spp.",71,1.53347732181426,87.0333333333333,20.1588234011695,3.68048076986119,7.21360975472018,7.73333333333333,15.3679653679654,14.776786000346
"2394",2017,"BUFFRMFISHBT07","chrery","Chrosomus erythrogaster","Southern redbelly dace",1,0.0215982721382289,37,NA,NA,NA,NA,0.216450216450216,NA
"2395",2017,"BUFFRMFISHBT07","cotcar","Cottus carolinae","Banded sculpin",24,0.518358531317495,80,18.6291029913109,3.80264972453896,7.45305650591752,7.875,5.19480519480519,5.08647259725364
"2396",2017,"BUFFRMFISHBT07","ethaut","Etheostoma autmnale","Autumn darter",1,0.0215982721382289,60,NA,NA,NA,3,0.216450216450216,0.0807376602738673
"2397",2017,"BUFFRMFISHBT07","ethble","Etheostoma blennioides","Greenside darter",10,0.215982721382289,85.4,22.4013888458332,7.08394115039236,13.8842695233703,8,2.16450216450216,2.15300427396979
"2398",2017,"BUFFRMFISHBT07","ethcae","Etheostoma caeruleum","Rainbow darter",54,1.16630669546436,45.6666666666667,8.26848330057901,1.50961160669396,2.95878437976382,1.2,11.6883116883117,1.74393346191553
"2399",2017,"BUFFRMFISHBT07","etheux","Etheostoma euzonum","Arkansas saddled darter",1,0.0215982721382289,67,NA,NA,NA,2,0.216450216450216,0.0538251068492448
"2400",2017,"BUFFRMFISHBT07","ethspe","Etheostoma spectabile","Orangethroat darter",37,0.799136069114471,44,6.13638105187358,1.12034477451948,2.19583540832583,0.866666666666667,8.00865800865801,0.862995879816226
"2401",2017,"BUFFRMFISHBT07","ethzon","Etheostoma zonale","Banded darter",1,0.0215982721382289,NA,NA,NA,NA,NA,0.216450216450216,NA
"2402",2017,"BUFFRMFISHBT07","funcat","Fundulus catenatus","Northern studfish",3,0.0647948164146868,72.6666666666667,20.1080415091409,11.6093831781787,22.7539729119553,4.66666666666667,0.649350649350649,0.376775747944714
"2403",2017,"BUFFRMFISHBT07","funoli","Fundulus olivaceus","Blackspotted topminnow",3,0.0647948164146868,68.6666666666667,2.3094010767585,1.33333333333333,2.61328531272007,3.66666666666667,0.649350649350649,0.296038087670847
"2404",2017,"BUFFRMFISHBT07","hypamb","Hybopsis amblops","Bigeye chub",2,0.0431965442764579,63.5,4.94974746830583,3.5,6.85987394589019,2.5,0.432900432900433,0.134562767123112
"2405",2017,"BUFFRMFISHBT07","hypnig","Hypentelium nigricans","Northern hog sucker",1,0.0215982721382289,273,NA,NA,NA,222,0.216450216450216,5.97458686026618
"2406",2017,"BUFFRMFISHBT07","lamaep","Lampetra aepyptera","Least Brook lamprey",4,0.0863930885529158,122.75,17.9698822107065,8.98494110535326,17.6101609697059,3,0.865800865800866,0.322950641095469
"2407",2017,"BUFFRMFISHBT07","lepcxh","Lepomis cyanellus x L. humilis","Green sunfish x Orangespotted sunfish hybrid",1,0.0215982721382289,115,NA,NA,NA,36,0.216450216450216,0.968851923286407
"2408",2017,"BUFFRMFISHBT07","lepcya","Lepomis cyanellus","Green sunfish",68,1.46868250539957,54,15.7063571579286,2.8675753705434,5.62034444921917,4,14.7186147186147,7.3202145314973
"2409",2017,"BUFFRMFISHBT07","lepmac","Lepomis macrochirus","Bluegill",5,0.107991360691145,61.25,22.0056810846654,11.0028405423327,21.5651711906092,5.5,1.08225108225108,0.740095219177117
"2410",2017,"BUFFRMFISHBT07","lepmeg","Lepomis megalotis","Longear sunfish",33,0.712742980561555,75.5,28.5909853702954,5.40318835914911,10.5900545856183,12.7142857142857,7.14285714285714,11.2917384868737
"2411",2017,"BUFFRMFISHBT07","lepmxc","Lepomis macrochirus x L. cyanellus","Bluegill x Green sunfish hybrid",1,0.0215982721382289,51,NA,NA,NA,2,0.216450216450216,0.0538251068492448
"2412",2017,"BUFFRMFISHBT07","luxchr","Luxilus chrysocephalus","Striped shiner",3,0.0647948164146868,132.333333333333,47.7109351546722,27.5459212548388,53.9890135804603,34.6666666666667,0.649350649350649,2.79890555616073
"2413",2017,"BUFFRMFISHBT07","luxpil","Luxilus pilsbryi","Duskystripe shiner",60,1.29589632829374,75.7333333333333,15.4092075773195,2.81332352779247,5.51401279133241,4.7,12.987012987013,7.58934006574352
"2414",2017,"BUFFRMFISHBT07","micdol","Micropterus dolomieu","Smallmouth bass",1,0.0215982721382289,385,NA,NA,NA,883,0.216450216450216,23.7637846739416
"2415",2017,"BUFFRMFISHBT07","micsal","Micropterus salmoides","Largemouth bass",2,0.0431965442764579,93,28.2842712474619,20,39.1992796908011,12.5,0.432900432900433,0.672813835615561
"2416",2017,"BUFFRMFISHBT07","nocbig","Nocomis biguttatus","Hornyhead chub",7,0.151187904967603,91.7142857142857,38.2392219486497,14.4530673721043,28.3274915154553,11.5714285714286,1.51515151515152,2.17991682739442
"2417",2017,"BUFFRMFISHBT07","notala","Noturus albater","Ozark madtom",1,0.0215982721382289,92,NA,NA,NA,11,0.216450216450216,0.296038087670847
"2418",2017,"BUFFRMFISHBT07","notboo","Notropis boops","Bigeye shiner",1,0.0215982721382289,47,NA,NA,NA,1,0.216450216450216,0.0269125534246224
"2419",2017,"BUFFRMFISHBT07","notexi","Noturus exilis","Slender madtom",6,0.129589632829374,92.5,15.7702251093635,6.43816744112795,12.6185763110492,8.33333333333333,1.2987012987013,1.34562767123112
"2420",2017,"BUFFRMFISHBT07","notflv","Noturus flavater","Checkered madtom",2,0.0431965442764579,124,2.82842712474619,2,3.91992796908011,22,0.432900432900433,1.18415235068339
"2421",2017,"BUFFRMFISHBT07","notnub","Notropis nubilus","Ozark minnow",44,0.950323974082073,57.9333333333333,8.83150056892092,1.61240402607257,3.16025381962961,2.76666666666667,9.52380952380952,3.2761548368907
"2422",2017,"BUFFRMFISHBT07","notper","Notropis percobromus","Carmine shiner",2,0.0431965442764579,49,0,0,0,14.5,0.432900432900433,0.78046404931405
"2423",2017,"BUFFRMFISHBT07","pimnot","Pimephales notatus","Bluntnose minnow",9,0.19438444924406,66.8888888888889,10.5171817095223,3.50572723650744,6.87109912317572,2.77777777777778,1.94805194805195,0.672813835615561
"2424",2017,"BUFFRMFISHBT15","ambcon","Ambloplites constellatus","Ozark bass",2,0.0450112528132033,135,2.82842712474619,2,3.91992796908011,55,0.689655172413793,8.49880244147416
"2425",2017,"BUFFRMFISHBT15","camspp","Campostoma spp.","Stoneroller spp.",14,0.315078769692423,75.1428571428571,32.7152214463805,8.74351071319963,17.1369660963114,5.71428571428571,4.82758620689655,6.18094723016302
"2426",2017,"BUFFRMFISHBT15","cotcar","Cottus carolinae","Banded sculpin",77,1.73293323330833,72.8,22.5134442592375,4.11037375597318,8.05618452470607,7.63333333333333,26.551724137931,45.4119343789436
"2427",2017,"BUFFRMFISHBT15","ethble","Etheostoma blennioides","Greenside darter",3,0.067516879219805,50,2.64575131106459,1.52752523165195,2.99389443951402,1.33333333333333,1.03448275862069,0.309047361508151
"2428",2017,"BUFFRMFISHBT15","ethcae","Etheostoma caeruleum","Rainbow darter",82,1.84546136534134,49.1666666666667,6.62327834927342,1.20923965217754,2.37006616694573,1.26666666666667,28.2758620689655,8.02492982049499
"2429",2017,"BUFFRMFISHBT15","ethspe","Etheostoma spectabile","Orangethroat darter",14,0.315078769692423,46.7142857142857,4.14039335605413,1.10656667034498,2.16883082036856,1.35714285714286,4.82758620689655,1.46797496716372
"2430",2017,"BUFFRMFISHBT15","funcat","Fundulus catenatus","Northern studfish",4,0.0900225056264066,76.25,6.18465843842649,3.09232921921325,6.06085389799883,4.5,1.37931034482759,1.39071312678668
"2431",2017,"BUFFRMFISHBT15","hypamb","Hybopsis amblops","Bigeye chub",5,0.112528132033008,64.4,5.02991053598372,2.2494443758404,4.40882996187336,2,1.72413793103448,0.772618403770378
"2432",2017,"BUFFRMFISHBT15","lepmac","Lepomis macrochirus","Bluegill",6,0.13503375843961,57.6666666666667,15.8071713682957,6.45325068817603,12.6481389320333,3.66666666666667,2.06896551724138,1.69976048829483
"2433",2017,"BUFFRMFISHBT15","lepmeg","Lepomis megalotis","Longear sunfish",6,0.13503375843961,91.8333333333333,20.7018517690246,8.45149559414059,16.5646269800145,18,2.06896551724138,8.34427876072008
"2434",2017,"BUFFRMFISHBT15","luxpil","Luxilus pilsbryi","Duskystripe shiner",31,0.697674418604651,78.7333333333333,20.5156514403757,3.74562835860237,7.34129668233252,5,10.6896551724138,11.9755852584409
"2435",2017,"BUFFRMFISHBT15","notboo","Notropis boops","Bigeye shiner",5,0.112528132033008,56.6666666666667,5.5075705472861,3.17979733805649,6.23228826072705,2.33333333333333,1.72413793103448,0.901388137732108
"2436",2017,"BUFFRMFISHBT15","notnub","Notropis nubilus","Ozark minnow",26,0.585146286571643,58.7692307692308,9.01246999354868,1.76749078318362,3.46421827804639,1.76923076923077,8.96551724137931,3.55404465734374
"2437",2017,"BUFFRMFISHBT15","notper","Notropis percobromus","Carmine shiner",14,0.315078769692423,50.2857142857143,2.16363552413956,0.578255917227379,1.13336077161284,0.928571428571429,4.82758620689655,1.00440392490149
"2438",2017,"BUFFRMFISHBT15","pimnot","Pimephales notatus","Bluntnose minnow",1,0.0225056264066017,72,NA,NA,NA,6,0.344827586206897,0.463571042262227
"2439",2017,"BUFFRMFISHBT19","ambcon","Ambloplites constellatus","Ozark bass",16,0.390561432058584,111.4375,30.906242627232,7.726560656808,15.1437806117078,33.3125,2.77777777777778,9.03660418091293
"2440",2017,"BUFFRMFISHBT19","amenat","Ameiurus natalis","Yellow bullhead",9,0.219690805532954,134.777777777778,20.8972353301685,6.96574511005618,13.6526095411961,41,1.5625,6.25611058678587
"2441",2017,"BUFFRMFISHBT19","camspp","Campostoma spp.","Stoneroller spp.",183,4.46704637917006,95.2,19.719411056464,3.6002554187807,7.05637095595533,8.4,31.7708333333333,26.0620411761714
"2442",2017,"BUFFRMFISHBT19","cotcar","Cottus carolinae","Banded sculpin",30,0.732302685109845,76.2333333333333,30.4729199548503,5.5635685507736,10.904393985036,11.5333333333333,5.20833333333333,5.86616331443879
"2443",2017,"BUFFRMFISHBT19","cypgal","Cyprinella galactura","Whitetail shiner",2,0.048820179007323,77.5,10.6066017177982,7.5,14.6997298840504,4,0.347222222222222,0.135633833859856
"2444",2017,"BUFFRMFISHBT19","cypgre","Notropis greenei","Wedgespot shiner",3,0.0732302685109845,66,6,3.46410161513775,6.78951440445703,2.33333333333333,0.520833333333333,0.118679604627374
"2445",2017,"BUFFRMFISHBT19","erihar","Erimystax harryi","Ozark chub",2,0.048820179007323,121.5,10.6066017177982,7.5,14.6997298840504,15,0.347222222222222,0.508626876974461
"2446",2017,"BUFFRMFISHBT19","ethble","Etheostoma blennioides","Greenside darter",11,0.268510984540277,78.2727272727273,24.932271894438,7.51736282227038,14.7337603903703,5.54545454545455,1.90972222222222,1.0342079831814
"2447",2017,"BUFFRMFISHBT19","ethcae","Etheostoma caeruleum","Rainbow darter",55,1.34255492270138,47.4333333333333,6.44704333908901,1.17706368867749,2.30700243731775,1.2,9.54861111111111,1.11897912934381
"2448",2017,"BUFFRMFISHBT19","etheux","Etheostoma euzonum","Arkansas saddled darter",2,0.048820179007323,83.5,27.5771644662754,19.5,38.2192976985311,7,0.347222222222222,0.237359209254749
"2449",2017,"BUFFRMFISHBT19","ethjul","Etheostoma juliae","Yoke darter",1,0.0244100895036615,43,NA,NA,NA,NA,0.173611111111111,NA
"2450",2017,"BUFFRMFISHBT19","ethspe","Etheostoma spectabile","Orangethroat darter",24,0.585842148087876,48.5,4.63446446416036,0.946006097354496,1.8541378799701,1.41666666666667,4.16666666666667,0.576443793904389
"2451",2017,"BUFFRMFISHBT19","ethzon","Etheostoma zonale","Banded darter",7,0.170870626525631,52.4285714285714,6.24118425880705,2.35894591933349,4.62344904337137,1.71428571428571,1.21527777777778,0.203450750789785
"2452",2017,"BUFFRMFISHBT19","funcat","Fundulus catenatus","Northern studfish",6,0.146460537021969,73,17.9220534537759,7.31664768410598,14.3403659484161,4.16666666666667,1.04166666666667,0.423855730812051
"2453",2017,"BUFFRMFISHBT19","gamaff","Gambusia affinis","Western Mosquitofish",1,0.0244100895036615,27,NA,NA,NA,NA,0.173611111111111,NA
"2454",2017,"BUFFRMFISHBT19","hypamb","Hybopsis amblops","Bigeye chub",2,0.048820179007323,80.5,7.77817459305202,5.5,10.7798019149703,4.5,0.347222222222222,0.152588063092338
"2455",2017,"BUFFRMFISHBT19","hypnig","Hypentelium nigricans","Northern hog sucker",6,0.146460537021969,140.166666666667,64.0013020700881,26.1284221575748,51.2107664017049,46.1666666666667,1.04166666666667,4.69632149739753
"2456",2017,"BUFFRMFISHBT19","lepcya","Lepomis cyanellus","Green sunfish",5,0.122050447518308,77.8,13.6088206689632,6.08604962188118,11.9284380670107,9.6,0.868055555555556,0.813803003159138
"2457",2017,"BUFFRMFISHBT19","lepmeg","Lepomis megalotis","Longear sunfish",19,0.463791700569569,100.210526315789,21.1149734847846,4.84410713766932,9.49427552708527,24.7894736842105,3.29861111111111,7.98544196849904
"2458",2017,"BUFFRMFISHBT19","luxpil","Luxilus pilsbryi","Duskystripe shiner",74,1.80634662327095,73.5666666666667,16.4331106743909,3.00026180211428,5.88040507633524,3.9,12.8472222222222,4.89299055649432
"2459",2017,"BUFFRMFISHBT19","micdol","Micropterus dolomieu","Smallmouth bass",11,0.268510984540277,192.272727272727,86.4466204187196,26.0646367566517,51.0857493131562,135.272727272727,1.90972222222222,25.2278930979333
"2460",2017,"BUFFRMFISHBT19","nocbig","Nocomis biguttatus","Hornyhead chub",3,0.0732302685109845,68.3333333333333,1.52752523165195,0.881917103688197,1.72852576057874,3.66666666666667,0.520833333333333,0.186496521557302
"2461",2017,"BUFFRMFISHBT19","notexi","Noturus exilis","Slender madtom",2,0.048820179007323,104.5,26.1629509039023,18.5,36.259333713991,13,0.347222222222222,0.440809960044533
"2462",2017,"BUFFRMFISHBT19","notnub","Notropis nubilus","Ozark minnow",89,2.17249796582587,66.6333333333333,8.85314412621529,1.61635558092416,3.16799872482167,2.56666666666667,15.4513888888889,3.87291109767331
"2463",2017,"BUFFRMFISHBT19","notper","Notropis percobromus","Carmine shiner",13,0.3173311635476,51,3.95811402901264,1.09778331428757,2.15161575883265,0.692307692307692,2.25694444444444,0.152588063092338
"2464",2017,"BUFFRMFISHBT20","ambcon","Ambloplites constellatus","Ozark bass",24,0.203937119388189,117.458333333333,47.3240256719259,9.65997628921586,18.933205618374,44.9166666666667,2.59459459459459,7.86349981098727
"2465",2017,"BUFFRMFISHBT20","amenat","Ameiurus natalis","Yellow bullhead",14,0.11896331964311,144,58.9027882322939,15.7424323350674,30.8546004057909,66.6428571428571,1.51351351351351,6.80579343566894
"2466",2017,"BUFFRMFISHBT20","camspp","Campostoma spp.","Stoneroller spp.",168,1.42755983571732,109.666666666667,23.9702881218328,4.37635583807532,8.57749982615923,14.9333333333333,18.1621621621622,18.3005086510249
"2467",2017,"BUFFRMFISHBT20","cotcar","Cottus carolinae","Banded sculpin",2,0.0169947599490157,71.5,36.0624458405139,25.5,49.9790816057714,10.5,0.216216216216216,0.153185061252999
"2468",2017,"BUFFRMFISHBT20","cypgre","Notropis greenei","Wedgespot shiner",11,0.0934711797195865,66.6363636363636,8.78945649369433,2.65012084552153,5.19414141190104,2.90909090909091,1.18918918918919,0.233424855242665
"2469",2017,"BUFFRMFISHBT20","erihar","Erimystax harryi","Ozark chub",2,0.0169947599490157,105,19.7989898732233,14,27.4394957835608,9.5,0.216216216216216,0.138596007800332
"2470",2017,"BUFFRMFISHBT20","ethble","Etheostoma blennioides","Greenside darter",83,0.705282537884152,87.5,17.4923628655676,3.19365390851237,6.25944663976982,7.43333333333333,8.97297297297297,4.50047983925675
"2471",2017,"BUFFRMFISHBT20","ethcae","Etheostoma caeruleum","Rainbow darter",91,0.773261577680215,51.2,7.59037503048751,1.38580654137399,2.71613091063304,1.53333333333333,9.83783783783784,1.01782962921437
"2472",2017,"BUFFRMFISHBT20","etheux","Etheostoma euzonum","Arkansas saddled darter",36,0.305905679082283,80,15.2902944199344,2.79161305489781,5.47146104637154,5.4,3.89189189189189,1.41805599559919
"2473",2017,"BUFFRMFISHBT20","ethjul","Etheostoma juliae","Yoke darter",14,0.11896331964311,53.6923076923077,11.8137251772717,3.27653783699176,6.42189615448662,2.53846153846154,1.51351351351351,0.259236257505075
"2474",2017,"BUFFRMFISHBT20","ethzon","Etheostoma zonale","Banded darter",62,0.526837558419487,50.5333333333333,5.84119339089925,1.06645112764854,2.09020580146326,1.33333333333333,6.7027027027027,0.603014209376884
"2475",2017,"BUFFRMFISHBT20","funoli","Fundulus olivaceus","Blackspotted topminnow",5,0.0424868998725393,63.8,8.22800097228968,3.67967389859482,7.21202831609794,2.6,0.540540540540541,0.0948288474423325
"2476",2017,"BUFFRMFISHBT20","hypamb","Hybopsis amblops","Bigeye chub",4,0.0339895198980314,76.5,10.3440804327886,5.1720402163943,10.1370125507256,3.75,0.432432432432432,0.109417900894999
"2477",2017,"BUFFRMFISHBT20","hypnig","Hypentelium nigricans","Northern hog sucker",2,0.0169947599490157,200,178.19090885901,126,246.955462052047,197,0.216216216216216,2.87404353017531
"2478",2017,"BUFFRMFISHBT20","ichamm","Ichthyomyzon spp.","Ichthyomyzon ammocoete",2,0.0169947599490157,130,16.9705627484771,12,23.5195678144806,4,0.216216216216216,0.0583562138106662
"2479",2017,"BUFFRMFISHBT20","labsic","Labidesthes sicculus","Brook silverside",1,0.00849737997450786,84,NA,NA,NA,2,0.108108108108108,0.0145890534526665
"2480",2017,"BUFFRMFISHBT20","lepcya","Lepomis cyanellus","Green sunfish",7,0.059481659821555,107.428571428571,35.7764221373851,13.5222165393124,26.5030574082042,29.1428571428571,0.756756756756757,1.48808345217199
"2481",2017,"BUFFRMFISHBT20","lepmac","Lepomis macrochirus","Bluegill",2,0.0169947599490157,46.5,7.77817459305202,5.5,10.7798019149703,3,0.216216216216216,0.0437671603579996
"2482",2017,"BUFFRMFISHBT20","lepmeg","Lepomis megalotis","Longear sunfish",114,0.968701317093896,106.7,25.6624642029077,4.68530350836712,9.18302613303871,30.448275862069,12.3243243243243,25.3200568733159
"2483",2017,"BUFFRMFISHBT20","luxpil","Luxilus pilsbryi","Duskystripe shiner",108,0.917717037246849,75.3333333333333,15.6851199710346,2.8636980084368,5.61274495913521,3.96666666666667,11.6756756756757,3.12497524956117
"2484",2017,"BUFFRMFISHBT20","micdol","Micropterus dolomieu","Smallmouth bass",19,0.161450219515649,209.736842105263,78.8689786257796,18.0937846110549,35.4631661816926,159.421052631579,2.05405405405405,22.0951214540635
"2485",2017,"BUFFRMFISHBT20","moxduq","Moxostoma duquesnei","Black redhorse",3,0.0254921399235236,108,4.35889894354067,2.51661147842358,4.93246786079032,11,0.324324324324324,0.240719381968998
"2486",2017,"BUFFRMFISHBT20","notala","Noturus albater","Ozark madtom",6,0.0509842798470472,72.6666666666667,10.6895587685679,4.36399409308084,8.55327125118398,3.83333333333333,0.648648648648649,0.167774114705665
"2487",2017,"BUFFRMFISHBT20","notexi","Noturus exilis","Slender madtom",14,0.11896331964311,79.7857142857143,26.8103842437348,7.16537658912986,14.043880050361,5.5,1.51351351351351,0.561678557927662
"2488",2017,"BUFFRMFISHBT20","notflv","Noturus flavater","Checkered madtom",11,0.0934711797195865,97.1818181818182,28.4809346118353,8.58732488964582,16.8308475072502,13.0909090909091,1.18918918918919,1.05041184859199
"2489",2017,"BUFFRMFISHBT20","notnub","Notropis nubilus","Ozark minnow",69,0.586319218241042,57.8,6.8450838134966,1.24973560422186,2.44943677447224,1.86666666666667,7.45945945945946,0.939535042351725
"2490",2017,"BUFFRMFISHBT20","notoza","Notropis ozarcanus","Ozark shiner",1,0.00849737997450786,47,NA,NA,NA,1,0.108108108108108,0.00729452672633327
"2491",2017,"BUFFRMFISHBT20","notper","Notropis percobromus","Carmine shiner",39,0.331397819005807,49.2666666666667,5.52070293708512,1.00793784397551,1.97552187284696,0.966666666666667,4.21621621621622,0.275003657582764
"2492",2017,"BUFFRMFISHBT20","nottel","Notropis telescopus","Telescope shiner",1,0.00849737997450786,76,NA,NA,NA,2,0.108108108108108,0.0145890534526665
"2493",2017,"BUFFRMFISHBT20","pimnot","Pimephales notatus","Bluntnose minnow",10,0.0849737997450786,68.2,10.5914011243923,3.34929511655479,6.56449780204327,3.1,1.08108108108108,0.226130328516331
"2494",2017,"BUFFRMFISHBT27","amenat","Ameiurus natalis","Yellow bullhead",9,0.3,111.777777777778,30.8616986642739,10.2872328880913,20.1626059612349,20.3333333333333,1.61290322580645,6.6962494078468
"2495",2017,"BUFFRMFISHBT27","camspp","Campostoma spp.","Stoneroller spp.",111,3.7,95.2,14.1138230115019,2.57681974534503,5.05047389552792,8.3,19.8924731182796,33.7117736581926
"2496",2017,"BUFFRMFISHBT27","cotcar","Cottus carolinae","Banded sculpin",29,0.966666666666667,73.8275862068966,25.4713690325842,4.72991448633821,9.27046204317715,8.13793103448276,5.19713261648745,8.63560032924505
"2497",2017,"BUFFRMFISHBT27","ethaut","Etheostoma autmnale","Autumn darter",4,0.133333333333333,74.75,7.41057802513857,3.70528901256928,7.26223301694778,4,0.716845878136201,0.585464429101359
"2498",2017,"BUFFRMFISHBT27","ethble","Etheostoma blennioides","Greenside darter",40,1.33333333333333,69.8666666666667,12.3783273710848,2.25996304177559,4.42944616827174,3.26666666666667,7.16845878136201,4.7812928376611
"2499",2017,"BUFFRMFISHBT27","ethcae","Etheostoma caeruleum","Rainbow darter",39,1.3,42.5666666666667,5.61207646944075,1.02462029225222,2.00821887064325,0.833333333333333,6.98924731182796,1.18922462161214
"2500",2017,"BUFFRMFISHBT27","etheux","Etheostoma euzonum","Arkansas saddled darter",19,0.633333333333333,69.2631578947368,8.31225404156189,1.90696186106346,3.73757656757586,2.84210526315789,3.40501792114695,1.97594244821709
"2501",2017,"BUFFRMFISHBT27","ethzon","Etheostoma zonale","Banded darter",6,0.2,45.6666666666667,1.96638416050035,0.802772971919486,1.57340611272438,1,1.0752688172043,0.21954916091301
"2502",2017,"BUFFRMFISHBT27","funcat","Fundulus catenatus","Northern studfish",4,0.133333333333333,57.75,3.5939764421413,1.79698822107065,3.52203219394118,2.75,0.716845878136201,0.402506795007185
"2503",2017,"BUFFRMFISHBT27","funoli","Fundulus olivaceus","Blackspotted topminnow",11,0.366666666666667,61.3636363636364,9.89214564462864,2.98259413407105,5.84577708327969,3.09090909090909,1.97132616487455,1.24411191184039
"2504",2017,"BUFFRMFISHBT27","hypamb","Hybopsis amblops","Bigeye chub",5,0.166666666666667,65.2,4.91934955049954,2.2,4.31192076598812,2.4,0.896057347670251,0.439098321826019
"2505",2017,"BUFFRMFISHBT27","hypnig","Hypentelium nigricans","Northern hog sucker",1,0.0333333333333333,110,NA,NA,NA,12,0.17921146953405,0.439098321826019
"2506",2017,"BUFFRMFISHBT27","lepcya","Lepomis cyanellus","Green sunfish",9,0.3,89.3333333333333,22.3047080231955,7.43490267439849,14.5721414703816,13.8888888888889,1.61290322580645,4.57394085235437
"2507",2017,"BUFFRMFISHBT27","lepmeg","Lepomis megalotis","Longear sunfish",65,2.16666666666667,63.7666666666667,20.3345863567187,3.71257054837054,7.27650456487038,6.3,11.6487455197133,14.9842302323129
"2508",2017,"BUFFRMFISHBT27","luxpil","Luxilus pilsbryi","Duskystripe shiner",43,1.43333333333333,70.8709677419355,18.2459893958168,3.277076436213,6.42295178956236,3.48387096774194,7.70609318996416,5.48164679182805
"2509",2017,"BUFFRMFISHBT27","micdol","Micropterus dolomieu","Smallmouth bass",3,0.1,110.666666666667,33.501243758006,19.341952101872,37.9095295103679,18.3333333333333,0.537634408602151,2.01253397503592
"2510",2017,"BUFFRMFISHBT27","moxduq","Moxostoma duquesnei","Black redhorse",4,0.133333333333333,97.75,11.4418821295566,5.7209410647783,11.2128384446417,9.25,0.716845878136201,1.35388649229689
"2511",2017,"BUFFRMFISHBT27","nocbig","Nocomis biguttatus","Hornyhead chub",9,0.3,72.4444444444444,6.82112730989371,2.2737091032979,4.45638795378475,4.44444444444444,1.61290322580645,1.4636610727534
"2512",2017,"BUFFRMFISHBT27","notboo","Notropis boops","Bigeye shiner",4,0.133333333333333,44.75,4.27200187265877,2.13600093632938,4.18648490614942,0.5,0.716845878136201,0.0731830536376699
"2513",2017,"BUFFRMFISHBT27","notexi","Noturus exilis","Slender madtom",6,0.2,90.1666666666667,14.0202234884707,5.72373227108948,11.218309108485,5.83333333333333,1.0752688172043,1.28070343865922
"2514",2017,"BUFFRMFISHBT27","notflv","Noturus flavater","Checkered madtom",4,0.133333333333333,89.25,10.5948100502085,5.29740502510427,10.3827230607259,7.25,0.716845878136201,1.06115427774621
"2515",2017,"BUFFRMFISHBT27","notnub","Notropis nubilus","Ozark minnow",77,2.56666666666667,49.0666666666667,2.61208508776937,0.476899308231382,0.934705468385575,1.1,13.7992831541219,3.09930232155532
"2516",2017,"BUFFRMFISHBT27","notper","Notropis percobromus","Carmine shiner",10,0.333333333333333,42.8,4.51663591625449,1.42828568570857,2.79938850362289,0.7,1.7921146953405,0.256140687731845
"2517",2017,"BUFFRMFISHBT27","pimnot","Pimephales notatus","Bluntnose minnow",46,1.53333333333333,59.3666666666667,5.94505493338115,1.08541356420674,2.12737149417647,2.4,8.24372759856631,4.03970456079938
"2518",2017,"BUFFRMFISHBT30","amenat","Ameiurus natalis","Yellow bullhead",4,0.100292519849561,102.75,10.8435848930754,5.42179244653771,10.6265179268652,13.75,1.97044334975369,5.72320499479709
"2519",2017,"BUFFRMFISHBT30","camspp","Campostoma spp.","Stoneroller spp.",20,0.501462599247806,80,18.6829502910795,4.17763468711032,8.18801352730149,5.85,9.85221674876847,12.1748178980229
"2520",2017,"BUFFRMFISHBT30","chrery","Chrosomus erythrogaster","Southern redbelly dace",2,0.0501462599247806,38,4.24264068711928,3,5.87989195362016,0.5,0.985221674876847,0.104058272632674
"2521",2017,"BUFFRMFISHBT30","cotcar","Cottus carolinae","Banded sculpin",29,0.727120768909319,67,26.5854417733788,4.9367926006939,9.67593569650387,4.93103448275862,14.2857142857143,14.8803329864724
"2522",2017,"BUFFRMFISHBT30","cypgal","Cyprinella galactura","Whitetail shiner",1,0.0250731299623903,44,NA,NA,NA,1,0.492610837438424,0.104058272632674
"2523",2017,"BUFFRMFISHBT30","ethaut","Etheostoma autmnale","Autumn darter",1,0.0250731299623903,67,NA,NA,NA,3,0.492610837438424,0.312174817898023
"2524",2017,"BUFFRMFISHBT30","ethble","Etheostoma blennioides","Greenside darter",2,0.0501462599247806,103,4.24264068711928,3,5.87989195362016,11,0.985221674876847,2.28928199791883
"2525",2017,"BUFFRMFISHBT30","ethcae","Etheostoma caeruleum","Rainbow darter",24,0.601755119097367,47,5.43739067856121,1.10990272455338,2.1753693664675,1.16666666666667,11.8226600985222,2.91363163371488
"2526",2017,"BUFFRMFISHBT30","etheux","Etheostoma euzonum","Arkansas saddled darter",1,0.0250731299623903,74,NA,NA,NA,3,0.492610837438424,0.312174817898023
"2527",2017,"BUFFRMFISHBT30","ethspe","Etheostoma spectabile","Orangethroat darter",10,0.250731299623903,43.2,4.56557164487038,1.44376052184718,2.82971862512123,0.7,4.92610837438424,0.72840790842872
"2528",2017,"BUFFRMFISHBT30","funcat","Fundulus catenatus","Northern studfish",7,0.175511909736732,88.6666666666667,29.4052149569879,12.0046287369127,23.5286399721235,7.57142857142857,3.44827586206897,5.51508844953174
"2529",2017,"BUFFRMFISHBT30","funoli","Fundulus olivaceus","Blackspotted topminnow",2,0.0501462599247806,71,11.3137084989848,8,15.6797118763204,3,0.985221674876847,0.624349635796046
"2530",2017,"BUFFRMFISHBT30","hypamb","Hybopsis amblops","Bigeye chub",3,0.0752193898871709,68.3333333333333,2.51661147842358,1.45296631451356,2.84776164719647,2.33333333333333,1.47783251231527,0.72840790842872
"2531",2017,"BUFFRMFISHBT30","lamaep","Lampetra aepyptera","Least Brook lamprey",7,0.175511909736732,123.857142857143,24.4092098153448,9.22581412442845,18.0822634119407,4,3.44827586206897,2.91363163371488
"2532",2017,"BUFFRMFISHBT30","lepcya","Lepomis cyanellus","Green sunfish",2,0.0501462599247806,164.5,4.94974746830583,3.5,6.85987394589019,70,0.985221674876847,14.5681581685744
"2533",2017,"BUFFRMFISHBT30","lepmac","Lepomis macrochirus","Bluegill",2,0.0501462599247806,64.5,17.6776695296637,12.5,24.4995498067507,4,0.985221674876847,0.832466181061394
"2534",2017,"BUFFRMFISHBT30","lepmeg","Lepomis megalotis","Longear sunfish",20,0.501462599247806,69.55,22.7861338260101,5.0951344179366,9.98627995554618,8.25,9.85221674876847,17.1696149843913
"2535",2017,"BUFFRMFISHBT30","luxpil","Luxilus pilsbryi","Duskystripe shiner",25,0.626828249059758,69.52,19.5748988928849,3.91497977857698,7.67321936621348,3.2,12.3152709359606,8.32466181061394
"2536",2017,"BUFFRMFISHBT30","micdol","Micropterus dolomieu","Smallmouth bass",1,0.0250731299623903,64,NA,NA,NA,15,0.492610837438424,1.56087408949011
"2537",2017,"BUFFRMFISHBT30","nocbig","Nocomis biguttatus","Hornyhead chub",2,0.0501462599247806,70.5,19.0918830920368,13.5,26.4595137912907,4,0.985221674876847,0.832466181061394
"2538",2017,"BUFFRMFISHBT30","notala","Noturus albater","Ozark madtom",5,0.125365649811952,88.2,16.3920712541155,7.3307571232445,14.3680199409697,6.8,2.46305418719212,3.53798126951093
"2539",2017,"BUFFRMFISHBT30","notflv","Noturus flavater","Checkered madtom",1,0.0250731299623903,70,NA,NA,NA,4,0.492610837438424,0.416233090530697
"2540",2017,"BUFFRMFISHBT30","notnub","Notropis nubilus","Ozark minnow",27,0.676974508984538,48.7037037037037,4.54731378706844,0.875130946351219,1.71522513660484,1,13.3004926108374,2.80957336108221
"2541",2017,"BUFFRMFISHBT30","notper","Notropis percobromus","Carmine shiner",2,0.0501462599247806,43,1.4142135623731,1,1.95996398454005,0.5,0.985221674876847,0.104058272632674
"2542",2017,"BUFFRMFISHBT30","pimnot","Pimephales notatus","Bluntnose minnow",3,0.0752193898871709,55.3333333333333,12.6622799421484,7.31057073315377,14.328455343414,1.66666666666667,1.47783251231527,0.520291363163372
"2543",2017,"BUFFRMFISHBT31","amenat","Ameiurus natalis","Yellow bullhead",4,0.148423005565863,112.5,55.6806369695367,27.8403184847683,54.5660215482707,32,1.55038759689922,10.7207800391061
"2544",2017,"BUFFRMFISHBT31","camspp","Campostoma spp.","Stoneroller spp.",46,1.70686456400742,93.6,22.2084171678994,4.0546836831145,7.94703398760663,9.1,17.8294573643411,35.060300971639
"2545",2017,"BUFFRMFISHBT31","cotcar","Cottus carolinae","Banded sculpin",12,0.445269016697588,48,19.7346027437733,5.69688910323393,11.1656974662572,2.58333333333333,4.65116279069767,2.596438915721
"2546",2017,"BUFFRMFISHBT31","cypgal","Cyprinella galactura","Whitetail shiner",5,0.185528756957328,43.4,2.30217288664427,1.0295630140987,2.01790642744796,0.6,1.93798449612403,0.251268282166548
"2547",2017,"BUFFRMFISHBT31","cypgre","Notropis greenei","Wedgespot shiner",6,0.222634508348794,55.3333333333333,5.35412613473634,2.185812841434,4.2841144461558,2,2.32558139534884,1.00507312866619
"2548",2017,"BUFFRMFISHBT31","ethble","Etheostoma blennioides","Greenside darter",1,0.0371057513914657,59,NA,NA,NA,2,0.387596899224806,0.167512188111032
"2549",2017,"BUFFRMFISHBT31","ethcae","Etheostoma caeruleum","Rainbow darter",32,1.1873840445269,45.2333333333333,5.4309669764095,0.991554374015037,1.94341086178263,0.966666666666667,12.4031007751938,2.5908551761173
"2550",2017,"BUFFRMFISHBT31","etheux","Etheostoma euzonum","Arkansas saddled darter",3,0.111317254174397,71.6666666666667,5.03322295684717,2.90593262902712,5.69552329439294,3.33333333333333,1.16279069767442,0.837560940555161
"2551",2017,"BUFFRMFISHBT31","ethzon","Etheostoma zonale","Banded darter",1,0.0371057513914657,56,NA,NA,NA,2,0.387596899224806,0.167512188111032
"2552",2017,"BUFFRMFISHBT31","funcat","Fundulus catenatus","Northern studfish",3,0.111317254174397,85.6666666666667,5.13160143944688,2.96273147243853,5.80684698184284,5,1.16279069767442,1.25634141083274
"2553",2017,"BUFFRMFISHBT31","funoli","Fundulus olivaceus","Blackspotted topminnow",2,0.0742115027829314,64.5,21.920310216783,15.5,30.3794417603708,2.5,0.775193798449612,0.41878047027758
"2554",2017,"BUFFRMFISHBT31","hypamb","Hybopsis amblops","Bigeye chub",5,0.185528756957328,67.6,9.09945053286186,4.06939798987516,7.97587349891501,2.4,1.93798449612403,1.00507312866619
"2555",2017,"BUFFRMFISHBT31","hypnig","Hypentelium nigricans","Northern hog sucker",1,0.0371057513914657,128,NA,NA,NA,22,0.387596899224806,1.84263406922135
"2556",2017,"BUFFRMFISHBT31","lamaep","Lampetra aepyptera","Least Brook lamprey",3,0.111317254174397,146.666666666667,2.08166599946613,1.20185042515466,2.35558354810729,6,1.16279069767442,1.50760969299929
"2557",2017,"BUFFRMFISHBT31","lepcya","Lepomis cyanellus","Green sunfish",6,0.222634508348794,87.8333333333333,47.3261731673571,19.3208292897703,37.8681295593963,22.3333333333333,2.32558139534884,11.2233166034391
"2558",2017,"BUFFRMFISHBT31","lepmac","Lepomis macrochirus","Bluegill",1,0.0371057513914657,70,NA,NA,NA,4,0.387596899224806,0.335024376222064
"2559",2017,"BUFFRMFISHBT31","lepmeg","Lepomis megalotis","Longear sunfish",35,1.2987012987013,55.8666666666667,19.5778434466871,3.57440882768507,7.00571256828477,4.41379310344828,13.5658914728682,12.9388724609901
"2560",2017,"BUFFRMFISHBT31","lepmin","Lepomis miniatus","Redspotted sunfish",1,0.0371057513914657,84,NA,NA,NA,12,0.387596899224806,1.00507312866619
"2561",2017,"BUFFRMFISHBT31","luxpil","Luxilus pilsbryi","Duskystripe shiner",38,1.4100185528757,59.9666666666667,12.6776570590053,2.31461291584394,4.53655795320535,1.96666666666667,14.7286821705426,6.2593720957489
"2562",2017,"BUFFRMFISHBT31","moxduq","Moxostoma duquesnei","Black redhorse",1,0.0371057513914657,100,NA,NA,NA,9,0.387596899224806,0.753804846499644
"2563",2017,"BUFFRMFISHBT31","notexi","Noturus exilis","Slender madtom",5,0.185528756957328,90.6,33.0272614668549,14.7702403501094,28.9491391292147,6.4,1.93798449612403,2.68019500977651
"2564",2017,"BUFFRMFISHBT31","notflv","Noturus flavater","Checkered madtom",3,0.111317254174397,73.3333333333333,9.01849950564579,5.2068331172711,10.2052053833618,4.66666666666667,1.16279069767442,1.17258531677722
"2565",2017,"BUFFRMFISHBT31","notnub","Notropis nubilus","Ozark minnow",32,1.1873840445269,50.2258064516129,7.2420516311303,1.30071087050265,2.54934646048495,1.19354838709677,12.4031007751938,3.19894243102358
"2566",2017,"BUFFRMFISHBT31","notper","Notropis percobromus","Carmine shiner",5,0.185528756957328,48,6.32455532033676,2.82842712474619,5.54361529739871,0.6,1.93798449612403,0.251268282166548
"2567",2017,"BUFFRMFISHBT31","pimnot","Pimephales notatus","Bluntnose minnow",7,0.25974025974026,50.5714285714286,4.89411697371252,1.84980234281476,3.62554597043475,1.28571428571429,2.71317829457364,0.753804846499644
"2568",2019,"BUFFRMFISHBM01","ambcon","Ambloplites constellatus","Ozark bass",6,0.0572337042925278,81.5,57.559534397005,23.4985815174732,46.056373462026,32.3333333333333,1.45278450363196,2.66376269975849
"2569",2019,"BUFFRMFISHBM01","camspp","Campostoma spp.","Stoneroller spp.",63,0.600953895071542,90.04,24.4773614691166,3.46162165607334,6.78465377400764,10.24,15.2542372881356,8.85797212818657
"2570",2019,"BUFFRMFISHBM01","chrery","Chrosomus erythrogaster","Southern redbelly dace",3,0.0286168521462639,75.3333333333333,3.51188458428425,2.02758751009941,3.97399849529808,9.33333333333333,0.726392251815981,0.384460595841431
"2571",2019,"BUFFRMFISHBM01","cotcar","Cottus carolinae","Banded sculpin",51,0.486486486486487,72.975,23.0745586395549,3.64840806520548,7.15074840870821,6.775,12.3486682808717,4.74431240636109
"2572",2019,"BUFFRMFISHBM01","ethaut","Etheostoma autmnale","Autumn darter",7,0.0667726550079491,76.4285714285714,10.6435761981448,4.02289366866535,7.88472670421829,4.57142857142857,1.69491525423729,0.439383538104493
"2573",2019,"BUFFRMFISHBM01","ethble","Etheostoma blennioides","Greenside darter",8,0.0763116057233704,100.75,19.7610728453695,6.98659430624106,13.6934732148251,10.25,1.93704600484262,1.12592031639276
"2574",2019,"BUFFRMFISHBM01","ethcae","Etheostoma caeruleum","Rainbow darter",94,0.896661367249603,49.3125,8.6002156762153,1.52031770607967,2.97976794897471,1.46666666666667,22.7602905569007,1.89301074333352
"2575",2019,"BUFFRMFISHBM01","etheux","Etheostoma euzonum","Arkansas saddled darter",1,0.0095389507154213,96,NA,NA,NA,10,0.242130750605327,0.137307355657654
"2576",2019,"BUFFRMFISHBM01","ethspe","Etheostoma spectabile","Orangethroat darter",3,0.0286168521462639,50.3333333333333,7.23417813807024,4.17665469538056,8.186092778806,1.33333333333333,0.726392251815981,0.0549229422630616
"2577",2019,"BUFFRMFISHBM01","ethzon","Etheostoma zonale","Banded darter",3,0.0286168521462639,58,6.2449979983984,3.60555127546399,7.06675064432187,2.33333333333333,0.726392251815981,0.0961151489603578
"2578",2019,"BUFFRMFISHBM01","funoli","Fundulus olivaceus","Blackspotted topminnow",1,0.0095389507154213,70,NA,NA,NA,2,0.242130750605327,0.0274614711315308
"2579",2019,"BUFFRMFISHBM01","hypamb","Hybopsis amblops","Bigeye chub",1,0.0095389507154213,65,NA,NA,NA,2,0.242130750605327,0.0274614711315308
"2580",2019,"BUFFRMFISHBM01","hypnig","Hypentelium nigricans","Northern hog sucker",2,0.0190779014308426,169.5,95.4594154601839,67.5,132.297568956454,77.5,0.484261501210654,2.12826401269364
"2581",2019,"BUFFRMFISHBM01","ichamm","Ichthyomyzon spp.","Ichthyomyzon ammocoete",2,0.0190779014308426,140,21.2132034355964,15,29.3994597681008,5.5,0.484261501210654,0.151038091223419
"2582",2019,"BUFFRMFISHBM01","lepcya","Lepomis cyanellus","Green sunfish",24,0.228934817170111,100.375,28.483118570098,5.81409223166101,11.3954113768497,25.4583333333333,5.81113801452785,8.38947943068266
"2583",2019,"BUFFRMFISHBM01","lepmac","Lepomis macrochirus","Bluegill",3,0.0286168521462639,58,22.0680764907139,12.7410099024109,24.9719205353936,3.66666666666667,0.726392251815981,0.151038091223419
"2584",2019,"BUFFRMFISHBM01","lepmeg","Lepomis megalotis","Longear sunfish",5,0.0476947535771065,83,27.5499546279118,12.3207142650092,24.1481562232268,16,1.21065375302663,1.09845884526123
"2585",2019,"BUFFRMFISHBM01","luxchr","Luxilus chrysocephalus","Striped shiner",16,0.152623211446741,131.125,28.7793328623163,7.19483321557908,14.1016139773075,31.0625,3.87409200968523,6.8241755761854
"2586",2019,"BUFFRMFISHBM01","luxpil","Luxilus pilsbryi","Duskystripe shiner",65,0.620031796502385,99.9354838709677,15.4271092212615,2.77079061108471,5.43064980642777,9.80645161290323,15.7384987893462,8.75223660579111
"2587",2019,"BUFFRMFISHBM01","micdol","Micropterus dolomieu","Smallmouth bass",1,0.0095389507154213,302,NA,NA,NA,360,0.242130750605327,4.94306480367554
"2588",2019,"BUFFRMFISHBM01","micsal","Micropterus salmoides","Largemouth bass",1,0.0095389507154213,111,NA,NA,NA,15,0.242130750605327,0.205961033486481
"2589",2019,"BUFFRMFISHBM01","moxduq","Moxostoma duquesnei","Black redhorse",10,0.095389507154213,228.4,128.86530435562,40.7507873134577,79.8700754760289,201.8,2.42130750605327,27.7086243717146
"2590",2019,"BUFFRMFISHBM01","moxery","Moxostoma erythrurum","Golden redhorse",2,0.0190779014308426,358.5,17.6776695296637,12.5,24.4995498067507,476,0.484261501210654,13.0716602586087
"2591",2019,"BUFFRMFISHBM01","nocbig","Nocomis biguttatus","Hornyhead chub",14,0.133545310015898,100.714285714286,41.0542391166923,10.9722069320968,21.5051304178305,20.3571428571429,3.38983050847458,3.91325963624314
"2592",2019,"BUFFRMFISHBM01","notexi","Noturus exilis","Slender madtom",8,0.0763116057233704,109.875,15.6244999919997,5.52409494849609,10.827027146232,13,1.93704600484262,1.4279964988396
"2593",2019,"BUFFRMFISHBM01","notnub","Notropis nubilus","Ozark minnow",14,0.133545310015898,72.5,6.56037053362549,1.75333277622242,3.43646909430957,3.28571428571429,3.38983050847458,0.631613836025208
"2594",2019,"BUFFRMFISHBM01","notoza","Notropis ozarcanus","Ozark shiner",1,0.0095389507154213,55,NA,NA,NA,1,0.242130750605327,0.0137307355657654
"2595",2019,"BUFFRMFISHBM01","nottel","Notropis telescopus","Telescope shiner",4,0.0381558028616852,69.25,9.94568583189046,4.97284291594523,9.74659301602779,2.5,0.968523002421308,0.137307355657654
"2596",2019,"BUFFRMFISHBM02","ambcon","Ambloplites constellatus","Ozark bass",5,0.0567000567000567,198.6,25.0559374201006,11.2053558622652,21.9620939239945,160.2,0.822368421052632,5.49117512755004
"2597",2019,"BUFFRMFISHBM02","camspp","Campostoma spp.","Stoneroller spp.",53,0.601020601020601,47.0294117647059,27.6586172599861,4.7434137270858,9.29692006886106,3.35294117647059,8.71710526315789,1.21824484543796
"2598",2019,"BUFFRMFISHBM02","cotcar","Cottus carolinae","Banded sculpin",17,0.192780192780193,40.2352941176471,4.1612710162387,1.00925646686903,1.97810632622744,0.941176470588235,2.79605263157895,0.109686394557804
"2599",2019,"BUFFRMFISHBM02","cypgal","Cyprinella galactura","Whitetail shiner",1,0.0113400113400113,153,NA,NA,NA,36,0.164473684210526,0.246794387755058
"2600",2019,"BUFFRMFISHBM02","cypgre","Notropis greenei","Wedgespot shiner",4,0.0453600453600454,65.75,4.99165971062398,2.49582985531199,4.89173662795131,1.75,0.657894736842105,0.047987797619039
"2601",2019,"BUFFRMFISHBM02","erihar","Erimystax harryi","Ozark chub",2,0.0226800226800227,103.5,4.94974746830583,3.5,6.85987394589019,8,0.328947368421053,0.109686394557804
"2602",2019,"BUFFRMFISHBM02","ethble","Etheostoma blennioides","Greenside darter",1,0.0113400113400113,122,NA,NA,NA,19,0.164473684210526,0.130252593537392
"2603",2019,"BUFFRMFISHBM02","ethcae","Etheostoma caeruleum","Rainbow darter",81,0.918540918540918,44.9666666666667,4.90238037419918,0.89504810547317,1.75426205115822,0.8,13.3223684210526,0.444229897959104
"2604",2019,"BUFFRMFISHBM02","ethjul","Etheostoma juliae","Yoke darter",150,1.7010017010017,40.7333333333333,5.93024587112154,1.08270981172171,2.1220722366827,0.933333333333333,24.6710526315789,0.959755952380781
"2605",2019,"BUFFRMFISHBM02","ethzon","Etheostoma zonale","Banded darter",1,0.0113400113400113,45,NA,NA,NA,1,0.164473684210526,0.00685539965986272
"2606",2019,"BUFFRMFISHBM02","funcat","Fundulus catenatus","Northern studfish",1,0.0113400113400113,46,NA,NA,NA,1,0.164473684210526,0.00685539965986272
"2607",2019,"BUFFRMFISHBM02","hypamb","Hybopsis amblops","Bigeye chub",17,0.192780192780193,78.8235294117647,6.98422592451775,1.69392359999787,3.32002924855827,3.82352941176471,2.79605263157895,0.445600977891077
"2608",2019,"BUFFRMFISHBM02","hypnig","Hypentelium nigricans","Northern hog sucker",3,0.034020034020034,269.666666666667,133.874319170382,77.292374210598,151.490269732364,296.333333333333,0.493421052631579,6.09445029761796
"2609",2019,"BUFFRMFISHBM02","labsic","Labidesthes sicculus","Brook silverside",1,0.0113400113400113,89,NA,NA,NA,4,0.164473684210526,0.0274215986394509
"2610",2019,"BUFFRMFISHBM02","lepcya","Lepomis cyanellus","Green sunfish",4,0.0453600453600454,99.75,13.0989821487524,6.54949107437619,12.8367666228439,18,0.657894736842105,0.493588775510116
"2611",2019,"BUFFRMFISHBM02","lepmac","Lepomis macrochirus","Bluegill",1,0.0113400113400113,52,NA,NA,NA,2,0.164473684210526,0.0137107993197254
"2612",2019,"BUFFRMFISHBM02","lepmeg","Lepomis megalotis","Longear sunfish",29,0.328860328860329,82,21.0509585801421,3.90906487249059,7.66162636331222,12.1724137931034,4.76973684210526,2.41995607993154
"2613",2019,"BUFFRMFISHBM02","luxpil","Luxilus pilsbryi","Duskystripe shiner",12,0.136080136080136,88.9166666666667,12.1764178441425,3.51502906004051,6.88933036229108,6.41666666666667,1.97368421052632,0.527865773809429
"2614",2019,"BUFFRMFISHBM02","micdol","Micropterus dolomieu","Smallmouth bass",3,0.034020034020034,176.333333333333,81.6843518266096,47.1604825156731,92.4328472242503,92.6666666666667,0.493421052631579,1.90580110544184
"2615",2019,"BUFFRMFISHBM02","moxduq","Moxostoma duquesnei","Black redhorse",10,0.113400113400113,304.2,31.7483157908503,10.0396989773377,19.6774484112055,258.9,1.64473684210526,17.7486297193846
"2616",2019,"BUFFRMFISHBM02","moxery","Moxostoma erythrurum","Golden redhorse",1,0.0113400113400113,333,NA,NA,NA,388,0.164473684210526,2.65989506802674
"2617",2019,"BUFFRMFISHBM02","notala","Noturus albater","Ozark madtom",3,0.034020034020034,63,3.60555127546399,2.08166599946613,4.07999038679519,0.666666666666667,0.493421052631579,0.0137107993197254
"2618",2019,"BUFFRMFISHBM02","notboo","Notropis boops","Bigeye shiner",51,0.578340578340578,72.5882352941177,5.58741902284932,0.958234457016997,1.87810502449861,3.47058823529412,8.38815789473684,1.2134057397957
"2619",2019,"BUFFRMFISHBM02","notexi","Noturus exilis","Slender madtom",4,0.0453600453600454,62.75,12.0933866224478,6.04669331122391,11.8513011155581,2,0.657894736842105,0.0548431972789018
"2620",2019,"BUFFRMFISHBM02","notnub","Notropis nubilus","Ozark minnow",97,1.0999810999811,63.6333333333333,6.37252222813092,0.822689082096254,1.61244097138297,2.25,15.9539473684211,1.49619097576504
"2621",2019,"BUFFRMFISHBM02","notper","Notropis percobromus","Carmine shiner",51,0.578340578340578,53.2,4.8190797266454,0.814573146970059,1.59653403083477,1.14285714285714,8.38815789473684,0.399571865889141
"2622",2019,"BUFFRMFISHBM02","pimnot","Pimephales notatus","Bluntnose minnow",2,0.0226800226800227,58.5,3.53553390593274,2.5,4.89990996135013,2,0.328947368421053,0.0274215986394509
"2623",2019,"BUFFRMFISHBM02","pyloli","Pylodictis olivaris","Flathead catfish",3,0.034020034020034,582.666666666667,77.1059876620054,44.5171627327908,87.2520356501786,2707.66666666667,0.493421052631579,55.6864114370649
"2624",2019,"BUFFRMFISHBM03","ambcon","Ambloplites constellatus","Ozark bass",10,0.0934142923867352,138.4,46.3086265061801,14.6440735073575,28.7018566613778,59.3,2.14132762312634,7.52114721736373
"2625",2019,"BUFFRMFISHBM03","amenat","Ameiurus natalis","Yellow bullhead",3,0.0280242877160206,196.333333333333,43.1315816233689,24.9020302608263,48.8070824531462,117.333333333333,0.642398286937901,4.46449210878926
"2626",2019,"BUFFRMFISHBM03","camspp","Campostoma spp.","Stoneroller spp.",63,0.588510042036432,65.3333333333333,32.0638730352867,5.85403551413606,11.4736987719251,4.63333333333333,13.4903640256959,3.70223081407837
"2627",2019,"BUFFRMFISHBM03","cotcar","Cottus carolinae","Banded sculpin",3,0.0280242877160206,47,13.076696830622,7.54983443527075,14.797403582371,1.66666666666667,0.642398286937901,0.0634160810907566
"2628",2019,"BUFFRMFISHBM03","cypgal","Cyprinella galactura","Whitetail shiner",2,0.018682858477347,56.5,3.53553390593274,2.5,4.89990996135013,1,0.428265524625268,0.0253664324363026
"2629",2019,"BUFFRMFISHBM03","cypgre","Notropis greenei","Wedgespot shiner",14,0.130780009341429,70.9285714285714,8.22252334200944,2.19756180003934,4.30714198187812,3.42857142857143,2.99785867237687,0.608794378471263
"2630",2019,"BUFFRMFISHBM03","erihar","Erimystax harryi","Ozark chub",2,0.018682858477347,87.5,12.0208152801713,8.5,16.6596938685905,4,0.428265524625268,0.101465729745211
"2631",2019,"BUFFRMFISHBM03","ethaut","Etheostoma autmnale","Autumn darter",1,0.00934142923867352,30,NA,NA,NA,1,0.214132762312634,0.0126832162181513
"2632",2019,"BUFFRMFISHBM03","ethble","Etheostoma blennioides","Greenside darter",16,0.149462867818776,69.6875,4.02854398842394,1.00713599710599,1.97395028186157,3,3.42612419700214,0.608794378471263
"2633",2019,"BUFFRMFISHBM03","ethcae","Etheostoma caeruleum","Rainbow darter",53,0.495095749649696,43.7,4.71351688013423,0.860566506810298,1.68667935964963,0.8,11.3490364025696,0.537768367649616
"2634",2019,"BUFFRMFISHBM03","etheux","Etheostoma euzonum","Arkansas saddled darter",10,0.0934142923867352,65.7,5.22919156700579,1.65361556730833,3.24102695619909,2.4,2.14132762312634,0.304397189235632
"2635",2019,"BUFFRMFISHBM03","ethjul","Etheostoma juliae","Yoke darter",108,1.00887435777674,41.2,5.69573343041481,1.03989389379149,2.03815457957444,0.9,23.1263383297645,1.23280861640431
"2636",2019,"BUFFRMFISHBM03","ethzon","Etheostoma zonale","Banded darter",26,0.242877160205511,43.0384615384615,2.56874707561129,0.503772748616398,0.987376443680891,0.807692307692308,5.56745182012848,0.266347540581178
"2637",2019,"BUFFRMFISHBM03","funcat","Fundulus catenatus","Northern studfish",5,0.0467071461933676,53.8,7.94984276574072,3.55527776692624,6.96821637821141,1.4,1.07066381156317,0.0887825135270592
"2638",2019,"BUFFRMFISHBM03","funoli","Fundulus olivaceus","Blackspotted topminnow",2,0.018682858477347,59,0,0,0,1.5,0.428265524625268,0.038049648654454
"2639",2019,"BUFFRMFISHBM03","hypamb","Hybopsis amblops","Bigeye chub",1,0.00934142923867352,60,NA,NA,NA,2,0.214132762312634,0.0253664324363026
"2640",2019,"BUFFRMFISHBM03","hypnig","Hypentelium nigricans","Northern hog sucker",2,0.018682858477347,136,5.65685424949238,4,7.83985593816022,27,0.428265524625268,0.684893675780171
"2641",2019,"BUFFRMFISHBM03","lepcya","Lepomis cyanellus","Green sunfish",1,0.00934142923867352,44,NA,NA,NA,1,0.214132762312634,0.0126832162181513
"2642",2019,"BUFFRMFISHBM03","lepmeg","Lepomis megalotis","Longear sunfish",68,0.635217188229799,79.2903225806452,27.6395773585476,4.96421463937436,9.72968190470024,12.3225806451613,14.5610278372591,10.6277169187967
"2643",2019,"BUFFRMFISHBM03","leposs","Lepisosteus osseus","Longnose gar",1,0.00934142923867352,520,NA,NA,NA,259,0.214132762312634,3.28495300050119
"2644",2019,"BUFFRMFISHBM03","luxpil","Luxilus pilsbryi","Duskystripe shiner",10,0.0934142923867352,74.1,13.649989824986,4.3165057885079,8.46019588453415,3.6,2.14132762312634,0.456595783853447
"2645",2019,"BUFFRMFISHBM03","micdol","Micropterus dolomieu","Smallmouth bass",5,0.0467071461933676,213.8,124.077395201543,55.4890980283515,108.756633670181,196.2,1.07066381156317,12.4422351100064
"2646",2019,"BUFFRMFISHBM03","moxcar","Moxostoma carinatum","River redhorse",1,0.00934142923867352,573,NA,NA,NA,2109,0.214132762312634,26.7489030040811
"2647",2019,"BUFFRMFISHBM03","moxduq","Moxostoma duquesnei","Black redhorse",3,0.0280242877160206,210,68.6367248635889,39.6274315762873,77.6683386893484,187.333333333333,0.642398286937901,7.12796751460104
"2648",2019,"BUFFRMFISHBM03","moxery","Moxostoma erythrurum","Golden redhorse",5,0.0467071461933676,270.4,99.2990432985132,44.4078821832341,87.0378497088368,273,1.07066381156317,17.3125901377765
"2649",2019,"BUFFRMFISHBM03","notboo","Notropis boops","Bigeye shiner",19,0.177487155534797,68.7368421052632,8.91840858538711,2.0460232505741,4.01013188265681,2.94736842105263,4.06852248394004,0.710260108216474
"2650",2019,"BUFFRMFISHBM03","notflv","Noturus flavater","Checkered madtom",1,0.00934142923867352,71,NA,NA,NA,3,0.214132762312634,0.038049648654454
"2651",2019,"BUFFRMFISHBM03","notnub","Notropis nubilus","Ozark minnow",18,0.168145726296123,53.8888888888889,5.93978499203751,1.4000207488866,2.74399024542653,1.61111111111111,3.85438972162741,0.367813270326388
"2652",2019,"BUFFRMFISHBM03","notoza","Notropis ozarcanus","Ozark shiner",2,0.018682858477347,46.5,0.707106781186548,0.5,0.979981992270027,1,0.428265524625268,0.0253664324363026
"2653",2019,"BUFFRMFISHBM03","percap","Percina caprodes","Logperch",1,0.00934142923867352,148,NA,NA,NA,23,0.214132762312634,0.29171397301748
"2654",2019,"BUFFRMFISHBM03","pimnot","Pimephales notatus","Bluntnose minnow",11,0.102755721625409,57.6363636363636,7.92808586321727,2.3904078285466,4.68511325231393,1.90909090909091,2.35546038543897,0.266347540581178
"2655",2019,"BUFFRMFISHBM04","ambcon","Ambloplites constellatus","Ozark bass",19,0.201948627103632,111.315789473684,48.7613834362796,11.1866285655779,21.9253890969597,39.5789473684211,4.54545454545455,14.8486676387165
"2656",2019,"BUFFRMFISHBM04","amenat","Ameiurus natalis","Yellow bullhead",7,0.0744021257750221,131.857142857143,42.807431486556,16.1796882826948,31.7116063151664,39.8571428571429,1.67464114832536,5.50901365851317
"2657",2019,"BUFFRMFISHBM04","camspp","Campostoma spp.","Stoneroller spp.",56,0.595217006200177,93.1,20.793483727294,3.79635336218518,7.44071586247049,8.96666666666667,13.3971291866029,9.91490821407913
"2658",2019,"BUFFRMFISHBM04","cotcar","Cottus carolinae","Banded sculpin",2,0.0212577502214349,35,2.82842712474619,2,3.91992796908011,0.5,0.478468899521531,0.019745568668506
"2659",2019,"BUFFRMFISHBM04","cypgal","Cyprinella galactura","Whitetail shiner",2,0.0212577502214349,50.5,10.6066017177982,7.5,14.6997298840504,1,0.478468899521531,0.0394911373370119
"2660",2019,"BUFFRMFISHBM04","cypgre","Notropis greenei","Wedgespot shiner",5,0.0531443755535872,67.8,11.1892805845595,5.00399840127872,9.8076566452023,2.6,1.19617224880383,0.256692392690578
"2661",2019,"BUFFRMFISHBM04","erihar","Erimystax harryi","Ozark chub",4,0.0425155004428698,94,12.3558353285671,6.17791766428355,12.1084961214496,3,0.956937799043062,0.236946824022072
"2662",2019,"BUFFRMFISHBM04","ethble","Etheostoma blennioides","Greenside darter",29,0.308237378210806,70.3793103448276,17.7932848350628,3.30413004472759,6.47597588790279,3.93103448275862,6.9377990430622,2.25099482820968
"2663",2019,"BUFFRMFISHBM04","ethcae","Etheostoma caeruleum","Rainbow darter",18,0.191319751992914,45.7222222222222,6.52421332247223,1.53777182740924,3.01397739816246,1.29411764705882,4.30622009569378,0.459955599572257
"2664",2019,"BUFFRMFISHBM04","etheux","Etheostoma euzonum","Arkansas saddled darter",8,0.0850310008857396,61.25,5.65053726901889,1.99776661013529,3.91555060538183,1.875,1.91387559808612,0.29618353002759
"2665",2019,"BUFFRMFISHBM04","ethjul","Etheostoma juliae","Yoke darter",13,0.138175376439327,42.2307692307692,6.61001571044333,1.83328850581738,3.59317944467332,1.15384615384615,3.11004784688995,0.29618353002759
"2666",2019,"BUFFRMFISHBM04","ethzon","Etheostoma zonale","Banded darter",9,0.095659875996457,41.6666666666667,3.04138126514911,1.0137937550497,1.98699924764904,0.444444444444444,2.15311004784689,0.0789822746740239
"2667",2019,"BUFFRMFISHBM04","funcat","Fundulus catenatus","Northern studfish",4,0.0425155004428698,69.25,20.0727842280703,10.0363921140351,19.6709670782307,3.75,0.956937799043062,0.29618353002759
"2668",2019,"BUFFRMFISHBM04","funoli","Fundulus olivaceus","Blackspotted topminnow",8,0.0850310008857396,67,10.5830052442584,3.74165738677394,7.33351372056518,2,1.91387559808612,0.315929098696096
"2669",2019,"BUFFRMFISHBM04","hypamb","Hybopsis amblops","Bigeye chub",2,0.0212577502214349,63,2.82842712474619,2,3.91992796908011,3,0.478468899521531,0.118473412011036
"2670",2019,"BUFFRMFISHBM04","hypnig","Hypentelium nigricans","Northern hog sucker",3,0.0318866253321523,160.666666666667,158.985324270303,91.7902197646593,179.905524871749,204,0.717703349282297,12.0842880251257
"2671",2019,"BUFFRMFISHBM04","ichamm","Ichthyomyzon spp.","Ichthyomyzon ammocoete",2,0.0212577502214349,108.5,16.2634559672906,11.5,22.5395858222106,3,0.478468899521531,0.118473412011036
"2672",2019,"BUFFRMFISHBM04","lepcya","Lepomis cyanellus","Green sunfish",13,0.138175376439327,97.0769230769231,47.7484057996731,13.2430250332603,25.9558521115525,33.4615384615385,3.11004784688995,8.5893223708001
"2673",2019,"BUFFRMFISHBM04","lepmac","Lepomis macrochirus","Bluegill",1,0.0106288751107175,81,NA,NA,NA,10,0.239234449760766,0.19745568668506
"2674",2019,"BUFFRMFISHBM04","lepmeg","Lepomis megalotis","Longear sunfish",63,0.669619131975199,75,29.1225207034215,4.9944710964202,9.78898347080987,13,15.0717703349282,16.1716207395064
"2675",2019,"BUFFRMFISHBM04","luxchr","Luxilus chrysocephalus","Striped shiner",9,0.095659875996457,86.6666666666667,20.8446635856758,6.94822119522528,13.6182632992594,7.88888888888889,2.15311004784689,1.40193537546392
"2676",2019,"BUFFRMFISHBM04","luxpil","Luxilus pilsbryi","Duskystripe shiner",22,0.233835252435784,70.9090909090909,14.4186027026236,3.07405642504629,6.02503987953467,3.36363636363636,5.26315789473684,1.46117208146944
"2677",2019,"BUFFRMFISHBM04","micdol","Micropterus dolomieu","Smallmouth bass",2,0.0212577502214349,213,154.149278298667,109,213.636074314866,189.5,0.478468899521531,7.48357052536376
"2678",2019,"BUFFRMFISHBM04","micsal","Micropterus salmoides","Largemouth bass",1,0.0106288751107175,305,NA,NA,NA,342,0.239234449760766,6.75298448462904
"2679",2019,"BUFFRMFISHBM04","moxduq","Moxostoma duquesnei","Black redhorse",8,0.0850310008857396,110.75,8.94027803977994,3.16086561381078,6.19518276304023,14.375,1.91387559808612,2.27074039687819
"2680",2019,"BUFFRMFISHBM04","moxery","Moxostoma erythrurum","Golden redhorse",2,0.0212577502214349,166,104.651803615609,74,145.037334855964,93.5,0.478468899521531,3.69242134101062
"2681",2019,"BUFFRMFISHBM04","notala","Noturus albater","Ozark madtom",2,0.0212577502214349,76,1.4142135623731,1,1.95996398454005,5,0.478468899521531,0.19745568668506
"2682",2019,"BUFFRMFISHBM04","notboo","Notropis boops","Bigeye shiner",32,0.340124003542958,68.875,10.5517159589054,1.86529747692408,3.65591587522464,3.0625,7.6555023923445,1.93506572951359
"2683",2019,"BUFFRMFISHBM04","notexi","Noturus exilis","Slender madtom",7,0.0744021257750221,76.4285714285714,17.5200565339379,6.62195893494172,12.978801019589,3.71428571428571,1.67464114832536,0.513384785381155
"2684",2019,"BUFFRMFISHBM04","notflv","Noturus flavater","Checkered madtom",1,0.0106288751107175,63,NA,NA,NA,2,0.239234449760766,0.0394911373370119
"2685",2019,"BUFFRMFISHBM04","notnub","Notropis nubilus","Ozark minnow",29,0.308237378210806,51.6551724137931,11.9501221215188,2.21908196861249,4.34932073722273,1.44827586206897,6.9377990430622,0.829313884077251
"2686",2019,"BUFFRMFISHBM04","notper","Notropis percobromus","Carmine shiner",8,0.0850310008857396,60,5.8309518948453,2.06155281280883,4.04056926533255,1.375,1.91387559808612,0.217201255353566
"2687",2019,"BUFFRMFISHBM04","perevi","Percina evides","Gilt darter",4,0.0425155004428698,58.75,6.18465843842649,3.09232921921325,6.06085389799883,1.25,0.956937799043062,0.0987278433425298
"2688",2019,"BUFFRMFISHBM04","pimnot","Pimephales notatus","Bluntnose minnow",23,0.244464127546501,60.8695652173913,13.7520390151824,2.86749835734079,5.62019350611571,2.21739130434783,5.50239234449761,1.0070240020938
"2689",2019,"BUFFRMFISHBM05","ambcon","Ambloplites constellatus","Ozark bass",13,0.158215010141988,125.923076923077,55.1414265600458,15.2934800664982,29.9746701286178,59,3.88059701492537,9.51314580388356
"2690",2019,"BUFFRMFISHBM05","amenat","Ameiurus natalis","Yellow bullhead",1,0.0121703853955375,90,NA,NA,NA,8,0.298507462686567,0.0992244673156043
"2691",2019,"BUFFRMFISHBM05","camspp","Campostoma spp.","Stoneroller spp.",7,0.0851926977687627,28.8571428571429,4.25944329025016,1.60991823851209,3.15538176553786,0.142857142857143,2.08955223880597,0.0124030584144505
"2692",2019,"BUFFRMFISHBM05","cotcar","Cottus carolinae","Banded sculpin",5,0.0608519269776876,46.2,5.71839138219832,2.55734237050888,5.0122989423357,1.8,1.49253731343284,0.111627525730055
"2693",2019,"BUFFRMFISHBM05","cypgal","Cyprinella galactura","Whitetail shiner",16,0.1947261663286,59.875,16.2064801854073,4.05162004635183,7.94102936989009,2.1875,4.77611940298508,0.434107044505769
"2694",2019,"BUFFRMFISHBM05","cypgre","Notropis greenei","Wedgespot shiner",1,0.0121703853955375,60,NA,NA,NA,2,0.298507462686567,0.0248061168289011
"2695",2019,"BUFFRMFISHBM05","ethble","Etheostoma blennioides","Greenside darter",22,0.267748478701826,82.7272727272727,11.2426984482494,2.39695136293687,4.69793834405046,6.04545454545455,6.56716417910448,1.64960676912192
"2696",2019,"BUFFRMFISHBM05","ethcae","Etheostoma caeruleum","Rainbow darter",6,0.0730223123732252,45.5,3.93700393700591,1.60727512683216,3.15020136183808,1,1.7910447761194,0.0744183504867032
"2697",2019,"BUFFRMFISHBM05","etheux","Etheostoma euzonum","Arkansas saddled darter",3,0.0365111561866126,65.3333333333333,7.63762615825973,4.40958551844098,8.64262880289371,2.66666666666667,0.895522388059702,0.0992244673156043
"2698",2019,"BUFFRMFISHBM05","ethzon","Etheostoma zonale","Banded darter",15,0.182555780933063,44.6666666666667,3.65799841183022,0.94449112863144,1.85116859583521,0.8,4.47761194029851,0.148836700973406
"2699",2019,"BUFFRMFISHBM05","funcat","Fundulus catenatus","Northern studfish",2,0.0243407707910751,77.5,21.920310216783,15.5,30.3794417603708,4.5,0.597014925373134,0.111627525730055
"2700",2019,"BUFFRMFISHBM05","funoli","Fundulus olivaceus","Blackspotted topminnow",5,0.0608519269776876,60.8,8.1363382427232,3.63868107973205,7.13168386750213,2,1.49253731343284,0.124030584144505
"2701",2019,"BUFFRMFISHBM05","hypamb","Hybopsis amblops","Bigeye chub",7,0.0851926977687627,66.2857142857143,4.15187851918806,1.56926257650325,3.07569813223289,2.28571428571429,2.08955223880597,0.198448934631209
"2702",2019,"BUFFRMFISHBM05","hypnig","Hypentelium nigricans","Northern hog sucker",1,0.0121703853955375,NA,NA,NA,NA,NA,0.298507462686567,NA
"2703",2019,"BUFFRMFISHBM05","lepmeg","Lepomis megalotis","Longear sunfish",104,1.2657200811359,80.6,19.2059617181031,3.50651282386191,6.87263884609719,14.3333333333333,31.044776119403,18.4888257431409
"2704",2019,"BUFFRMFISHBM05","leposs","Lepisosteus osseus","Longnose gar",1,0.0121703853955375,NA,NA,NA,NA,NA,0.298507462686567,NA
"2705",2019,"BUFFRMFISHBM05","luxpil","Luxilus pilsbryi","Duskystripe shiner",2,0.0243407707910751,66.5,12.0208152801713,8.5,16.6596938685905,2.5,0.597014925373134,0.0620152920722527
"2706",2019,"BUFFRMFISHBM05","micdol","Micropterus dolomieu","Smallmouth bass",2,0.0243407707910751,213,110.308657865101,78,152.877190794124,146.5,0.597014925373134,3.63409611543401
"2707",2019,"BUFFRMFISHBM05","moxduq","Moxostoma duquesnei","Black redhorse",7,0.0851926977687627,338.428571428571,114.737173782602,43.3665754233093,84.9969259625262,504.857142857143,2.08955223880597,43.8324084366682
"2708",2019,"BUFFRMFISHBM05","moxery","Moxostoma erythrurum","Golden redhorse",4,0.0486815415821501,267.75,38.0909000506245,19.0454500253123,37.3283961189695,208,1.19402985074627,10.3193446008228
"2709",2019,"BUFFRMFISHBM05","notboo","Notropis boops","Bigeye shiner",18,0.219066937119675,69.6111111111111,9.95955874813319,2.34749050947693,4.60099685262436,3.05555555555556,5.37313432835821,0.682168212794779
"2710",2019,"BUFFRMFISHBM05","notnub","Notropis nubilus","Ozark minnow",24,0.292089249492901,50.1666666666667,7.83895881876661,1.60012076838905,3.13617907695709,1.26086956521739,7.16417910447761,0.37532733288946
"2711",2019,"BUFFRMFISHBM05","notoza","Notropis ozarcanus","Ozark shiner",12,0.14604462474645,40.4166666666667,11.827997089597,3.41444865182647,6.69219638464122,0.8,3.58208955223881,0.119069360778725
"2712",2019,"BUFFRMFISHBM05","notper","Notropis percobromus","Carmine shiner",9,0.109533468559838,57.6666666666667,5.56776436283002,1.85592145427667,3.63753920851748,1.88888888888889,2.6865671641791,0.210851993045659
"2713",2019,"BUFFRMFISHBM05","pimnot","Pimephales notatus","Bluntnose minnow",45,0.547667342799189,59.6888888888889,8.13751755261959,1.21306949438367,2.37757251973622,2.08888888888889,13.4328358208955,1.16588749095835
"2714",2019,"BUFFRMFISHBM05","pyloli","Pylodictis olivaris","Flathead catfish",3,0.0365111561866126,284.333333333333,11.5902257671425,6.69161996662824,13.1153341328205,228.666666666667,0.895522388059702,8.50849807231307
"2715",2019,"BUFFRMFISHBM06","ambcon","Ambloplites constellatus","Ozark bass",17,0.163409163729574,183.294117647059,40.7933277416209,9.893835241126,19.3915607415801,123.823529411765,5.12048192771084,19.8731158027757
"2716",2019,"BUFFRMFISHBM06","camspp","Campostoma spp.","Stoneroller spp.",29,0.278756808715155,32.1034482758621,11.9413591819902,2.2174547315933,4.34613141127081,0.5,8.73493975903614,0.13689319674121
"2717",2019,"BUFFRMFISHBM06","cypgal","Cyprinella galactura","Whitetail shiner",6,0.0576738224927908,73,39.6635853144922,16.192590898309,31.7368949770768,6.16666666666667,1.80722891566265,0.349313674443088
"2718",2019,"BUFFRMFISHBM06","cypgre","Notropis greenei","Wedgespot shiner",11,0.105735341236783,59.4545454545455,11.5443807661012,3.48076176710485,6.82216770228949,2,3.31325301204819,0.207700022641836
"2719",2019,"BUFFRMFISHBM06","erihar","Erimystax harryi","Ozark chub",3,0.0288369112463954,86,5.29150262212918,3.05505046330389,5.98778887902804,5.33333333333333,0.903614457831325,0.151054561921336
"2720",2019,"BUFFRMFISHBM06","ethble","Etheostoma blennioides","Greenside darter",8,0.0768984299903877,81.375,11.9395800356868,4.22127900387684,8.27355481629372,5.25,2.40963855421687,0.396518225043506
"2721",2019,"BUFFRMFISHBM06","ethcae","Etheostoma caeruleum","Rainbow darter",19,0.182633771227171,40.8421052631579,4.4629730735207,1.02387624290631,2.00676056072255,0.736842105263158,5.72289156626506,0.132172741681169
"2722",2019,"BUFFRMFISHBM06","etheux","Etheostoma euzonum","Arkansas saddled darter",4,0.0384492149951938,60,9.05538513813742,4.52769256906871,8.8741143684443,2.5,1.20481927710843,0.0944091012008347
"2723",2019,"BUFFRMFISHBM06","ethjul","Etheostoma juliae","Yoke darter",18,0.173021467478372,35.7777777777778,4.88160479345442,1.15060528417479,2.25514491740406,0.722222222222222,5.42168674698795,0.122731831561085
"2724",2019,"BUFFRMFISHBM06","ethzon","Etheostoma zonale","Banded darter",5,0.0480615187439923,49.8,7.25947656515261,3.24653661614959,6.36309484214372,1,1.50602409638554,0.0472045506004174
"2725",2019,"BUFFRMFISHBM06","funcat","Fundulus catenatus","Northern studfish",3,0.0288369112463954,84,11,6.35085296108588,12.4474430748379,6.66666666666667,0.903614457831325,0.188818202401669
"2726",2019,"BUFFRMFISHBM06","hypamb","Hybopsis amblops","Bigeye chub",1,0.00961230374879846,54,NA,NA,NA,1,0.301204819277108,0.00944091012008347
"2727",2019,"BUFFRMFISHBM06","hypnig","Hypentelium nigricans","Northern hog sucker",4,0.0384492149951938,343.5,35.7071421427142,17.8535710713571,34.9923562952861,454.5,1.20481927710843,17.1635745983118
"2728",2019,"BUFFRMFISHBM06","lepcya","Lepomis cyanellus","Green sunfish",10,0.0961230374879846,145.9,34.2845932356406,10.8417403277026,21.2494205720326,68.9,3.01204819277108,6.50478707273751
"2729",2019,"BUFFRMFISHBM06","lepmeg","Lepomis megalotis","Longear sunfish",74,0.711310477411086,96.5135135135135,29.9375476075907,4.92170250909383,9.64635966044431,26.8378378378378,22.289156626506,18.7496474984858
"2730",2019,"BUFFRMFISHBM06","leposs","Lepisosteus osseus","Longnose gar",2,0.0192246074975969,451.5,540.936687607709,382.5,749.686224086571,544.5,0.602409638554217,10.2811511207709
"2731",2019,"BUFFRMFISHBM06","luxpil","Luxilus pilsbryi","Duskystripe shiner",12,0.115347644985582,40.1666666666667,25.3550544838458,7.31937376578299,14.345708970322,1.33333333333333,3.6144578313253,0.151054561921336
"2732",2019,"BUFFRMFISHBM06","micdol","Micropterus dolomieu","Smallmouth bass",3,0.0288369112463954,236.333333333333,96.0954386707992,55.4807273844811,108.740227509668,192.333333333333,0.903614457831325,5.44740513928816
"2733",2019,"BUFFRMFISHBM06","moxduq","Moxostoma duquesnei","Black redhorse",2,0.0192246074975969,194.5,55.8614357137373,39.5,77.4185773893321,75.5,0.602409638554217,1.4255774281326
"2734",2019,"BUFFRMFISHBM06","moxery","Moxostoma erythrurum","Golden redhorse",3,0.0288369112463954,276,49.5681349255749,28.6181760425084,56.0905943465434,224.666666666667,0.903614457831325,6.36317342093626
"2735",2019,"BUFFRMFISHBM06","notala","Noturus albater","Ozark madtom",8,0.0768984299903877,52,16.94529011681,5.99106477538485,11.7422711888009,2.28571428571429,2.40963855421687,0.172633785052955
"2736",2019,"BUFFRMFISHBM06","notboo","Notropis boops","Bigeye shiner",21,0.201858378724768,59.6190476190476,15.0979342642502,3.29463936206637,6.4573744916981,2.28571428571429,6.32530120481928,0.453163685764007
"2737",2019,"BUFFRMFISHBM06","notnub","Notropis nubilus","Ozark minnow",41,0.394104453700737,48.7878787878788,5.4872441612205,0.955206601241854,1.87217053622895,1.06060606060606,12.3493975903614,0.410536546130903
"2738",2019,"BUFFRMFISHBM06","notper","Notropis percobromus","Carmine shiner",9,0.0865107337391862,51.1111111111111,4.07567308687916,1.35855769562639,2.66272415434745,1.22222222222222,2.71084337349398,0.103850011320918
"2739",2019,"BUFFRMFISHBM06","pimnot","Pimephales notatus","Bluntnose minnow",15,0.144184556231977,49.8571428571429,5.99816821854989,1.60307788728928,3.14197492349955,0.928571428571429,4.51807228915663,0.131498390958305
"2740",2019,"BUFFRMFISHBM06","pyloli","Pylodictis olivaris","Flathead catfish",4,0.0384492149951938,316.75,53.2251506965144,26.6125753482572,52.1596892184426,289.5,1.20481927710843,10.9325739190567
"2741",2019,"BUFFRMFISHBT05","ambcon","Ambloplites constellatus","Ozark bass",2,0.0298284862043251,61.5,2.12132034355964,1.5,2.93994597681008,4.5,0.427350427350427,0.343898406664035
"2742",2019,"BUFFRMFISHBT05","camspp","Campostoma spp.","Stoneroller spp.",129,1.92393736017897,87.9333333333333,13.5848123445553,2.48023605352919,4.86117333807497,9.36666666666667,27.5641025641026,46.1702716413504
"2743",2019,"BUFFRMFISHBT05","cotcar","Cottus carolinae","Banded sculpin",14,0.208799403430276,41.5384615384615,13.8721266371057,3.84743568383188,7.54083537314472,1.38461538461538,2.99145299145299,0.740704260507152
"2744",2019,"BUFFRMFISHBT05","ethble","Etheostoma blennioides","Greenside darter",36,0.536912751677852,78.3611111111111,15.5804873897317,2.59674789828861,5.08953235757575,7.05555555555556,7.69230769230769,9.70557725474054
"2745",2019,"BUFFRMFISHBT05","ethcae","Etheostoma caeruleum","Rainbow darter",134,1.99850857568978,49.6530612244898,6.54328861126728,0.934755515895326,1.832087145505,1.51020408163265,28.6324786324786,7.73264535256365
"2746",2019,"BUFFRMFISHBT05","ethspe","Etheostoma spectabile","Orangethroat darter",33,0.492170022371365,46.6969696969697,4.4475052591653,0.774211290366134,1.51742624554191,1.03030303030303,7.05128205128205,1.29917175850858
"2747",2019,"BUFFRMFISHBT05","funcat","Fundulus catenatus","Northern studfish",4,0.0596569724086503,73.5,37.8461799040978,18.9230899520489,37.0885747822276,7,0.854700854700855,1.06990615406589
"2748",2019,"BUFFRMFISHBT05","lamaep","Lampetra aepyptera","Least Brook lamprey",1,0.0149142431021626,137,NA,NA,NA,5,0.213675213675214,0.191054670368908
"2749",2019,"BUFFRMFISHBT05","lepcya","Lepomis cyanellus","Green sunfish",8,0.119313944817301,56.875,7.97204938698773,2.81854509074654,5.5242468666654,3.25,1.70940170940171,0.993484285918323
"2750",2019,"BUFFRMFISHBT05","lepmeg","Lepomis megalotis","Longear sunfish",23,0.343027591349739,67.8260869565217,21.8333609912426,4.55257047398554,8.9228741660921,8.21739130434783,4.91452991452991,7.22186653994473
"2751",2019,"BUFFRMFISHBT05","luxpil","Luxilus pilsbryi","Duskystripe shiner",27,0.402684563758389,88.3333333333333,12.5544965894848,2.41611399515976,4.7354964130563,6.92592592592593,5.76923076923077,7.14544467179717
"2752",2019,"BUFFRMFISHBT05","nocbig","Nocomis biguttatus","Hornyhead chub",16,0.238627889634601,105.6875,39.7604807985685,9.94012019964212,19.4822775932976,19.25,3.41880341880342,11.7689676947248
"2753",2019,"BUFFRMFISHBT05","notexi","Noturus exilis","Slender madtom",28,0.417598806860552,72.25,16.4263225974067,3.10428318200419,6.08428323454161,4.03571428571429,5.98290598290598,4.31783555033733
"2754",2019,"BUFFRMFISHBT05","notnub","Notropis nubilus","Ozark minnow",13,0.193885160328113,65.3846153846154,6.5388386014957,1.81354752766738,3.55448783847973,2.61538461538462,2.77777777777778,1.29917175850858
"2755",2019,"BUFFRMFISHBT07","ambcon","Ambloplites constellatus","Ozark bass",12,0.336448598130841,100.083333333333,45.0039560550632,12.9915230714944,25.4629173244502,29.0833333333333,4.02684563758389,9.21898002114072
"2756",2019,"BUFFRMFISHBT07","amenat","Ameiurus natalis","Yellow bullhead",6,0.168224299065421,119.833333333333,64.1074618641751,26.1717617120268,51.2957103675368,77.6666666666667,2.01342281879195,12.3095836385432
"2757",2019,"BUFFRMFISHBT07","camspp","Campostoma spp.","Stoneroller spp.",23,0.644859813084112,107.608695652174,25.6776151725314,5.35415288208345,10.4939468166049,14.2608695652174,7.71812080536913,8.66425629494027
"2758",2019,"BUFFRMFISHBT07","cotcar","Cottus carolinae","Banded sculpin",3,0.0841121495327103,70.6666666666667,31.0859024854247,17.9474541679624,35.1763637833896,6,1.00671140939597,0.475477479600381
"2759",2019,"BUFFRMFISHBT07","ethble","Etheostoma blennioides","Greenside darter",33,0.925233644859813,77.7,23.257405198167,4.24620181869132,8.32240263572346,6.06666666666667,11.0738255033557,5.28836618977757
"2760",2019,"BUFFRMFISHBT07","ethcae","Etheostoma caeruleum","Rainbow darter",47,1.31775700934579,49.6388888888889,7.78699567145774,1.29783261190962,2.54370517730441,1.38888888888889,15.7718120805369,1.72433962509397
"2761",2019,"BUFFRMFISHBT07","ethjul","Etheostoma juliae","Yoke darter",5,0.14018691588785,50,5.78791845139511,2.58843582110896,5.07324098566692,1.8,1.67785234899329,0.23773873980019
"2762",2019,"BUFFRMFISHBT07","ethspe","Etheostoma spectabile","Orangethroat darter",3,0.0841121495327103,43.6666666666667,7.37111479583199,4.25571511160124,8.34104834720128,1,1.00671140939597,0.0792462466000635
"2763",2019,"BUFFRMFISHBT07","ethzon","Etheostoma zonale","Banded darter",6,0.168224299065421,50,4.51663591625449,1.84390889145858,3.61399501803199,1.66666666666667,2.01342281879195,0.264154155333545
"2764",2019,"BUFFRMFISHBT07","funcat","Fundulus catenatus","Northern studfish",4,0.11214953271028,83.25,39.5674529548382,19.7837264774191,38.7753913757329,8.25,1.34228187919463,0.871708712600698
"2765",2019,"BUFFRMFISHBT07","funoli","Fundulus olivaceus","Blackspotted topminnow",5,0.14018691588785,68.6,9.09945053286186,4.06939798987516,7.97587349891501,3,1.67785234899329,0.396231233000317
"2766",2019,"BUFFRMFISHBT07","hypamb","Hybopsis amblops","Bigeye chub",1,0.0280373831775701,84,NA,NA,NA,5,0.335570469798658,0.132077077666772
"2767",2019,"BUFFRMFISHBT07","hypnig","Hypentelium nigricans","Northern hog sucker",3,0.0841121495327103,129.666666666667,3.51188458428425,2.02758751009941,3.97399849529808,23,1.00671140939597,1.82266367180146
"2768",2019,"BUFFRMFISHBT07","lamaep","Lampetra aepyptera","Least Brook lamprey",1,0.0280373831775701,108,NA,NA,NA,3,0.335570469798658,0.0792462466000635
"2769",2019,"BUFFRMFISHBT07","lepcya","Lepomis cyanellus","Green sunfish",17,0.476635514018692,84.5294117647059,28.9830071918418,7.02941176470588,13.7773938913257,13.7058823529412,5.70469798657718,6.1547918192716
"2770",2019,"BUFFRMFISHBT07","lepmac","Lepomis macrochirus","Bluegill",6,0.168224299065421,56.8333333333333,14.4833237437636,5.91279215862617,11.5888596789781,3.16666666666667,2.01342281879195,0.501892895133735
"2771",2019,"BUFFRMFISHBT07","lepmeg","Lepomis megalotis","Longear sunfish",67,1.8785046728972,85.1666666666667,24.1890304766913,4.41629254542125,8.65577433421837,15,22.4832214765101,26.5474926110213
"2772",2019,"BUFFRMFISHBT07","luxchr","Luxilus chrysocephalus","Striped shiner",2,0.0560747663551402,106.5,12.0208152801713,8.5,16.6596938685905,14,0.671140939597315,0.739631634933926
"2773",2019,"BUFFRMFISHBT07","luxpil","Luxilus pilsbryi","Duskystripe shiner",22,0.616822429906542,81.6666666666667,13.4697191260001,2.93933368974714,5.76098817044962,5.19047619047619,7.38255033557047,3.01638887852305
"2774",2019,"BUFFRMFISHBT07","micdol","Micropterus dolomieu","Smallmouth bass",4,0.11214953271028,183.5,69.1399546813081,34.569977340654,67.7559105340477,100.25,1.34228187919463,10.5925816288752
"2775",2019,"BUFFRMFISHBT07","moxduq","Moxostoma duquesnei","Black redhorse",2,0.0560747663551402,197,138.592929112563,98,192.076470484925,134,0.671140939597315,7.079331362939
"2776",2019,"BUFFRMFISHBT07","nocbig","Nocomis biguttatus","Hornyhead chub",5,0.14018691588785,97,31,13.8636214604987,27.172198757874,13.8,1.67785234899329,1.82266367180146
"2777",2019,"BUFFRMFISHBT07","notexi","Noturus exilis","Slender madtom",2,0.0560747663551402,107,22.6274169979695,16,31.3594237526409,9.5,0.671140939597315,0.501892895133735
"2778",2019,"BUFFRMFISHBT07","notnub","Notropis nubilus","Ozark minnow",19,0.532710280373832,65.7368421052632,8.79293975150997,2.01723872597229,3.95371525112516,2.94736842105263,6.3758389261745,1.47926326986785
"2779",2019,"BUFFRMFISHBT09","ambcon","Ambloplites constellatus","Ozark bass",2,0.0317208564631245,174,1.4142135623731,1,1.95996398454005,96.5,1.0989010989011,6.99829575181174
"2780",2019,"BUFFRMFISHBT09","camspp","Campostoma spp.","Stoneroller spp.",2,0.0317208564631245,90.5,6.36396103067893,4.5,8.81983793043024,6.5,1.0989010989011,0.471387796754158
"2781",2019,"BUFFRMFISHBT09","cotcar","Cottus carolinae","Banded sculpin",3,0.0475812846946868,45.6666666666667,4.04145188432738,2.33333333333333,4.57324929726012,1.33333333333333,1.64835164835165,0.145042399001279
"2782",2019,"BUFFRMFISHBT09","cypgal","Cyprinella galactura","Whitetail shiner",1,0.0158604282315623,66,NA,NA,NA,3,0.549450549450549,0.10878179925096
"2783",2019,"BUFFRMFISHBT09","ethble","Etheostoma blennioides","Greenside darter",11,0.174464710547185,77.2727272727273,11.5159967791842,3.47220367304504,6.80539414615596,4.72727272727273,6.04395604395604,1.88555118701663
"2784",2019,"BUFFRMFISHBT09","ethcae","Etheostoma caeruleum","Rainbow darter",45,0.713719270420301,48.3,5.22691971003692,0.954300610485194,1.87039482697557,1.23333333333333,24.7252747252747,2.01246328614275
"2785",2019,"BUFFRMFISHBT09","ethjul","Etheostoma juliae","Yoke darter",19,0.301348136399683,44.5789473684211,5.69908169477704,1.30745900939556,2.56257256967771,1.15789473684211,10.4395604395604,0.797733194507037
"2786",2019,"BUFFRMFISHBT09","ethspe","Etheostoma spectabile","Orangethroat darter",2,0.0317208564631245,48.5,0.707106781186548,0.5,0.979981992270027,1,1.0989010989011,0.0725211995006397
"2787",2019,"BUFFRMFISHBT09","ethzon","Etheostoma zonale","Banded darter",1,0.0158604282315623,44,NA,NA,NA,1,0.549450549450549,0.0362605997503199
"2788",2019,"BUFFRMFISHBT09","funcat","Fundulus catenatus","Northern studfish",2,0.0317208564631245,77,15.556349186104,11,21.5596038299406,5.5,1.0989010989011,0.398866597253519
"2789",2019,"BUFFRMFISHBT09","hypamb","Hybopsis amblops","Bigeye chub",2,0.0317208564631245,65,4.24264068711928,3,5.87989195362016,2.5,1.0989010989011,0.181302998751599
"2790",2019,"BUFFRMFISHBT09","hypnig","Hypentelium nigricans","Northern hog sucker",1,0.0158604282315623,350,NA,NA,NA,45,0.549450549450549,1.63172698876439
"2791",2019,"BUFFRMFISHBT09","lepcya","Lepomis cyanellus","Green sunfish",1,0.0158604282315623,55,NA,NA,NA,2,0.549450549450549,0.0725211995006397
"2792",2019,"BUFFRMFISHBT09","lepmeg","Lepomis megalotis","Longear sunfish",38,0.602696272799366,64,23.3620158330522,3.78981940891711,7.42790954938841,7.77142857142857,20.8791208791209,10.7082731148373
"2793",2019,"BUFFRMFISHBT09","luxpil","Luxilus pilsbryi","Duskystripe shiner",3,0.0475812846946868,96,19.2873015219859,11.13552872566,21.8252352511049,8,1.64835164835165,0.870254394007677
"2794",2019,"BUFFRMFISHBT09","micdol","Micropterus dolomieu","Smallmouth bass",1,0.0158604282315623,270,NA,NA,NA,207,0.549450549450549,7.50594414831621
"2795",2019,"BUFFRMFISHBT09","moxduq","Moxostoma duquesnei","Black redhorse",5,0.0793021411578113,295.2,87.6053651325077,39.1783103259954,76.7880772140847,263,2.74725274725275,47.6826886716706
"2796",2019,"BUFFRMFISHBT09","moxery","Moxostoma erythrurum","Golden redhorse",1,0.0158604282315623,339,NA,NA,NA,396,0.549450549450549,14.3591975011267
"2797",2019,"BUFFRMFISHBT09","notboo","Notropis boops","Bigeye shiner",10,0.158604282315623,77.6,6.14997741639937,1.94479361944198,3.81172545146957,5.3,5.49450549450549,1.92181178676695
"2798",2019,"BUFFRMFISHBT09","notnub","Notropis nubilus","Ozark minnow",21,0.333068992862807,58.9523809523809,8.22481726530256,1.79480227121089,3.51774781094403,1.80952380952381,11.5384615384615,1.37790279051216
"2799",2019,"BUFFRMFISHBT09","notoza","Notropis ozarcanus","Ozark shiner",2,0.0317208564631245,60,2.82842712474619,2,3.91992796908011,2,1.0989010989011,0.145042399001279
"2800",2019,"BUFFRMFISHBT09","notper","Notropis percobromus","Carmine shiner",6,0.0951625693893735,63.1666666666667,4.66547603859099,1.90467261695489,3.73308973157123,1.83333333333333,3.2967032967033,0.398866597253519
"2801",2019,"BUFFRMFISHBT09","pimnot","Pimephales notatus","Bluntnose minnow",3,0.0475812846946868,57,3.46410161513775,2,3.91992796908011,2,1.64835164835165,0.217563598501919
"2802",2019,"BUFFRMFISHBT15","ambcon","Ambloplites constellatus","Ozark bass",1,0.01158972377825,122,NA,NA,NA,38,0.1001001001001,0.769642160187385
"2803",2019,"BUFFRMFISHBT15","camspp","Campostoma spp.","Stoneroller spp.",106,1.22851072049449,100.1,41.6275356481492,7.60011342928058,14.8959485998091,13.7,10.6106106106106,29.4124827637927
"2804",2019,"BUFFRMFISHBT15","chrery","Chrosomus erythrogaster","Southern redbelly dace",11,0.127486961560749,56.1818181818182,15.5680325142144,4.69393841579112,9.1999502405996,2.09090909090909,1.1011011011011,0.465836044323944
"2805",2019,"BUFFRMFISHBT15","cotcar","Cottus carolinae","Banded sculpin",353,4.09117249372223,60.7,23.3801418832897,4.2686103690497,8.36632258737164,4.93333333333333,35.3353353353353,35.2712149270437
"2806",2019,"BUFFRMFISHBT15","cypgre","Notropis greenei","Wedgespot shiner",11,0.127486961560749,68.3636363636364,4.86359388256724,1.46642873101303,2.87414749868032,3.36363636363636,1.1011011011011,0.749388419129823
"2807",2019,"BUFFRMFISHBT15","erihar","Erimystax harryi","Ozark chub",16,0.185435580451999,99,12.088562087086,3.0221405217715,5.92328657889123,8.3125,1.6016016016016,2.69374756065585
"2808",2019,"BUFFRMFISHBT15","ethble","Etheostoma blennioides","Greenside darter",1,0.01158972377825,66,NA,NA,NA,3,0.1001001001001,0.0607612231726883
"2809",2019,"BUFFRMFISHBT15","ethcae","Etheostoma caeruleum","Rainbow darter",112,1.29804906316399,47.1621621621622,7.72986097874669,1.27078131691715,2.490685613384,1.45945945945946,11.2112112112112,3.31066556530107
"2810",2019,"BUFFRMFISHBT15","ethspe","Etheostoma spectabile","Orangethroat darter",24,0.278153370677999,46,6.85882484547241,1.40005175887759,2.74405102389203,1.25,2.4024024024024,0.607612231726883
"2811",2019,"BUFFRMFISHBT15","funcat","Fundulus catenatus","Northern studfish",7,0.0811280664477497,79.1428571428571,26.3908353501019,9.97479817537457,19.55024517679,6.85714285714286,0.700700700700701,0.972179570763013
"2812",2019,"BUFFRMFISHBT15","ichamm","Ichthyomyzon spp.","Ichthyomyzon ammocoete",3,0.0347691713347499,137,42.7901857906693,24.704925284917,48.4207637991903,6,0.3003003003003,0.36456733903613
"2813",2019,"BUFFRMFISHBT15","lepcya","Lepomis cyanellus","Green sunfish",3,0.0347691713347499,74,20.6639783197718,11.9303534454489,23.3830630759131,8,0.3003003003003,0.486089785381507
"2814",2019,"BUFFRMFISHBT15","lepmac","Lepomis macrochirus","Bluegill",6,0.0695383426694997,49.1666666666667,15.2107418184212,6.20975934405763,12.170904667014,2.16666666666667,0.600600600600601,0.263298633748316
"2815",2019,"BUFFRMFISHBT15","lepmeg","Lepomis megalotis","Longear sunfish",36,0.417230056016998,86.8666666666667,23.307144580702,4.25528294596159,8.34020131811222,17.4666666666667,3.6036036036036,12.7355523769955
"2816",2019,"BUFFRMFISHBT15","luxpil","Luxilus pilsbryi","Duskystripe shiner",27,0.312922542012749,83.7037037037037,18.8451479468748,3.62675041334884,7.10830019107948,6.11111111111111,2.7027027027027,3.34186727449786
"2817",2019,"BUFFRMFISHBT15","nocbig","Nocomis biguttatus","Hornyhead chub",1,0.01158972377825,78,NA,NA,NA,5,0.1001001001001,0.101268705287814
"2818",2019,"BUFFRMFISHBT15","notexi","Noturus exilis","Slender madtom",2,0.0231794475564999,103,25.4558441227157,18,35.279351721721,11.5,0.2002002002002,0.465836044323944
"2819",2019,"BUFFRMFISHBT15","notnub","Notropis nubilus","Ozark minnow",46,0.533127293799498,64.1,6.46662519242536,1.18063882960752,2.31400958478026,2.6,4.6046046046046,2.42234743048451
"2820",2019,"BUFFRMFISHBT15","notper","Notropis percobromus","Carmine shiner",233,2.70040564033224,51.5666666666667,4.31263847020738,0.787376457499051,1.54322949897287,1.16666666666667,23.3233233233233,5.50564194414748
"2821",2019,"BUFFRMFISHBT19","ambcon","Ambloplites constellatus","Ozark bass",11,0.2290871225269,89.2727272727273,41.8762245411186,12.626156767233,24.7468125269334,25.3636363636364,3.87323943661972,6.57491634067022
"2822",2019,"BUFFRMFISHBT19","amenat","Ameiurus natalis","Yellow bullhead",16,0.333217632766401,148.6875,32.9498988364658,8.23747470911646,16.1451537534278,52.625,5.63380281690141,19.8425790639581
"2823",2019,"BUFFRMFISHBT19","camspp","Campostoma spp.","Stoneroller spp.",69,1.4370010413051,86.8666666666667,21.5913988835167,3.94203207219799,7.72624088740985,8.76666666666667,24.2957746478873,14.2550784748079
"2824",2019,"BUFFRMFISHBT19","cotcar","Cottus carolinae","Banded sculpin",14,0.2915654286706,60.0714285714286,31.936148521974,8.53529471588241,16.7288702405646,5.57142857142857,4.92957746478873,1.83814865438092
"2825",2019,"BUFFRMFISHBT19","erihar","Erimystax harryi","Ozark chub",3,0.0624783061437001,115,7,4.04145188432738,7.9211001385332,11,1.05633802816901,0.777678276853467
"2826",2019,"BUFFRMFISHBT19","ethble","Etheostoma blennioides","Greenside darter",13,0.2707393266227,76.2307692307692,18.2991522852556,5.07527168169331,9.94734970787492,5.23076923076923,4.57746478873239,1.60248857048593
"2827",2019,"BUFFRMFISHBT19","ethcae","Etheostoma caeruleum","Rainbow darter",36,0.749739673724401,45.2903225806452,5.75148414693748,1.03299704731291,2.02463700886953,1.06666666666667,12.6760563380282,0.904934722156761
"2828",2019,"BUFFRMFISHBT19","etheux","Etheostoma euzonum","Arkansas saddled darter",1,0.0208261020479,70,NA,NA,NA,4,0.352112676056338,0.094264033557996
"2829",2019,"BUFFRMFISHBT19","ethspe","Etheostoma spectabile","Orangethroat darter",5,0.1041305102395,48.8,2.16794833886788,0.969535971483266,1.90025558582325,0.8,1.76056338028169,0.094264033557996
"2830",2019,"BUFFRMFISHBT19","ethzon","Etheostoma zonale","Banded darter",3,0.0624783061437001,48,2,1.15470053837925,2.26317146815234,1.33333333333333,1.05633802816901,0.094264033557996
"2831",2019,"BUFFRMFISHBT19","funcat","Fundulus catenatus","Northern studfish",5,0.1041305102395,64.2,22.5321991825032,10.0767058109285,19.7499804722253,3,1.76056338028169,0.353490125842485
"2832",2019,"BUFFRMFISHBT19","funoli","Fundulus olivaceus","Blackspotted topminnow",11,0.2290871225269,67.2727272727273,10.4698701910856,3.15678463886885,6.18718419913223,2.54545454545455,3.87323943661972,0.659848234905972
"2833",2019,"BUFFRMFISHBT19","hypamb","Hybopsis amblops","Bigeye chub",1,0.0208261020479,79,NA,NA,NA,4,0.352112676056338,0.094264033557996
"2834",2019,"BUFFRMFISHBT19","hypnig","Hypentelium nigricans","Northern hog sucker",1,0.0208261020479,129,NA,NA,NA,20,0.352112676056338,0.47132016778998
"2835",2019,"BUFFRMFISHBT19","lepcya","Lepomis cyanellus","Green sunfish",3,0.0624783061437001,70,21,12.1243556529821,23.7633004155996,8,1.05633802816901,0.565584201347976
"2836",2019,"BUFFRMFISHBT19","lepmeg","Lepomis megalotis","Longear sunfish",25,0.520652551197501,82.16,24.5266521699694,4.90533043399389,9.61427098289625,14.24,8.80281690140845,8.38949898666164
"2837",2019,"BUFFRMFISHBT19","luxpil","Luxilus pilsbryi","Duskystripe shiner",39,0.812217979868101,78.3,13.6031183037643,2.4835782491277,4.86772392107734,4.9,13.7323943661972,4.50346420323326
"2838",2019,"BUFFRMFISHBT19","micdol","Micropterus dolomieu","Smallmouth bass",6,0.1249566122874,202.333333333333,104.845918693417,42.8031670687008,83.8926658789044,173.833333333333,2.11267605633803,24.5793467502474
"2839",2019,"BUFFRMFISHBT19","moxduq","Moxostoma duquesnei","Black redhorse",1,0.0208261020479,272,NA,NA,NA,180,0.352112676056338,4.24188151010982
"2840",2019,"BUFFRMFISHBT19","moxery","Moxostoma erythrurum","Golden redhorse",1,0.0208261020479,327,NA,NA,NA,358,0.352112676056338,8.43663100344064
"2841",2019,"BUFFRMFISHBT19","notexi","Noturus exilis","Slender madtom",4,0.0833044081916001,88.5,24.6373699895098,12.3186849947549,24.1441789266136,6,1.40845070422535,0.565584201347976
"2842",2019,"BUFFRMFISHBT19","notflv","Noturus flavater","Checkered madtom",1,0.0208261020479,72,NA,NA,NA,4,0.352112676056338,0.094264033557996
"2843",2019,"BUFFRMFISHBT19","notnub","Notropis nubilus","Ozark minnow",13,0.2707393266227,62.5384615384615,10.7130402206484,2.97126275628123,5.82356799091641,2.84615384615385,4.57746478873239,0.871942310411463
"2844",2019,"BUFFRMFISHBT19","notper","Notropis percobromus","Carmine shiner",1,0.0208261020479,65,NA,NA,NA,3,0.352112676056338,0.070698025168497
"2845",2019,"BUFFRMFISHBT19","nottel","Notropis telescopus","Telescope shiner",1,0.0208261020479,52,NA,NA,NA,1,0.352112676056338,0.023566008389499
"2846",2019,"BUFFRMFISHBT20","ambcon","Ambloplites constellatus","Ozark bass",36,0.342857142857143,105.033333333333,46.016850986488,8.40148910355111,16.4666160594659,37.1666666666667,6.74157303370786,14.5531144263094
"2847",2019,"BUFFRMFISHBT20","amenat","Ameiurus natalis","Yellow bullhead",13,0.123809523809524,111.615384615385,37.1876737229297,10.3140049556345,20.2150782494112,24.1538461538462,2.43445692883895,3.41530488031477
"2848",2019,"BUFFRMFISHBT20","camspp","Campostoma spp.","Stoneroller spp.",54,0.514285714285714,121.233333333333,17.9974774733099,3.28587479677431,6.44019625938552,1.16666666666667,10.1123595505618,0.685236329489907
"2849",2019,"BUFFRMFISHBT20","cotcar","Cottus carolinae","Banded sculpin",4,0.0380952380952381,83.75,33.0693715291557,16.5346857645778,32.4073885942597,11.5,0.749063670411985,0.50033128819898
"2850",2019,"BUFFRMFISHBT20","cypgal","Cyprinella galactura","Whitetail shiner",1,0.00952380952380952,62,NA,NA,NA,2,0.187265917602996,0.0217535342695209
"2851",2019,"BUFFRMFISHBT20","erihar","Erimystax harryi","Ozark chub",4,0.0380952380952381,104,5.8878405775519,2.94392028877595,5.76997773935761,9.25,0.749063670411985,0.402440383986136
"2852",2019,"BUFFRMFISHBT20","ethble","Etheostoma blennioides","Greenside darter",38,0.361904761904762,83.4333333333333,13.5536821141185,2.47455247705233,4.85003373287694,7.06666666666667,7.11610486891386,2.92077453458767
"2853",2019,"BUFFRMFISHBT20","ethcae","Etheostoma caeruleum","Rainbow darter",14,0.133333333333333,48.4285714285714,5.57072410310967,1.48883864214857,2.91807011740271,1.5,2.62172284644195,0.228412109829969
"2854",2019,"BUFFRMFISHBT20","etheux","Etheostoma euzonum","Arkansas saddled darter",11,0.104761904761905,76.7272727272727,15.1068918649132,4.55489927858087,8.92743853922598,4.90909090909091,2.05992509363296,0.587345425277063
"2855",2019,"BUFFRMFISHBT20","ethjul","Etheostoma juliae","Yoke darter",6,0.0571428571428571,47.1666666666667,2.31660671385254,0.945750730607407,1.85363737034296,1.66666666666667,1.12359550561798,0.108767671347604
"2856",2019,"BUFFRMFISHBT20","ethzon","Etheostoma zonale","Banded darter",25,0.238095238095238,52.9583333333333,6.6101316612992,1.34928747523323,2.6445548562481,1.83333333333333,4.68164794007491,0.49851849367652
"2857",2019,"BUFFRMFISHBT20","funcat","Fundulus catenatus","Northern studfish",2,0.019047619047619,64,4.24264068711928,3,5.87989195362016,2.5,0.374531835205993,0.0543838356738021
"2858",2019,"BUFFRMFISHBT20","funoli","Fundulus olivaceus","Blackspotted topminnow",12,0.114285714285714,60.5,6.94785774701291,2.00567377026456,3.93104835445521,2.33333333333333,2.24719101123596,0.304549479773292
"2859",2019,"BUFFRMFISHBT20","gamaff","Gambusia affinis","Western Mosquitofish",1,0.00952380952380952,44,NA,NA,NA,2,0.187265917602996,0.0217535342695209
"2860",2019,"BUFFRMFISHBT20","hypamb","Hybopsis amblops","Bigeye chub",2,0.019047619047619,63,4.24264068711928,3,5.87989195362016,NA,0.374531835205993,NA
"2861",2019,"BUFFRMFISHBT20","hypnig","Hypentelium nigricans","Northern hog sucker",2,0.019047619047619,278,63.6396103067893,45,88.1983793043024,264.5,0.374531835205993,5.75380981428827
"2862",2019,"BUFFRMFISHBT20","ichamm","Ichthyomyzon spp.","Ichthyomyzon ammocoete",1,0.00952380952380952,156,NA,NA,NA,8,0.187265917602996,0.0870141370780834
"2863",2019,"BUFFRMFISHBT20","lamaep","Lampetra aepyptera","Least Brook lamprey",1,0.00952380952380952,158,NA,NA,NA,7,0.187265917602996,0.076137369943323
"2864",2019,"BUFFRMFISHBT20","lepcya","Lepomis cyanellus","Green sunfish",4,0.0380952380952381,97,33.2365260920372,16.6182630460186,32.5711970558093,21.25,0.749063670411985,0.924525206454636
"2865",2019,"BUFFRMFISHBT20","lepmeg","Lepomis megalotis","Longear sunfish",178,1.6952380952381,100.285714285714,26.2817457321647,4.96678308771007,9.73471597093439,25.9375,33.3333333333333,50.216674265297
"2866",2019,"BUFFRMFISHBT20","luxpil","Luxilus pilsbryi","Duskystripe shiner",55,0.523809523809524,86.7,14.7628377797206,2.69531308824748,5.28271658002449,6.66666666666667,10.2996254681648,3.98814794941216
"2867",2019,"BUFFRMFISHBT20","micdol","Micropterus dolomieu","Smallmouth bass",10,0.0952380952380952,188.9,57.0836617995416,18.0514388469297,35.3801700091095,101.3,1.87265917602996,11.0181651075123
"2868",2019,"BUFFRMFISHBT20","moxduq","Moxostoma duquesnei","Black redhorse",3,0.0285714285714286,116.333333333333,6.35085296108588,3.66666666666667,7.1865346099802,15.6666666666667,0.561797752808989,0.51120805533374
"2869",2019,"BUFFRMFISHBT20","nocbig","Nocomis biguttatus","Hornyhead chub",1,0.00952380952380952,68,NA,NA,NA,4,0.187265917602996,0.0435070685390417
"2870",2019,"BUFFRMFISHBT20","notexi","Noturus exilis","Slender madtom",11,0.104761904761905,75.8181818181818,19.5285339020531,5.88807451444046,11.5404139865915,4.54545454545455,2.05992509363296,0.543838356738021
"2871",2019,"BUFFRMFISHBT20","notflv","Noturus flavater","Checkered madtom",23,0.219047619047619,82.0434782608696,19.4058994330674,4.04640974953656,7.9308173757834,7.60869565217391,4.30711610486891,1.90343424858307
"2872",2019,"BUFFRMFISHBT20","notnub","Notropis nubilus","Ozark minnow",13,0.123809523809524,60.7692307692308,8.3481918816177,2.3153718374296,4.53804541218035,2.23076923076923,2.43445692883895,0.315426246908052
"2873",2019,"BUFFRMFISHBT20","notper","Notropis percobromus","Carmine shiner",5,0.0476190476190476,57.8,5.54075807087803,2.47790233867277,4.85659934100621,1.6,0.936329588014981,0.0870141370780834
"2874",2019,"BUFFRMFISHBT20","pimnot","Pimephales notatus","Bluntnose minnow",4,0.0380952380952381,71.5,10.3440804327886,5.1720402163943,10.1370125507256,5.25,0.749063670411985,0.228412109829969
"2875",2019,"BUFFRMFISHBT23","ambcon","Ambloplites constellatus","Ozark bass",4,0.138568129330254,115.25,24.2126000256065,12.1063000128033,23.7279120111312,29.25,2.02020202020202,8.4670124231094
"2876",2019,"BUFFRMFISHBT23","amenat","Ameiurus natalis","Yellow bullhead",4,0.138568129330254,129.25,44.1012093560558,22.0506046780279,43.2183910062651,36.75,2.02020202020202,10.6380412495477
"2877",2019,"BUFFRMFISHBT23","camspp","Campostoma spp.","Stoneroller spp.",9,0.311778290993072,50.7777777777778,35.8879428839888,11.9626476279963,23.4463585106162,3.55555555555556,4.54545454545455,2.31576408153419
"2878",2019,"BUFFRMFISHBT23","cotcar","Cottus carolinae","Banded sculpin",34,1.17782909930716,41.9,9.33421588602367,1.70418686579941,3.34014487989304,0.966666666666667,17.1717171717172,2.37848269207574
"2879",2019,"BUFFRMFISHBT23","cypgre","Notropis greenei","Wedgespot shiner",1,0.0346420323325635,66,NA,NA,NA,4,0.505050505050505,0.289470510191774
"2880",2019,"BUFFRMFISHBT23","ethble","Etheostoma blennioides","Greenside darter",3,0.103926096997691,75.6666666666667,6.02771377334171,3.48010216963685,6.82087491500793,4.66666666666667,1.51515151515152,1.01314678567121
"2881",2019,"BUFFRMFISHBT23","ethcae","Etheostoma caeruleum","Rainbow darter",25,0.866050808314088,46.44,5.3,1.06,2.07756182361246,1.16,12.6262626262626,2.09866119889036
"2882",2019,"BUFFRMFISHBT23","etheux","Etheostoma euzonum","Arkansas saddled darter",3,0.103926096997691,72,1.73205080756888,1,1.95996398454005,4,1.51515151515152,0.868411530575323
"2883",2019,"BUFFRMFISHBT23","ethjul","Etheostoma juliae","Yoke darter",6,0.207852193995381,40.1666666666667,4.79235502302017,1.95647074544389,3.83461219787626,0.833333333333333,3.03030303030303,0.361838137739718
"2884",2019,"BUFFRMFISHBT23","ethzon","Etheostoma zonale","Banded darter",3,0.103926096997691,49.6666666666667,3.21455025366432,1.85592145427667,3.63753920851748,1.66666666666667,1.51515151515152,0.361838137739718
"2885",2019,"BUFFRMFISHBT23","funcat","Fundulus catenatus","Northern studfish",5,0.173210161662818,65.2,11.1669154201149,4.99399639567351,9.78805307444292,1.8,2.52525252525253,0.651308647931492
"2886",2019,"BUFFRMFISHBT23","funoli","Fundulus olivaceus","Blackspotted topminnow",1,0.0346420323325635,61,NA,NA,NA,3,0.505050505050505,0.217102882643831
"2887",2019,"BUFFRMFISHBT23","lepcya","Lepomis cyanellus","Green sunfish",1,0.0346420323325635,100,NA,NA,NA,16,0.505050505050505,1.1578820407671
"2888",2019,"BUFFRMFISHBT23","lepmeg","Lepomis megalotis","Longear sunfish",29,1.00461893764434,77.551724137931,22.50807189638,4.17964402251168,8.19195175232101,10.8275862068966,14.6464646464646,22.7234350500543
"2889",2019,"BUFFRMFISHBT23","luxpil","Luxilus pilsbryi","Duskystripe shiner",6,0.207852193995381,79.1666666666667,15.3546952645328,6.2685280923391,12.2860892970622,4.5,3.03030303030303,1.95392594379448
"2890",2019,"BUFFRMFISHBT23","micdol","Micropterus dolomieu","Smallmouth bass",3,0.103926096997691,232.333333333333,74.5743476896267,43.0555197132467,84.3872679736179,179,1.51515151515152,38.8614159932457
"2891",2019,"BUFFRMFISHBT23","notboo","Notropis boops","Bigeye shiner",1,0.0346420323325635,65,NA,NA,NA,3,0.505050505050505,0.217102882643831
"2892",2019,"BUFFRMFISHBT23","notexi","Noturus exilis","Slender madtom",2,0.069284064665127,73.5,19.0918830920368,13.5,26.4595137912907,4,1.01010101010101,0.578941020383548
"2893",2019,"BUFFRMFISHBT23","notflv","Noturus flavater","Checkered madtom",2,0.069284064665127,80.5,19.0918830920368,13.5,26.4595137912907,1.5,1.01010101010101,0.217102882643831
"2894",2019,"BUFFRMFISHBT23","notnub","Notropis nubilus","Ozark minnow",24,0.831408775981524,52.875,8.22674588315981,1.67927747144031,3.29132336407249,1.33333333333333,12.1212121212121,2.31576408153419
"2895",2019,"BUFFRMFISHBT23","notper","Notropis percobromus","Carmine shiner",31,1.07390300230947,50.6333333333333,7.91107182822052,1.44435749812,2.83088867711559,0.966666666666667,15.6565656565657,2.16861657218671
"2896",2019,"BUFFRMFISHBT23","pimnot","Pimephales notatus","Bluntnose minnow",1,0.0346420323325635,53,NA,NA,NA,2,0.505050505050505,0.144735255095887
"2897",2021,"BUFFRMFISHBT07","ambcon","Ambloplites constellatus","Ozark bass",1,0.0225733634311512,41,NA,NA,NA,1,0.217864923747277,0.0128062130788615
"2898",2021,"BUFFRMFISHBT07","camspp","Campostoma spp.","Stoneroller spp.",121,2.7313769751693,119.633333333333,31.9239217767679,5.82848402705539,11.4236187774955,23.0333333333333,26.3616557734205,35.6913427245563
"2899",2021,"BUFFRMFISHBT07","cotcar","Cottus carolinae","Banded sculpin",33,0.744920993227991,71.8,30.525738150865,5.57321178990826,10.9232943864342,7.56666666666667,7.18954248366013,3.19771140579171
"2900",2021,"BUFFRMFISHBT07","erihar","Erimystax harryi","Ozark chub",1,0.0225733634311512,87,NA,NA,NA,6,0.217864923747277,0.0768372784731689
"2901",2021,"BUFFRMFISHBT07","ethble","Etheostoma blennioides","Greenside darter",26,0.586907449209932,63.5384615384615,11.006291906835,2.15851143097115,4.23060466492147,2.53846153846154,5.66448801742919,0.845210063204858
"2902",2021,"BUFFRMFISHBT07","ethcae","Etheostoma caeruleum","Rainbow darter",38,0.857787810383747,47.5806451612903,7.74068986395221,1.39026894091073,2.72487705300968,1.38709677419355,8.27886710239651,0.675011360350312
"2903",2021,"BUFFRMFISHBT07","ethspe","Etheostoma spectabile","Orangethroat darter",16,0.36117381489842,44.75,4.72581562625261,1.18145390656315,2.31560710625793,1,3.48583877995643,0.204899409261784
"2904",2021,"BUFFRMFISHBT07","ethzon","Etheostoma zonale","Banded darter",9,0.203160270880361,47.8888888888889,8.43274042711568,2.81091347570523,5.50928917604055,1.33333333333333,1.96078431372549,0.153674556946338
"2905",2021,"BUFFRMFISHBT07","funoli","Fundulus olivaceus","Blackspotted topminnow",3,0.0677200902934537,65.6666666666667,19.731531449265,11.3920049937567,22.3279194994636,3.66666666666667,0.65359477124183,0.140868343867476
"2906",2021,"BUFFRMFISHBT07","hypamb","Hybopsis amblops","Bigeye chub",10,0.225733634311512,105.2,16.5717296086505,5.24044103317862,10.271075688136,11.5,2.17864923747277,1.47271450406907
"2907",2021,"BUFFRMFISHBT07","hypnig","Hypentelium nigricans","Northern hog sucker",1,0.0225733634311512,188,NA,NA,NA,70,0.217864923747277,0.896434915520304
"2908",2021,"BUFFRMFISHBT07","lepcya","Lepomis cyanellus","Green sunfish",3,0.0677200902934537,143.666666666667,24.8461935381123,14.3449565275667,28.1155981538234,67.6666666666667,0.65359477124183,2.59966125500888
"2909",2021,"BUFFRMFISHBT07","lepmac","Lepomis macrochirus","Bluegill",7,0.158013544018059,77.4285714285714,33.5104816580183,12.6657715401583,24.8244560551226,13.2857142857143,1.52505446623094,1.19097781633412
"2910",2021,"BUFFRMFISHBT07","lepmeg","Lepomis megalotis","Longear sunfish",115,2.59593679458239,103.6,18.8104886368914,3.43430964804001,6.73112322191685,25.2666666666667,25.0544662309368,37.2105864694785
"2911",2021,"BUFFRMFISHBT07","luxchr","Luxilus chrysocephalus","Striped shiner",2,0.0451467268623025,157.5,67.175144212722,47.5,93.0982892656526,61.5,0.435729847494553,1.57516420869996
"2912",2021,"BUFFRMFISHBT07","luxpil","Luxilus pilsbryi","Duskystripe shiner",29,0.654627539503386,88.0344827586207,13.2354576763132,2.45776278913104,4.81712654923954,6.68965517241379,6.31808278867102,2.48440533729913
"2913",2021,"BUFFRMFISHBT07","micdol","Micropterus dolomieu","Smallmouth bass",2,0.0451467268623025,203.5,77.0746391493337,54.5,106.818037157433,131.5,0.435729847494553,3.36803403974057
"2914",2021,"BUFFRMFISHBT07","moxery","Moxostoma erythrurum","Golden redhorse",1,0.0225733634311512,338,NA,NA,NA,414,0.217864923747277,5.30177221464866
"2915",2021,"BUFFRMFISHBT07","nocbig","Nocomis biguttatus","Hornyhead chub",12,0.270880361173815,79.5,31.8190908961043,9.18538034711749,18.0030146646523,8.75,2.61437908496732,1.34465237328046
"2916",2021,"BUFFRMFISHBT07","notala","Noturus albater","Ozark madtom",1,0.0225733634311512,89,NA,NA,NA,6,0.217864923747277,0.0768372784731689
"2917",2021,"BUFFRMFISHBT07","notexi","Noturus exilis","Slender madtom",3,0.0677200902934537,89.3333333333333,10.0166528008778,5.78311719096582,11.3347014126675,7,0.65359477124183,0.268930474656091
"2918",2021,"BUFFRMFISHBT07","notnub","Notropis nubilus","Ozark minnow",17,0.383747178329571,69.4117647058823,11.141469963213,2.70220338135138,5.29622130635106,3.8,3.7037037037037,0.827281364894452
"2919",2021,"BUFFRMFISHBT07","notper","Notropis percobromus","Carmine shiner",3,0.0677200902934537,65,2.64575131106459,1.52752523165195,2.99389443951402,2.33333333333333,0.65359477124183,0.0896434915520304
"2920",2021,"BUFFRMFISHBT07","pimnot","Pimephales notatus","Bluntnose minnow",5,0.112866817155756,71.2,18.3766155752358,8.21827232452174,16.1075177712049,4.6,1.08932461873638,0.294542900813814
"2921",2021,"BUFFRMFISHBT15","amenat","Ameiurus natalis","Yellow bullhead",1,0.0274599542334096,75,NA,NA,NA,6,0.315457413249211,0.283346320039668
"2922",2021,"BUFFRMFISHBT15","camspp","Campostoma spp.","Stoneroller spp.",21,0.576659038901602,78.4,45.3157344580631,10.1329062698559,19.8601313476376,11.65,6.62460567823344,11.5534461996175
"2923",2021,"BUFFRMFISHBT15","cotcar","Cottus carolinae","Banded sculpin",189,5.18993135011442,70.7666666666667,31.947892201082,5.83286040775866,11.4321963260566,7.76666666666667,59.6214511041009,69.3206771977049
"2924",2021,"BUFFRMFISHBT15","cotimm","Cottus immaculatus","Knobfin Sculpin",5,0.137299771167048,51.6,16.4408029001019,7.35255057786072,14.4107343271162,2,1.57728706624606,0.472243866732781
"2925",2021,"BUFFRMFISHBT15","cypunk","unknown Cyprinid","unknown minnow",1,0.0274599542334096,NA,NA,NA,NA,NA,0.315457413249211,NA
"2926",2021,"BUFFRMFISHBT15","ethcae","Etheostoma caeruleum","Rainbow darter",45,1.23569794050343,52.9,8.1509466342556,1.4881524455342,2.91672519675224,1.73333333333333,14.1955835962145,3.68350216051569
"2927",2021,"BUFFRMFISHBT15","ethspe","Etheostoma spectabile","Orangethroat darter",6,0.164759725400458,59,1.4142135623731,1,1.95996398454005,2.5,1.89274447949527,0.708365800099171
"2928",2021,"BUFFRMFISHBT15","funcat","Fundulus catenatus","Northern studfish",6,0.164759725400458,54.5,11.0045445157898,4.49258648590468,8.80530770980453,1.66666666666667,1.89274447949527,0.472243866732781
"2929",2021,"BUFFRMFISHBT15","funoli","Fundulus olivaceus","Blackspotted topminnow",1,0.0274599542334096,65,NA,NA,NA,3,0.315457413249211,0.141673160019834
"2930",2021,"BUFFRMFISHBT15","lamaep","Lampetra aepyptera","Least Brook lamprey",1,0.0274599542334096,148,NA,NA,NA,6,0.315457413249211,0.283346320039668
"2931",2021,"BUFFRMFISHBT15","lepmeg","Lepomis megalotis","Longear sunfish",7,0.192219679633867,100.428571428571,36.4273575894873,13.7682470144293,26.9852682785325,30.7142857142857,2.20820189274448,10.1532431347548
"2932",2021,"BUFFRMFISHBT15","luxpil","Luxilus pilsbryi","Duskystripe shiner",18,0.494279176201373,54.0555555555556,25.0751159101707,5.9102614997068,11.583899678639,2.11111111111111,5.6782334384858,1.79452669358457
"2933",2021,"BUFFRMFISHBT15","notala","Noturus albater","Ozark madtom",1,0.0274599542334096,51,NA,NA,NA,2,0.315457413249211,0.0944487733465561
"2934",2021,"BUFFRMFISHBT15","notnub","Notropis nubilus","Ozark minnow",11,0.302059496567506,50.5454545454545,9.01513878277685,2.71816661595019,5.32750867124149,1.54545454545455,3.47003154574132,0.802814573445727
"2935",2021,"BUFFRMFISHBT15","notper","Notropis percobromus","Carmine shiner",3,0.0823798627002288,48.6666666666667,11.3724814061547,6.5659052011974,12.8689377202511,1.33333333333333,0.946372239747634,0.188897546693112
"2936",2021,"BUFFRMFISHBT15","pimnot","Pimephales notatus","Bluntnose minnow",1,0.0274599542334096,55,NA,NA,NA,1,0.315457413249211,0.0472243866732781
"2937",2021,"BUFFRMFISHBT19","ambcon","Ambloplites constellatus","Ozark bass",3,0.0432900432900433,137.333333333333,29.2631736715848,16.8951011966323,33.1137898605588,55,0.426136363636364,1.92593308137218
"2938",2021,"BUFFRMFISHBT19","amenat","Ameiurus natalis","Yellow bullhead",16,0.230880230880231,150.125,37.6242386412447,9.40605966031118,18.435538170645,59.1875,2.27272727272727,11.0536886549058
"2939",2021,"BUFFRMFISHBT19","camspp","Campostoma spp.","Stoneroller spp.",115,1.65945165945166,104.9,28.0508774218906,5.12136610726061,10.0376931218749,13,16.3352272727273,17.4501209494025
"2940",2021,"BUFFRMFISHBT19","chrery","Chrosomus erythrogaster","Southern redbelly dace",1,0.0144300144300144,41,NA,NA,NA,NA,0.142045454545455,NA
"2941",2021,"BUFFRMFISHBT19","cotcar","Cottus carolinae","Banded sculpin",35,0.505050505050505,37.2666666666667,15.7937860616421,2.88353763145735,5.65162990572233,1.5,4.97159090909091,0.612796889527513
"2942",2021,"BUFFRMFISHBT19","cypgre","Notropis greenei","Wedgespot shiner",4,0.0577200577200577,76,20.1659779496722,10.0829889748361,19.7622952471932,4.75,0.568181818181818,0.221774112400433
"2943",2021,"BUFFRMFISHBT19","erihar","Erimystax harryi","Ozark chub",2,0.0288600288600289,108,5.65685424949238,4,7.83985593816022,11.5,0.284090909090909,0.268463399221577
"2944",2021,"BUFFRMFISHBT19","ethble","Etheostoma blennioides","Greenside darter",2,0.0288600288600289,74,4.24264068711928,3,5.87989195362016,3,0.284090909090909,0.0700339302317157
"2945",2021,"BUFFRMFISHBT19","ethcae","Etheostoma caeruleum","Rainbow darter",20,0.288600288600289,42.85,5.49904297893829,1.2296233912099,2.4100175613194,0.95,2.84090909090909,0.221774112400433
"2946",2021,"BUFFRMFISHBT19","etheux","Etheostoma euzonum","Arkansas saddled darter",2,0.0288600288600289,87.5,7.77817459305202,5.5,10.7798019149703,5,0.284090909090909,0.11672321705286
"2947",2021,"BUFFRMFISHBT19","ethspe","Etheostoma spectabile","Orangethroat darter",3,0.0432900432900433,48.3333333333333,4.16333199893227,2.40370085030933,4.71116709621458,1.33333333333333,0.426136363636364,0.0466892868211438
"2948",2021,"BUFFRMFISHBT19","funcat","Fundulus catenatus","Northern studfish",53,0.764790764790765,84.9310344827586,24.2176603719605,4.49710663262819,8.81416703458745,7.3448275862069,7.52840909090909,4.54375309417149
"2949",2021,"BUFFRMFISHBT19","funoli","Fundulus olivaceus","Blackspotted topminnow",1,0.0144300144300144,NA,NA,NA,NA,NA,0.142045454545455,NA
"2950",2021,"BUFFRMFISHBT19","hypamb","Hybopsis amblops","Bigeye chub",5,0.0721500721500722,79.8,7.72657750883274,3.4554305086342,6.77251934800395,4.2,0.710227272727273,0.245118755811005
"2951",2021,"BUFFRMFISHBT19","hypnig","Hypentelium nigricans","Northern hog sucker",2,0.0288600288600289,165.5,71.4177848998413,50.5,98.9781812192727,64.5,0.284090909090909,1.50572949998189
"2952",2021,"BUFFRMFISHBT19","lepcya","Lepomis cyanellus","Green sunfish",2,0.0288600288600289,79.5,23.3345237791561,16.5,32.3394057449109,8.5,0.284090909090909,0.198429468989861
"2953",2021,"BUFFRMFISHBT19","lepmeg","Lepomis megalotis","Longear sunfish",28,0.404040404040404,83.25,25.8566203285506,4.88644193814014,9.57725021130078,15.1785714285714,3.97727272727273,4.96073672474653
"2954",2021,"BUFFRMFISHBT19","luxpil","Luxilus pilsbryi","Duskystripe shiner",99,1.42857142857143,81.7333333333333,16.5403025726678,3.0198322756703,5.91876249966542,5.16666666666667,14.0625,5.97039255225377
"2955",2021,"BUFFRMFISHBT19","micdol","Micropterus dolomieu","Smallmouth bass",3,0.0432900432900433,208.666666666667,76.5005446603705,44.1676100528179,86.5669249867322,131.666666666667,0.426136363636364,4.61056707358795
"2956",2021,"BUFFRMFISHBT19","moxduq","Moxostoma duquesnei","Black redhorse",1,0.0144300144300144,390,NA,NA,NA,529,0.142045454545455,6.17465818209627
"2957",2021,"BUFFRMFISHBT19","moxery","Moxostoma erythrurum","Golden redhorse",6,0.0865800865800866,362.333333333333,13.4263422668524,5.48128127762519,10.7431138932791,474.5,0.852272727272727,33.2310998949491
"2958",2021,"BUFFRMFISHBT19","notala","Noturus albater","Ozark madtom",2,0.0288600288600289,59,1.4142135623731,1,1.95996398454005,1.5,0.284090909090909,0.0350169651158579
"2959",2021,"BUFFRMFISHBT19","notboo","Notropis boops","Bigeye shiner",28,0.404040404040404,63.4285714285714,8.64282434730758,1.63334027487071,3.20128811324535,2.60714285714286,3.97727272727273,0.852079484485875
"2960",2021,"BUFFRMFISHBT19","notexi","Noturus exilis","Slender madtom",1,0.0144300144300144,72,NA,NA,NA,1,0.142045454545455,0.011672321705286
"2961",2021,"BUFFRMFISHBT19","notnub","Notropis nubilus","Ozark minnow",255,3.67965367965368,52,7.16793626818958,1.30868012828228,2.56496591871652,1.53333333333333,36.2215909090909,4.56387778676681
"2962",2021,"BUFFRMFISHBT19","notper","Notropis percobromus","Carmine shiner",6,0.0865800865800866,52.3333333333333,6.37704215656966,2.60341655863555,5.10260269168089,1,0.852272727272727,0.0700339302317157
"2963",2021,"BUFFRMFISHBT19","notspp","Notropis spp.","Notropis spp.",2,0.0288600288600289,NA,NA,NA,NA,NA,0.284090909090909,NA
"2964",2021,"BUFFRMFISHBT19","pimnot","Pimephales notatus","Bluntnose minnow",5,0.0721500721500722,59.6,6.54217089351845,2.92574776766556,5.73436025247296,2.2,0.710227272727273,0.128395538758145
"2965",2021,"BUFFRMFISHBT19","sematr","Semotilus atromaculatus","Creek chub",2,0.0288600288600289,135,72.1248916810278,51,99.9581632115427,39,0.284090909090909,0.910441093012304
"2966",2021,"BUFFRMFISHBT20","ambcon","Ambloplites constellatus","Ozark bass",32,0.359887535145267,165.096774193548,41.4611101625846,7.4466352131164,14.5951368237159,99.8709677419355,5,19.9642396039233
"2967",2021,"BUFFRMFISHBT20","amenat","Ameiurus natalis","Yellow bullhead",14,0.157450796626054,114.142857142857,47.9709160972437,12.8207666118261,25.1282408133727,29.8571428571429,2.1875,2.61119808611553
"2968",2021,"BUFFRMFISHBT20","camspp","Campostoma spp.","Stoneroller spp.",81,0.910965323336457,120.533333333333,21.4117810519371,3.90923849283588,7.66196665293596,19.7333333333333,12.65625,9.98502158097384
"2969",2021,"BUFFRMFISHBT20","cotcar","Cottus carolinae","Banded sculpin",4,0.0449859418931584,58,29.6760284854066,14.8380142427033,29.0819735177909,4.75,0.625,0.118690822096161
"2970",2021,"BUFFRMFISHBT20","cypgal","Cyprinella galactura","Whitetail shiner",3,0.0337394564198688,78,5.19615242270663,3,5.87989195362016,3,0.46875,0.0562219683613392
"2971",2021,"BUFFRMFISHBT20","cypgre","Notropis greenei","Wedgespot shiner",58,0.652296157450797,64.9354838709677,4.55291469918606,0.817727619649456,1.6027166836766,2.54838709677419,9.0625,0.92332996068694
"2972",2021,"BUFFRMFISHBT20","erihar","Erimystax harryi","Ozark chub",11,0.123711340206186,108.909090909091,9.66906971176178,2.91533420960942,5.71395005373202,10.2727272727273,1.71875,0.705898047203481
"2973",2021,"BUFFRMFISHBT20","ethble","Etheostoma blennioides","Greenside darter",66,0.742268041237113,87.8,15.6103413998762,2.85004537168966,5.58598628281681,7.16666666666667,10.3125,2.95477678165705
"2974",2021,"BUFFRMFISHBT20","ethcae","Etheostoma caeruleum","Rainbow darter",24,0.26991565135895,45.625,4.90618509372741,1.00147083860675,1.96284677523636,1,3.75,0.149925248963571
"2975",2021,"BUFFRMFISHBT20","etheux","Etheostoma euzonum","Arkansas saddled darter",14,0.157450796626054,77.3571428571429,12.7677908628111,3.41233564247301,6.68805496240944,4.21428571428571,2.1875,0.368566237035446
"2976",2021,"BUFFRMFISHBT20","ethjul","Etheostoma juliae","Yoke darter",8,0.0899718837863168,55.5,12.4096736459909,4.38748219369606,8.59930708245507,2.5,1.25,0.124937707469643
"2977",2021,"BUFFRMFISHBT20","ethzon","Etheostoma zonale","Banded darter",30,0.337394564198688,50,4.96192398724249,0.905919232146229,1.77556906790879,1.23333333333333,4.6875,0.231134758818839
"2978",2021,"BUFFRMFISHBT20","funcat","Fundulus catenatus","Northern studfish",1,0.0112464854732896,57,NA,NA,NA,2,0.15625,0.0124937707469643
"2979",2021,"BUFFRMFISHBT20","funoli","Fundulus olivaceus","Blackspotted topminnow",5,0.056232427366448,66.2,10.4498803820905,4.67332857821917,9.15955570123135,2.8,0.78125,0.0874563952287498
"2980",2021,"BUFFRMFISHBT20","hypnig","Hypentelium nigricans","Northern hog sucker",3,0.0337394564198688,287.333333333333,88.2628649735172,50.9585888519078,99.8769988527235,299.666666666667,0.46875,5.61594995076044
"2981",2021,"BUFFRMFISHBT20","ichamm","Ichthyomyzon spp.","Ichthyomyzon ammocoete",1,0.0112464854732896,162,NA,NA,NA,9,0.15625,0.0562219683613392
"2982",2021,"BUFFRMFISHBT20","lepcya","Lepomis cyanellus","Green sunfish",3,0.0337394564198688,87.6666666666667,13.0128141972954,7.5129517797231,14.7251149058434,11,0.46875,0.20614721732491
"2983",2021,"BUFFRMFISHBT20","lepmeg","Lepomis megalotis","Longear sunfish",147,1.65323336457357,112.4,27.2024339681784,4.96646223447202,9.73408711014347,33.9,22.96875,31.1301038816735
"2984",2021,"BUFFRMFISHBT20","luxpil","Luxilus pilsbryi","Duskystripe shiner",48,0.539831302717901,82.9333333333333,11.9161823709966,2.17558729464675,4.26407274273055,5.2,7.5,1.55922258922114
"2985",2021,"BUFFRMFISHBT20","micdol","Micropterus dolomieu","Smallmouth bass",10,0.112464854732896,278.7,72.6866180561762,22.9855268472238,45.0508047862371,306.5,1.5625,19.1467036697227
"2986",2021,"BUFFRMFISHBT20","moxduq","Moxostoma duquesnei","Black redhorse",2,0.0224929709465792,257.5,112.429978208661,79.5,155.817136770934,198,0.3125,2.47376660789892
"2987",2021,"BUFFRMFISHBT20","notala","Noturus albater","Ozark madtom",9,0.101218369259606,67.3333333333333,10.770329614269,3.590109871423,7.03648604853081,2.88888888888889,1.40625,0.162419019710535
"2988",2021,"BUFFRMFISHBT20","notexi","Noturus exilis","Slender madtom",2,0.0224929709465792,98.5,4.94974746830583,3.5,6.85987394589019,7.5,0.3125,0.093703280602232
"2989",2021,"BUFFRMFISHBT20","notflv","Noturus flavater","Checkered madtom",7,0.0787253983130272,80.8571428571429,12.1987509118567,4.61069445977073,9.036795084869,13.4285714285714,1.09375,0.58720722510732
"2990",2021,"BUFFRMFISHBT20","notnub","Notropis nubilus","Ozark minnow",26,0.292408622305529,60.6153846153846,8.89528829471838,1.7445095613001,3.41917591083396,2.15384615384615,4.0625,0.349825580914999
"2991",2021,"BUFFRMFISHBT20","notper","Notropis percobromus","Carmine shiner",24,0.26991565135895,51.3333333333333,7.40544257354987,1.51162963539002,2.96273964332786,0.958333333333333,3.75,0.143678363590089
"2992",2021,"BUFFRMFISHBT20","pimnot","Pimephales notatus","Bluntnose minnow",7,0.0787253983130272,73.2857142857143,8.80746436674191,3.32890862792316,6.52454101855403,4.14285714285714,1.09375,0.181159675830982
"2993",2021,"BUFFRMFISHBT27","ambcon","Ambloplites constellatus","Ozark bass",2,0.0394996708360764,111.5,88.3883476483184,62.5,122.497749033753,50.5,0.662251655629139,6.40639370777965
"2994",2021,"BUFFRMFISHBT27","amenat","Ameiurus natalis","Yellow bullhead",3,0.0592495062541145,60.6666666666667,4.04145188432738,2.33333333333333,4.57324929726012,2.66666666666667,0.993377483443709,0.507437125368685
"2995",2021,"BUFFRMFISHBT27","camspp","Campostoma spp.","Stoneroller spp.",21,0.414746543778802,75.7619047619048,26.3038110582949,5.73996215430728,11.2501190950652,5.85,6.95364238410596,7.79233135644287
"2996",2021,"BUFFRMFISHBT27","cotcar","Cottus carolinae","Banded sculpin",22,0.43449637919684,83.5454545454545,19.3457938648105,4.12453711044558,8.08394418937223,9.40909090909091,7.28476821192053,13.1299356189147
"2997",2021,"BUFFRMFISHBT27","cypgal","Cyprinella galactura","Whitetail shiner",3,0.0592495062541145,67.3333333333333,8.32666399786453,4.80740170061865,9.42233419242917,2.66666666666667,0.993377483443709,0.507437125368685
"2998",2021,"BUFFRMFISHBT27","cypgre","Notropis greenei","Wedgespot shiner",35,0.691244239631336,64.6333333333333,3.96087184179524,0.723152951712763,1.41735374067085,2.43333333333333,11.5894039735099,5.40209106382079
"2999",2021,"BUFFRMFISHBT27","erihar","Erimystax harryi","Ozark chub",5,0.0987491770901909,86.8,15.0399468084166,6.72606868832009,13.1828523866499,5.6,1.65562913907285,1.7760299387904
"3000",2021,"BUFFRMFISHBT27","ethble","Etheostoma blennioides","Greenside darter",10,0.197498354180382,57.2,8.57386208841215,2.71129325435503,5.31403713006226,1.7,3.3112582781457,1.07830389140846
"3001",2021,"BUFFRMFISHBT27","ethcae","Etheostoma caeruleum","Rainbow darter",48,0.947992100065833,47.5,5.335308542285,0.9740896132865,1.90918055975609,1.13333333333333,15.8940397350993,3.45057245250706
"3002",2021,"BUFFRMFISHBT27","etheux","Etheostoma euzonum","Arkansas saddled darter",19,0.375246872942725,68.2105263157895,5.00642861582787,1.14855349497073,2.25112348446024,2.94736842105263,6.29139072847682,3.55205987758079
"3003",2021,"BUFFRMFISHBT27","ethzon","Etheostoma zonale","Banded darter",9,0.177748518762344,47,5.09901951359278,1.69967317119759,3.33129820103627,1,2.98013245033113,0.57086676603977
"3004",2021,"BUFFRMFISHBT27","funcat","Fundulus catenatus","Northern studfish",8,0.157998683344305,73.125,13.3463478150391,4.71864652204422,9.24837723898185,3.75,2.64900662251656,1.90288922013257
"3005",2021,"BUFFRMFISHBT27","funoli","Fundulus olivaceus","Blackspotted topminnow",1,0.0197498354180382,44,NA,NA,NA,1,0.33112582781457,0.0634296406710856
"3006",2021,"BUFFRMFISHBT27","hypamb","Hybopsis amblops","Bigeye chub",14,0.276497695852535,76.2857142857143,9.76987970501937,2.61111018329847,5.11768191893078,3.64285714285714,4.63576158940397,3.23491167422537
"3007",2021,"BUFFRMFISHBT27","lepcya","Lepomis cyanellus","Green sunfish",10,0.197498354180382,96.8,23.1459139662562,7.31938066596712,14.3457224944344,18.3,3.3112582781457,11.6076242428087
"3008",2021,"BUFFRMFISHBT27","lepmac","Lepomis macrochirus","Bluegill",3,0.0592495062541145,53,10.816653826392,6.2449979983984,12.2399711603856,2.66666666666667,0.993377483443709,0.507437125368685
"3009",2021,"BUFFRMFISHBT27","lepmeg","Lepomis megalotis","Longear sunfish",46,0.908492429229756,75.8,24.4658805348352,4.46683821938526,8.75484203476214,10.6333333333333,15.2317880794702,31.0255515735837
"3010",2021,"BUFFRMFISHBT27","luxpil","Luxilus pilsbryi","Duskystripe shiner",17,0.335747202106649,65.4705882352941,21.9348969881865,5.31999395113739,10.4269965422002,NA,5.62913907284768,NA
"3011",2021,"BUFFRMFISHBT27","micdol","Micropterus dolomieu","Smallmouth bass",4,0.0789993416721527,118.75,32.958306995354,16.479153497677,32.2985473511542,21.25,1.32450331125828,5.39151945704228
"3012",2021,"BUFFRMFISHBT27","notexi","Noturus exilis","Slender madtom",5,0.0987491770901909,67.8,14.5155089473294,6.49153294684699,12.7231707802753,3.4,1.65562913907285,1.07830389140846
"3013",2021,"BUFFRMFISHBT27","notnub","Notropis nubilus","Ozark minnow",10,0.197498354180382,51.9,10.3864227613639,3.28447526673254,6.43745323090836,1.5,3.3112582781457,0.951444610066284
"3014",2021,"BUFFRMFISHBT27","notper","Notropis percobromus","Carmine shiner",2,0.0394996708360764,40.5,6.36396103067893,4.5,8.81983793043024,0.5,0.662251655629139,0.0634296406710856
"3015",2021,"BUFFRMFISHBT27","pimnot","Pimephales notatus","Bluntnose minnow",5,0.0987491770901909,68.6,11.5238882327103,5.15363949069005,10.1009477910558,NA,1.65562913907285,NA
"3016",2021,"BUFFRMFISHBT30","ambcon","Ambloplites constellatus","Ozark bass",1,0.0318471337579618,56,NA,NA,NA,3,0.746268656716418,0.643776824034335
"3017",2021,"BUFFRMFISHBT30","camspp","Campostoma spp.","Stoneroller spp.",17,0.54140127388535,77.5882352941177,20.8987404630321,5.0686890806736,9.93444804695169,5.47058823529412,12.6865671641791,19.9570815450644
"3018",2021,"BUFFRMFISHBT30","cotcar","Cottus carolinae","Banded sculpin",25,0.796178343949045,58.8,27.9597925600316,5.59195851200633,10.9600372865746,4.64,18.6567164179104,24.8927038626609
"3019",2021,"BUFFRMFISHBT30","cypgal","Cyprinella galactura","Whitetail shiner",1,0.0318471337579618,80,NA,NA,NA,4,0.746268656716418,0.858369098712446
"3020",2021,"BUFFRMFISHBT30","cypgre","Notropis greenei","Wedgespot shiner",1,0.0318471337579618,71,NA,NA,NA,3,0.746268656716418,0.643776824034335
"3021",2021,"BUFFRMFISHBT30","ethble","Etheostoma blennioides","Greenside darter",2,0.0636942675159236,83,5.65685424949238,4,7.83985593816022,5,1.49253731343284,2.14592274678112
"3022",2021,"BUFFRMFISHBT30","ethcae","Etheostoma caeruleum","Rainbow darter",18,0.573248407643312,48.3333333333333,10.3298539366702,2.43476992242869,4.77206135860161,1.38888888888889,13.4328358208955,5.36480686695279
"3023",2021,"BUFFRMFISHBT30","ethspe","Etheostoma spectabile","Orangethroat darter",4,0.127388535031847,38.25,4.03112887414927,2.01556443707464,3.95043370518604,0.5,2.98507462686567,0.429184549356223
"3024",2021,"BUFFRMFISHBT30","lamaep","Lampetra aepyptera","Least Brook lamprey",2,0.0636942675159236,123.5,0.707106781186548,0.5,0.979981992270027,3.5,1.49253731343284,1.50214592274678
"3025",2021,"BUFFRMFISHBT30","lepcya","Lepomis cyanellus","Green sunfish",3,0.0955414012738854,100,18.0831413200251,10.4403065089106,20.4626247450238,17.6666666666667,2.23880597014925,11.3733905579399
"3026",2021,"BUFFRMFISHBT30","lepmeg","Lepomis megalotis","Longear sunfish",6,0.191082802547771,46.5,12.6293309403151,5.15590276608601,10.105383729319,1.83333333333333,4.47761194029851,2.36051502145923
"3027",2021,"BUFFRMFISHBT30","luxpil","Luxilus pilsbryi","Duskystripe shiner",28,0.89171974522293,66.1428571428571,18.2548101945239,3.44983485752836,6.76155207336644,2.92857142857143,20.8955223880597,17.5965665236052
"3028",2021,"BUFFRMFISHBT30","micdol","Micropterus dolomieu","Smallmouth bass",1,0.0318471337579618,112,NA,NA,NA,14,0.746268656716418,3.00429184549356
"3029",2021,"BUFFRMFISHBT30","notexi","Noturus exilis","Slender madtom",1,0.0318471337579618,118,NA,NA,NA,10,0.746268656716418,2.14592274678112
"3030",2021,"BUFFRMFISHBT30","notnub","Notropis nubilus","Ozark minnow",9,0.286624203821656,54.8888888888889,8.02253769770583,2.67417923256861,5.24129498403943,1.55555555555556,6.71641791044776,3.00429184549356
"3031",2021,"BUFFRMFISHBT30","notper","Notropis percobromus","Carmine shiner",12,0.382165605095541,52.8333333333333,8.55817879238476,2.47053341477814,4.84215651556792,1.25,8.95522388059701,3.21888412017167
"3032",2021,"BUFFRMFISHBT30","pimnot","Pimephales notatus","Bluntnose minnow",2,0.0636942675159236,59,7.07106781186548,5,9.79981992270027,1.5,1.49253731343284,0.643776824034335
"3033",2021,"BUFFRMFISHBT30","sematr","Semotilus atromaculatus","Creek chub",1,0.0318471337579618,44,NA,NA,NA,1,0.746268656716418,0.214592274678112
"3034",2021,"BUFFRMFISHBT31","ambcon","Ambloplites constellatus","Ozark bass",1,0.0272355878347708,144,NA,NA,NA,53,0.704225352112676,11.3006396588486
"3035",2021,"BUFFRMFISHBT31","amenat","Ameiurus natalis","Yellow bullhead",1,0.0272355878347708,68,NA,NA,NA,4,0.704225352112676,0.852878464818763
"3036",2021,"BUFFRMFISHBT31","camspp","Campostoma spp.","Stoneroller spp.",9,0.245120290512937,81.3333333333333,16.7406690427832,5.58022301426107,10.9370361336532,5.44444444444444,6.33802816901408,10.4477611940298
"3037",2021,"BUFFRMFISHBT31","cotcar","Cottus carolinae","Banded sculpin",10,0.272355878347708,61.5,31.4933855489265,9.959082956444,19.5194439136769,6.3,7.04225352112676,13.4328358208955
"3038",2021,"BUFFRMFISHBT31","cypgre","Notropis greenei","Wedgespot shiner",4,0.108942351339083,52,11.3431330181157,5.67156650905785,11.1160660936769,1.5,2.8169014084507,1.27931769722815
"3039",2021,"BUFFRMFISHBT31","cypunk","unknown Cyprinid","unknown minnow",1,0.0272355878347708,NA,NA,NA,NA,NA,0.704225352112676,NA
"3040",2021,"BUFFRMFISHBT31","erihar","Erimystax harryi","Ozark chub",3,0.0817067635043123,74.6666666666667,7.50555349946513,4.33333333333333,8.49317726634023,4,2.11267605633803,2.55863539445629
"3041",2021,"BUFFRMFISHBT31","ethcae","Etheostoma caeruleum","Rainbow darter",12,0.326827054017249,41.0833333333333,5.75970853639682,1.66268463697125,3.25880200611169,0.833333333333333,8.45070422535211,2.13219616204691
"3042",2021,"BUFFRMFISHBT31","ethspe","Etheostoma spectabile","Orangethroat darter",1,0.0272355878347708,40,NA,NA,NA,1,0.704225352112676,0.213219616204691
"3043",2021,"BUFFRMFISHBT31","funcat","Fundulus catenatus","Northern studfish",14,0.381298229686791,65.2857142857143,26.6903283301953,7.13329029657836,13.9809920725626,4.5,9.85915492957746,13.4328358208955
"3044",2021,"BUFFRMFISHBT31","funoli","Fundulus olivaceus","Blackspotted topminnow",1,0.0272355878347708,47,NA,NA,NA,1,0.704225352112676,0.213219616204691
"3045",2021,"BUFFRMFISHBT31","hypamb","Hybopsis amblops","Bigeye chub",1,0.0272355878347708,55,NA,NA,NA,2,0.704225352112676,0.426439232409382
"3046",2021,"BUFFRMFISHBT31","hypnig","Hypentelium nigricans","Northern hog sucker",1,0.0272355878347708,110,NA,NA,NA,14,0.704225352112676,2.98507462686567
"3047",2021,"BUFFRMFISHBT31","lamaep","Lampetra aepyptera","Least Brook lamprey",1,0.0272355878347708,85,NA,NA,NA,1,0.704225352112676,0.213219616204691
"3048",2021,"BUFFRMFISHBT31","lepmeg","Lepomis megalotis","Longear sunfish",22,0.599182932364957,48.7272727272727,12.1113163068257,2.58214131262463,5.06090397573726,2.59090909090909,15.4929577464789,12.1535181236674
"3049",2021,"BUFFRMFISHBT31","luxpil","Luxilus pilsbryi","Duskystripe shiner",19,0.517476168860645,62.4210526315789,13.367937551693,3.0668152037575,6.01084734660457,2.26315789473684,13.3802816901408,9.16844349680171
"3050",2021,"BUFFRMFISHBT31","notexi","Noturus exilis","Slender madtom",4,0.108942351339083,115.25,14.3845982448822,7.19229912244108,14.0966472460235,12.25,2.8169014084507,10.4477611940298
"3051",2021,"BUFFRMFISHBT31","notflv","Noturus flavater","Checkered madtom",1,0.0272355878347708,72,NA,NA,NA,5,0.704225352112676,1.06609808102345
"3052",2021,"BUFFRMFISHBT31","notnub","Notropis nubilus","Ozark minnow",18,0.490240581025874,46.0555555555556,4.10841635759087,0.968363022130081,1.89795664733532,0.888888888888889,12.6760563380282,3.41151385927505
"3053",2021,"BUFFRMFISHBT31","notper","Notropis percobromus","Carmine shiner",8,0.217884702678166,46.5,4.20883424647321,1.48804761828569,2.91651973912056,0.875,5.63380281690141,1.49253731343284
"3054",2021,"BUFFRMFISHBT31","pimnot","Pimephales notatus","Bluntnose minnow",7,0.190649114843395,48.2857142857143,9.35796070580704,3.53697668661141,6.93234691991618,1.14285714285714,4.92957746478873,1.70575692963753
"3055",2021,"BUFFRMFISHBT31","sematr","Semotilus atromaculatus","Creek chub",3,0.0817067635043123,51.3333333333333,5.5075705472861,3.17979733805649,6.23228826072705,1.66666666666667,2.11267605633803,1.06609808102345
"3056",2023,"BUFFRMFISHBM01","ambcon","Ambloplites constellatus","Ozark bass",11,0.100979192166463,133.909090909091,34.6047815928797,10.433734226889,20.4497433089653,42.0909090909091,2.13592233009709,10.6003754596111
"3057",2023,"BUFFRMFISHBM01","camspp","Campostoma spp.","Stoneroller spp.",51,0.468176254589963,96.1176470588235,25.3705711869666,3.55259055535242,6.9629495403079,12.1960784313725,9.90291262135922,14.2406771833221
"3058",2023,"BUFFRMFISHBM01","chrery","Chrosomus erythrogaster","Southern redbelly dace",17,0.156058751529988,70.7058823529412,12.5138158942544,3.03504615950259,5.94858116404168,7.05882352941176,3.30097087378641,2.74739752732902
"3059",2023,"BUFFRMFISHBM01","cotcar","Cottus carolinae","Banded sculpin",137,1.25764993880049,62.9016393442623,25.8474401814653,3.30942559508698,6.48635497588552,6.72131147540984,26.6019417475728,21.0821474194086
"3060",2023,"BUFFRMFISHBM01","ethaut","Etheostoma autmnale","Autumn darter",9,0.0826193390452876,69.5555555555556,6.04382145482291,2.01460715160764,3.9485574601478,3.55555555555556,1.74757281553398,0.732639340621071
"3061",2023,"BUFFRMFISHBM01","ethble","Etheostoma blennioides","Greenside darter",11,0.100979192166463,89.6363636363636,23.7498325352948,7.16084394121344,14.0349962236902,8.45454545454546,2.13592233009709,2.12923308367999
"3062",2023,"BUFFRMFISHBM01","ethcae","Etheostoma caeruleum","Rainbow darter",194,1.78090575275398,50.3225806451613,7.14323501304646,1.28296288196644,2.51456104215594,1.70967741935484,37.6699029126214,7.59374768171961
"3063",2023,"BUFFRMFISHBM01","ethzon","Etheostoma zonale","Banded darter",1,0.00917992656058752,60,NA,NA,NA,3,0.194174757281553,0.0686849381832254
"3064",2023,"BUFFRMFISHBM01","hypnig","Hypentelium nigricans","Northern hog sucker",7,0.0642594859241126,189.571428571429,56.1006748113221,21.2040619905234,41.5591978273805,88.7142857142857,1.35922330097087,14.2177822039277
"3065",2023,"BUFFRMFISHBM01","lepcya","Lepomis cyanellus","Green sunfish",5,0.0458996328029376,132.4,22.8538836962123,10.220567498921,20.0319441994457,52.8,0.970873786407767,6.04427456012384
"3066",2023,"BUFFRMFISHBM01","lepmeg","Lepomis megalotis","Longear sunfish",2,0.018359853121175,86,1.4142135623731,1,1.95996398454005,12,0.388349514563107,0.549479505465803
"3067",2023,"BUFFRMFISHBM01","luxchr","Luxilus chrysocephalus","Striped shiner",4,0.0367197062423501,74.75,23.6696007570892,11.8348003785446,23.1957825061685,5.25,0.776699029126214,0.480794567282578
"3068",2023,"BUFFRMFISHBM01","luxpil","Luxilus pilsbryi","Duskystripe shiner",23,0.211138310893513,86.2173913043478,21.1852361150168,4.41742709518351,8.65799801089106,8.26086956521739,4.46601941747573,4.35004608493761
"3069",2023,"BUFFRMFISHBM01","micdol","Micropterus dolomieu","Smallmouth bass",2,0.018359853121175,209.5,178.898015640197,126.5,247.935444044317,197,0.388349514563107,9.02062188139694
"3070",2023,"BUFFRMFISHBM01","moxduq","Moxostoma duquesnei","Black redhorse",10,0.0917992656058751,93.6,3.40587727318528,1.0770329614269,2.11094581455924,7.7,1.94174757281553,1.76291341336945
"3071",2023,"BUFFRMFISHBM01","moxery","Moxostoma erythrurum","Golden redhorse",3,0.0275397796817625,85.3333333333333,6.02771377334171,3.48010216963685,6.82087491500793,6,0.58252427184466,0.412109629099353
"3072",2023,"BUFFRMFISHBM01","nocbig","Nocomis biguttatus","Hornyhead chub",6,0.0550795593635251,67.1666666666667,27.2427360348895,11.1218004138019,21.7983282542944,14.6666666666667,1.16504854368932,2.01475818670795
"3073",2023,"BUFFRMFISHBM01","notexi","Noturus exilis","Slender madtom",3,0.0275397796817625,82.6666666666667,34.0196021924615,19.6412264835416,38.4960965199359,8.66666666666667,0.58252427184466,0.59526946425462
"3074",2023,"BUFFRMFISHBM01","notnub","Notropis nubilus","Ozark minnow",12,0.11015911872705,61,12.1281041012563,3.50108208381006,6.86199479118615,3.27272727272727,2.33009708737864,0.899148281671315
"3075",2023,"BUFFRMFISHBM01","nottel","Notropis telescopus","Telescope shiner",5,0.0458996328029376,54.6,12.36122971229,5.5281099844341,10.8348964720671,1.2,0.970873786407767,0.137369876366451
"3076",2023,"BUFFRMFISHBM01","pimnot","Pimephales notatus","Bluntnose minnow",2,0.018359853121175,88.5,16.2634559672906,11.5,22.5395858222106,7,0.388349514563107,0.320529711521719
"3077",2023,"BUFFRMFISHBM03","ambcon","Ambloplites constellatus","Ozark bass",24,0.172104697024023,124.333333333333,46.8917965075998,9.57174788050347,18.7602811148844,51.9166666666667,5.25164113785558,9.23617641620411
"3078",2023,"BUFFRMFISHBM03","amenat","Ameiurus natalis","Yellow bullhead",1,0.00717102904266762,83,NA,NA,NA,7,0.218818380743982,0.0518886315517085
"3079",2023,"BUFFRMFISHBM03","camspp","Campostoma spp.","Stoneroller spp.",10,0.0717102904266762,79.9,4.43345864484553,1.40198272298754,2.74783564400297,5.4,2.18818380743982,0.40028372911318
"3080",2023,"BUFFRMFISHBM03","cotcar","Cottus carolinae","Banded sculpin",7,0.0501972032986734,40.7142857142857,16.1318968270348,6.09728388286943,11.9504568139406,1.57142857142857,1.53172866520788,0.0815392781526848
"3081",2023,"BUFFRMFISHBM03","cypgre","Notropis greenei","Wedgespot shiner",6,0.0430261742560057,62.5,12.8179561553315,5.23290868765482,10.2563125621902,2.5,1.31291028446389,0.111189924753661
"3082",2023,"BUFFRMFISHBM03","erihar","Erimystax harryi","Ozark chub",1,0.00717102904266762,78,NA,NA,NA,4,0.218818380743982,0.0296506466009763
"3083",2023,"BUFFRMFISHBM03","ethble","Etheostoma blennioides","Greenside darter",5,0.0358551452133381,86.4,10.6911178087233,4.78121323515277,9.37100574330566,6.8,1.09409190371991,0.252030496108298
"3084",2023,"BUFFRMFISHBM03","ethcae","Etheostoma caeruleum","Rainbow darter",47,0.337038365005378,49.030303030303,6.12109492087021,1.06554585570741,2.08843150106244,1.3030303030303,10.2844638949672,0.453969369549796
"3085",2023,"BUFFRMFISHBM03","ethjul","Etheostoma juliae","Yoke darter",163,1.16887773395482,39.7241379310345,5.3578817224463,0.994933658362311,1.95003413739681,0.758620689655172,35.6673960612691,0.916613954406043
"3086",2023,"BUFFRMFISHBM03","ethzon","Etheostoma zonale","Banded darter",1,0.00717102904266762,43,NA,NA,NA,1,0.218818380743982,0.00741266165024407
"3087",2023,"BUFFRMFISHBM03","funcat","Fundulus catenatus","Northern studfish",2,0.0143420580853352,50.5,6.36396103067893,4.5,8.81983793043024,2,0.437636761487965,0.0296506466009763
"3088",2023,"BUFFRMFISHBM03","hypnig","Hypentelium nigricans","Northern hog sucker",2,0.0143420580853352,265,45.254833995939,32,62.7188475052817,208,0.437636761487965,3.08366724650153
"3089",2023,"BUFFRMFISHBM03","ichamm","Ichthyomyzon spp.","Ichthyomyzon ammocoete",2,0.0143420580853352,108,42.4264068711929,30,58.7989195362016,2.5,0.437636761487965,0.0370633082512204
"3090",2023,"BUFFRMFISHBM03","labsic","Labidesthes sicculus","Brook silverside",1,0.00717102904266762,88,NA,NA,NA,3,0.218818380743982,0.0222379849507322
"3091",2023,"BUFFRMFISHBM03","lepcya","Lepomis cyanellus","Green sunfish",4,0.0286841161706705,109.75,45.7484061653154,22.8742030826577,44.8326142170641,33.75,0.87527352297593,1.00070932278295
"3092",2023,"BUFFRMFISHBM03","lepmac","Lepomis macrochirus","Bluegill",2,0.0143420580853352,29.5,4.94974746830583,3.5,6.85987394589019,NA,0.437636761487965,NA
"3093",2023,"BUFFRMFISHBM03","lepmeg","Lepomis megalotis","Longear sunfish",81,0.580853352456077,90.7,41.3389271335351,7.54742096469985,14.7926732669743,26.2,17.7242888402626,15.731150554148
"3094",2023,"BUFFRMFISHBM03","leposs","Lepisosteus osseus","Longnose gar",4,0.0286841161706705,518.5,312.274985656339,156.137492828169,306.023862579593,905.333333333333,0.87527352297593,26.8437187227505
"3095",2023,"BUFFRMFISHBM03","luxpil","Luxilus pilsbryi","Duskystripe shiner",7,0.0501972032986734,69.7142857142857,8.15913160645351,3.08386187784613,6.04425821387447,3.42857142857143,1.53172866520788,0.177903879605858
"3096",2023,"BUFFRMFISHBM03","micdol","Micropterus dolomieu","Smallmouth bass",5,0.0358551452133381,285.2,80.2041146076683,35.8683704675861,70.3007143006088,323,1.09409190371991,11.9714485651442
"3097",2023,"BUFFRMFISHBM03","moxduq","Moxostoma duquesnei","Black redhorse",8,0.057368232341341,260.375,26.9175327886597,9.51678498383627,18.6525558169307,176.125,1.75054704595186,10.4444402651939
"3098",2023,"BUFFRMFISHBM03","moxery","Moxostoma erythrurum","Golden redhorse",6,0.0430261742560057,319,76.7723908706769,31.3421973277773,61.4295779587911,406.5,1.31291028446389,18.0794817649453
"3099",2023,"BUFFRMFISHBM03","notala","Noturus albater","Ozark madtom",16,0.114736464682682,65.125,6.64203783990024,1.66050945997506,3.25453873753917,2.4375,3.50109409190372,0.289093804359519
"3100",2023,"BUFFRMFISHBM03","notboo","Notropis boops","Bigeye shiner",1,0.00717102904266762,73,NA,NA,NA,3,0.218818380743982,0.0222379849507322
"3101",2023,"BUFFRMFISHBM03","notexi","Noturus exilis","Slender madtom",3,0.0215130871280029,64.3333333333333,13.7961347243833,7.96520209689901,15.611509239505,2.66666666666667,0.656455142231947,0.0593012932019526
"3102",2023,"BUFFRMFISHBM03","notflv","Noturus flavater","Checkered madtom",1,0.00717102904266762,69,NA,NA,NA,3,0.218818380743982,0.0222379849507322
"3103",2023,"BUFFRMFISHBM03","notnub","Notropis nubilus","Ozark minnow",27,0.193617784152026,53.8888888888889,6.78988689909958,1.30671434298742,2.56111305033726,1.66666666666667,5.90809628008753,0.333569774260983
"3104",2023,"BUFFRMFISHBM03","notoza","Notropis ozarcanus","Ozark shiner",1,0.00717102904266762,46,NA,NA,NA,1,0.218818380743982,0.00741266165024407
"3105",2023,"BUFFRMFISHBM03","notper","Notropis percobromus","Carmine shiner",10,0.0717102904266762,51.6,3.3065591380366,1.04562580942387,2.04938892777634,1.1,2.18818380743982,0.0815392781526848
"3106",2023,"BUFFRMFISHBM03","nottel","Notropis telescopus","Telescope shiner",1,0.00717102904266762,55,NA,NA,NA,2,0.218818380743982,0.0148253233004881
"3107",2023,"BUFFRMFISHBM03","percap","Percina caprodes","Logperch",1,0.00717102904266762,106,NA,NA,NA,9,0.218818380743982,0.0667139548521966
"3108",2023,"BUFFRMFISHBM03","perevi","Percina evides","Gilt darter",1,0.00717102904266762,79,NA,NA,NA,6,0.218818380743982,0.0444759699014644
"3109",2023,"BUFFRMFISHBM03","pimnot","Pimephales notatus","Bluntnose minnow",6,0.0430261742560057,56,3.84707681233427,1.57056253191863,3.07824599802856,2.16666666666667,1.31291028446389,0.0963646014531729
"3110",2023,"BUFFRMFISHBM04","ambcon","Ambloplites constellatus","Ozark bass",32,0.210065645514223,114.4375,56.116777722313,9.92013851644642,19.4431142138836,49.90625,3.86473429951691,11.0518517223218
"3111",2023,"BUFFRMFISHBM04","amenat","Ameiurus natalis","Yellow bullhead",7,0.0459518599562363,120.571428571429,66.6304663620108,25.1839491048764,49.3596332340475,44,0.845410628019324,2.13147797775523
"3112",2023,"BUFFRMFISHBM04","camspp","Campostoma spp.","Stoneroller spp.",156,1.02407002188184,54.375,46.8345081520683,7.40518594271297,14.5138977465397,6.175,18.8405797101449,6.66640498692082
"3113",2023,"BUFFRMFISHBM04","cotcar","Cottus carolinae","Banded sculpin",6,0.0393873085339168,49.5,18.1411135270137,7.40607858451421,14.5156472923212,2.66666666666667,0.72463768115942,0.110726128714557
"3114",2023,"BUFFRMFISHBM04","cypgal","Cyprinella galactura","Whitetail shiner",6,0.0393873085339168,83.1666666666667,43.7923128718576,17.8781368653945,35.040504366851,9.16666666666667,0.72463768115942,0.380621067456291
"3115",2023,"BUFFRMFISHBM04","cypgre","Notropis greenei","Wedgespot shiner",13,0.0853391684901532,65.7692307692308,10.7947043046876,2.99391229800177,5.86796027695502,3.23076923076923,1.57004830917874,0.290656087875713
"3116",2023,"BUFFRMFISHBM04","erihar","Erimystax harryi","Ozark chub",18,0.118161925601751,98.5555555555556,17.8794072221195,4.21421669678548,8.25971294874689,8.55555555555556,2.17391304347826,1.06573898887762
"3117",2023,"BUFFRMFISHBM04","ethaut","Etheostoma autmnale","Autumn darter",5,0.0328227571115974,64.6,2.70185121722126,1.20830459735946,2.36823349317871,3,0.603864734299517,0.103805745669898
"3118",2023,"BUFFRMFISHBM04","ethble","Etheostoma blennioides","Greenside darter",41,0.269146608315098,83,18.3738945245694,3.06231575409489,6.00202858731561,6.86111111111111,4.95169082125604,1.94674219703528
"3119",2023,"BUFFRMFISHBM04","ethcae","Etheostoma caeruleum","Rainbow darter",30,0.196936542669584,49.0333333333333,4.6199218782269,0.843478475538836,1.65318743379087,1.46666666666667,3.6231884057971,0.304496853965033
"3120",2023,"BUFFRMFISHBM04","etheux","Etheostoma euzonum","Arkansas saddled darter",17,0.111597374179431,72.4117647058823,13.1389631608121,3.18666664253691,6.24575185010751,4.17647058823529,2.05314009661836,0.491347196170849
"3121",2023,"BUFFRMFISHBM04","ethjul","Etheostoma juliae","Yoke darter",30,0.196936542669584,36.9333333333333,5.83055763189513,1.06450931260762,2.08639991391843,0.724137931034483,3.6231884057971,0.150339355797783
"3122",2023,"BUFFRMFISHBM04","ethzon","Etheostoma zonale","Banded darter",6,0.0393873085339168,44.5,2.88097205817759,1.17615191762516,2.30521539889303,0.8,0.72463768115942,0.0332178386143672
"3123",2023,"BUFFRMFISHBM04","funcat","Fundulus catenatus","Northern studfish",10,0.0656455142231947,60.4,13.5170674005537,4.27447202717612,8.3778112261891,2.8,1.20772946859903,0.193770725250476
"3124",2023,"BUFFRMFISHBM04","funoli","Fundulus olivaceus","Blackspotted topminnow",1,0.00656455142231947,77,NA,NA,NA,3,0.120772946859903,0.0207611491339795
"3125",2023,"BUFFRMFISHBM04","hypamb","Hybopsis amblops","Bigeye chub",14,0.0919037199124726,61.4285714285714,6.25993715518081,1.67303857838735,3.2790953583853,1.85714285714286,1.69082125603865,0.179929959161156
"3126",2023,"BUFFRMFISHBM04","hypnig","Hypentelium nigricans","Northern hog sucker",5,0.0328227571115974,190.6,117.368223979065,52.4886654431221,102.875893865091,179,0.603864734299517,6.19374282497056
"3127",2023,"BUFFRMFISHBM04","ichcas","Ichthyomyzon castaneus","Chestnut lamprey",1,0.00656455142231947,217,NA,NA,NA,30,0.120772946859903,0.207611491339795
"3128",2023,"BUFFRMFISHBM04","labsic","Labidesthes sicculus","Brook silverside",1,0.00656455142231947,80,NA,NA,NA,2,0.120772946859903,0.0138407660893197
"3129",2023,"BUFFRMFISHBM04","lepcya","Lepomis cyanellus","Green sunfish",11,0.0722100656455142,84.9090909090909,42.617964628674,12.8497998183591,25.1851448525331,21.2727272727273,1.32850241545894,1.6193696324504
"3130",2023,"BUFFRMFISHBM04","lepmeg","Lepomis megalotis","Longear sunfish",145,0.951859956236324,75.6,37.7008186136313,6.88319626369884,13.4908167753704,16.5,17.512077294686,16.5570164343487
"3131",2023,"BUFFRMFISHBM04","luxchr","Luxilus chrysocephalus","Striped shiner",5,0.0328227571115974,85.4,19.9824923370434,8.93644224509956,17.5151049503174,8.4,0.603864734299517,0.290656087875713
"3132",2023,"BUFFRMFISHBM04","luxpil","Luxilus pilsbryi","Duskystripe shiner",15,0.0984682713347921,61.8,26.6249077798537,6.87452162837878,13.473814802564,3.13333333333333,1.81159420289855,0.325258003099012
"3133",2023,"BUFFRMFISHBM04","micdol","Micropterus dolomieu","Smallmouth bass",16,0.105032822757112,250.875,64.4203642750748,16.1050910687687,31.5653984625243,214.6875,1.93236714975845,23.7715157584066
"3134",2023,"BUFFRMFISHBM04","micsal","Micropterus salmoides","Largemouth bass",2,0.0131291028446389,235,0,0,0,148,0.241545893719807,2.04843338121931
"3135",2023,"BUFFRMFISHBM04","moxduq","Moxostoma duquesnei","Black redhorse",30,0.196936542669584,158.9,90.9051608868389,16.5969357371193,32.5293962984796,88.6333333333333,3.6231884057971,18.4012985157505
"3136",2023,"BUFFRMFISHBM04","moxery","Moxostoma erythrurum","Golden redhorse",4,0.0262582056892779,215,125.867655363348,62.9338276816742,123.348035665331,113.25,0.483091787439614,3.13493351923091
"3137",2023,"BUFFRMFISHBM04","nocbig","Nocomis biguttatus","Hornyhead chub",1,0.00656455142231947,102,NA,NA,NA,14,0.120772946859903,0.0968853626252378
"3138",2023,"BUFFRMFISHBM04","notala","Noturus albater","Ozark madtom",8,0.0525164113785558,65.125,8.3055489196767,2.93645498129,5.75534600555164,2.875,0.966183574879227,0.159168810027176
"3139",2023,"BUFFRMFISHBM04","notboo","Notropis boops","Bigeye shiner",50,0.328227571115974,51.74,12.5841007559831,1.77966059593808,3.48807067274373,1.54,6.03864734299517,0.532869494438808
"3140",2023,"BUFFRMFISHBM04","notexi","Noturus exilis","Slender madtom",9,0.0590809628008753,67,15.7559512565887,5.25198375219624,10.2936990016942,2.22222222222222,1.08695652173913,0.138407660893197
"3141",2023,"BUFFRMFISHBM04","notflv","Noturus flavater","Checkered madtom",7,0.0459518599562363,67,23.7276210354093,8.96819778041115,17.5773446558379,4.57142857142857,0.845410628019324,0.221452257429115
"3142",2023,"BUFFRMFISHBM04","notnub","Notropis nubilus","Ozark minnow",77,0.505470459518599,49.875,5.20390672104048,0.919929432777494,1.80302855656225,1.1875,9.29951690821256,0.632782524646084
"3143",2023,"BUFFRMFISHBM04","notoza","Notropis ozarcanus","Ozark shiner",1,0.00656455142231947,50,NA,NA,NA,1,0.120772946859903,0.00692038304465984
"3144",2023,"BUFFRMFISHBM04","notper","Notropis percobromus","Carmine shiner",18,0.118161925601751,49.3888888888889,5.15796230728751,1.21574337486254,2.38281322917375,0.888888888888889,2.17391304347826,0.110726128714557
"3145",2023,"BUFFRMFISHBM04","nottel","Notropis telescopus","Telescope shiner",6,0.0393873085339168,57.1666666666667,5.70672118354022,2.32975916733421,4.56624406062707,1.66666666666667,0.72463768115942,0.0692038304465984
"3146",2023,"BUFFRMFISHBM04","perevi","Percina evides","Gilt darter",5,0.0328227571115974,62.6,6.6932802122726,2.99332590941915,5.86681097645214,2.4,0.603864734299517,0.0830445965359181
"3147",2023,"BUFFRMFISHBM04","pimnot","Pimephales notatus","Bluntnose minnow",19,0.12472647702407,59.6315789473684,7.80463200296813,1.79050537855061,3.50932605608444,2,2.29468599033816,0.262974555697074
"3148",2023,"BUFFRMFISHBM05","ambcon","Ambloplites constellatus","Ozark bass",27,0.236738272687418,118.481481481481,51.0311898370236,9.82095706315748,19.2487221375029,45.7777777777778,12.9186602870813,5.1563354974911
"3149",2023,"BUFFRMFISHBM05","amenat","Ameiurus natalis","Yellow bullhead",2,0.0175361683472161,170,42.4264068711929,30,58.7989195362016,73.5,0.956937799043062,0.613253493633651
"3150",2023,"BUFFRMFISHBM05","camspp","Campostoma spp.","Stoneroller spp.",3,0.0263042525208242,24,4.35889894354067,2.51661147842358,4.93246786079032,NA,1.43540669856459,NA
"3151",2023,"BUFFRMFISHBM05","carcyp","Carpiodes cyprinus","Quillback",2,0.0175361683472161,390.5,7.77817459305202,5.5,10.7798019149703,748,0.956937799043062,6.24100154065266
"3152",2023,"BUFFRMFISHBM05","cotcar","Cottus carolinae","Banded sculpin",3,0.0263042525208242,41,3,1.73205080756888,3.39475720222851,1,1.43540669856459,0.0125153774210949
"3153",2023,"BUFFRMFISHBM05","cypgal","Cyprinella galactura","Whitetail shiner",6,0.0526085050416484,86.3333333333333,28.1116820319715,11.476546131616,22.4936170848799,7.5,2.87081339712919,0.187730661316424
"3154",2023,"BUFFRMFISHBM05","erihar","Erimystax harryi","Ozark chub",1,0.00876808417360807,87,NA,NA,NA,5,0.478468899521531,0.0208589623684915
"3155",2023,"BUFFRMFISHBM05","ethble","Etheostoma blennioides","Greenside darter",8,0.0701446733888645,96.5,11.9283575686561,4.21731126260729,8.26577818630543,10.25,3.82775119617225,0.342086982843261
"3156",2023,"BUFFRMFISHBM05","ethcae","Etheostoma caeruleum","Rainbow darter",6,0.0526085050416484,45.5,3.39116499156263,1.38443731048635,2.71344726740673,1.16666666666667,2.87081339712919,0.0292025473158881
"3157",2023,"BUFFRMFISHBM05","etheux","Etheostoma euzonum","Arkansas saddled darter",1,0.00876808417360807,29,NA,NA,NA,NA,0.478468899521531,NA
"3158",2023,"BUFFRMFISHBM05","ethzon","Etheostoma zonale","Banded darter",4,0.0350723366944323,47.75,2.98607881119482,1.49303940559741,2.92630346247001,1.25,1.91387559808612,0.0208589623684915
"3159",2023,"BUFFRMFISHBM05","funoli","Fundulus olivaceus","Blackspotted topminnow",1,0.00876808417360807,57,NA,NA,NA,2,0.478468899521531,0.00834358494739661
"3160",2023,"BUFFRMFISHBM05","hypamb","Hybopsis amblops","Bigeye chub",2,0.0175361683472161,65.5,2.12132034355964,1.5,2.93994597681008,1.5,0.956937799043062,0.0125153774210949
"3161",2023,"BUFFRMFISHBM05","hypnig","Hypentelium nigricans","Northern hog sucker",1,0.00876808417360807,110,NA,NA,NA,14,0.478468899521531,0.0584050946317762
"3162",2023,"BUFFRMFISHBM05","ichamm","Ichthyomyzon spp.","Ichthyomyzon ammocoete",1,0.00876808417360807,105,NA,NA,NA,2,0.478468899521531,0.00834358494739661
"3163",2023,"BUFFRMFISHBM05","lepcya","Lepomis cyanellus","Green sunfish",1,0.00876808417360807,181,NA,NA,NA,117,0.478468899521531,0.488099719422701
"3164",2023,"BUFFRMFISHBM05","lepmeg","Lepomis megalotis","Longear sunfish",72,0.631302060499781,91.5681818181818,36.2769692634724,5.46895888991788,10.7189624571692,23.5348837209302,34.4497607655502,7.06915085589659
"3165",2023,"BUFFRMFISHBM05","luxpil","Luxilus pilsbryi","Duskystripe shiner",15,0.131521262604121,31.2666666666667,2.01659779496722,0.52068331172711,1.02052053833618,0.133333333333333,7.17703349282297,0.00834358494739661
"3166",2023,"BUFFRMFISHBM05","moxcar","Moxostoma carinatum","River redhorse",7,0.0613765892152565,505.571428571429,115.448194937321,43.6353161593511,85.5236481263469,1444.71428571429,3.34928229665072,42.1893372865109
"3167",2023,"BUFFRMFISHBM05","moxduq","Moxostoma duquesnei","Black redhorse",5,0.0438404208680403,335.6,37.3068358347368,16.6841241903793,32.7002825267369,379,2.39234449760766,7.90554673765828
"3168",2023,"BUFFRMFISHBM05","moxery","Moxostoma erythrurum","Golden redhorse",13,0.113985094256905,349.461538461538,41.6545623443887,11.5528969530542,22.6432619450888,475.461538461538,6.2200956937799,25.7858492799292
"3169",2023,"BUFFRMFISHBM05","notboo","Notropis boops","Bigeye shiner",4,0.0350723366944323,59,0.816496580927726,0.408248290463863,0.800151946059218,2.25,1.91387559808612,0.0375461322632847
"3170",2023,"BUFFRMFISHBM05","notflv","Noturus flavater","Checkered madtom",7,0.0613765892152565,63,14.5258390463339,5.49025110016447,10.7606944224038,3.14285714285714,3.34928229665072,0.0917794344213627
"3171",2023,"BUFFRMFISHBM05","notnub","Notropis nubilus","Ozark minnow",4,0.0350723366944323,52.5,8.58292879305582,4.29146439652791,8.41111565813062,1,1.91387559808612,0.0166871698947932
"3172",2023,"BUFFRMFISHBM05","notper","Notropis percobromus","Carmine shiner",2,0.0175361683472161,50.5,2.12132034355964,1.5,2.93994597681008,0.5,0.956937799043062,0.0041717924736983
"3173",2023,"BUFFRMFISHBM05","pimnot","Pimephales notatus","Bluntnose minnow",8,0.0701446733888645,65.125,11.7404976774533,4.15089276111606,8.1356003154755,3,3.82775119617225,0.100123019368759
"3174",2023,"BUFFRMFISHBM05","pyloli","Pylodictis olivaris","Flathead catfish",3,0.0263042525208242,305.333333333333,14.2243921955679,8.21245666316995,16.0961192844091,287,1.43540669856459,3.59191331985424
"3175",2023,"BUFFRMFISHBM06","ambcon","Ambloplites constellatus","Ozark bass",30,0.246812011517894,147.333333333333,36.7351502565025,6.70689014960937,13.1452631415008,66.6666666666667,4.53172205438066,8.84491447570764
"3176",2023,"BUFFRMFISHBM06","amenat","Ameiurus natalis","Yellow bullhead",1,0.00822706705059646,166,NA,NA,NA,60,0.151057401812689,0.265347434271229
"3177",2023,"BUFFRMFISHBM06","camspp","Campostoma spp.","Stoneroller spp.",19,0.156314273961333,33.4210526315789,4.3116868247652,0.98916879712354,1.93873521699295,0.368421052631579,2.87009063444109,0.0309572006649767
"3178",2023,"BUFFRMFISHBM06","cotcar","Cottus carolinae","Banded sculpin",1,0.00822706705059646,46,NA,NA,NA,1,0.151057401812689,0.00442245723785382
"3179",2023,"BUFFRMFISHBM06","cypgal","Cyprinella galactura","Whitetail shiner",8,0.0658165364047717,54.625,17.9518204409151,6.34692698420717,12.4397483015515,3,1.20845921450151,0.106138973708492
"3180",2023,"BUFFRMFISHBM06","cypgre","Notropis greenei","Wedgespot shiner",12,0.0987248046071575,57,5.59220236335625,1.6143297699233,3.16402820822049,1.5,1.81268882175227,0.0796042302813688
"3181",2023,"BUFFRMFISHBM06","cypunk","unknown Cyprinid","unknown minnow",1,0.00822706705059646,26,NA,NA,NA,NA,0.151057401812689,NA
"3182",2023,"BUFFRMFISHBM06","erihar","Erimystax harryi","Ozark chub",7,0.0575894693541752,89.8571428571429,3.71611676478603,1.40456011464311,2.75288723882194,5.28571428571429,1.05740181268882,0.163630917800591
"3183",2023,"BUFFRMFISHBM06","ethble","Etheostoma blennioides","Greenside darter",16,0.131633072809543,72.6666666666667,34.0748475872635,8.79808781533517,17.2439352508776,6.53333333333333,2.41691842900302,0.462294196596986
"3184",2023,"BUFFRMFISHBM06","ethcae","Etheostoma caeruleum","Rainbow darter",3,0.0246812011517894,48.6666666666667,8.14452781524708,4.70224532655529,9.21623148652016,0.666666666666667,0.453172205438067,0.00884491447570764
"3185",2023,"BUFFRMFISHBM06","etheux","Etheostoma euzonum","Arkansas saddled darter",1,0.00822706705059646,37,NA,NA,NA,NA,0.151057401812689,NA
"3186",2023,"BUFFRMFISHBM06","ethjul","Etheostoma juliae","Yoke darter",7,0.0575894693541752,39.5714285714286,5.19156825558337,1.962228359813,3.84589691467658,1.42857142857143,1.05740181268882,0.0442245723785382
"3187",2023,"BUFFRMFISHBM06","ethzon","Etheostoma zonale","Banded darter",11,0.0904977375565611,34.6,12.4917750718,3.95024612454015,7.74234013416761,0.3,1.66163141993958,0.0145941088849176
"3188",2023,"BUFFRMFISHBM06","funcat","Fundulus catenatus","Northern studfish",1,0.00822706705059646,63,NA,NA,NA,2,0.151057401812689,0.00884491447570764
"3189",2023,"BUFFRMFISHBM06","funoli","Fundulus olivaceus","Blackspotted topminnow",1,0.00822706705059646,76,NA,NA,NA,4,0.151057401812689,0.0176898289514153
"3190",2023,"BUFFRMFISHBM06","hypamb","Hybopsis amblops","Bigeye chub",3,0.0246812011517894,66,18.1934053986603,10.5039675043925,20.5873980033883,2.33333333333333,0.453172205438067,0.0309572006649767
"3191",2023,"BUFFRMFISHBM06","hypnig","Hypentelium nigricans","Northern hog sucker",6,0.0493624023035788,256.5,129.619057240824,52.916758530104,103.714940897606,361.4,0.906344410876133,9.58965627456223
"3192",2023,"BUFFRMFISHBM06","lepmeg","Lepomis megalotis","Longear sunfish",170,1.3986013986014,91.6,40.2745748495294,7.35309771300583,14.4118066922953,29.4,25.6797583081571,22.1034412747934
"3193",2023,"BUFFRMFISHBM06","luxpil","Luxilus pilsbryi","Duskystripe shiner",86,0.707527766351296,40.7045454545455,14.775182752507,2.22744260904528,4.36570729135867,0.818181818181818,12.9909365558912,0.311180172918078
"3194",2023,"BUFFRMFISHBM06","micdol","Micropterus dolomieu","Smallmouth bass",17,0.13986013986014,231.176470588235,83.3983177993699,20.2270631344489,39.6443152565377,194.411764705882,2.56797583081571,14.6162211711069
"3195",2023,"BUFFRMFISHBM06","moxduq","Moxostoma duquesnei","Black redhorse",5,0.0411353352529823,334.4,69.0456370815709,30.8781476128345,60.5200572304672,394.6,0.755287009063444,8.72550813028559
"3196",2023,"BUFFRMFISHBM06","moxery","Moxostoma erythrurum","Golden redhorse",9,0.0740436034553682,343.888888888889,22.7125760562537,7.57085868541792,14.8386103554614,439.444444444444,1.3595166163142,17.4908183757119
"3197",2023,"BUFFRMFISHBM06","notala","Noturus albater","Ozark madtom",1,0.00822706705059646,71,NA,NA,NA,5,0.151057401812689,0.0221122861892691
"3198",2023,"BUFFRMFISHBM06","notboo","Notropis boops","Bigeye shiner",208,1.71122994652406,59.0666666666667,9.88880709424177,1.80544090411111,3.53859914827321,1.86666666666667,31.4199395770393,1.71709273021738
"3199",2023,"BUFFRMFISHBM06","notnub","Notropis nubilus","Ozark minnow",3,0.0246812011517894,57.3333333333333,2.51661147842358,1.45296631451356,2.84776164719647,1.33333333333333,0.453172205438067,0.0176898289514153
"3200",2023,"BUFFRMFISHBM06","notoza","Notropis ozarcanus","Ozark shiner",1,0.00822706705059646,51,NA,NA,NA,1,0.151057401812689,0.00442245723785382
"3201",2023,"BUFFRMFISHBM06","notper","Notropis percobromus","Carmine shiner",8,0.0658165364047717,54,4.0355562548073,1.42678459681701,2.79644642345785,1.25,1.20845921450151,0.0442245723785382
"3202",2023,"BUFFRMFISHBM06","ntuspp","Noturus spp.","Unknown madtom",1,0.00822706705059646,20,NA,NA,NA,NA,0.151057401812689,NA
"3203",2023,"BUFFRMFISHBM06","pimnot","Pimephales notatus","Bluntnose minnow",12,0.0987248046071575,55.6666666666667,7.49949493248874,2.1649177090293,4.2431607391904,1.58333333333333,1.81268882175227,0.0840266875192226
"3204",2023,"BUFFRMFISHBM06","pyloli","Pylodictis olivaris","Flathead catfish",13,0.106951871657754,273.923076923077,83.4070955599318,23.1329661368353,45.3397804837818,264.230769230769,1.96374622356495,15.1911406120279
"3205",2023,"BUFFRMFISHBT05","ambcon","Ambloplites constellatus","Ozark bass",12,0.207672339198154,74.5833333333333,20.6725920146957,5.96766328226594,11.6964051051033,9.5,2.17785843920145,3.54272580596061
"3206",2023,"BUFFRMFISHBT05","amenat","Ameiurus natalis","Yellow bullhead",3,0.0519180847995385,100,8.66025403784439,5,9.79981992270027,14,0.544464609800363,1.30521477061707
"3207",2023,"BUFFRMFISHBT05","camspp","Campostoma spp.","Stoneroller spp.",139,2.40553792904528,93.6666666666667,26.0600544278328,4.75789321997881,9.32529935344577,9.73333333333333,25.2268602540835,42.0444897696869
"3208",2023,"BUFFRMFISHBT05","cotcar","Cottus carolinae","Banded sculpin",26,0.449956734929334,47.3461538461538,20.3075203955427,3.98263241421369,7.80581609552064,2.42307692307692,4.71869328493648,1.9578221559256
"3209",2023,"BUFFRMFISHBT05","ethaut","Etheostoma autmnale","Autumn darter",1,0.0173060282665128,87,NA,NA,NA,7,0.181488203266788,0.217535795102844
"3210",2023,"BUFFRMFISHBT05","ethble","Etheostoma blennioides","Greenside darter",41,0.709547158927026,84.2333333333333,10.3713243038723,1.8935360908108,3.71126254141594,6.33333333333333,7.44101633393829,8.06954211357694
"3211",2023,"BUFFRMFISHBT05","ethcae","Etheostoma caeruleum","Rainbow darter",187,3.2362272858379,47.2857142857143,6.11010092660779,0.87287156094397,1.71079682257944,1.3265306122449,33.9382940108893,7.70888510051042
"3212",2023,"BUFFRMFISHBT05","ethspe","Etheostoma spectabile","Orangethroat darter",17,0.294202480530718,47.4705882352941,5.02640088754896,1.21908128094487,2.38935540487889,1.29411764705882,3.08529945553539,0.683683927466082
"3213",2023,"BUFFRMFISHBT05","ethzon","Etheostoma zonale","Banded darter",3,0.0519180847995385,49.6666666666667,3.51188458428425,2.02758751009941,3.97399849529808,1.33333333333333,0.544464609800363,0.124306168630197
"3214",2023,"BUFFRMFISHBT05","funcat","Fundulus catenatus","Northern studfish",13,0.224978367464667,71.9230769230769,16.5048555404237,4.57762330347106,8.97197680959454,4.53846153846154,2.35934664246824,1.8335159872954
"3215",2023,"BUFFRMFISHBT05","hypamb","Hybopsis amblops","Bigeye chub",4,0.0692241130660513,77,8.28653526310404,4.14326763155202,8.12065533615252,4,0.725952813067151,0.497224674520787
"3216",2023,"BUFFRMFISHBT05","lepcya","Lepomis cyanellus","Green sunfish",2,0.0346120565330257,90.5,20.5060966544099,14.5,28.4194777758308,15,0.362976406533575,0.932296264726476
"3217",2023,"BUFFRMFISHBT05","lepmeg","Lepomis megalotis","Longear sunfish",22,0.380732621863282,59.7272727272727,21.2293189406533,4.52610600588902,8.87100476175291,6.22727272727273,3.99274047186933,4.25748627558424
"3218",2023,"BUFFRMFISHBT05","luxpil","Luxilus pilsbryi","Duskystripe shiner",39,0.674935102394001,82.6,18.5353343830009,3.3840735841569,6.63266234598089,5.8,7.07803992740472,7.02951383603763
"3219",2023,"BUFFRMFISHBT05","nocbig","Nocomis biguttatus","Hornyhead chub",15,0.259590423997693,120.8,51.0814475687043,13.1891730489173,25.8503041617442,33.9333333333333,2.72232304900181,15.8179599581925
"3220",2023,"BUFFRMFISHBT05","notexi","Noturus exilis","Slender madtom",11,0.190366310931641,96.6363636363636,13.5592973805631,4.08828198474333,8.01288544874086,9.18181818181818,1.99637023593466,3.13873075791247
"3221",2023,"BUFFRMFISHBT05","notnub","Notropis nubilus","Ozark minnow",15,0.259590423997693,56.0666666666667,6.06473019852923,1.56590660387633,3.06912054675103,1.73333333333333,2.72232304900181,0.807990096096279
"3222",2023,"BUFFRMFISHBT05","nottel","Notropis telescopus","Telescope shiner",1,0.0173060282665128,50,NA,NA,NA,1,0.181488203266788,0.0310765421575492
"3223",2023,"BUFFRMFISHBT07","ambcon","Ambloplites constellatus","Ozark bass",29,0.61418990469467,79.1034482758621,30.0408588753791,5.57844744799261,10.9335560877149,13.25,5.74257425742574,3.7077536274119
"3224",2023,"BUFFRMFISHBT07","amenat","Ameiurus natalis","Yellow bullhead",2,0.0423579244617014,94,7.07106781186548,5,9.79981992270027,12.5,0.396039603960396,0.24123315728119
"3225",2023,"BUFFRMFISHBT07","camspp","Campostoma spp.","Stoneroller spp.",47,0.995411224849982,115.666666666667,23.1968091345122,4.23513854170474,8.30071901127877,16.4333333333333,9.30693069306931,7.45281798314995
"3226",2023,"BUFFRMFISHBT07","cotcar","Cottus carolinae","Banded sculpin",30,0.635368866925521,68.2758620689655,30.5624612786481,5.67530658266162,11.1233965032399,7.03448275862069,5.94059405940594,2.0363405828426
"3227",2023,"BUFFRMFISHBT07","erihar","Erimystax harryi","Ozark chub",12,0.254147546770208,100.5,7.92579218868258,2.28797912683846,4.48435668598278,8.25,2.37623762376238,0.955283302833514
"3228",2023,"BUFFRMFISHBT07","ethble","Etheostoma blennioides","Greenside darter",18,0.381221320155312,91.7222222222222,16.0982481895156,3.79439348667684,7.43687457705998,8.66666666666667,3.56435643564356,1.50529490143463
"3229",2023,"BUFFRMFISHBT07","ethcae","Etheostoma caeruleum","Rainbow darter",40,0.847158489234027,50.0833333333333,6.52194099066484,1.08699016511081,2.13046157516643,1.41666666666667,7.92079207920792,0.546795156504031
"3230",2023,"BUFFRMFISHBT07","ethjul","Etheostoma juliae","Yoke darter",1,0.0211789622308507,52,NA,NA,NA,3,0.198019801980198,0.0289479788737428
"3231",2023,"BUFFRMFISHBT07","ethspe","Etheostoma spectabile","Orangethroat darter",7,0.148252735615955,42.8571428571429,2.96808419852332,1.12183037994188,2.19874714144897,0.857142857142857,1.38613861386139,0.0578959577474857
"3232",2023,"BUFFRMFISHBT07","ethzon","Etheostoma zonale","Banded darter",4,0.0847158489234028,53.5,9.60902353693305,4.80451176846652,9.41667002949323,1.75,0.792079207920792,0.0675452840387333
"3233",2023,"BUFFRMFISHBT07","funcat","Fundulus catenatus","Northern studfish",3,0.0635368866925521,84.6666666666667,21.3853532431273,12.3468394516348,24.1993606481024,7.33333333333333,0.594059405940594,0.212285178407447
"3234",2023,"BUFFRMFISHBT07","funoli","Fundulus olivaceus","Blackspotted topminnow",5,0.105894811154253,62.2,5.89067059000926,2.6343879744639,5.16330555125466,2.2,0.99009900990099,0.106142589203724
"3235",2023,"BUFFRMFISHBT07","hypnig","Hypentelium nigricans","Northern hog sucker",12,0.254147546770208,205.5,24.4186962648035,7.049070430872,13.8159241689954,97.9166666666667,2.37623762376238,11.3379583922159
"3236",2023,"BUFFRMFISHBT07","ichamm","Ichthyomyzon spp.","Ichthyomyzon ammocoete",10,0.211789622308507,140.7,14.8552272879878,4.69763533895276,9.20719607685001,4.4,1.98019801980198,0.424570356814895
"3237",2023,"BUFFRMFISHBT07","lamaep","Lampetra aepyptera","Least Brook lamprey",2,0.0423579244617014,151.5,0.707106781186548,0.5,0.979981992270027,5.5,0.396039603960396,0.106142589203724
"3238",2023,"BUFFRMFISHBT07","lepcya","Lepomis cyanellus","Green sunfish",2,0.0423579244617014,75,14.142135623731,10,19.5996398454005,7,0.396039603960396,0.135090568077467
"3239",2023,"BUFFRMFISHBT07","lepmac","Lepomis macrochirus","Bluegill",8,0.169431697846806,55.875,15.7701118756789,5.57557652368153,10.9279291794628,3.625,1.58415841584158,0.279830462446181
"3240",2023,"BUFFRMFISHBT07","lepmeg","Lepomis megalotis","Longear sunfish",137,2.90151782562654,107.6,20.1333485575036,3.6758297210196,7.20449386650033,27.5,27.1287128712871,36.3538368022754
"3241",2023,"BUFFRMFISHBT07","luxpil","Luxilus pilsbryi","Duskystripe shiner",30,0.635368866925521,93.1666666666667,16.4003434222524,2.99427934773303,5.86867968120882,7.93333333333333,5.94059405940594,2.29653965731693
"3242",2023,"BUFFRMFISHBT07","micdol","Micropterus dolomieu","Smallmouth bass",8,0.169431697846806,198,34.359444532347,12.1478981133128,23.8094427899551,97.375,1.58415841584158,7.51682518088189
"3243",2023,"BUFFRMFISHBT07","moxduq","Moxostoma duquesnei","Black redhorse",2,0.0423579244617014,316,67.8822509939086,48,94.0782712579226,289,0.396039603960396,5.57731059634112
"3244",2023,"BUFFRMFISHBT07","nocbig","Nocomis biguttatus","Hornyhead chub",51,1.08012707377339,132.76,43.5366512262944,8.70733024525888,17.0660536822037,36.6,10.0990099009901,18.0114324552428
"3245",2023,"BUFFRMFISHBT07","notala","Noturus albater","Ozark madtom",1,0.0211789622308507,56,NA,NA,NA,2,0.198019801980198,0.0192986525824952
"3246",2023,"BUFFRMFISHBT07","notexi","Noturus exilis","Slender madtom",1,0.0211789622308507,109,NA,NA,NA,8,0.198019801980198,0.0771946103299809
"3247",2023,"BUFFRMFISHBT07","notnub","Notropis nubilus","Ozark minnow",31,0.656547829156371,66.8064516129032,6.38445693247128,1.14668231563344,2.24745604035054,2.70967741935484,6.13861386138614,0.8105434084648
"3248",2023,"BUFFRMFISHBT07","notper","Notropis percobromus","Carmine shiner",12,0.254147546770208,52.5833333333333,3.26018218490744,0.941133531031768,1.84458782546527,1.16666666666667,2.37623762376238,0.135090568077467
"3249",2023,"BUFFRMFISHBT15","amenat","Ameiurus natalis","Yellow bullhead",3,0.042674253200569,108,35.5527776692624,20.5264057577875,40.2310160173192,24,0.333333333333333,1.58181580461286
"3250",2023,"BUFFRMFISHBT15","camspp","Campostoma spp.","Stoneroller spp.",394,5.60455192034139,61.3666666666667,39.1447211690452,7.14681559717869,14.0075011746194,5.63333333333333,43.7777777777778,48.7624014657184
"3251",2023,"BUFFRMFISHBT15","chrery","Chrosomus erythrogaster","Southern redbelly dace",4,0.0568990042674253,66.25,11.146748404804,5.57337420240199,10.9236127090725,3,0.444444444444444,0.263635967435476
"3252",2023,"BUFFRMFISHBT15","cotcar","Cottus carolinae","Banded sculpin",264,3.75533428165007,51.8333333333333,25.547904068609,4.66438778511839,9.1420320687606,3.1,29.3333333333333,17.9799729790995
"3253",2023,"BUFFRMFISHBT15","ethble","Etheostoma blennioides","Greenside darter",3,0.042674253200569,75.3333333333333,10.4083299973307,6.00925212577332,11.7779177405365,4.33333333333333,0.333333333333333,0.285605631388433
"3254",2023,"BUFFRMFISHBT15","ethcae","Etheostoma caeruleum","Rainbow darter",55,0.782361308677098,47.8048780487805,7.26023247628863,1.13385781800782,2.22232048688451,1.31707317073171,6.11111111111111,1.59146102293367
"3255",2023,"BUFFRMFISHBT15","ethspe","Etheostoma spectabile","Orangethroat darter",27,0.384068278805121,45.3333333333333,3.28165061656947,0.631553955620895,1.23782300731076,1.07407407407407,3,0.637120254635735
"3256",2023,"BUFFRMFISHBT15","funcat","Fundulus catenatus","Northern studfish",7,0.0995732574679943,68.4285714285714,24.9857102017476,9.44371078916481,18.5093330271753,4.42857142857143,0.777777777777778,0.681059582541647
"3257",2023,"BUFFRMFISHBT15","lamaep","Lampetra aepyptera","Least Brook lamprey",4,0.0568990042674253,161.25,10.2102889283311,5.10514446416553,10.0058992856385,8,0.444444444444444,0.703029246494604
"3258",2023,"BUFFRMFISHBT15","lepmac","Lepomis macrochirus","Bluegill",1,0.0142247510668563,87,NA,NA,NA,12,0.111111111111111,0.263635967435476
"3259",2023,"BUFFRMFISHBT15","lepmeg","Lepomis megalotis","Longear sunfish",30,0.42674253200569,85.4137931034483,20.1024469750385,3.73293068921604,7.31640970764771,13.7586206896552,3.33333333333333,9.06816819023751
"3260",2023,"BUFFRMFISHBT15","luxpil","Luxilus pilsbryi","Duskystripe shiner",69,0.981507823613087,101.4,12.280065146407,2.2420228961067,4.39428412888332,10.4,7.66666666666667,15.7654308526415
"3261",2023,"BUFFRMFISHBT15","nocbig","Nocomis biguttatus","Hornyhead chub",2,0.0284495021337127,53.5,38.8908729652601,27.5,53.8990095748515,3.5,0.222222222222222,0.153787647670695
"3262",2023,"BUFFRMFISHBT15","notexi","Noturus exilis","Slender madtom",1,0.0142247510668563,102,NA,NA,NA,15,0.111111111111111,0.329544959294345
"3263",2023,"BUFFRMFISHBT15","notnub","Notropis nubilus","Ozark minnow",30,0.42674253200569,62.6666666666667,6.72275258349216,1.2274010795016,2.40566191040871,2.63333333333333,3.33333333333333,1.73560345228355
"3264",2023,"BUFFRMFISHBT15","notper","Notropis percobromus","Carmine shiner",6,0.085348506401138,57.8333333333333,4.57893728573199,1.86934331904133,3.66384558006157,1.5,0.666666666666667,0.197726975576607
"3265",2023,"BUFFRMFISHBT19","ambcon","Ambloplites constellatus","Ozark bass",11,0.176376269374666,101.636363636364,26.2917200931119,7.92725187653638,15.5371281743889,24.3636363636364,1.80327868852459,7.63728591376706
"3266",2023,"BUFFRMFISHBT19","amenat","Ameiurus natalis","Yellow bullhead",8,0.128273650454303,188.125,61.0185861614546,21.5733280265901,42.2829459587851,114.5,1.31147540983607,26.1035593172038
"3267",2023,"BUFFRMFISHBT19","camspp","Campostoma spp.","Stoneroller spp.",225,3.60769641902726,36.5666666666667,19.8835980462382,3.63023172476344,7.11512343607106,1.1,36.8852459016393,7.05309053603488
"3268",2023,"BUFFRMFISHBT19","chrery","Chrosomus erythrogaster","Southern redbelly dace",3,0.0481026189203634,49,1,0.577350269189626,1.13158573407617,1.33333333333333,0.491803278688525,0.113989341996523
"3269",2023,"BUFFRMFISHBT19","cotcar","Cottus carolinae","Banded sculpin",137,2.19668626402993,46.0666666666667,16.554889544062,3.02249548009638,5.92398228442401,2.13333333333333,22.4590163934426,8.32882125521264
"3270",2023,"BUFFRMFISHBT19","cypgre","Notropis greenei","Wedgespot shiner",1,0.0160342063067878,81,NA,NA,NA,4,0.163934426229508,0.113989341996523
"3271",2023,"BUFFRMFISHBT19","ethble","Etheostoma blennioides","Greenside darter",1,0.0160342063067878,82,NA,NA,NA,5,0.163934426229508,0.142486677495654
"3272",2023,"BUFFRMFISHBT19","ethcae","Etheostoma caeruleum","Rainbow darter",27,0.432923570283271,49.8518518518519,5.80254389638852,1.11670009352151,2.18869196483467,1.6,4.42622950819672,1.23108489356245
"3273",2023,"BUFFRMFISHBT19","ethjul","Etheostoma juliae","Yoke darter",1,0.0160342063067878,53,NA,NA,NA,2,0.163934426229508,0.0569946709982617
"3274",2023,"BUFFRMFISHBT19","ethspe","Etheostoma spectabile","Orangethroat darter",7,0.112239444147515,47.8571428571429,4.52506248312556,1.71031285676838,3.35215160156183,1.8,1.14754098360656,0.359066427289048
"3275",2023,"BUFFRMFISHBT19","funcat","Fundulus catenatus","Northern studfish",53,0.849812934259754,74.0333333333333,20.4694614138895,3.73719525212296,7.3247680973551,5.16666666666667,8.68852459016393,7.80352037084533
"3276",2023,"BUFFRMFISHBT19","funoli","Fundulus olivaceus","Blackspotted topminnow",3,0.0481026189203634,54,11.5325625946708,6.65832811847939,13.05008330947,2,0.491803278688525,0.170984012994785
"3277",2023,"BUFFRMFISHBT19","gamaff","Gambusia affinis","Western Mosquitofish",1,0.0160342063067878,34,NA,NA,NA,1,0.163934426229508,0.0284973354991308
"3278",2023,"BUFFRMFISHBT19","lepcya","Lepomis cyanellus","Green sunfish",1,0.0160342063067878,124,NA,NA,NA,37,0.163934426229508,1.05440141346784
"3279",2023,"BUFFRMFISHBT19","lepmeg","Lepomis megalotis","Longear sunfish",38,0.609299839657937,93.6,22.8180207065713,4.16598155286969,8.16517380388284,22.4,6.22950819672131,24.2569319768602
"3280",2023,"BUFFRMFISHBT19","luxpil","Luxilus pilsbryi","Duskystripe shiner",23,0.36878674505612,79.4347826086957,18.9084543067056,3.9426852704877,7.72752113253244,6.08695652173913,3.77049180327869,3.98962696987832
"3281",2023,"BUFFRMFISHBT19","micdol","Micropterus dolomieu","Smallmouth bass",2,0.0320684126135756,154.5,68.5893577750951,48.5,95.0582532501926,57.5,0.327868852459016,3.27719358240005
"3282",2023,"BUFFRMFISHBT19","nocbig","Nocomis biguttatus","Hornyhead chub",6,0.0962052378407269,92.3333333333333,29.5882859704084,12.0793671651751,23.675124599779,12.1666666666667,0.983606557377049,2.08030549143655
"3283",2023,"BUFFRMFISHBT19","notflv","Noturus flavater","Checkered madtom",5,0.0801710315339391,106,23.6537523450297,10.5782796332863,20.7330470996347,15.2,0.819672131147541,2.16579749793394
"3284",2023,"BUFFRMFISHBT19","notnub","Notropis nubilus","Ozark minnow",47,0.753607696419027,62.9736842105263,12.458551479954,2.0210439263089,3.96117330673886,2.5,7.70491803278689,3.34843692114787
"3285",2023,"BUFFRMFISHBT19","notper","Notropis percobromus","Carmine shiner",4,0.0641368252271513,52.25,5.67890834580027,2.83945417290014,5.56522791463624,1.25,0.655737704918033,0.142486677495654
"3286",2023,"BUFFRMFISHBT19","pimnot","Pimephales notatus","Bluntnose minnow",6,0.0962052378407269,66,4.09878030638384,1.67332005306815,3.27964703862223,3.16666666666667,0.983606557377049,0.541449374483486
"3287",2023,"BUFFRMFISHBT20","ambcon","Ambloplites constellatus","Ozark bass",42,0.379004361558129,136.166666666667,46.0555012501471,8.40854564397098,16.4804466245443,62.9,10.1941747572816,20.4706547834052
"3288",2023,"BUFFRMFISHBT20","amenat","Ameiurus natalis","Yellow bullhead",13,0.117310873815611,117.615384615385,59.2249081349203,16.4260340819307,32.1944352094117,39.2307692307692,3.15533980582524,3.95186385780024
"3289",2023,"BUFFRMFISHBT20","camspp","Campostoma spp.","Stoneroller spp.",109,0.983606557377049,122.7,26.5097899938351,4.84000332478275,9.4862322016283,20.8666666666667,26.4563106796117,17.6242796387674
"3290",2023,"BUFFRMFISHBT20","cotcar","Cottus carolinae","Banded sculpin",6,0.0541434802225899,41.5,7.4766302570075,3.0523215208537,5.98244025010978,1,1.45631067961165,0.0464925159741204
"3291",2023,"BUFFRMFISHBT20","cypgre","Notropis greenei","Wedgespot shiner",2,0.0180478267408633,66,8.48528137423857,6,11.7597839072403,1,0.485436893203883,0.0154975053247068
"3292",2023,"BUFFRMFISHBT20","ethble","Etheostoma blennioides","Greenside darter",19,0.171454354038201,95.5789473684211,10.6995108375917,2.45463613086213,4.81099841164053,9.68421052631579,4.61165048543689,1.42577048987303
"3293",2023,"BUFFRMFISHBT20","ethcae","Etheostoma caeruleum","Rainbow darter",49,0.442171755151151,46.1,7.19841936672978,1.31424555517998,2.57587395499462,1.3,11.8932038834951,0.493595544591912
"3294",2023,"BUFFRMFISHBT20","etheux","Etheostoma euzonum","Arkansas saddled darter",7,0.0631673935930215,79.1428571428571,24.1897262725905,9.14285714285714,17.9196707157948,7.14285714285714,1.69902912621359,0.38743763311767
"3295",2023,"BUFFRMFISHBT20","ethjul","Etheostoma juliae","Yoke darter",11,0.0992630470747481,52.3636363636364,12.0272418057735,3.62634984842065,7.10751509824676,2.27272727272727,2.66990291262136,0.193718816558835
"3296",2023,"BUFFRMFISHBT20","ethzon","Etheostoma zonale","Banded darter",10,0.0902391337043164,52.5,6.6206746886804,2.09364116632563,4.10346128254866,1.3,2.42718446601942,0.100733784610594
"3297",2023,"BUFFRMFISHBT20","funcat","Fundulus catenatus","Northern studfish",1,0.00902391337043164,86,NA,NA,NA,5,0.242718446601942,0.038743763311767
"3298",2023,"BUFFRMFISHBT20","funoli","Fundulus olivaceus","Blackspotted topminnow",6,0.0541434802225899,66.1666666666667,7.7567175188134,3.16666666666667,6.20655261771017,2.83333333333333,1.45631067961165,0.131728795260008
"3299",2023,"BUFFRMFISHBT20","hypnig","Hypentelium nigricans","Northern hog sucker",3,0.0270717401112949,290.333333333333,73.6364945752671,42.5140499652108,83.3260067687496,308,0.728155339805825,7.15984746001454
"3300",2023,"BUFFRMFISHBT20","ichamm","Ichthyomyzon spp.","Ichthyomyzon ammocoete",1,0.00902391337043164,138,NA,NA,NA,5,0.242718446601942,0.038743763311767
"3301",2023,"BUFFRMFISHBT20","lepcya","Lepomis cyanellus","Green sunfish",2,0.0180478267408633,103,0,0,0,17,0.485436893203883,0.263457590520016
"3302",2023,"BUFFRMFISHBT20","lepmac","Lepomis macrochirus","Bluegill",1,0.00902391337043164,90,NA,NA,NA,10,0.242718446601942,0.077487526623534
"3303",2023,"BUFFRMFISHBT20","lepmeg","Lepomis megalotis","Longear sunfish",51,0.460219581892014,116.2,19.3932089073505,3.54069932698866,6.93964316098298,36.3448275862069,12.378640776699,14.3629810555912
"3304",2023,"BUFFRMFISHBT20","leposs","Lepisosteus osseus","Longnose gar",1,0.00902391337043164,892,NA,NA,NA,1469,0.242718446601942,11.3829176609971
"3305",2023,"BUFFRMFISHBT20","luxpil","Luxilus pilsbryi","Duskystripe shiner",23,0.207550007519928,82.1052631578947,13.7513423055598,3.1547742867353,6.18324398135423,2.25,5.58252427184466,0.400997950276789
"3306",2023,"BUFFRMFISHBT20","micdol","Micropterus dolomieu","Smallmouth bass",13,0.117310873815611,227,79.5696759659943,22.0686574359575,43.2537737616287,196.923076923077,3.15533980582524,19.8368068156247
"3307",2023,"BUFFRMFISHBT20","moxduq","Moxostoma duquesnei","Black redhorse",1,0.00902391337043164,211,NA,NA,NA,100,0.242718446601942,0.77487526623534
"3308",2023,"BUFFRMFISHBT20","notala","Noturus albater","Ozark madtom",6,0.0541434802225899,64,6.09918027279076,2.48997991959775,4.88027096463952,2.66666666666667,1.45631067961165,0.123980042597654
"3309",2023,"BUFFRMFISHBT20","notboo","Notropis boops","Bigeye shiner",1,0.00902391337043164,67,NA,NA,NA,4,0.242718446601942,0.0309950106494136
"3310",2023,"BUFFRMFISHBT20","notexi","Noturus exilis","Slender madtom",2,0.0180478267408633,69.5,12.0208152801713,8.5,16.6596938685905,2.5,0.485436893203883,0.038743763311767
"3311",2023,"BUFFRMFISHBT20","notflv","Noturus flavater","Checkered madtom",4,0.0360956534817266,77.25,15.713582235336,7.85679111766799,15.3990276246835,7,0.970873786407767,0.216965074545895
"3312",2023,"BUFFRMFISHBT20","notnub","Notropis nubilus","Ozark minnow",15,0.135358700556475,58.8,4.91644470846857,1.26942056522989,2.48801858908506,1.73333333333333,3.64077669902913,0.201467569221188
"3313",2023,"BUFFRMFISHBT20","notper","Notropis percobromus","Carmine shiner",5,0.0451195668521582,51.2,4.54972526643093,2.03469899493758,3.9879367494575,0.2,1.21359223300971,0.0077487526623534
"3314",2023,"BUFFRMFISHBT20","pimnot","Pimephales notatus","Bluntnose minnow",8,0.0721913069634531,67.625,9.4406037942496,3.33775748070467,6.5418844513103,3.25,1.94174757281553,0.201467569221188
"3315",2023,"BUFFRMFISHBT23","ambcon","Ambloplites constellatus","Ozark bass",15,0.401606425702811,86.1333333333333,29.7246090126074,7.67486104522369,15.0424512349879,15.8666666666667,11.2781954887218,18.7845303867403
"3316",2023,"BUFFRMFISHBT23","amenat","Ameiurus natalis","Yellow bullhead",7,0.187416331994645,129.571428571429,34.238658184656,12.9409963973066,25.3638868627835,35,5.26315789473684,19.3370165745856
"3317",2023,"BUFFRMFISHBT23","camspp","Campostoma spp.","Stoneroller spp.",10,0.267737617135207,93.2,40.6907032789227,12.8675301955478,25.2198957532552,10.8,7.5187969924812,8.5240726124704
"3318",2023,"BUFFRMFISHBT23","cotcar","Cottus carolinae","Banded sculpin",27,0.72289156626506,52.8888888888889,17.6380997871813,3.39445388670753,6.65300736512876,2.96296296296296,20.3007518796992,6.31412786108919
"3319",2023,"BUFFRMFISHBT23","ethble","Etheostoma blennioides","Greenside darter",1,0.0267737617135207,93,NA,NA,NA,8,0.75187969924812,0.631412786108919
"3320",2023,"BUFFRMFISHBT23","ethcae","Etheostoma caeruleum","Rainbow darter",15,0.401606425702811,49.4666666666667,5.05493629558088,1.30517893926161,2.55810371433295,1.53333333333333,11.2781954887218,1.81531176006314
"3321",2023,"BUFFRMFISHBT23","ethjul","Etheostoma juliae","Yoke darter",2,0.0535475234270415,57,1.4142135623731,1,1.95996398454005,2.5,1.50375939849624,0.394632991318074
"3322",2023,"BUFFRMFISHBT23","funcat","Fundulus catenatus","Northern studfish",3,0.0803212851405622,65.3333333333333,40.4145188432738,23.3333333333333,45.7324929726013,23.3333333333333,2.25563909774436,5.52486187845304
"3323",2023,"BUFFRMFISHBT23","funoli","Fundulus olivaceus","Blackspotted topminnow",1,0.0267737617135207,61,NA,NA,NA,3,0.75187969924812,0.236779794790845
"3324",2023,"BUFFRMFISHBT23","lepcya","Lepomis cyanellus","Green sunfish",2,0.0535475234270415,109,5.65685424949238,4,7.83985593816022,22.5,1.50375939849624,3.55169692186267
"3325",2023,"BUFFRMFISHBT23","lepmeg","Lepomis megalotis","Longear sunfish",16,0.428380187416332,90.125,25.5913396809676,6.3978349202419,12.5395260227068,17.5,12.0300751879699,22.0994475138122
"3326",2023,"BUFFRMFISHBT23","luxpil","Luxilus pilsbryi","Duskystripe shiner",17,0.455153949129853,56.9375,29.7130022044222,7.42825055110556,14.5591035483067,NA,12.781954887218,NA
"3327",2023,"BUFFRMFISHBT23","micdol","Micropterus dolomieu","Smallmouth bass",1,0.0267737617135207,120,NA,NA,NA,100,0.75187969924812,7.89265982636148
"3328",2023,"BUFFRMFISHBT23","notala","Noturus albater","Ozark madtom",1,0.0267737617135207,97,NA,NA,NA,8,0.75187969924812,0.631412786108919
"3329",2023,"BUFFRMFISHBT23","notexi","Noturus exilis","Slender madtom",5,0.133868808567604,90.4,19.539703170724,8.73842090998139,17.1269902653152,7.4,3.7593984962406,2.92028413575375
"3330",2023,"BUFFRMFISHBT23","notflv","Noturus flavater","Checkered madtom",7,0.187416331994645,92.2857142857143,19.7291179538796,7.45690567037499,14.6152665500475,1.71428571428571,5.26315789473684,0.947119179163378
"3331",2023,"BUFFRMFISHBT23","notnub","Notropis nubilus","Ozark minnow",2,0.0535475234270415,52.5,3.53553390593274,2.5,4.89990996135013,2,1.50375939849624,0.315706393054459
"3332",2023,"BUFFRMFISHBT23","notper","Notropis percobromus","Carmine shiner",1,0.0267737617135207,54,NA,NA,NA,1,0.75187969924812,0.0789265982636148
