Season,LocationID,EventID,ChannelType,DischargeNo,DistanceFromBank_m,Depth_cm,Velocity_ms,Comments,Units,DETimeStamp
2006.00,BUFFRMFISHBM01,BUFFRMFISH2006MAY23,main,1.00,0.00,0.00,0.00,,metric,12/10/2018 11:06
2006.00,BUFFRMFISHBM01,BUFFRMFISH2006MAY23,main,2.00,1.00,21.00,0.09,,metric,12/10/2018 11:06
2006.00,BUFFRMFISHBM01,BUFFRMFISH2006MAY23,main,3.00,2.00,24.00,0.11,,metric,12/10/2018 11:06
2006.00,BUFFRMFISHBM01,BUFFRMFISH2006MAY23,main,4.00,3.00,22.00,0.15,,metric,12/10/2018 11:06
2006.00,BUFFRMFISHBM01,BUFFRMFISH2006MAY23,main,5.00,4.00,30.00,0.11,,metric,12/10/2018 11:06
2006.00,BUFFRMFISHBM01,BUFFRMFISH2006MAY23,main,6.00,5.00,24.00,0.18,,metric,12/10/2018 11:06
2006.00,BUFFRMFISHBM01,BUFFRMFISH2006MAY23,main,7.00,6.00,30.00,0.19,,metric,12/10/2018 11:06
2006.00,BUFFRMFISHBM01,BUFFRMFISH2006MAY23,main,8.00,7.00,32.00,0.19,,metric,12/10/2018 11:06
2006.00,BUFFRMFISHBM01,BUFFRMFISH2006MAY23,main,9.00,8.00,29.00,0.24,,metric,12/10/2018 11:06
2006.00,BUFFRMFISHBM01,BUFFRMFISH2006MAY23,main,10.00,9.00,34.00,0.20,,metric,12/10/2018 11:06
2006.00,BUFFRMFISHBM01,BUFFRMFISH2006MAY23,main,11.00,10.00,31.00,0.19,,metric,12/10/2018 11:06
2006.00,BUFFRMFISHBM01,BUFFRMFISH2006MAY23,main,12.00,11.00,13.00,0.13,,metric,12/10/2018 11:06
2006.00,BUFFRMFISHBM01,BUFFRMFISH2006MAY23,main,13.00,12.00,10.00,0.05,,metric,12/10/2018 11:06
2006.00,BUFFRMFISHBM01,BUFFRMFISH2006MAY23,main,14.00,13.00,18.00,0.08,,metric,12/10/2018 11:06
2006.00,BUFFRMFISHBM01,BUFFRMFISH2006MAY23,main,15.00,14.00,8.00,0.02,,metric,12/10/2018 11:06
2006.00,BUFFRMFISHBM01,BUFFRMFISH2006MAY23,main,16.00,15.00,6.00,0.03,,metric,12/10/2018 11:06
2006.00,BUFFRMFISHBM01,BUFFRMFISH2006MAY23,main,17.00,16.00,2.00,0.00,,metric,12/10/2018 11:06
2006.00,BUFFRMFISHBM01,BUFFRMFISH2006MAY23,main,18.00,17.00,1.00,0.00,,metric,12/10/2018 11:06
2006.00,BUFFRMFISHBM02,BUFFRMFISH2006MAY30,main,1.00,0.00,0.00,0.00,,metric,12/10/2018 11:06
2006.00,BUFFRMFISHBM02,BUFFRMFISH2006MAY30,main,2.00,1.00,2.00,0.00,,metric,12/10/2018 11:06
2006.00,BUFFRMFISHBM02,BUFFRMFISH2006MAY30,main,3.00,2.00,24.00,0.13,,metric,12/10/2018 11:06
2006.00,BUFFRMFISHBM02,BUFFRMFISH2006MAY30,main,4.00,3.00,26.00,0.25,,metric,12/10/2018 11:06
2006.00,BUFFRMFISHBM02,BUFFRMFISH2006MAY30,main,5.00,4.00,40.00,0.33,,metric,12/10/2018 11:06
2006.00,BUFFRMFISHBM02,BUFFRMFISH2006MAY30,main,6.00,5.00,38.00,0.43,,metric,12/10/2018 11:06
2006.00,BUFFRMFISHBM02,BUFFRMFISH2006MAY30,main,7.00,6.00,38.00,0.21,,metric,12/10/2018 11:06
2006.00,BUFFRMFISHBM02,BUFFRMFISH2006MAY30,main,8.00,7.00,36.00,0.12,,metric,12/10/2018 11:06
2006.00,BUFFRMFISHBM02,BUFFRMFISH2006MAY30,main,9.00,8.00,30.00,0.31,,metric,12/10/2018 11:06
2006.00,BUFFRMFISHBM02,BUFFRMFISH2006MAY30,main,10.00,9.00,16.00,0.21,,metric,12/10/2018 11:06
2006.00,BUFFRMFISHBM02,BUFFRMFISH2006MAY30,main,11.00,10.00,13.00,0.16,,metric,12/10/2018 11:06
2006.00,BUFFRMFISHBM02,BUFFRMFISH2006MAY30,main,12.00,11.00,11.00,0.21,,metric,12/10/2018 11:06
2006.00,BUFFRMFISHBM02,BUFFRMFISH2006MAY30,main,13.00,12.00,13.00,0.16,,metric,12/10/2018 11:06
2006.00,BUFFRMFISHBM02,BUFFRMFISH2006MAY30,main,14.00,13.00,12.00,0.24,,metric,12/10/2018 11:06
2006.00,BUFFRMFISHBM02,BUFFRMFISH2006MAY30,main,15.00,14.00,8.00,0.18,,metric,12/10/2018 11:06
2006.00,BUFFRMFISHBM02,BUFFRMFISH2006MAY30,main,16.00,15.00,7.00,0.09,,metric,12/10/2018 11:06
2006.00,BUFFRMFISHBM02,BUFFRMFISH2006MAY30,main,17.00,16.00,2.00,0.00,,metric,12/10/2018 11:06
2006.00,BUFFRMFISHBM03,BUFFRMFISH2006JUN01,main,1.00,0.00,0.00,0.00,,metric,12/10/2018 11:06
2006.00,BUFFRMFISHBM03,BUFFRMFISH2006JUN01,main,2.00,1.00,28.00,0.71,,metric,12/10/2018 11:06
2006.00,BUFFRMFISHBM03,BUFFRMFISH2006JUN01,main,3.00,2.00,42.00,0.48,,metric,12/10/2018 11:06
2006.00,BUFFRMFISHBM03,BUFFRMFISH2006JUN01,main,4.00,3.00,36.00,0.60,,metric,12/10/2018 11:06
2006.00,BUFFRMFISHBM03,BUFFRMFISH2006JUN01,main,5.00,4.00,44.00,0.63,,metric,12/10/2018 11:06
2006.00,BUFFRMFISHBM03,BUFFRMFISH2006JUN01,main,6.00,5.00,50.00,0.61,,metric,12/10/2018 11:06
2006.00,BUFFRMFISHBM03,BUFFRMFISH2006JUN01,main,7.00,6.00,38.00,0.72,,metric,12/10/2018 11:06
2006.00,BUFFRMFISHBM03,BUFFRMFISH2006JUN01,main,8.00,7.00,40.00,0.02,,metric,12/10/2018 11:06
2006.00,BUFFRMFISHBM03,BUFFRMFISH2006JUN01,main,9.00,8.00,18.00,0.03,,metric,12/10/2018 11:06
2006.00,BUFFRMFISHBM04,BUFFRMFISH2006JUN02,main,1.00,0.00,0.00,0.00,,metric,12/10/2018 11:06
2006.00,BUFFRMFISHBM04,BUFFRMFISH2006JUN02,main,2.00,2.00,50.00,0.13,,metric,12/10/2018 11:06
2006.00,BUFFRMFISHBM04,BUFFRMFISH2006JUN02,main,3.00,4.00,46.00,0.26,,metric,12/10/2018 11:06
2006.00,BUFFRMFISHBM04,BUFFRMFISH2006JUN02,main,4.00,6.00,39.00,0.24,,metric,12/10/2018 11:06
2006.00,BUFFRMFISHBM04,BUFFRMFISH2006JUN02,main,5.00,8.00,52.00,0.33,,metric,12/10/2018 11:06
2006.00,BUFFRMFISHBM04,BUFFRMFISH2006JUN02,main,6.00,10.00,49.00,0.39,,metric,12/10/2018 11:06
2006.00,BUFFRMFISHBM04,BUFFRMFISH2006JUN02,main,7.00,12.00,40.00,0.52,,metric,12/10/2018 11:06
2006.00,BUFFRMFISHBM04,BUFFRMFISH2006JUN02,main,8.00,14.00,38.00,0.41,,metric,12/10/2018 11:06
2006.00,BUFFRMFISHBM04,BUFFRMFISH2006JUN02,main,9.00,16.00,32.00,0.35,,metric,12/10/2018 11:06
2006.00,BUFFRMFISHBM04,BUFFRMFISH2006JUN02,main,10.00,18.00,31.00,0.19,,metric,12/10/2018 11:06
2006.00,BUFFRMFISHBM04,BUFFRMFISH2006JUN02,main,11.00,20.00,36.00,0.15,,metric,12/10/2018 11:06
2006.00,BUFFRMFISHBM04,BUFFRMFISH2006JUN02,main,12.00,22.00,36.00,0.17,,metric,12/10/2018 11:06
2006.00,BUFFRMFISHBM04,BUFFRMFISH2006JUN02,main,13.00,24.00,32.00,0.18,,metric,12/10/2018 11:06
2006.00,BUFFRMFISHBM04,BUFFRMFISH2006JUN02,main,14.00,26.00,31.00,0.30,,metric,12/10/2018 11:06
2006.00,BUFFRMFISHBM04,BUFFRMFISH2006JUN02,main,15.00,28.00,26.00,0.17,,metric,12/10/2018 11:06
2006.00,BUFFRMFISHBM04,BUFFRMFISH2006JUN02,main,16.00,30.00,26.00,0.09,,metric,12/10/2018 11:06
2006.00,BUFFRMFISHBM04,BUFFRMFISH2006JUN02,main,17.00,32.00,30.00,0.11,,metric,12/10/2018 11:06
2006.00,BUFFRMFISHBM04,BUFFRMFISH2006JUN02,main,18.00,34.00,28.00,0.09,,metric,12/10/2018 11:06
2006.00,BUFFRMFISHBM04,BUFFRMFISH2006JUN02,main,19.00,36.00,32.00,0.00,,metric,12/10/2018 11:06
2006.00,BUFFRMFISHBM04,BUFFRMFISH2006JUN02,main,20.00,38.00,28.00,0.03,,metric,12/10/2018 11:06
2006.00,BUFFRMFISHBM04,BUFFRMFISH2006JUN02,main,21.00,40.00,4.00,0.00,,metric,12/10/2018 11:06
2006.00,BUFFRMFISHBM05,BUFFRMFISH2006JUN12,main,1.00,0.00,0.00,0.00,,metric,12/10/2018 11:06
2006.00,BUFFRMFISHBM05,BUFFRMFISH2006JUN12,main,2.00,2.00,38.00,0.09,,metric,12/10/2018 11:06
2006.00,BUFFRMFISHBM05,BUFFRMFISH2006JUN12,main,3.00,4.00,60.00,0.26,,metric,12/10/2018 11:06
2006.00,BUFFRMFISHBM05,BUFFRMFISH2006JUN12,main,4.00,6.00,53.00,0.46,,metric,12/10/2018 11:06
2006.00,BUFFRMFISHBM05,BUFFRMFISH2006JUN12,main,5.00,8.00,42.00,0.40,,metric,12/10/2018 11:06
2006.00,BUFFRMFISHBM05,BUFFRMFISH2006JUN12,main,6.00,10.00,38.00,0.32,,metric,12/10/2018 11:06
2006.00,BUFFRMFISHBM05,BUFFRMFISH2006JUN12,main,7.00,12.00,29.00,0.32,,metric,12/10/2018 11:06
2006.00,BUFFRMFISHBM05,BUFFRMFISH2006JUN12,main,8.00,14.00,16.00,0.79,,metric,12/10/2018 11:06
2006.00,BUFFRMFISHBM05,BUFFRMFISH2006JUN12,main,9.00,16.00,20.00,0.60,,metric,12/10/2018 11:06
2006.00,BUFFRMFISHBM05,BUFFRMFISH2006JUN12,main,10.00,18.00,16.00,0.82,,metric,12/10/2018 11:06
2006.00,BUFFRMFISHBM05,BUFFRMFISH2006JUN12,main,11.00,20.00,18.00,0.76,,metric,12/10/2018 11:06
2006.00,BUFFRMFISHBM05,BUFFRMFISH2006JUN12,main,12.00,22.00,16.00,0.69,,metric,12/10/2018 11:06
2006.00,BUFFRMFISHBM05,BUFFRMFISH2006JUN12,main,13.00,24.00,8.00,0.24,,metric,12/10/2018 11:06
2006.00,BUFFRMFISHBM05,BUFFRMFISH2006JUN12,main,14.00,26.00,2.00,0.00,,metric,12/10/2018 11:06
2006.00,BUFFRMFISHBM06,BUFFRMFISH2006JUN05,main,1.00,0.00,0.00,0.00,,metric,12/10/2018 11:06
2006.00,BUFFRMFISHBM06,BUFFRMFISH2006JUN05,main,2.00,3.00,40.00,0.26,,metric,12/10/2018 11:06
2006.00,BUFFRMFISHBM06,BUFFRMFISH2006JUN05,main,3.00,6.00,46.00,0.35,,metric,12/10/2018 11:06
2006.00,BUFFRMFISHBM06,BUFFRMFISH2006JUN05,main,4.00,9.00,53.00,0.44,,metric,12/10/2018 11:06
2006.00,BUFFRMFISHBM06,BUFFRMFISH2006JUN05,main,5.00,12.00,50.00,0.47,,metric,12/10/2018 11:06
2006.00,BUFFRMFISHBM06,BUFFRMFISH2006JUN05,main,6.00,15.00,50.00,0.50,,metric,12/10/2018 11:06
2006.00,BUFFRMFISHBM06,BUFFRMFISH2006JUN05,main,7.00,18.00,54.00,0.51,,metric,12/10/2018 11:06
2006.00,BUFFRMFISHBM06,BUFFRMFISH2006JUN05,main,8.00,21.00,46.00,0.48,,metric,12/10/2018 11:06
2006.00,BUFFRMFISHBM06,BUFFRMFISH2006JUN05,main,9.00,24.00,42.00,0.54,,metric,12/10/2018 11:06
2006.00,BUFFRMFISHBM06,BUFFRMFISH2006JUN05,main,10.00,27.00,42.00,0.51,,metric,12/10/2018 11:06
2006.00,BUFFRMFISHBM06,BUFFRMFISH2006JUN05,main,11.00,30.00,36.00,0.42,,metric,12/10/2018 11:06
2006.00,BUFFRMFISHBM06,BUFFRMFISH2006JUN05,main,12.00,33.00,30.00,0.01,,metric,12/10/2018 11:06
2006.00,BUFFRMFISHBM06,BUFFRMFISH2006JUN05,main,13.00,36.00,12.00,-0.01,,metric,12/10/2018 11:06
2006.00,BUFFRMFISHBM06,BUFFRMFISH2006JUN05,main,14.00,37.00,0.00,0.00,,metric,12/10/2018 11:06
2006.00,BUFFRMFISHBT03,BUFFRMFISH2006MAY22,main,1.00,0.00,0.00,0.00,,metric,12/10/2018 11:06
2006.00,BUFFRMFISHBT03,BUFFRMFISH2006MAY22,main,2.00,1.00,20.00,0.02,,metric,12/10/2018 11:06
2006.00,BUFFRMFISHBT03,BUFFRMFISH2006MAY22,main,3.00,2.00,70.00,0.03,,metric,12/10/2018 11:06
2006.00,BUFFRMFISHBT03,BUFFRMFISH2006MAY22,main,4.00,3.00,30.00,0.02,,metric,12/10/2018 11:06
2006.00,BUFFRMFISHBT03,BUFFRMFISH2006MAY22,main,5.00,4.00,30.00,0.09,,metric,12/10/2018 11:06
2006.00,BUFFRMFISHBT03,BUFFRMFISH2006MAY22,main,6.00,5.00,0.00,0.00,,metric,12/10/2018 11:06
2006.00,BUFFRMFISHBT09,BUFFRMFISH2006MAY30,main,1.00,0.00,0.00,0.00,,metric,12/10/2018 11:06
2006.00,BUFFRMFISHBT09,BUFFRMFISH2006MAY30,main,2.00,1.00,20.00,0.88,,metric,12/10/2018 11:06
2006.00,BUFFRMFISHBT09,BUFFRMFISH2006MAY30,main,3.00,2.00,13.00,0.73,,metric,12/10/2018 11:06
2006.00,BUFFRMFISHBT09,BUFFRMFISH2006MAY30,main,4.00,3.00,8.00,0.73,,metric,12/10/2018 11:06
2006.00,BUFFRMFISHBT09,BUFFRMFISH2006MAY30,main,5.00,4.00,6.00,0.23,,metric,12/10/2018 11:06
2006.00,BUFFRMFISHBT09,BUFFRMFISH2006MAY30,main,6.00,5.00,6.00,0.03,,metric,12/10/2018 11:06
2006.00,BUFFRMFISHBT22,BUFFRMFISH2006MAY25,main,1.00,0.00,0.00,0.00,,metric,12/10/2018 11:06
2006.00,BUFFRMFISHBT22,BUFFRMFISH2006MAY25,main,2.00,1.00,18.00,0.45,,metric,12/10/2018 11:06
2006.00,BUFFRMFISHBT22,BUFFRMFISH2006MAY25,main,3.00,2.00,12.00,0.27,,metric,12/10/2018 11:06
2006.00,BUFFRMFISHBT22,BUFFRMFISH2006MAY25,main,4.00,3.00,2.00,0.00,,metric,12/10/2018 11:06
2006.00,BUFFRMFISHBT24,BUFFRMFISH2006MAY24,main,1.00,0.00,0.00,0.00,,metric,12/10/2018 11:06
2006.00,BUFFRMFISHBT24,BUFFRMFISH2006MAY24,main,2.00,1.00,26.00,0.04,,metric,12/10/2018 11:06
2006.00,BUFFRMFISHBT24,BUFFRMFISH2006MAY24,main,3.00,2.00,14.00,0.13,,metric,12/10/2018 11:06
2006.00,BUFFRMFISHBT24,BUFFRMFISH2006MAY24,main,4.00,3.00,2.00,0.05,,metric,12/10/2018 11:06
2006.00,BUFFRMFISHBT24,BUFFRMFISH2006MAY24,main,5.00,3.50,1.00,0.00,,metric,12/10/2018 11:06
2006.00,BUFFRMFISHBT30,BUFFRMFISH2006JUN06,main,1.00,0.00,0.00,0.00,,metric,12/10/2018 11:06
2006.00,BUFFRMFISHBT30,BUFFRMFISH2006JUN06,main,2.00,1.00,40.00,0.11,,metric,12/10/2018 11:06
2006.00,BUFFRMFISHBT30,BUFFRMFISH2006JUN06,main,3.00,2.00,56.00,0.03,,metric,12/10/2018 11:06
2006.00,BUFFRMFISHBT30,BUFFRMFISH2006JUN06,main,4.00,3.00,45.00,0.01,,metric,12/10/2018 11:06
2006.00,BUFFRMFISHBT30,BUFFRMFISH2006JUN06,main,5.00,4.00,25.00,0.04,,metric,12/10/2018 11:06
2006.00,BUFFRMFISHBT30,BUFFRMFISH2006JUN06,main,6.00,5.00,14.00,0.00,,metric,12/10/2018 11:06
2006.00,BUFFRMFISHBT30,BUFFRMFISH2006JUN06,main,7.00,6.00,2.00,0.00,,metric,12/10/2018 11:06
2006.00,BUFFRMFISHBT31,BUFFRMFISH2006JUN06,main,1.00,0.00,0.00,0.00,,metric,12/10/2018 11:06
2006.00,BUFFRMFISHBT31,BUFFRMFISH2006JUN06,main,2.00,0.50,12.00,0.10,,metric,12/10/2018 11:06
2006.00,BUFFRMFISHBT31,BUFFRMFISH2006JUN06,main,3.00,1.00,17.00,0.21,,metric,12/10/2018 11:06
2006.00,BUFFRMFISHBT31,BUFFRMFISH2006JUN06,main,4.00,1.50,22.00,0.07,,metric,12/10/2018 11:06
2006.00,BUFFRMFISHBT31,BUFFRMFISH2006JUN06,main,5.00,2.00,18.00,0.01,,metric,12/10/2018 11:06
2006.00,BUFFRMFISHBT31,BUFFRMFISH2006JUN06,main,6.00,2.50,14.00,0.01,,metric,12/10/2018 11:06
2006.00,BUFFRMFISHBT31,BUFFRMFISH2006JUN06,main,7.00,3.00,12.00,0.00,,metric,12/10/2018 11:06
2006.00,BUFFRMFISHBT31,BUFFRMFISH2006JUN06,main,8.00,3.50,2.00,0.00,,metric,12/10/2018 11:06
2007.00,BUFFRMFISHBM01,BUFFRMFish2007May22,main,1.00,0.00,0.00,0.00,,metric,12/10/2018 11:06
2007.00,BUFFRMFISHBM01,BUFFRMFish2007May22,main,2.00,1.00,0.00,0.00,,metric,12/10/2018 11:06
2007.00,BUFFRMFISHBM01,BUFFRMFish2007May22,main,3.00,2.00,4.00,0.00,,metric,12/10/2018 11:06
2007.00,BUFFRMFISHBM01,BUFFRMFish2007May22,main,4.00,3.00,14.00,0.01,,metric,12/10/2018 11:06
2007.00,BUFFRMFISHBM01,BUFFRMFish2007May22,main,5.00,4.00,22.00,0.17,,metric,12/10/2018 11:06
2007.00,BUFFRMFISHBM01,BUFFRMFish2007May22,main,6.00,5.00,24.00,0.10,,metric,12/10/2018 11:06
2007.00,BUFFRMFISHBM01,BUFFRMFish2007May22,main,7.00,6.00,26.00,0.33,,metric,12/10/2018 11:06
2007.00,BUFFRMFISHBM01,BUFFRMFish2007May22,main,8.00,7.00,32.00,0.24,,metric,12/10/2018 11:06
2007.00,BUFFRMFISHBM01,BUFFRMFish2007May22,main,9.00,8.00,38.00,0.47,,metric,12/10/2018 11:06
2007.00,BUFFRMFISHBM01,BUFFRMFish2007May22,main,10.00,9.00,40.00,0.38,,metric,12/10/2018 11:06
2007.00,BUFFRMFISHBM01,BUFFRMFish2007May22,main,11.00,10.00,42.00,0.49,,metric,12/10/2018 11:06
2007.00,BUFFRMFISHBM01,BUFFRMFish2007May22,main,12.00,11.00,40.00,0.53,,metric,12/10/2018 11:06
2007.00,BUFFRMFISHBM01,BUFFRMFish2007May22,main,13.00,12.00,42.00,0.34,,metric,12/10/2018 11:06
2007.00,BUFFRMFISHBM01,BUFFRMFish2007May22,main,14.00,13.00,40.00,0.42,,metric,12/10/2018 11:06
2007.00,BUFFRMFISHBM01,BUFFRMFish2007May22,main,15.00,14.00,38.00,0.53,,metric,12/10/2018 11:06
2007.00,BUFFRMFISHBM01,BUFFRMFish2007May22,main,16.00,15.00,28.00,0.43,,metric,12/10/2018 11:06
2007.00,BUFFRMFISHBM01,BUFFRMFish2007May22,main,17.00,16.00,28.00,0.34,,metric,12/10/2018 11:06
2007.00,BUFFRMFISHBM01,BUFFRMFish2007May22,main,18.00,17.00,10.00,0.10,,metric,12/10/2018 11:06
2007.00,BUFFRMFISHBM01,BUFFRMFish2007May22,main,19.00,18.00,14.00,0.12,,metric,12/10/2018 11:06
2007.00,BUFFRMFISHBM01,BUFFRMFish2007May22,main,20.00,19.00,8.00,0.00,,metric,12/10/2018 11:06
2007.00,BUFFRMFISHBM02,BUFFRMFish2007May23,main,1.00,0.00,0.00,0.00,,metric,12/10/2018 11:06
2007.00,BUFFRMFISHBM02,BUFFRMFish2007May23,main,2.00,2.00,56.00,0.13,,metric,12/10/2018 11:06
2007.00,BUFFRMFISHBM02,BUFFRMFish2007May23,main,3.00,4.00,64.00,0.28,,metric,12/10/2018 11:06
2007.00,BUFFRMFISHBM02,BUFFRMFish2007May23,main,4.00,6.00,61.00,0.20,,metric,12/10/2018 11:06
2007.00,BUFFRMFISHBM02,BUFFRMFish2007May23,main,5.00,8.00,78.00,0.22,,metric,12/10/2018 11:06
2007.00,BUFFRMFISHBM02,BUFFRMFish2007May23,main,6.00,10.00,50.00,0.30,,metric,12/10/2018 11:06
2007.00,BUFFRMFISHBM02,BUFFRMFish2007May23,main,7.00,12.00,40.00,0.29,,metric,12/10/2018 11:06
2007.00,BUFFRMFISHBM02,BUFFRMFish2007May23,main,8.00,14.00,33.00,0.27,,metric,12/10/2018 11:06
2007.00,BUFFRMFISHBM02,BUFFRMFish2007May23,main,9.00,16.00,22.00,0.25,,metric,12/10/2018 11:06
2007.00,BUFFRMFISHBM02,BUFFRMFish2007May23,main,10.00,18.00,16.00,0.15,,metric,12/10/2018 11:06
2007.00,BUFFRMFISHBM02,BUFFRMFish2007May23,main,11.00,20.00,11.00,0.10,,metric,12/10/2018 11:06
2007.00,BUFFRMFISHBM02,BUFFRMFish2007May23,main,12.00,22.00,26.00,0.12,,metric,12/10/2018 11:06
2007.00,BUFFRMFISHBM02,BUFFRMFish2007May23,main,13.00,24.00,22.00,0.19,,metric,12/10/2018 11:06
2007.00,BUFFRMFISHBM02,BUFFRMFish2007May23,main,14.00,26.00,56.00,0.26,,metric,12/10/2018 11:06
2007.00,BUFFRMFISHBM02,BUFFRMFish2007May23,main,15.00,28.00,62.00,0.23,,metric,12/10/2018 11:06
2007.00,BUFFRMFISHBM02,BUFFRMFish2007May23,main,16.00,30.00,27.00,0.04,,metric,12/10/2018 11:06
2007.00,BUFFRMFISHBM02,BUFFRMFish2007May23,main,17.00,32.00,20.00,0.01,,metric,12/10/2018 11:06
2007.00,BUFFRMFISHBM02,BUFFRMFish2007May23,main,18.00,34.00,0.00,0.00,,metric,12/10/2018 11:06
2007.00,BUFFRMFISHBM03,BUFFRMFish2007May30,main,1.00,0.00,0.00,0.00,,metric,12/10/2018 11:06
2007.00,BUFFRMFISHBM03,BUFFRMFish2007May30,main,2.00,3.00,24.00,0.13,,metric,12/10/2018 11:06
2007.00,BUFFRMFISHBM03,BUFFRMFish2007May30,main,3.00,6.00,40.00,0.23,,metric,12/10/2018 11:06
2007.00,BUFFRMFISHBM03,BUFFRMFish2007May30,main,4.00,9.00,44.00,0.12,,metric,12/10/2018 11:06
2007.00,BUFFRMFISHBM03,BUFFRMFish2007May30,main,5.00,12.00,34.00,0.27,,metric,12/10/2018 11:06
2007.00,BUFFRMFISHBM03,BUFFRMFish2007May30,main,6.00,15.00,48.00,0.29,,metric,12/10/2018 11:06
2007.00,BUFFRMFISHBM03,BUFFRMFish2007May30,main,7.00,18.00,64.00,0.35,,metric,12/10/2018 11:06
2007.00,BUFFRMFISHBM03,BUFFRMFish2007May30,main,8.00,21.00,68.00,0.18,,metric,12/10/2018 11:06
2007.00,BUFFRMFISHBM03,BUFFRMFish2007May30,main,9.00,24.00,54.00,0.15,,metric,12/10/2018 11:06
2007.00,BUFFRMFISHBM03,BUFFRMFish2007May30,main,10.00,27.00,40.00,0.29,,metric,12/10/2018 11:06
2007.00,BUFFRMFISHBM03,BUFFRMFish2007May30,main,11.00,30.00,28.00,0.03,,metric,12/10/2018 11:06
2007.00,BUFFRMFISHBM03,BUFFRMFish2007May30,main,12.00,33.00,6.00,0.00,,metric,12/10/2018 11:06
2007.00,BUFFRMFISHBM04,BUFFRMFish2007May31,main,1.00,0.00,0.00,0.00,,metric,12/10/2018 11:06
2007.00,BUFFRMFISHBM04,BUFFRMFish2007May31,main,2.00,4.00,20.00,0.00,vegitation,metric,12/10/2018 11:06
2007.00,BUFFRMFISHBM04,BUFFRMFish2007May31,main,3.00,8.00,52.00,0.11,,metric,12/10/2018 11:06
2007.00,BUFFRMFISHBM04,BUFFRMFish2007May31,main,4.00,12.00,76.00,0.12,,metric,12/10/2018 11:06
2007.00,BUFFRMFISHBM04,BUFFRMFish2007May31,main,5.00,16.00,84.00,0.12,,metric,12/10/2018 11:06
2007.00,BUFFRMFISHBM04,BUFFRMFish2007May31,main,6.00,20.00,116.00,0.14,,metric,12/10/2018 11:06
2007.00,BUFFRMFISHBM04,BUFFRMFish2007May31,main,7.00,24.00,82.00,0.23,,metric,12/10/2018 11:06
2007.00,BUFFRMFISHBM04,BUFFRMFish2007May31,main,8.00,28.00,64.00,0.30,,metric,12/10/2018 11:06
2007.00,BUFFRMFISHBM04,BUFFRMFish2007May31,main,9.00,32.00,66.00,0.26,,metric,12/10/2018 11:06
2007.00,BUFFRMFISHBM04,BUFFRMFish2007May31,main,10.00,36.00,60.00,0.22,,metric,12/10/2018 11:06
2007.00,BUFFRMFISHBM04,BUFFRMFish2007May31,main,11.00,40.00,38.00,0.21,,metric,12/10/2018 11:06
2007.00,BUFFRMFISHBM04,BUFFRMFish2007May31,main,12.00,44.00,28.00,0.02,vegitation,metric,12/10/2018 11:06
2007.00,BUFFRMFISHBM04,BUFFRMFish2007May31,main,13.00,48.00,2.00,0.00,vegitation,metric,12/10/2018 11:06
2007.00,BUFFRMFISHBM05,BUFFRMFish2007Jun20,main,1.00,0.00,0.00,0.00,,metric,12/10/2018 11:06
2007.00,BUFFRMFISHBM05,BUFFRMFish2007Jun20,main,2.00,3.00,65.00,0.05,,metric,12/10/2018 11:06
2007.00,BUFFRMFISHBM05,BUFFRMFish2007Jun20,main,3.00,6.00,113.00,0.15,,metric,12/10/2018 11:06
2007.00,BUFFRMFISHBM05,BUFFRMFish2007Jun20,main,4.00,9.00,102.00,0.29,,metric,12/10/2018 11:06
2007.00,BUFFRMFISHBM05,BUFFRMFish2007Jun20,main,5.00,12.00,118.00,0.29,,metric,12/10/2018 11:06
2007.00,BUFFRMFISHBM05,BUFFRMFish2007Jun20,main,6.00,15.00,136.00,0.29,,metric,12/10/2018 11:06
2007.00,BUFFRMFISHBM05,BUFFRMFish2007Jun20,main,7.00,18.00,115.00,0.34,,metric,12/10/2018 11:06
2007.00,BUFFRMFISHBM05,BUFFRMFish2007Jun20,main,8.00,21.00,120.00,0.25,,metric,12/10/2018 11:06
2007.00,BUFFRMFISHBM05,BUFFRMFish2007Jun20,main,9.00,24.00,97.00,0.30,,metric,12/10/2018 11:06
2007.00,BUFFRMFISHBM05,BUFFRMFish2007Jun20,main,10.00,27.00,90.00,0.19,,metric,12/10/2018 11:06
2007.00,BUFFRMFISHBM05,BUFFRMFish2007Jun20,main,11.00,30.00,73.00,0.18,,metric,12/10/2018 11:06
2007.00,BUFFRMFISHBM05,BUFFRMFish2007Jun20,main,12.00,33.00,52.00,0.22,,metric,12/10/2018 11:06
2007.00,BUFFRMFISHBM05,BUFFRMFish2007Jun20,main,13.00,36.00,32.00,0.12,,metric,12/10/2018 11:06
2007.00,BUFFRMFISHBM05,BUFFRMFish2007Jun20,main,14.00,39.00,26.00,0.12,,metric,12/10/2018 11:06
2007.00,BUFFRMFISHBM05,BUFFRMFish2007Jun20,main,15.00,42.00,26.00,0.15,,metric,12/10/2018 11:06
2007.00,BUFFRMFISHBM05,BUFFRMFish2007Jun20,main,16.00,45.00,21.00,0.10,,metric,12/10/2018 11:06
2007.00,BUFFRMFISHBM05,BUFFRMFish2007Jun20,main,17.00,47.00,6.00,0.00,,metric,12/10/2018 11:06
2007.00,BUFFRMFISHBM06,BUFFRMFish2007Jun04,main,1.00,0.00,0.00,0.00,,metric,12/10/2018 11:06
2007.00,BUFFRMFISHBM06,BUFFRMFish2007Jun04,main,2.00,3.00,64.00,0.23,,metric,12/10/2018 11:06
2007.00,BUFFRMFISHBM06,BUFFRMFish2007Jun04,main,3.00,6.00,40.00,0.31,,metric,12/10/2018 11:06
2007.00,BUFFRMFISHBM06,BUFFRMFish2007Jun04,main,4.00,9.00,40.00,0.36,,metric,12/10/2018 11:06
2007.00,BUFFRMFISHBM06,BUFFRMFish2007Jun04,main,5.00,12.00,50.00,0.58,,metric,12/10/2018 11:06
2007.00,BUFFRMFISHBM06,BUFFRMFish2007Jun04,main,6.00,15.00,68.00,0.60,,metric,12/10/2018 11:06
2007.00,BUFFRMFISHBM06,BUFFRMFish2007Jun04,main,7.00,18.00,72.00,0.56,,metric,12/10/2018 11:06
2007.00,BUFFRMFISHBM06,BUFFRMFish2007Jun04,main,8.00,21.00,70.00,0.44,,metric,12/10/2018 11:06
2007.00,BUFFRMFISHBM06,BUFFRMFish2007Jun04,main,9.00,24.00,64.00,0.36,,metric,12/10/2018 11:06
2007.00,BUFFRMFISHBM06,BUFFRMFish2007Jun04,main,10.00,27.00,56.00,0.37,,metric,12/10/2018 11:06
2007.00,BUFFRMFISHBM06,BUFFRMFish2007Jun04,main,11.00,30.00,52.00,0.43,,metric,12/10/2018 11:06
2007.00,BUFFRMFISHBM06,BUFFRMFish2007Jun04,main,12.00,33.00,44.00,0.51,,metric,12/10/2018 11:06
2007.00,BUFFRMFISHBM06,BUFFRMFish2007Jun04,main,13.00,36.00,42.00,0.57,,metric,12/10/2018 11:06
2007.00,BUFFRMFISHBM06,BUFFRMFish2007Jun04,main,14.00,39.00,38.00,0.40,,metric,12/10/2018 11:06
2007.00,BUFFRMFISHBM06,BUFFRMFish2007Jun04,main,15.00,42.00,26.00,0.34,,metric,12/10/2018 11:06
2007.00,BUFFRMFISHBM06,BUFFRMFish2007Jun04,main,16.00,45.00,18.00,0.00,,metric,12/10/2018 11:06
2007.00,BUFFRMFISHBT05,BUFFRMFish2007May21,main,1.00,0.00,0.00,0.00,,metric,12/10/2018 11:06
2007.00,BUFFRMFISHBT05,BUFFRMFish2007May21,main,2.00,1.00,18.00,0.00,,metric,12/10/2018 11:06
2007.00,BUFFRMFISHBT05,BUFFRMFish2007May21,main,3.00,2.00,22.00,0.10,,metric,12/10/2018 11:06
2007.00,BUFFRMFISHBT05,BUFFRMFish2007May21,main,4.00,3.00,22.00,0.27,,metric,12/10/2018 11:06
2007.00,BUFFRMFISHBT05,BUFFRMFish2007May21,main,5.00,4.00,23.00,0.32,,metric,12/10/2018 11:06
2007.00,BUFFRMFISHBT05,BUFFRMFish2007May21,main,6.00,5.00,16.00,0.21,,metric,12/10/2018 11:06
2007.00,BUFFRMFISHBT05,BUFFRMFish2007May21,main,7.00,6.00,18.00,0.05,,metric,12/10/2018 11:06
2007.00,BUFFRMFISHBT05,BUFFRMFish2007May21,main,8.00,7.00,14.00,0.01,,metric,12/10/2018 11:06
2007.00,BUFFRMFISHBT05,BUFFRMFish2007May21,main,9.00,8.00,10.00,0.00,,metric,12/10/2018 11:06
2007.00,BUFFRMFISHBT05,BUFFRMFish2007May21,main,10.00,9.00,10.00,0.00,,metric,12/10/2018 11:06
2007.00,BUFFRMFISHBT05,BUFFRMFish2007May21,main,11.00,10.00,12.00,0.00,,metric,12/10/2018 11:06
2007.00,BUFFRMFISHBT05,BUFFRMFish2007May21,main,12.00,11.00,8.00,0.00,,metric,12/10/2018 11:06
2007.00,BUFFRMFISHBT07,BUFFRMFish2007May25,main,1.00,0.00,0.00,0.00,,metric,12/10/2018 11:06
2007.00,BUFFRMFISHBT07,BUFFRMFish2007May25,main,2.00,0.50,0.00,0.00,,metric,12/10/2018 11:06
2007.00,BUFFRMFISHBT07,BUFFRMFish2007May25,main,3.00,1.50,62.00,0.32,,metric,12/10/2018 11:06
2007.00,BUFFRMFISHBT07,BUFFRMFish2007May25,main,4.00,2.00,62.00,0.24,,metric,12/10/2018 11:06
2007.00,BUFFRMFISHBT07,BUFFRMFish2007May25,main,5.00,2.50,67.00,0.13,,metric,12/10/2018 11:06
2007.00,BUFFRMFISHBT07,BUFFRMFish2007May25,main,6.00,3.00,79.00,0.02,,metric,12/10/2018 11:06
2007.00,BUFFRMFISHBT07,BUFFRMFish2007May25,main,7.00,3.50,74.00,0.01,,metric,12/10/2018 11:06
2007.00,BUFFRMFISHBT07,BUFFRMFish2007May25,main,8.00,4.00,62.00,0.00,,metric,12/10/2018 11:06
2007.00,BUFFRMFISHBT07,BUFFRMFish2007May25,main,9.00,4.50,54.00,0.01,,metric,12/10/2018 11:06
2007.00,BUFFRMFISHBT07,BUFFRMFish2007May25,main,10.00,5.00,40.00,0.00,,metric,12/10/2018 11:06
2007.00,BUFFRMFISHBT07,BUFFRMFish2007May25,main,11.00,5.50,32.00,0.00,,metric,12/10/2018 11:06
2007.00,BUFFRMFISHBT07,BUFFRMFish2007May25,main,12.00,6.00,20.00,0.00,,metric,12/10/2018 11:06
2007.00,BUFFRMFISHBT07,BUFFRMFish2007May25,main,13.00,6.50,5.00,0.00,,metric,12/10/2018 11:06
2007.00,BUFFRMFISHBT07,BUFFRMFish2007May25,main,14.00,7.00,0.00,0.00,,metric,12/10/2018 11:06
2007.00,BUFFRMFISHBT12,BUFFRMFish2007May29,main,1.00,0.00,0.00,0.00,,metric,12/10/2018 11:06
2007.00,BUFFRMFISHBT12,BUFFRMFish2007May29,main,2.00,0.50,7.00,0.00,,metric,12/10/2018 11:06
2007.00,BUFFRMFISHBT12,BUFFRMFish2007May29,main,3.00,1.00,8.00,0.01,,metric,12/10/2018 11:06
2007.00,BUFFRMFISHBT12,BUFFRMFish2007May29,main,4.00,1.50,10.00,0.01,,metric,12/10/2018 11:06
2007.00,BUFFRMFISHBT12,BUFFRMFish2007May29,main,5.00,2.00,6.00,0.02,,metric,12/10/2018 11:06
2007.00,BUFFRMFISHBT12,BUFFRMFish2007May29,main,6.00,2.50,4.00,0.00,,metric,12/10/2018 11:06
2007.00,BUFFRMFISHBT12,BUFFRMFish2007May29,main,7.00,3.00,3.00,0.00,,metric,12/10/2018 11:06
2007.00,BUFFRMFISHBT12,BUFFRMFish2007May29,main,8.00,3.50,3.00,0.00,,metric,12/10/2018 11:06
2007.00,BUFFRMFISHBT12,BUFFRMFish2007May29,main,9.00,4.00,1.00,0.00,,metric,12/10/2018 11:06
2007.00,BUFFRMFISHBT21,BUFFRMFish2007Jun01,main,1.00,0.00,0.00,0.00,,metric,12/10/2018 11:06
2007.00,BUFFRMFISHBT21,BUFFRMFish2007Jun01,main,2.00,0.30,20.00,0.02,,metric,12/10/2018 11:06
2007.00,BUFFRMFISHBT21,BUFFRMFish2007Jun01,main,3.00,0.60,20.00,0.16,,metric,12/10/2018 11:06
2007.00,BUFFRMFISHBT21,BUFFRMFish2007Jun01,main,4.00,0.90,13.00,0.08,,metric,12/10/2018 11:06
2007.00,BUFFRMFISHBT21,BUFFRMFish2007Jun01,main,5.00,1.20,12.00,0.01,,metric,12/10/2018 11:06
2007.00,BUFFRMFISHBT21,BUFFRMFish2007Jun01,main,6.00,1.50,9.00,0.00,,metric,12/10/2018 11:06
2007.00,BUFFRMFISHBT21,BUFFRMFish2007Jun01,main,7.00,1.80,3.00,0.00,,metric,12/10/2018 11:06
2007.00,BUFFRMFISHBT25,BUFFRMFish2007Jun06,main,1.00,0.00,0.00,0.00,,metric,12/10/2018 11:06
2007.00,BUFFRMFISHBT25,BUFFRMFish2007Jun06,main,2.00,0.20,6.00,0.08,,metric,12/10/2018 11:06
2007.00,BUFFRMFISHBT25,BUFFRMFish2007Jun06,main,3.00,0.40,6.00,0.12,,metric,12/10/2018 11:06
2007.00,BUFFRMFISHBT25,BUFFRMFish2007Jun06,main,4.00,0.60,6.00,0.12,,metric,12/10/2018 11:06
2007.00,BUFFRMFISHBT25,BUFFRMFish2007Jun06,main,5.00,0.80,4.00,0.07,,metric,12/10/2018 11:06
2007.00,BUFFRMFISHBT25,BUFFRMFish2007Jun06,main,6.00,1.00,2.00,0.00,,metric,12/10/2018 11:06
2007.00,BUFFRMFISHBT33,BUFFRMFish2007Jun05,main,1.00,0.00,0.00,0.00,,metric,12/10/2018 11:06
2007.00,BUFFRMFISHBT33,BUFFRMFish2007Jun05,main,2.00,0.50,0.00,0.00,,metric,12/10/2018 11:06
2007.00,BUFFRMFISHBT33,BUFFRMFish2007Jun05,main,3.00,1.00,10.00,0.01,,metric,12/10/2018 11:06
2007.00,BUFFRMFISHBT33,BUFFRMFish2007Jun05,main,4.00,1.50,14.00,0.04,,metric,12/10/2018 11:06
2007.00,BUFFRMFISHBT33,BUFFRMFish2007Jun05,main,5.00,2.00,20.00,0.06,,metric,12/10/2018 11:06
2007.00,BUFFRMFISHBT33,BUFFRMFish2007Jun05,main,6.00,2.50,21.00,0.00,,metric,12/10/2018 11:06
2007.00,BUFFRMFISHBT33,BUFFRMFish2007Jun05,main,7.00,3.00,16.00,0.05,,metric,12/10/2018 11:06
2007.00,BUFFRMFISHBT33,BUFFRMFish2007Jun05,main,8.00,3.50,0.00,0.00,,metric,12/10/2018 11:06
2008.00,BUFFRMFISHBM01,BUFFRMFish2008May20,main,1.00,0.00,0.00,0.00,,metric,12/10/2018 11:06
2008.00,BUFFRMFISHBM01,BUFFRMFish2008May20,main,2.00,1.00,14.00,0.03,,metric,12/10/2018 11:06
2008.00,BUFFRMFISHBM01,BUFFRMFish2008May20,main,3.00,2.00,16.00,0.04,,metric,12/10/2018 11:06
2008.00,BUFFRMFISHBM01,BUFFRMFish2008May20,main,4.00,3.00,24.00,0.04,,metric,12/10/2018 11:06
2008.00,BUFFRMFISHBM01,BUFFRMFish2008May20,main,5.00,4.00,30.00,0.08,,metric,12/10/2018 11:06
2008.00,BUFFRMFISHBM01,BUFFRMFish2008May20,main,6.00,5.00,38.00,0.15,,metric,12/10/2018 11:06
2008.00,BUFFRMFISHBM01,BUFFRMFish2008May20,main,7.00,6.00,54.00,0.12,,metric,12/10/2018 11:06
2008.00,BUFFRMFISHBM01,BUFFRMFish2008May20,main,8.00,7.00,50.00,0.19,,metric,12/10/2018 11:06
2008.00,BUFFRMFISHBM01,BUFFRMFish2008May20,main,9.00,8.00,54.00,0.21,,metric,12/10/2018 11:06
2008.00,BUFFRMFISHBM01,BUFFRMFish2008May20,main,10.00,9.00,58.00,0.23,,metric,12/10/2018 11:06
2008.00,BUFFRMFISHBM01,BUFFRMFish2008May20,main,11.00,10.00,62.00,0.20,,metric,12/10/2018 11:06
2008.00,BUFFRMFISHBM01,BUFFRMFish2008May20,main,12.00,11.00,56.00,0.17,,metric,12/10/2018 11:06
2008.00,BUFFRMFISHBM01,BUFFRMFish2008May20,main,13.00,12.00,52.00,0.19,,metric,12/10/2018 11:06
2008.00,BUFFRMFISHBM01,BUFFRMFish2008May20,main,14.00,13.00,56.00,0.18,,metric,12/10/2018 11:06
2008.00,BUFFRMFISHBM01,BUFFRMFish2008May20,main,15.00,14.00,48.00,0.08,,metric,12/10/2018 11:06
2008.00,BUFFRMFISHBM01,BUFFRMFish2008May20,main,16.00,15.00,47.00,0.16,,metric,12/10/2018 11:06
2008.00,BUFFRMFISHBM01,BUFFRMFish2008May20,main,17.00,16.00,42.00,0.10,,metric,12/10/2018 11:06
2008.00,BUFFRMFISHBM01,BUFFRMFish2008May20,main,18.00,17.00,38.00,0.20,,metric,12/10/2018 11:06
2008.00,BUFFRMFISHBM01,BUFFRMFish2008May20,main,19.00,18.00,34.00,0.05,,metric,12/10/2018 11:06
2008.00,BUFFRMFISHBM01,BUFFRMFish2008May20,main,20.00,19.00,20.00,0.09,,metric,12/10/2018 11:06
2008.00,BUFFRMFISHBM01,BUFFRMFish2008May20,main,21.00,20.00,22.00,0.02,,metric,12/10/2018 11:06
2008.00,BUFFRMFISHBM01,BUFFRMFish2008May20,main,22.00,21.00,21.00,0.01,,metric,12/10/2018 11:06
2008.00,BUFFRMFISHBM01,BUFFRMFish2008May20,main,23.00,22.00,2.00,0.00,,metric,12/10/2018 11:06
2008.00,BUFFRMFISHBM02,BUFFRMFish2008May22,main,1.00,0.00,0.00,0.00,,metric,12/10/2018 11:06
2008.00,BUFFRMFISHBM02,BUFFRMFish2008May22,main,2.00,1.00,14.00,0.00,,metric,12/10/2018 11:06
2008.00,BUFFRMFISHBM02,BUFFRMFish2008May22,main,3.00,2.00,30.00,0.00,,metric,12/10/2018 11:06
2008.00,BUFFRMFISHBM02,BUFFRMFish2008May22,main,4.00,3.00,40.00,0.13,,metric,12/10/2018 11:06
2008.00,BUFFRMFISHBM02,BUFFRMFish2008May22,main,5.00,4.00,48.00,0.35,,metric,12/10/2018 11:06
2008.00,BUFFRMFISHBM02,BUFFRMFish2008May22,main,6.00,5.00,42.00,0.59,,metric,12/10/2018 11:06
2008.00,BUFFRMFISHBM02,BUFFRMFish2008May22,main,7.00,6.00,46.00,0.51,,metric,12/10/2018 11:06
2008.00,BUFFRMFISHBM02,BUFFRMFish2008May22,main,8.00,7.00,50.00,0.46,,metric,12/10/2018 11:06
2008.00,BUFFRMFISHBM02,BUFFRMFish2008May22,main,9.00,8.00,48.00,0.57,,metric,12/10/2018 11:06
2008.00,BUFFRMFISHBM02,BUFFRMFish2008May22,main,10.00,9.00,52.00,0.53,,metric,12/10/2018 11:06
2008.00,BUFFRMFISHBM02,BUFFRMFish2008May22,main,11.00,10.00,54.00,0.53,,metric,12/10/2018 11:06
2008.00,BUFFRMFISHBM02,BUFFRMFish2008May22,main,12.00,11.00,54.00,0.48,,metric,12/10/2018 11:06
2008.00,BUFFRMFISHBM02,BUFFRMFish2008May22,main,13.00,12.00,54.00,0.48,,metric,12/10/2018 11:06
2008.00,BUFFRMFISHBM02,BUFFRMFish2008May22,main,14.00,13.00,63.00,0.52,,metric,12/10/2018 11:06
2008.00,BUFFRMFISHBM02,BUFFRMFish2008May22,main,15.00,14.00,62.00,0.58,,metric,12/10/2018 11:06
2008.00,BUFFRMFISHBM02,BUFFRMFish2008May22,main,16.00,15.00,49.00,0.48,,metric,12/10/2018 11:06
2008.00,BUFFRMFISHBM02,BUFFRMFish2008May22,main,17.00,16.00,34.00,0.37,,metric,12/10/2018 11:06
2008.00,BUFFRMFISHBM02,BUFFRMFish2008May22,main,18.00,17.00,10.00,0.03,,metric,12/10/2018 11:06
2008.00,BUFFRMFISHBM03,BUFFRMFish2008Jun03,main,1.00,0.00,0.00,0.00,,metric,12/10/2018 11:06
2008.00,BUFFRMFISHBM03,BUFFRMFish2008Jun03,main,2.00,2.00,8.00,0.01,,metric,12/10/2018 11:06
2008.00,BUFFRMFISHBM03,BUFFRMFish2008Jun03,main,3.00,4.00,12.00,0.10,,metric,12/10/2018 11:06
2008.00,BUFFRMFISHBM03,BUFFRMFish2008Jun03,main,4.00,6.00,12.00,0.13,,metric,12/10/2018 11:06
2008.00,BUFFRMFISHBM03,BUFFRMFish2008Jun03,main,5.00,8.00,14.00,0.41,,metric,12/10/2018 11:06
2008.00,BUFFRMFISHBM03,BUFFRMFish2008Jun03,main,6.00,10.00,12.00,0.42,,metric,12/10/2018 11:06
2008.00,BUFFRMFISHBM03,BUFFRMFish2008Jun03,main,7.00,12.00,14.00,0.80,,metric,12/10/2018 11:06
2008.00,BUFFRMFISHBM03,BUFFRMFish2008Jun03,main,8.00,14.00,21.00,0.90,,metric,12/10/2018 11:06
2008.00,BUFFRMFISHBM03,BUFFRMFish2008Jun03,main,9.00,16.00,24.00,1.05,,metric,12/10/2018 11:06
2008.00,BUFFRMFISHBM03,BUFFRMFish2008Jun03,main,10.00,18.00,26.00,1.38,,metric,12/10/2018 11:06
2008.00,BUFFRMFISHBM03,BUFFRMFish2008Jun03,main,11.00,20.00,36.00,1.32,,metric,12/10/2018 11:06
2008.00,BUFFRMFISHBM03,BUFFRMFish2008Jun03,main,12.00,22.00,36.00,1.60,,metric,12/10/2018 11:06
2008.00,BUFFRMFISHBM03,BUFFRMFish2008Jun03,main,13.00,24.00,36.00,1.41,,metric,12/10/2018 11:06
2008.00,BUFFRMFISHBM03,BUFFRMFish2008Jun03,main,14.00,26.00,38.00,1.22,,metric,12/10/2018 11:06
2008.00,BUFFRMFISHBM03,BUFFRMFish2008Jun03,main,15.00,28.00,38.00,1.20,,metric,12/10/2018 11:06
2008.00,BUFFRMFISHBM03,BUFFRMFish2008Jun03,main,16.00,30.00,40.00,1.31,,metric,12/10/2018 11:06
2008.00,BUFFRMFISHBM03,BUFFRMFish2008Jun03,main,17.00,32.00,42.00,1.30,,metric,12/10/2018 11:06
2008.00,BUFFRMFISHBM03,BUFFRMFish2008Jun03,main,18.00,34.00,46.00,1.21,,metric,12/10/2018 11:06
2008.00,BUFFRMFISHBM03,BUFFRMFish2008Jun03,main,19.00,36.00,80.00,1.16,,metric,12/10/2018 11:06
2008.00,BUFFRMFISHBM03,BUFFRMFish2008Jun03,main,20.00,40.00,70.00,1.10,,metric,12/10/2018 11:06
2008.00,BUFFRMFISHBM03,BUFFRMFish2008Jun03,main,21.00,42.00,75.00,1.15,,metric,12/10/2018 11:06
2008.00,BUFFRMFISHBM03,BUFFRMFish2008Jun03,main,22.00,44.00,56.00,1.05,,metric,12/10/2018 11:06
2008.00,BUFFRMFISHBM03,BUFFRMFish2008Jun03,main,23.00,46.00,58.00,0.95,,metric,12/10/2018 11:06
2008.00,BUFFRMFISHBM03,BUFFRMFish2008Jun03,main,24.00,48.00,40.00,0.81,,metric,12/10/2018 11:06
2008.00,BUFFRMFISHBM03,BUFFRMFish2008Jun03,main,25.00,50.00,28.00,0.36,,metric,12/10/2018 11:06
2008.00,BUFFRMFISHBM04,BUFFRMFish2008Jun04,main,1.00,0.00,0.00,0.00,,metric,12/10/2018 11:06
2008.00,BUFFRMFISHBM04,BUFFRMFish2008Jun04,main,2.00,5.00,35.00,0.36,,metric,12/10/2018 11:06
2008.00,BUFFRMFISHBM04,BUFFRMFish2008Jun04,main,3.00,10.00,32.00,0.56,,metric,12/10/2018 11:06
2008.00,BUFFRMFISHBM04,BUFFRMFish2008Jun04,main,4.00,15.00,70.00,0.55,,metric,12/10/2018 11:06
2008.00,BUFFRMFISHBM04,BUFFRMFish2008Jun04,main,5.00,20.00,97.00,0.75,,metric,12/10/2018 11:06
2008.00,BUFFRMFISHBM04,BUFFRMFish2008Jun04,main,6.00,25.00,102.00,0.71,,metric,12/10/2018 11:06
2008.00,BUFFRMFISHBM04,BUFFRMFish2008Jun04,main,7.00,30.00,79.00,0.81,,metric,12/10/2018 11:06
2008.00,BUFFRMFISHBM04,BUFFRMFish2008Jun04,main,8.00,35.00,59.00,0.73,,metric,12/10/2018 11:06
2008.00,BUFFRMFISHBM04,BUFFRMFish2008Jun04,main,9.00,40.00,59.00,0.69,,metric,12/10/2018 11:06
2008.00,BUFFRMFISHBM04,BUFFRMFish2008Jun04,main,10.00,45.00,52.00,0.52,,metric,12/10/2018 11:06
2008.00,BUFFRMFISHBM04,BUFFRMFish2008Jun04,main,11.00,50.00,38.00,0.28,,metric,12/10/2018 11:06
2008.00,BUFFRMFISHBM04,BUFFRMFish2008Jun04,main,12.00,55.00,24.00,0.22,,metric,12/10/2018 11:06
2008.00,BUFFRMFISHBM05,BUFFRMFish2008Jun05,main,1.00,0.00,0.00,0.00,,metric,12/10/2018 11:06
2008.00,BUFFRMFISHBM05,BUFFRMFish2008Jun05,main,2.00,3.00,20.00,0.35,,metric,12/10/2018 11:06
2008.00,BUFFRMFISHBM05,BUFFRMFish2008Jun05,main,3.00,6.00,22.00,0.45,,metric,12/10/2018 11:06
2008.00,BUFFRMFISHBM05,BUFFRMFish2008Jun05,main,4.00,9.00,38.00,0.47,,metric,12/10/2018 11:06
2008.00,BUFFRMFISHBM05,BUFFRMFish2008Jun05,main,5.00,12.00,42.00,0.54,,metric,12/10/2018 11:06
2008.00,BUFFRMFISHBM05,BUFFRMFish2008Jun05,main,6.00,15.00,46.00,0.65,,metric,12/10/2018 11:06
2008.00,BUFFRMFISHBM05,BUFFRMFish2008Jun05,main,7.00,18.00,48.00,0.65,,metric,12/10/2018 11:06
2008.00,BUFFRMFISHBM05,BUFFRMFish2008Jun05,main,8.00,21.00,60.00,0.70,,metric,12/10/2018 11:06
2008.00,BUFFRMFISHBM05,BUFFRMFish2008Jun05,main,9.00,24.00,76.00,0.77,,metric,12/10/2018 11:06
2008.00,BUFFRMFISHBM05,BUFFRMFish2008Jun05,main,10.00,27.00,80.00,0.85,,metric,12/10/2018 11:06
2008.00,BUFFRMFISHBM05,BUFFRMFish2008Jun05,main,11.00,30.00,84.00,1.05,,metric,12/10/2018 11:06
2008.00,BUFFRMFISHBM05,BUFFRMFish2008Jun05,main,12.00,33.00,90.00,1.09,,metric,12/10/2018 11:06
2008.00,BUFFRMFISHBM05,BUFFRMFish2008Jun05,main,13.00,36.00,100.00,1.20,,metric,12/10/2018 11:06
2008.00,BUFFRMFISHBM05,BUFFRMFish2008Jun05,main,14.00,39.00,108.00,0.82,,metric,12/10/2018 11:06
2008.00,BUFFRMFISHBM05,BUFFRMFish2008Jun05,main,15.00,42.00,10.00,0.00,,metric,12/10/2018 11:06
2008.00,BUFFRMFISHBM06,BUFFRMFish2008Jun18,main,1.00,0.00,0.00,0.00,,metric,12/10/2018 11:06
2008.00,BUFFRMFISHBM06,BUFFRMFish2008Jun18,main,2.00,2.00,6.00,0.23,,metric,12/10/2018 11:06
2008.00,BUFFRMFISHBM06,BUFFRMFish2008Jun18,main,3.00,4.00,22.00,0.56,,metric,12/10/2018 11:06
2008.00,BUFFRMFISHBM06,BUFFRMFish2008Jun18,main,4.00,6.00,20.00,0.63,,metric,12/10/2018 11:06
2008.00,BUFFRMFISHBM06,BUFFRMFish2008Jun18,main,5.00,8.00,26.00,0.54,,metric,12/10/2018 11:06
2008.00,BUFFRMFISHBM06,BUFFRMFish2008Jun18,main,6.00,10.00,32.00,0.58,,metric,12/10/2018 11:06
2008.00,BUFFRMFISHBM06,BUFFRMFish2008Jun18,main,7.00,12.00,14.00,0.45,,metric,12/10/2018 11:06
2008.00,BUFFRMFISHBM06,BUFFRMFish2008Jun18,main,8.00,14.00,20.00,0.62,,metric,12/10/2018 11:06
2008.00,BUFFRMFISHBM06,BUFFRMFish2008Jun18,main,9.00,16.00,24.00,0.60,,metric,12/10/2018 11:06
2008.00,BUFFRMFISHBM06,BUFFRMFish2008Jun18,main,10.00,18.00,28.00,0.56,,metric,12/10/2018 11:06
2008.00,BUFFRMFISHBM06,BUFFRMFish2008Jun18,main,11.00,20.00,38.00,0.55,,metric,12/10/2018 11:06
2008.00,BUFFRMFISHBM06,BUFFRMFish2008Jun18,main,12.00,22.00,40.00,0.61,,metric,12/10/2018 11:06
2008.00,BUFFRMFISHBM06,BUFFRMFish2008Jun18,main,13.00,24.00,52.00,0.55,,metric,12/10/2018 11:06
2008.00,BUFFRMFISHBM06,BUFFRMFish2008Jun18,main,14.00,26.00,54.00,0.63,,metric,12/10/2018 11:06
2008.00,BUFFRMFISHBM06,BUFFRMFish2008Jun18,main,15.00,28.00,70.00,0.67,,metric,12/10/2018 11:06
2008.00,BUFFRMFISHBM06,BUFFRMFish2008Jun18,main,16.00,30.00,78.00,0.67,,metric,12/10/2018 11:06
2008.00,BUFFRMFISHBM06,BUFFRMFish2008Jun18,main,17.00,32.00,78.00,0.61,,metric,12/10/2018 11:06
2008.00,BUFFRMFISHBM06,BUFFRMFish2008Jun18,main,18.00,34.00,90.00,0.62,,metric,12/10/2018 11:06
2008.00,BUFFRMFISHBM06,BUFFRMFish2008Jun18,main,19.00,36.00,90.00,0.68,,metric,12/10/2018 11:06
2008.00,BUFFRMFISHBM06,BUFFRMFish2008Jun18,main,20.00,38.00,86.00,0.69,,metric,12/10/2018 11:06
2008.00,BUFFRMFISHBM06,BUFFRMFish2008Jun18,main,21.00,40.00,84.00,0.71,,metric,12/10/2018 11:06
2008.00,BUFFRMFISHBM06,BUFFRMFish2008Jun18,main,22.00,42.00,80.00,0.77,,metric,12/10/2018 11:06
2008.00,BUFFRMFISHBM06,BUFFRMFish2008Jun18,main,23.00,44.00,78.00,0.81,,metric,12/10/2018 11:06
2008.00,BUFFRMFISHBM06,BUFFRMFish2008Jun18,main,24.00,46.00,76.00,0.81,,metric,12/10/2018 11:06
2008.00,BUFFRMFISHBM06,BUFFRMFish2008Jun18,main,25.00,48.00,64.00,0.70,,metric,12/10/2018 11:06
2008.00,BUFFRMFISHBM06,BUFFRMFish2008Jun18,main,26.00,50.00,76.00,0.80,,metric,12/10/2018 11:06
2008.00,BUFFRMFISHBM06,BUFFRMFish2008Jun18,main,27.00,52.00,74.00,0.63,,metric,12/10/2018 11:06
2008.00,BUFFRMFISHBT04,BUFFRMFish2008May21,main,1.00,0.00,0.00,0.00,,metric,12/10/2018 11:06
2008.00,BUFFRMFISHBT04,BUFFRMFish2008May21,main,2.00,0.50,4.00,0.00,,metric,12/10/2018 11:06
2008.00,BUFFRMFISHBT04,BUFFRMFish2008May21,main,3.00,1.00,14.00,0.01,,metric,12/10/2018 11:06
2008.00,BUFFRMFISHBT04,BUFFRMFish2008May21,main,4.00,1.50,18.00,0.02,,metric,12/10/2018 11:06
2008.00,BUFFRMFISHBT04,BUFFRMFish2008May21,main,5.00,2.00,18.00,0.08,,metric,12/10/2018 11:06
2008.00,BUFFRMFISHBT04,BUFFRMFish2008May21,main,6.00,2.50,26.00,0.07,,metric,12/10/2018 11:06
2008.00,BUFFRMFISHBT04,BUFFRMFish2008May21,main,7.00,3.00,40.00,0.09,,metric,12/10/2018 11:06
2008.00,BUFFRMFISHBT04,BUFFRMFish2008May21,main,8.00,3.50,42.00,0.07,,metric,12/10/2018 11:06
2008.00,BUFFRMFISHBT04,BUFFRMFish2008May21,main,9.00,4.00,45.00,0.08,,metric,12/10/2018 11:06
2008.00,BUFFRMFISHBT04,BUFFRMFish2008May21,main,10.00,4.50,35.00,0.04,,metric,12/10/2018 11:06
2008.00,BUFFRMFISHBT04,BUFFRMFish2008May21,main,11.00,5.00,29.00,0.02,,metric,12/10/2018 11:06
2008.00,BUFFRMFISHBT04,BUFFRMFish2008May21,main,12.00,5.50,12.00,0.01,,metric,12/10/2018 11:06
2008.00,BUFFRMFISHBT13,BUFFRMFish2008May23,main,1.00,0.00,0.00,0.00,,metric,12/10/2018 11:06
2008.00,BUFFRMFISHBT13,BUFFRMFish2008May23,main,2.00,1.00,20.00,0.03,,metric,12/10/2018 11:06
2008.00,BUFFRMFISHBT13,BUFFRMFish2008May23,main,3.00,2.00,22.00,0.02,,metric,12/10/2018 11:06
2008.00,BUFFRMFISHBT13,BUFFRMFish2008May23,main,4.00,3.00,26.00,0.16,,metric,12/10/2018 11:06
2008.00,BUFFRMFISHBT13,BUFFRMFish2008May23,main,5.00,4.00,34.00,0.40,,metric,12/10/2018 11:06
2008.00,BUFFRMFISHBT13,BUFFRMFish2008May23,main,6.00,5.00,39.00,0.73,,metric,12/10/2018 11:06
2008.00,BUFFRMFISHBT13,BUFFRMFish2008May23,main,7.00,6.00,30.00,0.54,,metric,12/10/2018 11:06
2008.00,BUFFRMFISHBT13,BUFFRMFish2008May23,main,8.00,7.00,20.00,0.55,,metric,12/10/2018 11:06
2008.00,BUFFRMFISHBT13,BUFFRMFish2008May23,main,9.00,8.00,22.00,0.32,,metric,12/10/2018 11:06
2008.00,BUFFRMFISHBT13,BUFFRMFish2008May23,main,10.00,9.00,28.00,0.28,,metric,12/10/2018 11:06
2008.00,BUFFRMFISHBT13,BUFFRMFish2008May23,main,11.00,10.00,24.00,0.10,,metric,12/10/2018 11:06
2008.00,BUFFRMFISHBT13,BUFFRMFish2008May23,main,12.00,11.00,22.00,0.05,,metric,12/10/2018 11:06
2008.00,BUFFRMFISHBT13,BUFFRMFish2008May23,main,13.00,12.00,16.00,0.02,,metric,12/10/2018 11:06
2008.00,BUFFRMFISHBT13,BUFFRMFish2008May23,main,14.00,13.00,16.00,0.03,,metric,12/10/2018 11:06
2008.00,BUFFRMFISHBT13,BUFFRMFish2008May23,main,15.00,14.00,13.00,0.01,,metric,12/10/2018 11:06
2008.00,BUFFRMFISHBT13,BUFFRMFish2008May23,main,16.00,15.00,8.00,0.00,,metric,12/10/2018 11:06
2008.00,BUFFRMFISHBT13,BUFFRMFish2008May23,main,17.00,16.00,0.00,0.00,,metric,12/10/2018 11:06
2008.00,BUFFRMFISHBT15,BUFFRMFish2008May28,main,1.00,0.00,0.00,0.00,,metric,12/10/2018 11:06
2008.00,BUFFRMFISHBT15,BUFFRMFish2008May28,main,2.00,0.50,18.00,0.00,,metric,12/10/2018 11:06
2008.00,BUFFRMFISHBT15,BUFFRMFish2008May28,main,3.00,1.00,22.00,0.02,,metric,12/10/2018 11:06
2008.00,BUFFRMFISHBT15,BUFFRMFish2008May28,main,4.00,1.50,26.00,0.03,,metric,12/10/2018 11:06
2008.00,BUFFRMFISHBT15,BUFFRMFish2008May28,main,5.00,2.00,28.00,0.01,,metric,12/10/2018 11:06
2008.00,BUFFRMFISHBT15,BUFFRMFish2008May28,main,6.00,2.50,28.00,0.02,,metric,12/10/2018 11:06
2008.00,BUFFRMFISHBT15,BUFFRMFish2008May28,main,7.00,3.00,26.00,0.02,,metric,12/10/2018 11:06
2008.00,BUFFRMFISHBT15,BUFFRMFish2008May28,main,8.00,3.50,25.00,0.06,,metric,12/10/2018 11:06
2008.00,BUFFRMFISHBT15,BUFFRMFish2008May28,main,9.00,4.00,28.00,0.14,,metric,12/10/2018 11:06
2008.00,BUFFRMFISHBT15,BUFFRMFish2008May28,main,10.00,4.50,30.00,0.21,,metric,12/10/2018 11:06
2008.00,BUFFRMFISHBT15,BUFFRMFish2008May28,main,11.00,5.00,32.00,0.18,,metric,12/10/2018 11:06
2008.00,BUFFRMFISHBT15,BUFFRMFish2008May28,main,12.00,5.50,35.00,0.22,,metric,12/10/2018 11:06
2008.00,BUFFRMFISHBT15,BUFFRMFish2008May28,main,13.00,6.00,29.00,0.28,,metric,12/10/2018 11:06
2008.00,BUFFRMFISHBT15,BUFFRMFish2008May28,main,14.00,6.50,28.00,0.32,,metric,12/10/2018 11:06
2008.00,BUFFRMFISHBT15,BUFFRMFish2008May28,main,15.00,7.00,27.00,0.30,,metric,12/10/2018 11:06
2008.00,BUFFRMFISHBT15,BUFFRMFish2008May28,main,16.00,7.50,29.00,0.23,,metric,12/10/2018 11:06
2008.00,BUFFRMFISHBT15,BUFFRMFish2008May28,main,17.00,8.00,26.00,0.14,,metric,12/10/2018 11:06
2008.00,BUFFRMFISHBT15,BUFFRMFish2008May28,main,18.00,8.50,24.00,0.08,,metric,12/10/2018 11:06
2008.00,BUFFRMFISHBT15,BUFFRMFish2008May28,main,19.00,9.00,21.00,0.08,,metric,12/10/2018 11:06
2008.00,BUFFRMFISHBT15,BUFFRMFish2008May28,main,20.00,9.50,16.00,0.08,,metric,12/10/2018 11:06
2008.00,BUFFRMFISHBT15,BUFFRMFish2008May28,main,21.00,10.00,12.00,0.02,,metric,12/10/2018 11:06
2008.00,BUFFRMFISHBT15,BUFFRMFish2008May28,main,22.00,10.50,7.00,0.01,,metric,12/10/2018 11:06
2008.00,BUFFRMFISHBT15,BUFFRMFish2008May28,main,23.00,11.00,2.00,0.00,,metric,12/10/2018 11:06
2008.00,BUFFRMFISHBT16,BUFFRMFish2008May27,main,1.00,0.00,0.00,0.00,,metric,12/10/2018 11:06
2008.00,BUFFRMFISHBT16,BUFFRMFish2008May27,main,2.00,0.50,14.00,0.21,,metric,12/10/2018 11:06
2008.00,BUFFRMFISHBT16,BUFFRMFish2008May27,main,3.00,1.00,16.00,0.43,,metric,12/10/2018 11:06
2008.00,BUFFRMFISHBT16,BUFFRMFish2008May27,main,4.00,1.50,16.00,0.46,,metric,12/10/2018 11:06
2008.00,BUFFRMFISHBT16,BUFFRMFish2008May27,main,5.00,2.00,20.00,0.70,,metric,12/10/2018 11:06
2008.00,BUFFRMFISHBT16,BUFFRMFish2008May27,main,6.00,2.50,18.00,0.60,,metric,12/10/2018 11:06
2008.00,BUFFRMFISHBT16,BUFFRMFish2008May27,main,7.00,3.00,19.00,0.64,,metric,12/10/2018 11:06
2008.00,BUFFRMFISHBT16,BUFFRMFish2008May27,main,8.00,3.50,16.00,0.45,,metric,12/10/2018 11:06
2008.00,BUFFRMFISHBT16,BUFFRMFish2008May27,main,9.00,4.00,6.00,0.13,,metric,12/10/2018 11:06
2008.00,BUFFRMFISHBT16,BUFFRMFish2008May27,main,10.00,4.50,8.00,0.38,,metric,12/10/2018 11:06
2008.00,BUFFRMFISHBT16,BUFFRMFish2008May27,main,11.00,5.00,0.00,0.00,,metric,12/10/2018 11:06
2008.00,BUFFRMFISHBT19,BUFFRMFish2008May19,main,1.00,0.00,0.00,0.00,,metric,12/10/2018 11:06
2008.00,BUFFRMFISHBT19,BUFFRMFish2008May19,main,2.00,1.00,8.00,0.02,,metric,12/10/2018 11:06
2008.00,BUFFRMFISHBT19,BUFFRMFish2008May19,main,3.00,2.00,12.00,0.11,,metric,12/10/2018 11:06
2008.00,BUFFRMFISHBT19,BUFFRMFish2008May19,main,4.00,3.00,16.00,0.15,,metric,12/10/2018 11:06
2008.00,BUFFRMFISHBT19,BUFFRMFish2008May19,main,5.00,4.00,20.00,0.14,,metric,12/10/2018 11:06
2008.00,BUFFRMFISHBT19,BUFFRMFish2008May19,main,6.00,5.00,27.00,0.17,,metric,12/10/2018 11:06
2008.00,BUFFRMFISHBT19,BUFFRMFish2008May19,main,7.00,6.00,29.00,0.17,,metric,12/10/2018 11:06
2008.00,BUFFRMFISHBT19,BUFFRMFish2008May19,main,8.00,7.00,27.00,0.15,,metric,12/10/2018 11:06
2008.00,BUFFRMFISHBT19,BUFFRMFish2008May19,main,9.00,8.00,29.00,0.15,,metric,12/10/2018 11:06
2008.00,BUFFRMFISHBT19,BUFFRMFish2008May19,main,10.00,9.00,24.00,0.14,,metric,12/10/2018 11:06
2008.00,BUFFRMFISHBT19,BUFFRMFish2008May19,main,11.00,10.00,14.00,0.13,,metric,12/10/2018 11:06
2008.00,BUFFRMFISHBT19,BUFFRMFish2008May19,main,12.00,11.00,11.00,0.10,,metric,12/10/2018 11:06
2008.00,BUFFRMFISHBT19,BUFFRMFish2008May19,main,13.00,12.00,10.00,0.08,,metric,12/10/2018 11:06
2008.00,BUFFRMFISHBT19,BUFFRMFish2008May19,main,14.00,13.00,6.00,0.02,,metric,12/10/2018 11:06
2008.00,BUFFRMFISHBT19,BUFFRMFish2008May19,main,15.00,14.00,0.00,0.00,,metric,12/10/2018 11:06
2008.00,BUFFRMFISHBT28,BUFFRMFish2008Jun18,main,1.00,0.00,0.00,0.00,,metric,12/10/2018 11:06
2008.00,BUFFRMFISHBT28,BUFFRMFish2008Jun18,main,2.00,0.25,3.00,0.02,,metric,12/10/2018 11:06
2008.00,BUFFRMFISHBT28,BUFFRMFish2008Jun18,main,3.00,0.50,4.00,0.08,,metric,12/10/2018 11:06
2008.00,BUFFRMFISHBT28,BUFFRMFish2008Jun18,main,4.00,0.75,8.00,0.15,,metric,12/10/2018 11:06
2008.00,BUFFRMFISHBT28,BUFFRMFish2008Jun18,main,5.00,1.00,10.00,0.18,,metric,12/10/2018 11:06
2008.00,BUFFRMFISHBT28,BUFFRMFish2008Jun18,main,6.00,1.25,9.00,0.17,,metric,12/10/2018 11:06
2008.00,BUFFRMFISHBT28,BUFFRMFish2008Jun18,main,7.00,1.50,9.00,0.18,,metric,12/10/2018 11:06
2008.00,BUFFRMFISHBT28,BUFFRMFish2008Jun18,main,8.00,1.75,8.00,0.12,,metric,12/10/2018 11:06
2008.00,BUFFRMFISHBT28,BUFFRMFish2008Jun18,main,9.00,2.00,4.00,0.02,,metric,12/10/2018 11:06
2008.00,BUFFRMFISHBT28,BUFFRMFish2008Jun18,main,10.00,2.25,1.00,0.00,,metric,12/10/2018 11:06
2009.00,BUFFRMFISHBM01,BUFFRMFish2009May27,main,1.00,0.00,14.00,0.00,,metric,12/10/2018 11:06
2009.00,BUFFRMFISHBM01,BUFFRMFish2009May27,main,2.00,1.00,18.00,0.02,,metric,12/10/2018 11:06
2009.00,BUFFRMFISHBM01,BUFFRMFish2009May27,main,3.00,2.00,22.00,0.11,,metric,12/10/2018 11:06
2009.00,BUFFRMFISHBM01,BUFFRMFish2009May27,main,4.00,3.00,29.00,0.17,,metric,12/10/2018 11:06
2009.00,BUFFRMFISHBM01,BUFFRMFish2009May27,main,5.00,4.00,30.00,0.41,,metric,12/10/2018 11:06
2009.00,BUFFRMFISHBM01,BUFFRMFish2009May27,main,6.00,5.00,50.00,0.41,,metric,12/10/2018 11:06
2009.00,BUFFRMFISHBM01,BUFFRMFish2009May27,main,7.00,6.00,40.00,0.41,,metric,12/10/2018 11:06
2009.00,BUFFRMFISHBM01,BUFFRMFish2009May27,main,8.00,7.00,51.00,0.40,,metric,12/10/2018 11:06
2009.00,BUFFRMFISHBM01,BUFFRMFish2009May27,main,9.00,8.00,58.00,0.33,,metric,12/10/2018 11:06
2009.00,BUFFRMFISHBM01,BUFFRMFish2009May27,main,10.00,9.00,61.00,0.40,,metric,12/10/2018 11:06
2009.00,BUFFRMFISHBM01,BUFFRMFish2009May27,main,11.00,10.00,56.00,0.36,,metric,12/10/2018 11:06
2009.00,BUFFRMFISHBM01,BUFFRMFish2009May27,main,12.00,11.00,48.00,0.40,,metric,12/10/2018 11:06
2009.00,BUFFRMFISHBM01,BUFFRMFish2009May27,main,13.00,12.00,48.00,0.40,,metric,12/10/2018 11:06
2009.00,BUFFRMFISHBM01,BUFFRMFish2009May27,main,14.00,13.00,40.00,0.39,,metric,12/10/2018 11:06
2009.00,BUFFRMFISHBM01,BUFFRMFish2009May27,main,15.00,14.00,33.00,0.36,,metric,12/10/2018 11:06
2009.00,BUFFRMFISHBM01,BUFFRMFish2009May27,main,16.00,15.00,38.00,0.37,,metric,12/10/2018 11:06
2009.00,BUFFRMFISHBM01,BUFFRMFish2009May27,main,17.00,16.00,34.00,0.41,,metric,12/10/2018 11:06
2009.00,BUFFRMFISHBM01,BUFFRMFish2009May27,main,18.00,17.00,22.00,0.27,,metric,12/10/2018 11:06
2009.00,BUFFRMFISHBM01,BUFFRMFish2009May27,main,19.00,18.00,16.00,0.27,,metric,12/10/2018 11:06
2009.00,BUFFRMFISHBM01,BUFFRMFish2009May27,main,20.00,19.00,10.00,0.08,,metric,12/10/2018 11:06
2009.00,BUFFRMFISHBM01,BUFFRMFish2009May27,main,21.00,20.00,8.00,0.01,,metric,12/10/2018 11:06
2009.00,BUFFRMFISHBM01,BUFFRMFish2009May27,main,22.00,21.00,2.00,0.00,,metric,12/10/2018 11:06
2009.00,BUFFRMFISHBM02,BUFFRMFish2009May28,main,1.00,0.00,0.00,0.00,,metric,12/10/2018 11:06
2009.00,BUFFRMFISHBM02,BUFFRMFish2009May28,main,2.00,2.00,36.00,0.13,,metric,12/10/2018 11:06
2009.00,BUFFRMFISHBM02,BUFFRMFish2009May28,main,3.00,4.00,36.00,0.30,,metric,12/10/2018 11:06
2009.00,BUFFRMFISHBM02,BUFFRMFish2009May28,main,4.00,6.00,32.00,0.27,,metric,12/10/2018 11:06
2009.00,BUFFRMFISHBM02,BUFFRMFish2009May28,main,5.00,8.00,52.00,0.32,,metric,12/10/2018 11:06
2009.00,BUFFRMFISHBM02,BUFFRMFish2009May28,main,6.00,10.00,58.00,0.37,,metric,12/10/2018 11:06
2009.00,BUFFRMFISHBM02,BUFFRMFish2009May28,main,7.00,12.00,64.00,0.40,,metric,12/10/2018 11:06
2009.00,BUFFRMFISHBM02,BUFFRMFish2009May28,main,8.00,14.00,64.00,0.36,,metric,12/10/2018 11:06
2009.00,BUFFRMFISHBM02,BUFFRMFish2009May28,main,9.00,16.00,60.00,0.43,,metric,12/10/2018 11:06
2009.00,BUFFRMFISHBM02,BUFFRMFish2009May28,main,10.00,18.00,64.00,0.31,,metric,12/10/2018 11:06
2009.00,BUFFRMFISHBM02,BUFFRMFish2009May28,main,11.00,20.00,64.00,0.41,,metric,12/10/2018 11:06
2009.00,BUFFRMFISHBM02,BUFFRMFish2009May28,main,12.00,22.00,66.00,0.40,,metric,12/10/2018 11:06
2009.00,BUFFRMFISHBM02,BUFFRMFish2009May28,main,13.00,24.00,68.00,0.35,,metric,12/10/2018 11:06
2009.00,BUFFRMFISHBM02,BUFFRMFish2009May28,main,14.00,26.00,68.00,0.45,,metric,12/10/2018 11:06
2009.00,BUFFRMFISHBM02,BUFFRMFish2009May28,main,15.00,28.00,60.00,0.40,,metric,12/10/2018 11:06
2009.00,BUFFRMFISHBM02,BUFFRMFish2009May28,main,16.00,30.00,54.00,0.51,,metric,12/10/2018 11:06
2009.00,BUFFRMFISHBM02,BUFFRMFish2009May28,main,17.00,32.00,51.00,0.50,,metric,12/10/2018 11:06
2009.00,BUFFRMFISHBM02,BUFFRMFish2009May28,main,18.00,34.00,44.00,0.48,,metric,12/10/2018 11:06
2009.00,BUFFRMFISHBM02,BUFFRMFish2009May28,main,19.00,36.00,39.00,0.56,,metric,12/10/2018 11:06
2009.00,BUFFRMFISHBM02,BUFFRMFish2009May28,main,20.00,38.00,36.00,0.58,,metric,12/10/2018 11:06
2009.00,BUFFRMFISHBM02,BUFFRMFish2009May28,main,21.00,40.00,34.00,0.06,,metric,12/10/2018 11:06
2009.00,BUFFRMFISHBM03,BUFFRMFish2009Jun03,main,1.00,-999.00,-999.00,-999.00,flow meter not working. No discharge taken,metric,12/10/2018 11:06
2009.00,BUFFRMFISHBM04,BUFFRMFish2009Jun08,main,1.00,0.00,0.00,0.00,,metric,12/10/2018 11:06
2009.00,BUFFRMFISHBM04,BUFFRMFish2009Jun08,main,2.00,2.00,19.00,0.07,,metric,12/10/2018 11:06
2009.00,BUFFRMFISHBM04,BUFFRMFish2009Jun08,main,3.00,4.00,29.00,0.14,,metric,12/10/2018 11:06
2009.00,BUFFRMFISHBM04,BUFFRMFish2009Jun08,main,4.00,6.00,34.00,0.15,,metric,12/10/2018 11:06
2009.00,BUFFRMFISHBM04,BUFFRMFish2009Jun08,main,5.00,8.00,45.00,0.21,,metric,12/10/2018 11:06
2009.00,BUFFRMFISHBM04,BUFFRMFish2009Jun08,main,6.00,10.00,61.00,0.24,,metric,12/10/2018 11:06
2009.00,BUFFRMFISHBM04,BUFFRMFish2009Jun08,main,7.00,12.00,74.00,0.24,,metric,12/10/2018 11:06
2009.00,BUFFRMFISHBM04,BUFFRMFish2009Jun08,main,8.00,14.00,86.00,0.24,,metric,12/10/2018 11:06
2009.00,BUFFRMFISHBM04,BUFFRMFish2009Jun08,main,9.00,16.00,98.00,0.24,,metric,12/10/2018 11:06
2009.00,BUFFRMFISHBM04,BUFFRMFish2009Jun08,main,10.00,18.00,108.00,0.22,,metric,12/10/2018 11:06
2009.00,BUFFRMFISHBM04,BUFFRMFish2009Jun08,main,11.00,20.00,112.00,0.20,,metric,12/10/2018 11:06
2009.00,BUFFRMFISHBM04,BUFFRMFish2009Jun08,main,12.00,22.00,108.00,0.24,,metric,12/10/2018 11:06
2009.00,BUFFRMFISHBM04,BUFFRMFish2009Jun08,main,13.00,24.00,100.00,0.27,,metric,12/10/2018 11:06
2009.00,BUFFRMFISHBM04,BUFFRMFish2009Jun08,main,14.00,26.00,80.00,0.35,,metric,12/10/2018 11:06
2009.00,BUFFRMFISHBM04,BUFFRMFish2009Jun08,main,15.00,28.00,78.00,0.36,,metric,12/10/2018 11:06
2009.00,BUFFRMFISHBM04,BUFFRMFish2009Jun08,main,16.00,30.00,80.00,0.32,,metric,12/10/2018 11:06
2009.00,BUFFRMFISHBM04,BUFFRMFish2009Jun08,main,17.00,32.00,90.00,0.50,,metric,12/10/2018 11:06
2009.00,BUFFRMFISHBM04,BUFFRMFish2009Jun08,main,18.00,34.00,84.00,0.42,,metric,12/10/2018 11:06
2009.00,BUFFRMFISHBM04,BUFFRMFish2009Jun08,main,19.00,36.00,76.00,0.53,,metric,12/10/2018 11:06
2009.00,BUFFRMFISHBM04,BUFFRMFish2009Jun08,main,20.00,38.00,82.00,0.41,,metric,12/10/2018 11:06
2009.00,BUFFRMFISHBM04,BUFFRMFish2009Jun08,main,21.00,40.00,81.00,0.46,,metric,12/10/2018 11:06
2009.00,BUFFRMFISHBM04,BUFFRMFish2009Jun08,main,22.00,42.00,80.00,0.36,,metric,12/10/2018 11:06
2009.00,BUFFRMFISHBM04,BUFFRMFish2009Jun08,main,23.00,44.00,66.00,0.48,,metric,12/10/2018 11:06
2009.00,BUFFRMFISHBM04,BUFFRMFish2009Jun08,main,24.00,46.00,38.00,0.44,,metric,12/10/2018 11:06
2009.00,BUFFRMFISHBM04,BUFFRMFish2009Jun08,main,25.00,48.00,34.00,0.32,,metric,12/10/2018 11:06
2009.00,BUFFRMFISHBM04,BUFFRMFish2009Jun08,main,26.00,50.00,40.00,0.19,,metric,12/10/2018 11:06
2009.00,BUFFRMFISHBM04,BUFFRMFish2009Jun08,main,27.00,52.00,29.00,0.08,,metric,12/10/2018 11:06
2009.00,BUFFRMFISHBM04,BUFFRMFish2009Jun08,main,28.00,54.00,36.00,0.06,,metric,12/10/2018 11:06
2009.00,BUFFRMFISHBM05,BUFFRMFish2009Jun09,main,1.00,0.00,0.00,0.00,,metric,12/10/2018 11:06
2009.00,BUFFRMFISHBM05,BUFFRMFish2009Jun09,main,2.00,2.00,30.00,0.15,,metric,12/10/2018 11:06
2009.00,BUFFRMFISHBM05,BUFFRMFish2009Jun09,main,3.00,4.00,40.00,0.44,,metric,12/10/2018 11:06
2009.00,BUFFRMFISHBM05,BUFFRMFish2009Jun09,main,4.00,6.00,50.00,0.40,,metric,12/10/2018 11:06
2009.00,BUFFRMFISHBM05,BUFFRMFish2009Jun09,main,5.00,8.00,56.00,0.47,,metric,12/10/2018 11:06
2009.00,BUFFRMFISHBM05,BUFFRMFish2009Jun09,main,6.00,10.00,58.00,0.41,,metric,12/10/2018 11:06
2009.00,BUFFRMFISHBM05,BUFFRMFish2009Jun09,main,7.00,12.00,58.00,0.46,,metric,12/10/2018 11:06
2009.00,BUFFRMFISHBM05,BUFFRMFish2009Jun09,main,8.00,14.00,58.00,0.66,,metric,12/10/2018 11:06
2009.00,BUFFRMFISHBM05,BUFFRMFish2009Jun09,main,9.00,16.00,58.00,0.47,,metric,12/10/2018 11:06
2009.00,BUFFRMFISHBM05,BUFFRMFish2009Jun09,main,10.00,18.00,56.00,0.52,,metric,12/10/2018 11:06
2009.00,BUFFRMFISHBM05,BUFFRMFish2009Jun09,main,11.00,20.00,60.00,0.53,,metric,12/10/2018 11:06
2009.00,BUFFRMFISHBM05,BUFFRMFish2009Jun09,main,12.00,22.00,61.00,0.43,,metric,12/10/2018 11:06
2009.00,BUFFRMFISHBM05,BUFFRMFish2009Jun09,main,13.00,24.00,66.00,0.45,,metric,12/10/2018 11:06
2009.00,BUFFRMFISHBM05,BUFFRMFish2009Jun09,main,14.00,26.00,70.00,0.54,,metric,12/10/2018 11:06
2009.00,BUFFRMFISHBM05,BUFFRMFish2009Jun09,main,15.00,28.00,75.00,0.51,,metric,12/10/2018 11:06
2009.00,BUFFRMFISHBM05,BUFFRMFish2009Jun09,main,16.00,30.00,82.00,0.50,,metric,12/10/2018 11:06
2009.00,BUFFRMFISHBM05,BUFFRMFish2009Jun09,main,17.00,32.00,90.00,0.50,,metric,12/10/2018 11:06
2009.00,BUFFRMFISHBM05,BUFFRMFish2009Jun09,main,18.00,34.00,98.00,0.53,,metric,12/10/2018 11:06
2009.00,BUFFRMFISHBM05,BUFFRMFish2009Jun09,main,19.00,36.00,102.00,0.46,,metric,12/10/2018 11:06
2009.00,BUFFRMFISHBM05,BUFFRMFish2009Jun09,main,20.00,38.00,110.00,0.55,,metric,12/10/2018 11:06
2009.00,BUFFRMFISHBM05,BUFFRMFish2009Jun09,main,21.00,40.00,118.00,0.49,,metric,12/10/2018 11:06
2009.00,BUFFRMFISHBM05,BUFFRMFish2009Jun09,main,22.00,42.00,98.00,0.45,,metric,12/10/2018 11:06
2009.00,BUFFRMFISHBM05,BUFFRMFish2009Jun09,main,23.00,44.00,62.00,0.35,,metric,12/10/2018 11:06
2009.00,BUFFRMFISHBM05,BUFFRMFish2009Jun09,main,24.00,46.00,20.00,0.00,,metric,12/10/2018 11:06
2009.00,BUFFRMFISHBM06,BUFFRMFish2009Jun10,main,1.00,0.00,46.00,0.75,,metric,12/10/2018 11:06
2009.00,BUFFRMFISHBM06,BUFFRMFish2009Jun10,main,2.00,2.50,60.00,0.66,,metric,12/10/2018 11:06
2009.00,BUFFRMFISHBM06,BUFFRMFish2009Jun10,main,3.00,5.00,60.00,0.73,,metric,12/10/2018 11:06
2009.00,BUFFRMFISHBM06,BUFFRMFish2009Jun10,main,4.00,7.50,62.00,0.76,,metric,12/10/2018 11:06
2009.00,BUFFRMFISHBM06,BUFFRMFish2009Jun10,main,5.00,10.00,66.00,0.76,,metric,12/10/2018 11:06
2009.00,BUFFRMFISHBM06,BUFFRMFish2009Jun10,main,6.00,12.50,70.00,0.71,,metric,12/10/2018 11:06
2009.00,BUFFRMFISHBM06,BUFFRMFish2009Jun10,main,7.00,15.00,66.00,0.64,,metric,12/10/2018 11:06
2009.00,BUFFRMFISHBM06,BUFFRMFish2009Jun10,main,8.00,17.50,68.00,0.79,,metric,12/10/2018 11:06
2009.00,BUFFRMFISHBM06,BUFFRMFish2009Jun10,main,9.00,20.00,66.00,0.79,,metric,12/10/2018 11:06
2009.00,BUFFRMFISHBM06,BUFFRMFish2009Jun10,main,10.00,22.50,64.00,0.78,,metric,12/10/2018 11:06
2009.00,BUFFRMFISHBM06,BUFFRMFish2009Jun10,main,11.00,25.00,60.00,0.75,,metric,12/10/2018 11:06
2009.00,BUFFRMFISHBM06,BUFFRMFish2009Jun10,main,12.00,27.50,56.00,0.89,,metric,12/10/2018 11:06
2009.00,BUFFRMFISHBM06,BUFFRMFish2009Jun10,main,13.00,30.00,52.00,0.78,,metric,12/10/2018 11:06
2009.00,BUFFRMFISHBM06,BUFFRMFish2009Jun10,main,14.00,32.50,52.00,0.75,,metric,12/10/2018 11:06
2009.00,BUFFRMFISHBM06,BUFFRMFish2009Jun10,main,15.00,35.00,44.00,0.79,,metric,12/10/2018 11:06
2009.00,BUFFRMFISHBM06,BUFFRMFish2009Jun10,main,16.00,37.50,40.00,0.68,,metric,12/10/2018 11:06
2009.00,BUFFRMFISHBM06,BUFFRMFish2009Jun10,main,17.00,40.00,24.00,0.75,,metric,12/10/2018 11:06
2009.00,BUFFRMFISHBM06,BUFFRMFish2009Jun10,main,18.00,42.50,18.00,0.54,,metric,12/10/2018 11:06
2009.00,BUFFRMFISHBM06,BUFFRMFish2009Jun10,main,19.00,45.00,18.00,0.39,,metric,12/10/2018 11:06
2009.00,BUFFRMFISHBM06,BUFFRMFish2009Jun10,main,20.00,47.50,35.00,0.16,,metric,12/10/2018 11:06
2009.00,BUFFRMFISHBM06,BUFFRMFish2009Jun10,main,21.00,50.00,22.00,0.10,,metric,12/10/2018 11:06
2009.00,BUFFRMFISHBT01,BUFFRMFish2009May19,main,1.00,0.00,0.00,0.00,,metric,12/10/2018 11:06
2009.00,BUFFRMFISHBT01,BUFFRMFish2009May19,main,2.00,0.50,30.00,0.11,,metric,12/10/2018 11:06
2009.00,BUFFRMFISHBT01,BUFFRMFish2009May19,main,3.00,1.00,36.00,0.14,,metric,12/10/2018 11:06
2009.00,BUFFRMFISHBT01,BUFFRMFish2009May19,main,4.00,1.50,34.00,0.14,,metric,12/10/2018 11:06
2009.00,BUFFRMFISHBT01,BUFFRMFish2009May19,main,5.00,2.00,40.00,0.08,,metric,12/10/2018 11:06
2009.00,BUFFRMFISHBT01,BUFFRMFish2009May19,main,6.00,2.50,34.00,0.14,,metric,12/10/2018 11:06
2009.00,BUFFRMFISHBT01,BUFFRMFish2009May19,main,7.00,3.00,30.00,0.16,,metric,12/10/2018 11:06
2009.00,BUFFRMFISHBT01,BUFFRMFish2009May19,main,8.00,3.50,26.00,0.14,,metric,12/10/2018 11:06
2009.00,BUFFRMFISHBT01,BUFFRMFish2009May19,main,9.00,4.00,22.00,0.16,,metric,12/10/2018 11:06
2009.00,BUFFRMFISHBT01,BUFFRMFish2009May19,main,10.00,4.50,23.00,0.17,,metric,12/10/2018 11:06
2009.00,BUFFRMFISHBT01,BUFFRMFish2009May19,main,11.00,5.00,24.00,0.08,,metric,12/10/2018 11:06
2009.00,BUFFRMFISHBT01,BUFFRMFish2009May19,main,12.00,5.50,23.00,0.11,,metric,12/10/2018 11:06
2009.00,BUFFRMFISHBT01,BUFFRMFish2009May19,main,13.00,6.00,25.00,0.15,,metric,12/10/2018 11:06
2009.00,BUFFRMFISHBT01,BUFFRMFish2009May19,main,14.00,6.50,28.00,0.15,,metric,12/10/2018 11:06
2009.00,BUFFRMFISHBT01,BUFFRMFish2009May19,main,15.00,7.00,22.00,0.17,,metric,12/10/2018 11:06
2009.00,BUFFRMFISHBT01,BUFFRMFish2009May19,main,16.00,7.50,24.00,0.08,,metric,12/10/2018 11:06
2009.00,BUFFRMFISHBT01,BUFFRMFish2009May19,main,17.00,8.00,24.00,0.10,,metric,12/10/2018 11:06
2009.00,BUFFRMFISHBT01,BUFFRMFish2009May19,main,18.00,8.50,23.00,0.12,,metric,12/10/2018 11:06
2009.00,BUFFRMFISHBT01,BUFFRMFish2009May19,main,19.00,9.00,25.00,0.07,,metric,12/10/2018 11:06
2009.00,BUFFRMFISHBT01,BUFFRMFish2009May19,main,20.00,9.50,20.00,0.09,,metric,12/10/2018 11:06
2009.00,BUFFRMFISHBT01,BUFFRMFish2009May19,main,21.00,10.00,20.00,0.05,,metric,12/10/2018 11:06
2009.00,BUFFRMFISHBT01,BUFFRMFish2009May19,main,22.00,10.50,19.00,0.06,,metric,12/10/2018 11:06
2009.00,BUFFRMFISHBT01,BUFFRMFish2009May19,main,23.00,11.00,18.00,0.05,,metric,12/10/2018 11:06
2009.00,BUFFRMFISHBT01,BUFFRMFish2009May19,main,24.00,11.50,8.00,0.01,,metric,12/10/2018 11:06
2009.00,BUFFRMFISHBT01,BUFFRMFish2009May19,main,25.00,12.00,2.00,0.00,,metric,12/10/2018 11:06
2009.00,BUFFRMFISHBT06,BUFFRMFish2009May19,main,1.00,0.00,0.00,0.00,,metric,12/10/2018 11:06
2009.00,BUFFRMFISHBT06,BUFFRMFish2009May19,main,2.00,0.50,10.00,0.00,,metric,12/10/2018 11:06
2009.00,BUFFRMFISHBT06,BUFFRMFish2009May19,main,3.00,1.00,4.00,0.01,,metric,12/10/2018 11:06
2009.00,BUFFRMFISHBT06,BUFFRMFish2009May19,main,4.00,1.50,12.00,0.09,,metric,12/10/2018 11:06
2009.00,BUFFRMFISHBT06,BUFFRMFish2009May19,main,5.00,2.00,14.00,0.09,,metric,12/10/2018 11:06
2009.00,BUFFRMFISHBT06,BUFFRMFish2009May19,main,6.00,2.50,16.00,0.08,,metric,12/10/2018 11:06
2009.00,BUFFRMFISHBT06,BUFFRMFish2009May19,main,7.00,3.00,13.00,0.11,,metric,12/10/2018 11:06
2009.00,BUFFRMFISHBT06,BUFFRMFish2009May19,main,8.00,3.50,16.00,0.10,,metric,12/10/2018 11:06
2009.00,BUFFRMFISHBT06,BUFFRMFish2009May19,main,9.00,4.00,20.00,0.08,,metric,12/10/2018 11:06
2009.00,BUFFRMFISHBT06,BUFFRMFish2009May19,main,10.00,4.50,20.00,0.07,,metric,12/10/2018 11:06
2009.00,BUFFRMFISHBT06,BUFFRMFish2009May19,main,11.00,5.00,19.00,0.02,,metric,12/10/2018 11:06
2009.00,BUFFRMFISHBT06,BUFFRMFish2009May19,main,12.00,5.50,20.00,0.04,,metric,12/10/2018 11:06
2009.00,BUFFRMFISHBT06,BUFFRMFish2009May19,main,13.00,6.00,16.00,0.02,,metric,12/10/2018 11:06
2009.00,BUFFRMFISHBT06,BUFFRMFish2009May19,main,14.00,6.50,10.00,0.01,,metric,12/10/2018 11:06
2009.00,BUFFRMFISHBT06,BUFFRMFish2009May19,main,15.00,7.00,6.00,0.00,,metric,12/10/2018 11:06
2009.00,BUFFRMFISHBT06,BUFFRMFish2009May19,main,16.00,7.30,0.00,0.00,,metric,12/10/2018 11:06
2009.00,BUFFRMFISHBT10,BUFFRMFish2009May20,main,1.00,0.00,0.00,0.00,,metric,12/10/2018 11:06
2009.00,BUFFRMFISHBT10,BUFFRMFish2009May20,main,2.00,0.30,2.00,0.08,,metric,12/10/2018 11:06
2009.00,BUFFRMFISHBT10,BUFFRMFish2009May20,main,3.00,0.60,2.00,0.23,,metric,12/10/2018 11:06
2009.00,BUFFRMFISHBT10,BUFFRMFish2009May20,main,4.00,0.90,6.00,0.30,,metric,12/10/2018 11:06
2009.00,BUFFRMFISHBT10,BUFFRMFish2009May20,main,5.00,1.20,8.00,0.40,,metric,12/10/2018 11:06
2009.00,BUFFRMFISHBT10,BUFFRMFish2009May20,main,6.00,1.50,7.00,0.19,,metric,12/10/2018 11:06
2009.00,BUFFRMFISHBT10,BUFFRMFish2009May20,main,7.00,1.80,11.00,0.41,,metric,12/10/2018 11:06
2009.00,BUFFRMFISHBT10,BUFFRMFish2009May20,main,8.00,2.10,11.00,0.34,,metric,12/10/2018 11:06
2009.00,BUFFRMFISHBT10,BUFFRMFish2009May20,main,9.00,2.40,12.00,0.52,,metric,12/10/2018 11:06
2009.00,BUFFRMFISHBT10,BUFFRMFish2009May20,main,10.00,2.70,15.00,0.51,,metric,12/10/2018 11:06
2009.00,BUFFRMFISHBT10,BUFFRMFish2009May20,main,11.00,3.00,14.00,0.59,,metric,12/10/2018 11:06
2009.00,BUFFRMFISHBT10,BUFFRMFish2009May20,main,12.00,3.30,15.00,0.96,,metric,12/10/2018 11:06
2009.00,BUFFRMFISHBT10,BUFFRMFish2009May20,main,13.00,3.60,12.00,0.84,,metric,12/10/2018 11:06
2009.00,BUFFRMFISHBT10,BUFFRMFish2009May20,main,14.00,3.90,14.00,0.63,,metric,12/10/2018 11:06
2009.00,BUFFRMFISHBT10,BUFFRMFish2009May20,main,15.00,4.20,6.00,0.35,,metric,12/10/2018 11:06
2009.00,BUFFRMFISHBT10,BUFFRMFish2009May20,main,16.00,4.50,6.00,0.26,,metric,12/10/2018 11:06
2009.00,BUFFRMFISHBT10,BUFFRMFish2009May20,main,17.00,4.80,2.00,0.04,,metric,12/10/2018 11:06
2009.00,BUFFRMFISHBT10,BUFFRMFish2009May20,main,18.00,5.20,0.00,0.00,,metric,12/10/2018 11:06
2009.00,BUFFRMFISHBT11,BUFFRMFish2009May20,main,1.00,0.00,0.00,0.00,,metric,12/10/2018 11:06
2009.00,BUFFRMFISHBT11,BUFFRMFish2009May20,main,2.00,0.20,4.00,0.14,,metric,12/10/2018 11:06
2009.00,BUFFRMFISHBT11,BUFFRMFish2009May20,main,3.00,0.40,10.00,0.22,,metric,12/10/2018 11:06
2009.00,BUFFRMFISHBT11,BUFFRMFish2009May20,main,4.00,0.60,20.00,0.25,,metric,12/10/2018 11:06
2009.00,BUFFRMFISHBT11,BUFFRMFish2009May20,main,5.00,0.80,22.00,0.36,,metric,12/10/2018 11:06
2009.00,BUFFRMFISHBT11,BUFFRMFish2009May20,main,6.00,1.00,26.00,0.29,,metric,12/10/2018 11:06
2009.00,BUFFRMFISHBT11,BUFFRMFish2009May20,main,7.00,1.20,27.00,0.28,,metric,12/10/2018 11:06
2009.00,BUFFRMFISHBT11,BUFFRMFish2009May20,main,8.00,1.40,22.00,0.18,,metric,12/10/2018 11:06
2009.00,BUFFRMFISHBT11,BUFFRMFish2009May20,main,9.00,1.60,14.00,0.23,,metric,12/10/2018 11:06
2009.00,BUFFRMFISHBT11,BUFFRMFish2009May20,main,10.00,1.80,10.00,0.11,,metric,12/10/2018 11:06
2009.00,BUFFRMFISHBT11,BUFFRMFish2009May20,main,11.00,2.00,10.00,0.16,,metric,12/10/2018 11:06
2009.00,BUFFRMFISHBT11,BUFFRMFish2009May20,main,12.00,2.20,8.00,0.23,,metric,12/10/2018 11:06
2009.00,BUFFRMFISHBT11,BUFFRMFish2009May20,main,13.00,2.40,10.00,0.18,,metric,12/10/2018 11:06
2009.00,BUFFRMFISHBT11,BUFFRMFish2009May20,main,14.00,2.60,10.00,0.18,,metric,12/10/2018 11:06
2009.00,BUFFRMFISHBT11,BUFFRMFish2009May20,main,15.00,2.80,6.00,0.06,,metric,12/10/2018 11:06
2009.00,BUFFRMFISHBT11,BUFFRMFish2009May20,main,16.00,3.00,2.00,0.06,,metric,12/10/2018 11:06
2009.00,BUFFRMFISHBT11,BUFFRMFish2009May20,main,17.00,3.20,2.00,0.01,,metric,12/10/2018 11:06
2009.00,BUFFRMFISHBT11,BUFFRMFish2009May20,main,18.00,3.40,1.00,0.01,,metric,12/10/2018 11:06
2009.00,BUFFRMFISHBT11,BUFFRMFish2009May20,main,19.00,3.60,1.00,0.00,,metric,12/10/2018 11:06
2009.00,BUFFRMFISHBT11,BUFFRMFish2009May20,main,20.00,3.80,1.00,0.00,,metric,12/10/2018 11:06
2009.00,BUFFRMFISHBT20,BUFFRMFish2009May21,main,1.00,0.00,0.00,0.00,,metric,12/10/2018 11:06
2009.00,BUFFRMFISHBT20,BUFFRMFish2009May21,main,2.00,1.00,52.00,0.26,,metric,12/10/2018 11:06
2009.00,BUFFRMFISHBT20,BUFFRMFish2009May21,main,3.00,2.00,42.00,0.47,,metric,12/10/2018 11:06
2009.00,BUFFRMFISHBT20,BUFFRMFish2009May21,main,4.00,3.00,40.00,0.51,,metric,12/10/2018 11:06
2009.00,BUFFRMFISHBT20,BUFFRMFish2009May21,main,5.00,4.00,40.00,0.44,,metric,12/10/2018 11:06
2009.00,BUFFRMFISHBT20,BUFFRMFish2009May21,main,6.00,5.00,36.00,0.56,,metric,12/10/2018 11:06
2009.00,BUFFRMFISHBT20,BUFFRMFish2009May21,main,7.00,6.00,32.00,0.57,,metric,12/10/2018 11:06
2009.00,BUFFRMFISHBT20,BUFFRMFish2009May21,main,8.00,7.00,30.00,0.46,,metric,12/10/2018 11:06
2009.00,BUFFRMFISHBT20,BUFFRMFish2009May21,main,9.00,8.00,30.00,0.54,,metric,12/10/2018 11:06
2009.00,BUFFRMFISHBT20,BUFFRMFish2009May21,main,10.00,9.00,26.00,0.52,,metric,12/10/2018 11:06
2009.00,BUFFRMFISHBT20,BUFFRMFish2009May21,main,11.00,10.00,22.00,0.42,,metric,12/10/2018 11:06
2009.00,BUFFRMFISHBT20,BUFFRMFish2009May21,main,12.00,11.00,18.00,0.59,,metric,12/10/2018 11:06
2009.00,BUFFRMFISHBT20,BUFFRMFish2009May21,main,13.00,12.00,17.00,0.56,,metric,12/10/2018 11:06
2009.00,BUFFRMFISHBT20,BUFFRMFish2009May21,main,14.00,13.00,12.00,0.42,,metric,12/10/2018 11:06
2009.00,BUFFRMFISHBT20,BUFFRMFish2009May21,main,15.00,14.00,12.00,0.38,,metric,12/10/2018 11:06
2009.00,BUFFRMFISHBT20,BUFFRMFish2009May21,main,16.00,15.00,10.00,0.32,,metric,12/10/2018 11:06
2009.00,BUFFRMFISHBT20,BUFFRMFish2009May21,main,17.00,16.00,12.00,0.28,,metric,12/10/2018 11:06
2009.00,BUFFRMFISHBT20,BUFFRMFish2009May21,main,18.00,17.00,12.00,0.21,,metric,12/10/2018 11:06
2009.00,BUFFRMFISHBT20,BUFFRMFish2009May21,main,19.00,18.00,21.00,0.24,,metric,12/10/2018 11:06
2009.00,BUFFRMFISHBT20,BUFFRMFish2009May21,main,20.00,19.00,22.00,0.24,,metric,12/10/2018 11:06
2009.00,BUFFRMFISHBT20,BUFFRMFish2009May21,main,21.00,20.00,29.00,0.22,,metric,12/10/2018 11:06
2009.00,BUFFRMFISHBT20,BUFFRMFish2009May21,main,22.00,21.00,24.00,0.28,,metric,12/10/2018 11:06
2009.00,BUFFRMFISHBT20,BUFFRMFish2009May21,main,23.00,22.00,11.00,0.14,,metric,12/10/2018 11:06
2009.00,BUFFRMFISHBT20,BUFFRMFish2009May21,main,24.00,23.00,0.00,0.00,,metric,12/10/2018 11:06
2009.00,BUFFRMFISHBT23,BUFFRMFish2009May26,main,1.00,0.00,0.00,0.00,,metric,12/10/2018 11:06
2009.00,BUFFRMFISHBT23,BUFFRMFish2009May26,main,2.00,0.50,2.00,0.02,,metric,12/10/2018 11:06
2009.00,BUFFRMFISHBT23,BUFFRMFish2009May26,main,3.00,1.00,6.00,0.05,,metric,12/10/2018 11:06
2009.00,BUFFRMFISHBT23,BUFFRMFish2009May26,main,4.00,1.50,10.00,0.13,,metric,12/10/2018 11:06
2009.00,BUFFRMFISHBT23,BUFFRMFish2009May26,main,5.00,2.00,18.00,0.14,,metric,12/10/2018 11:06
2009.00,BUFFRMFISHBT23,BUFFRMFish2009May26,main,6.00,2.50,26.00,0.20,,metric,12/10/2018 11:06
2009.00,BUFFRMFISHBT23,BUFFRMFish2009May26,main,7.00,3.00,28.00,0.26,,metric,12/10/2018 11:06
2009.00,BUFFRMFISHBT23,BUFFRMFish2009May26,main,8.00,3.50,30.00,0.33,,metric,12/10/2018 11:06
2009.00,BUFFRMFISHBT23,BUFFRMFish2009May26,main,9.00,4.00,36.00,0.34,,metric,12/10/2018 11:06
2009.00,BUFFRMFISHBT23,BUFFRMFish2009May26,main,10.00,4.50,36.00,0.35,,metric,12/10/2018 11:06
2009.00,BUFFRMFISHBT23,BUFFRMFish2009May26,main,11.00,5.00,36.00,0.43,,metric,12/10/2018 11:06
2009.00,BUFFRMFISHBT23,BUFFRMFish2009May26,main,12.00,5.50,44.00,0.44,,metric,12/10/2018 11:06
2009.00,BUFFRMFISHBT23,BUFFRMFish2009May26,main,13.00,6.00,48.00,0.55,,metric,12/10/2018 11:06
2009.00,BUFFRMFISHBT23,BUFFRMFish2009May26,main,14.00,6.50,48.00,0.54,,metric,12/10/2018 11:06
2009.00,BUFFRMFISHBT23,BUFFRMFish2009May26,main,15.00,7.00,50.00,0.58,,metric,12/10/2018 11:06
2009.00,BUFFRMFISHBT23,BUFFRMFish2009May26,main,16.00,7.50,64.00,0.56,,metric,12/10/2018 11:06
2009.00,BUFFRMFISHBT23,BUFFRMFish2009May26,main,17.00,8.00,66.00,0.56,,metric,12/10/2018 11:06
2009.00,BUFFRMFISHBT23,BUFFRMFish2009May26,main,18.00,8.50,70.00,0.73,,metric,12/10/2018 11:06
2009.00,BUFFRMFISHBT23,BUFFRMFish2009May26,main,19.00,9.00,74.00,0.71,,metric,12/10/2018 11:06
2009.00,BUFFRMFISHBT23,BUFFRMFish2009May26,main,20.00,9.50,76.00,0.70,,metric,12/10/2018 11:06
2009.00,BUFFRMFISHBT23,BUFFRMFish2009May26,main,21.00,10.00,78.00,0.68,,metric,12/10/2018 11:06
2009.00,BUFFRMFISHBT23,BUFFRMFish2009May26,main,22.00,10.50,78.00,0.57,,metric,12/10/2018 11:06
2009.00,BUFFRMFISHBT23,BUFFRMFish2009May26,main,23.00,11.00,76.00,0.51,,metric,12/10/2018 11:06
2009.00,BUFFRMFISHBT23,BUFFRMFish2009May26,main,24.00,11.50,70.00,0.32,,metric,12/10/2018 11:06
2009.00,BUFFRMFISHBT23,BUFFRMFish2009May26,main,25.00,12.00,64.00,0.27,,metric,12/10/2018 11:06
2009.00,BUFFRMFISHBT23,BUFFRMFish2009May26,main,26.00,12.50,62.00,0.20,,metric,12/10/2018 11:06
2009.00,BUFFRMFISHBT23,BUFFRMFish2009May26,main,27.00,13.00,28.00,0.05,,metric,12/10/2018 11:06
2010.00,BUFFRMFISHBM01,BUFFRMFish2010May27,main,1.00,0.00,0.00,0.00,,metric,12/10/2018 11:06
2010.00,BUFFRMFISHBM01,BUFFRMFish2010May27,main,2.00,2.00,94.00,0.11,,metric,12/10/2018 11:06
2010.00,BUFFRMFISHBM01,BUFFRMFish2010May27,main,3.00,4.00,91.00,0.12,,metric,12/10/2018 11:06
2010.00,BUFFRMFISHBM01,BUFFRMFish2010May27,main,4.00,6.00,106.00,0.13,,metric,12/10/2018 11:06
2010.00,BUFFRMFISHBM01,BUFFRMFish2010May27,main,5.00,8.00,105.00,0.16,,metric,12/10/2018 11:06
2010.00,BUFFRMFISHBM01,BUFFRMFish2010May27,main,6.00,10.00,132.00,0.04,,metric,12/10/2018 11:06
2010.00,BUFFRMFISHBM01,BUFFRMFish2010May27,main,7.00,12.00,115.00,0.11,,metric,12/10/2018 11:06
2010.00,BUFFRMFISHBM01,BUFFRMFish2010May27,main,8.00,14.00,100.00,0.14,,metric,12/10/2018 11:06
2010.00,BUFFRMFISHBM01,BUFFRMFish2010May27,main,9.00,16.00,90.00,0.14,,metric,12/10/2018 11:06
2010.00,BUFFRMFISHBM01,BUFFRMFish2010May27,main,10.00,18.00,101.00,0.11,,metric,12/10/2018 11:06
2010.00,BUFFRMFISHBM01,BUFFRMFish2010May27,main,11.00,20.00,90.00,0.08,,metric,12/10/2018 11:06
2010.00,BUFFRMFISHBM01,BUFFRMFish2010May27,main,12.00,22.00,80.00,0.14,,metric,12/10/2018 11:06
2010.00,BUFFRMFISHBM01,BUFFRMFish2010May27,main,13.00,24.00,72.00,0.09,,metric,12/10/2018 11:06
2010.00,BUFFRMFISHBM01,BUFFRMFish2010May27,main,14.00,26.00,88.00,0.10,,metric,12/10/2018 11:06
2010.00,BUFFRMFISHBM01,BUFFRMFish2010May27,main,15.00,28.00,70.00,0.04,,metric,12/10/2018 11:06
2010.00,BUFFRMFISHBM01,BUFFRMFish2010May27,main,16.00,30.00,60.00,0.06,,metric,12/10/2018 11:06
2010.00,BUFFRMFISHBM01,BUFFRMFish2010May27,main,17.00,32.00,47.00,0.05,,metric,12/10/2018 11:06
2010.00,BUFFRMFISHBM01,BUFFRMFish2010May27,main,18.00,34.00,20.00,0.03,,metric,12/10/2018 11:06
2010.00,BUFFRMFISHBM01,BUFFRMFish2010May27,main,19.00,36.00,0.00,0.00,,metric,12/10/2018 11:06
2010.00,BUFFRMFISHBM02,BUFFRMFish2010May26,main,1.00,0.00,0.00,0.00,,metric,3/21/2019 12:20
2010.00,BUFFRMFISHBM02,BUFFRMFish2010May26,main,2.00,2.00,48.00,0.28,,metric,12/10/2018 11:06
2010.00,BUFFRMFISHBM02,BUFFRMFish2010May26,main,3.00,4.00,58.00,0.43,,metric,12/10/2018 11:06
2010.00,BUFFRMFISHBM02,BUFFRMFish2010May26,main,4.00,6.00,65.00,0.41,,metric,12/10/2018 11:06
2010.00,BUFFRMFISHBM02,BUFFRMFish2010May26,main,5.00,8.00,68.00,0.37,,metric,12/10/2018 11:06
2010.00,BUFFRMFISHBM02,BUFFRMFish2010May26,main,6.00,10.00,63.00,0.37,,metric,12/10/2018 11:06
2010.00,BUFFRMFISHBM02,BUFFRMFish2010May26,main,7.00,12.00,72.00,0.39,,metric,12/10/2018 11:06
2010.00,BUFFRMFISHBM02,BUFFRMFish2010May26,main,8.00,14.00,82.00,0.41,,metric,12/10/2018 11:06
2010.00,BUFFRMFISHBM02,BUFFRMFish2010May26,main,9.00,16.00,78.00,0.46,,metric,12/10/2018 11:06
2010.00,BUFFRMFISHBM02,BUFFRMFish2010May26,main,10.00,18.00,63.00,0.58,,metric,12/10/2018 11:06
2010.00,BUFFRMFISHBM02,BUFFRMFish2010May26,main,11.00,20.00,68.00,0.68,,metric,12/10/2018 11:06
2010.00,BUFFRMFISHBM02,BUFFRMFish2010May26,main,12.00,22.00,56.00,0.80,,metric,12/10/2018 11:06
2010.00,BUFFRMFISHBM02,BUFFRMFish2010May26,main,13.00,24.00,62.00,0.85,,metric,12/10/2018 11:06
2010.00,BUFFRMFISHBM02,BUFFRMFish2010May26,main,14.00,26.00,60.00,0.91,,metric,12/10/2018 11:06
2010.00,BUFFRMFISHBM02,BUFFRMFish2010May26,main,15.00,28.00,48.00,0.94,,metric,12/10/2018 11:06
2010.00,BUFFRMFISHBM02,BUFFRMFish2010May26,main,16.00,30.00,48.00,0.85,,metric,12/10/2018 11:06
2010.00,BUFFRMFISHBM02,BUFFRMFish2010May26,main,17.00,32.00,58.00,0.80,,metric,12/10/2018 11:06
2010.00,BUFFRMFISHBM02,BUFFRMFish2010May26,main,18.00,34.00,56.00,0.82,,metric,12/10/2018 11:06
2010.00,BUFFRMFISHBM02,BUFFRMFish2010May26,main,19.00,36.00,74.00,0.71,,metric,12/10/2018 11:06
2010.00,BUFFRMFISHBM02,BUFFRMFish2010May26,main,20.00,38.00,68.00,0.61,,metric,12/10/2018 11:06
2010.00,BUFFRMFISHBM02,BUFFRMFish2010May26,main,21.00,40.00,48.00,0.13,,metric,12/10/2018 11:06
2010.00,BUFFRMFISHBM03,BUFFRMFish2010Jun01,main,1.00,0.00,0.00,0.00,,metric,12/10/2018 11:06
2010.00,BUFFRMFISHBM03,BUFFRMFish2010Jun01,main,2.00,2.00,30.00,0.79,,metric,12/10/2018 11:06
2010.00,BUFFRMFISHBM03,BUFFRMFish2010Jun01,main,3.00,4.00,44.00,1.10,,metric,12/10/2018 11:06
2010.00,BUFFRMFISHBM03,BUFFRMFish2010Jun01,main,4.00,6.00,54.00,1.39,,metric,12/10/2018 11:06
2010.00,BUFFRMFISHBM03,BUFFRMFish2010Jun01,main,5.00,8.00,50.00,1.19,,metric,12/10/2018 11:06
2010.00,BUFFRMFISHBM03,BUFFRMFish2010Jun01,main,6.00,10.00,42.00,1.13,,metric,12/10/2018 11:06
2010.00,BUFFRMFISHBM03,BUFFRMFish2010Jun01,main,7.00,12.00,38.00,1.42,,metric,12/10/2018 11:06
2010.00,BUFFRMFISHBM03,BUFFRMFish2010Jun01,main,8.00,14.00,36.00,1.72,,metric,12/10/2018 11:06
2010.00,BUFFRMFISHBM03,BUFFRMFish2010Jun01,main,9.00,16.00,20.00,0.97,,metric,12/10/2018 11:06
2010.00,BUFFRMFISHBM03,BUFFRMFish2010Jun01,main,10.00,18.00,22.00,1.11,,metric,12/10/2018 11:06
2010.00,BUFFRMFISHBM03,BUFFRMFish2010Jun01,main,11.00,20.00,22.00,0.92,,metric,12/10/2018 11:06
2010.00,BUFFRMFISHBM03,BUFFRMFish2010Jun01,main,12.00,22.00,14.00,0.35,,metric,12/10/2018 11:06
2010.00,BUFFRMFISHBM04,BUFFRMFish2010Jun03,main,1.00,0.00,0.00,0.00,,metric,12/10/2018 11:06
2010.00,BUFFRMFISHBM04,BUFFRMFish2010Jun03,main,2.00,3.00,29.00,0.11,,metric,12/10/2018 11:06
2010.00,BUFFRMFISHBM04,BUFFRMFish2010Jun03,main,3.00,6.00,37.00,0.25,,metric,12/10/2018 11:06
2010.00,BUFFRMFISHBM04,BUFFRMFish2010Jun03,main,4.00,9.00,50.00,0.51,,metric,12/10/2018 11:06
2010.00,BUFFRMFISHBM04,BUFFRMFish2010Jun03,main,5.00,12.00,66.00,0.37,,metric,12/10/2018 11:06
2010.00,BUFFRMFISHBM04,BUFFRMFish2010Jun03,main,6.00,15.00,74.00,0.63,,metric,12/10/2018 11:06
2010.00,BUFFRMFISHBM04,BUFFRMFish2010Jun03,main,7.00,18.00,80.00,0.57,,metric,12/10/2018 11:06
2010.00,BUFFRMFISHBM04,BUFFRMFish2010Jun03,main,8.00,21.00,86.00,0.55,,metric,12/10/2018 11:06
2010.00,BUFFRMFISHBM04,BUFFRMFish2010Jun03,main,9.00,24.00,76.00,0.63,,metric,12/10/2018 11:06
2010.00,BUFFRMFISHBM04,BUFFRMFish2010Jun03,main,10.00,27.00,82.00,0.50,,metric,12/10/2018 11:06
2010.00,BUFFRMFISHBM04,BUFFRMFish2010Jun03,main,11.00,30.00,82.00,0.36,,metric,12/10/2018 11:06
2010.00,BUFFRMFISHBM04,BUFFRMFish2010Jun03,main,12.00,33.00,90.00,0.27,,metric,12/10/2018 11:06
2010.00,BUFFRMFISHBM04,BUFFRMFish2010Jun03,main,13.00,36.00,83.00,0.28,,metric,12/10/2018 11:06
2010.00,BUFFRMFISHBM04,BUFFRMFish2010Jun03,main,14.00,39.00,62.00,0.19,,metric,12/10/2018 11:06
2010.00,BUFFRMFISHBM04,BUFFRMFish2010Jun03,main,15.00,42.00,52.00,0.25,,metric,12/10/2018 11:06
2010.00,BUFFRMFISHBM04,BUFFRMFish2010Jun03,main,16.00,45.00,32.00,0.13,,metric,12/10/2018 11:06
2010.00,BUFFRMFISHBM04,BUFFRMFish2010Jun03,main,17.00,47.00,16.00,0.09,,metric,12/10/2018 11:06
2010.00,BUFFRMFISHBM05,BUFFRMFish2010Jun02,main,1.00,0.00,0.00,0.00,,metric,3/21/2019 12:35
2010.00,BUFFRMFISHBM05,BUFFRMFish2010Jun02,main,2.00,4.00,10.00,0.19,,metric,12/10/2018 11:06
2010.00,BUFFRMFISHBM05,BUFFRMFish2010Jun02,main,3.00,8.00,14.00,0.26,,metric,12/10/2018 11:06
2010.00,BUFFRMFISHBM05,BUFFRMFish2010Jun02,main,4.00,12.00,22.00,0.38,,metric,12/10/2018 11:06
2010.00,BUFFRMFISHBM05,BUFFRMFish2010Jun02,main,5.00,16.00,46.00,0.53,,metric,12/10/2018 11:06
2010.00,BUFFRMFISHBM05,BUFFRMFish2010Jun02,main,6.00,20.00,76.00,0.62,,metric,12/10/2018 11:06
2010.00,BUFFRMFISHBM05,BUFFRMFish2010Jun02,main,7.00,24.00,81.00,0.49,,metric,12/10/2018 11:06
2010.00,BUFFRMFISHBM05,BUFFRMFish2010Jun02,main,8.00,28.00,86.00,0.60,,metric,12/10/2018 11:06
2010.00,BUFFRMFISHBM05,BUFFRMFish2010Jun02,main,9.00,32.00,86.00,0.53,,metric,12/10/2018 11:06
2010.00,BUFFRMFISHBM05,BUFFRMFish2010Jun02,main,10.00,36.00,68.00,0.60,,metric,12/10/2018 11:06
2010.00,BUFFRMFISHBM05,BUFFRMFish2010Jun02,main,11.00,40.00,86.00,0.58,,metric,12/10/2018 11:06
2010.00,BUFFRMFISHBM05,BUFFRMFish2010Jun02,main,12.00,44.00,74.00,0.62,,metric,12/10/2018 11:06
2010.00,BUFFRMFISHBM05,BUFFRMFish2010Jun02,main,13.00,48.00,68.00,0.59,,metric,12/10/2018 11:06
2010.00,BUFFRMFISHBM05,BUFFRMFish2010Jun02,main,14.00,52.00,76.00,0.58,,metric,12/10/2018 11:06
2010.00,BUFFRMFISHBM05,BUFFRMFish2010Jun02,main,15.00,56.00,62.00,0.56,,metric,12/10/2018 11:06
2010.00,BUFFRMFISHBM05,BUFFRMFish2010Jun02,main,16.00,60.00,32.00,0.35,,metric,12/10/2018 11:06
2010.00,BUFFRMFISHBM06,BUFFRMFish2010Jun09,main,1.00,0.00,0.00,0.00,,metric,3/21/2019 12:48
2010.00,BUFFRMFISHBM06,BUFFRMFish2010Jun09,main,2.00,4.00,33.00,0.08,,metric,12/10/2018 11:06
2010.00,BUFFRMFISHBM06,BUFFRMFish2010Jun09,main,3.00,8.00,18.00,0.10,,metric,12/10/2018 11:06
2010.00,BUFFRMFISHBM06,BUFFRMFish2010Jun09,main,4.00,12.00,30.00,0.19,,metric,12/10/2018 11:06
2010.00,BUFFRMFISHBM06,BUFFRMFish2010Jun09,main,5.00,16.00,31.00,0.26,,metric,12/10/2018 11:06
2010.00,BUFFRMFISHBM06,BUFFRMFish2010Jun09,main,6.00,20.00,36.00,0.32,,metric,12/10/2018 11:06
2010.00,BUFFRMFISHBM06,BUFFRMFish2010Jun09,main,7.00,24.00,40.00,0.28,,metric,12/10/2018 11:06
2010.00,BUFFRMFISHBM06,BUFFRMFish2010Jun09,main,8.00,28.00,46.00,0.32,,metric,12/10/2018 11:06
2010.00,BUFFRMFISHBM06,BUFFRMFish2010Jun09,main,9.00,32.00,46.00,0.34,,metric,12/10/2018 11:06
2010.00,BUFFRMFISHBM06,BUFFRMFish2010Jun09,main,10.00,36.00,51.00,0.36,,metric,12/10/2018 11:06
2010.00,BUFFRMFISHBM06,BUFFRMFish2010Jun09,main,11.00,40.00,54.00,0.41,,metric,12/10/2018 11:06
2010.00,BUFFRMFISHBM06,BUFFRMFish2010Jun09,main,12.00,44.00,62.00,0.44,,metric,12/10/2018 11:06
2010.00,BUFFRMFISHBM06,BUFFRMFish2010Jun09,main,13.00,48.00,83.00,0.44,,metric,12/10/2018 11:06
2010.00,BUFFRMFISHBM06,BUFFRMFish2010Jun09,main,14.00,52.00,72.00,0.49,,metric,12/10/2018 11:06
2010.00,BUFFRMFISHBM06,BUFFRMFish2010Jun09,main,15.00,56.00,58.00,0.50,,metric,12/10/2018 11:06
2010.00,BUFFRMFISHBM06,BUFFRMFish2010Jun09,main,16.00,60.00,48.00,0.51,,metric,12/10/2018 11:06
2010.00,BUFFRMFISHBM06,BUFFRMFish2010Jun09,main,17.00,64.00,70.00,0.48,,metric,12/10/2018 11:06
2010.00,BUFFRMFISHBM06,BUFFRMFish2010Jun09,main,18.00,68.00,0.00,0.00,,metric,12/10/2018 11:06
2010.00,BUFFRMFISHBT08,BUFFRMFish2010May17,main,1.00,0.00,0.00,0.00,,metric,12/10/2018 11:06
2010.00,BUFFRMFISHBT08,BUFFRMFish2010May17,main,2.00,0.50,6.00,0.05,,metric,12/10/2018 11:06
2010.00,BUFFRMFISHBT08,BUFFRMFish2010May17,main,3.00,1.00,10.00,0.07,,metric,12/10/2018 11:06
2010.00,BUFFRMFISHBT08,BUFFRMFish2010May17,main,4.00,1.50,16.00,0.15,,metric,12/10/2018 11:06
2010.00,BUFFRMFISHBT08,BUFFRMFish2010May17,main,5.00,2.00,20.00,0.24,,metric,12/10/2018 11:06
2010.00,BUFFRMFISHBT08,BUFFRMFish2010May17,main,6.00,2.50,23.00,0.27,,metric,12/10/2018 11:06
2010.00,BUFFRMFISHBT08,BUFFRMFish2010May17,main,7.00,3.00,25.00,0.22,,metric,12/10/2018 11:06
2010.00,BUFFRMFISHBT08,BUFFRMFish2010May17,main,8.00,3.50,24.00,0.11,,metric,12/10/2018 11:06
2010.00,BUFFRMFISHBT08,BUFFRMFish2010May17,main,9.00,4.00,18.00,0.04,,metric,12/10/2018 11:06
2010.00,BUFFRMFISHBT08,BUFFRMFish2010May17,main,10.00,4.50,0.00,0.00,,metric,12/10/2018 11:06
2010.00,BUFFRMFISHBT14,BUFFRMFish2010May18,main,1.00,0.00,0.00,0.00,,metric,12/10/2018 11:06
2010.00,BUFFRMFISHBT14,BUFFRMFish2010May18,main,2.00,0.25,12.00,0.31,,metric,12/10/2018 11:06
2010.00,BUFFRMFISHBT14,BUFFRMFish2010May18,main,3.00,0.50,12.00,0.31,,metric,12/10/2018 11:06
2010.00,BUFFRMFISHBT14,BUFFRMFish2010May18,main,4.00,0.75,12.00,0.30,,metric,12/10/2018 11:06
2010.00,BUFFRMFISHBT14,BUFFRMFish2010May18,main,5.00,1.00,14.00,0.31,,metric,12/10/2018 11:06
2010.00,BUFFRMFISHBT14,BUFFRMFish2010May18,main,6.00,1.25,16.00,0.29,,metric,12/10/2018 11:06
2010.00,BUFFRMFISHBT14,BUFFRMFish2010May18,main,7.00,1.50,18.00,0.27,,metric,12/10/2018 11:06
2010.00,BUFFRMFISHBT14,BUFFRMFish2010May18,main,8.00,1.75,22.00,0.23,,metric,12/10/2018 11:06
2010.00,BUFFRMFISHBT14,BUFFRMFish2010May18,main,9.00,2.00,22.00,0.21,,metric,12/10/2018 11:06
2010.00,BUFFRMFISHBT14,BUFFRMFish2010May18,main,10.00,2.25,24.00,0.17,,metric,12/10/2018 11:06
2010.00,BUFFRMFISHBT14,BUFFRMFish2010May18,main,11.00,2.50,25.00,0.13,,metric,12/10/2018 11:06
2010.00,BUFFRMFISHBT14,BUFFRMFish2010May18,main,12.00,2.75,24.00,0.11,,metric,12/10/2018 11:06
2010.00,BUFFRMFISHBT14,BUFFRMFish2010May18,main,13.00,3.00,20.00,0.05,,metric,12/10/2018 11:06
2010.00,BUFFRMFISHBT14,BUFFRMFish2010May18,main,14.00,3.25,18.00,0.00,,metric,12/10/2018 11:06
2010.00,BUFFRMFISHBT14,BUFFRMFish2010May18,main,15.00,3.50,18.00,0.00,,metric,12/10/2018 11:06
2010.00,BUFFRMFISHBT14,BUFFRMFish2010May18,main,16.00,3.75,14.00,0.00,,metric,12/10/2018 11:06
2010.00,BUFFRMFISHBT14,BUFFRMFish2010May18,main,17.00,4.00,8.00,0.00,,metric,12/10/2018 11:06
2010.00,BUFFRMFISHBT17,BUFFRMFish2010Jun23,main,1.00,0.00,0.00,0.00,,metric,12/10/2018 11:06
2010.00,BUFFRMFISHBT17,BUFFRMFish2010Jun23,main,2.00,1.00,10.00,0.00,,metric,12/10/2018 11:06
2010.00,BUFFRMFISHBT17,BUFFRMFish2010Jun23,main,3.00,2.00,10.00,0.01,,metric,12/10/2018 11:06
2010.00,BUFFRMFISHBT17,BUFFRMFish2010Jun23,main,4.00,3.00,12.00,0.08,,metric,12/10/2018 11:06
2010.00,BUFFRMFISHBT17,BUFFRMFish2010Jun23,main,5.00,4.00,18.00,0.05,,metric,12/10/2018 11:06
2010.00,BUFFRMFISHBT17,BUFFRMFish2010Jun23,main,6.00,5.00,20.00,0.12,,metric,12/10/2018 11:06
2010.00,BUFFRMFISHBT17,BUFFRMFish2010Jun23,main,7.00,6.00,26.00,0.15,,metric,12/10/2018 11:06
2010.00,BUFFRMFISHBT17,BUFFRMFish2010Jun23,main,8.00,7.00,28.00,0.17,,metric,12/10/2018 11:06
2010.00,BUFFRMFISHBT17,BUFFRMFish2010Jun23,main,9.00,8.00,34.00,0.19,,metric,12/10/2018 11:06
2010.00,BUFFRMFISHBT17,BUFFRMFish2010Jun23,main,10.00,9.00,40.00,0.16,,metric,12/10/2018 11:06
2010.00,BUFFRMFISHBT17,BUFFRMFish2010Jun23,main,11.00,10.00,38.00,0.16,,metric,12/10/2018 11:06
2010.00,BUFFRMFISHBT17,BUFFRMFish2010Jun23,main,12.00,11.00,24.00,0.19,,metric,12/10/2018 11:06
2010.00,BUFFRMFISHBT17,BUFFRMFish2010Jun23,main,13.00,12.00,44.00,0.11,,metric,12/10/2018 11:06
2010.00,BUFFRMFISHBT17,BUFFRMFish2010Jun23,main,14.00,13.00,36.00,0.15,,metric,12/10/2018 11:06
2010.00,BUFFRMFISHBT17,BUFFRMFish2010Jun23,main,15.00,14.00,36.00,0.14,,metric,12/10/2018 11:06
2010.00,BUFFRMFISHBT17,BUFFRMFish2010Jun23,main,16.00,15.00,34.00,0.16,,metric,12/10/2018 11:06
2010.00,BUFFRMFISHBT17,BUFFRMFish2010Jun23,main,17.00,16.00,38.00,0.05,,metric,12/10/2018 11:06
2010.00,BUFFRMFISHBT17,BUFFRMFish2010Jun23,main,18.00,17.00,26.00,0.03,,metric,12/10/2018 11:06
2010.00,BUFFRMFISHBT17,BUFFRMFish2010Jun23,main,19.00,18.00,18.00,0.01,,metric,12/10/2018 11:06
2010.00,BUFFRMFISHBT17,BUFFRMFish2010Jun23,main,20.00,19.00,0.00,0.00,,metric,12/10/2018 11:06
2010.00,BUFFRMFISHBT27,BUFFRMFish2010Jun08,main,1.00,0.00,0.00,0.00,,metric,12/10/2018 11:06
2010.00,BUFFRMFISHBT27,BUFFRMFish2010Jun08,main,2.00,0.75,17.00,0.05,,metric,12/10/2018 11:06
2010.00,BUFFRMFISHBT27,BUFFRMFish2010Jun08,main,3.00,1.50,21.00,0.08,,metric,12/10/2018 11:06
2010.00,BUFFRMFISHBT27,BUFFRMFish2010Jun08,main,4.00,2.25,26.00,0.06,,metric,12/10/2018 11:06
2010.00,BUFFRMFISHBT27,BUFFRMFish2010Jun08,main,5.00,3.00,26.00,0.09,,metric,12/10/2018 11:06
2010.00,BUFFRMFISHBT27,BUFFRMFish2010Jun08,main,6.00,3.75,28.00,0.07,,metric,12/10/2018 11:06
2010.00,BUFFRMFISHBT27,BUFFRMFish2010Jun08,main,7.00,4.50,27.00,0.04,,metric,12/10/2018 11:06
2010.00,BUFFRMFISHBT27,BUFFRMFish2010Jun08,main,8.00,5.25,32.00,0.06,,metric,12/10/2018 11:06
2010.00,BUFFRMFISHBT27,BUFFRMFish2010Jun08,main,9.00,6.00,32.00,0.09,,metric,12/10/2018 11:06
2010.00,BUFFRMFISHBT27,BUFFRMFish2010Jun08,main,10.00,6.75,30.00,0.07,,metric,12/10/2018 11:06
2010.00,BUFFRMFISHBT27,BUFFRMFish2010Jun08,main,11.00,7.50,28.00,0.05,,metric,12/10/2018 11:06
2010.00,BUFFRMFISHBT27,BUFFRMFish2010Jun08,main,12.00,8.25,27.00,0.04,,metric,12/10/2018 11:06
2010.00,BUFFRMFISHBT27,BUFFRMFish2010Jun08,main,13.00,9.00,20.00,0.04,,metric,12/10/2018 11:06
2010.00,BUFFRMFISHBT27,BUFFRMFish2010Jun08,main,14.00,9.75,24.00,0.07,,metric,12/10/2018 11:06
2010.00,BUFFRMFISHBT27,BUFFRMFish2010Jun08,main,15.00,10.50,23.00,0.01,,metric,12/10/2018 11:06
2010.00,BUFFRMFISHBT27,BUFFRMFish2010Jun08,main,16.00,11.25,20.00,0.01,,metric,12/10/2018 11:06
2010.00,BUFFRMFISHBT27,BUFFRMFish2010Jun08,main,17.00,12.00,8.00,0.00,,metric,12/10/2018 11:06
2010.00,BUFFRMFISHBT29,BUFFRMFish2010Jun10,main,1.00,0.00,0.00,0.00,,metric,12/10/2018 11:06
2010.00,BUFFRMFISHBT29,BUFFRMFish2010Jun10,main,2.00,1.50,12.00,0.13,,metric,12/10/2018 11:06
2010.00,BUFFRMFISHBT29,BUFFRMFish2010Jun10,main,3.00,3.00,23.00,0.07,,metric,12/10/2018 11:06
2010.00,BUFFRMFISHBT29,BUFFRMFish2010Jun10,main,4.00,4.50,34.00,0.11,,metric,12/10/2018 11:06
2010.00,BUFFRMFISHBT29,BUFFRMFish2010Jun10,main,5.00,6.00,42.00,0.14,,metric,12/10/2018 11:06
2010.00,BUFFRMFISHBT29,BUFFRMFish2010Jun10,main,6.00,7.50,46.00,0.15,,metric,12/10/2018 11:06
2010.00,BUFFRMFISHBT29,BUFFRMFish2010Jun10,main,7.00,9.00,56.00,0.17,,metric,12/10/2018 11:06
2010.00,BUFFRMFISHBT29,BUFFRMFish2010Jun10,main,8.00,10.50,60.00,0.12,,metric,12/10/2018 11:06
2010.00,BUFFRMFISHBT29,BUFFRMFish2010Jun10,main,9.00,12.00,60.00,0.04,,metric,12/10/2018 11:06
2010.00,BUFFRMFISHBT29,BUFFRMFish2010Jun10,main,10.00,13.50,68.00,0.02,,metric,12/10/2018 11:06
2010.00,BUFFRMFISHBT29,BUFFRMFish2010Jun10,main,11.00,15.00,65.00,0.08,,metric,12/10/2018 11:06
2010.00,BUFFRMFISHBT29,BUFFRMFish2010Jun10,main,12.00,16.50,60.00,0.08,,metric,12/10/2018 11:06
2010.00,BUFFRMFISHBT29,BUFFRMFish2010Jun10,main,13.00,18.00,50.00,0.06,,metric,12/10/2018 11:06
2010.00,BUFFRMFISHBT29,BUFFRMFish2010Jun10,main,14.00,19.50,35.00,0.06,,metric,12/10/2018 11:06
2010.00,BUFFRMFISHBT29,BUFFRMFish2010Jun10,main,15.00,21.00,24.00,0.04,,metric,12/10/2018 11:06
2010.00,BUFFRMFISHBT29,BUFFRMFish2010Jun10,main,16.00,22.50,16.00,0.04,,metric,12/10/2018 11:06
2010.00,BUFFRMFISHBT29,BUFFRMFish2010Jun10,main,17.00,24.00,40.00,0.00,,metric,12/10/2018 11:06
2010.00,BUFFRMFISHBT29,BUFFRMFish2010Jun10,main,18.00,25.50,28.00,0.00,,metric,12/10/2018 11:06
2010.00,BUFFRMFISHBT29,BUFFRMFish2010Jun10,main,19.00,27.00,0.00,0.00,,metric,12/10/2018 11:06
2010.00,BUFFRMFISHBT32,BUFFRMFish2010Jun11,main,1.00,0.00,0.00,0.00,,metric,12/10/2018 11:06
2010.00,BUFFRMFISHBT32,BUFFRMFish2010Jun11,main,2.00,0.10,2.00,-0.01,,metric,12/10/2018 11:06
2010.00,BUFFRMFISHBT32,BUFFRMFish2010Jun11,main,3.00,0.20,3.00,0.02,,metric,12/10/2018 11:06
2010.00,BUFFRMFISHBT32,BUFFRMFish2010Jun11,main,4.00,0.30,11.00,0.14,,metric,12/10/2018 11:06
2010.00,BUFFRMFISHBT32,BUFFRMFish2010Jun11,main,5.00,0.40,11.00,0.16,,metric,12/10/2018 11:06
2010.00,BUFFRMFISHBT32,BUFFRMFish2010Jun11,main,6.00,0.50,10.00,0.13,,metric,12/10/2018 11:06
2010.00,BUFFRMFISHBT32,BUFFRMFish2010Jun11,main,7.00,0.60,12.00,0.15,,metric,12/10/2018 11:06
2010.00,BUFFRMFISHBT32,BUFFRMFish2010Jun11,main,8.00,0.70,14.00,0.18,,metric,12/10/2018 11:06
2010.00,BUFFRMFISHBT32,BUFFRMFish2010Jun11,main,9.00,0.80,17.00,0.17,,metric,12/10/2018 11:06
2010.00,BUFFRMFISHBT32,BUFFRMFish2010Jun11,main,10.00,0.90,16.00,0.19,,metric,12/10/2018 11:06
2010.00,BUFFRMFISHBT32,BUFFRMFish2010Jun11,main,11.00,1.00,11.00,0.21,,metric,12/10/2018 11:06
2010.00,BUFFRMFISHBT32,BUFFRMFish2010Jun11,main,12.00,1.10,16.00,0.20,,metric,12/10/2018 11:06
2010.00,BUFFRMFISHBT32,BUFFRMFish2010Jun11,main,13.00,1.20,17.00,0.10,,metric,12/10/2018 11:06
2010.00,BUFFRMFISHBT32,BUFFRMFish2010Jun11,main,14.00,1.30,17.00,0.11,,metric,12/10/2018 11:06
2010.00,BUFFRMFISHBT32,BUFFRMFish2010Jun11,main,15.00,1.40,16.00,0.19,,metric,12/10/2018 11:06
2010.00,BUFFRMFISHBT32,BUFFRMFish2010Jun11,main,16.00,1.50,15.00,0.20,,metric,12/10/2018 11:06
2010.00,BUFFRMFISHBT32,BUFFRMFish2010Jun11,main,17.00,1.60,16.00,0.15,,metric,12/10/2018 11:06
2010.00,BUFFRMFISHBT32,BUFFRMFish2010Jun11,main,18.00,1.70,2.00,0.07,,metric,12/10/2018 11:06
2010.00,BUFFRMFISHBT32,BUFFRMFish2010Jun11,main,19.00,1.80,0.00,0.00,,metric,12/10/2018 11:06
2012.00,BUFFRMFISHBT15,BUFFRMFish2012May22,main,1.00,0.00,0.00,0.00,,metric,12/10/2018 11:06
2012.00,BUFFRMFISHBT15,BUFFRMFish2012May22,main,2.00,0.50,4.00,0.00,,metric,12/10/2018 11:06
2012.00,BUFFRMFISHBT15,BUFFRMFish2012May22,main,3.00,1.00,10.00,0.03,,metric,12/10/2018 11:06
2012.00,BUFFRMFISHBT15,BUFFRMFish2012May22,main,4.00,1.50,11.00,0.03,,metric,12/10/2018 11:06
2012.00,BUFFRMFISHBT15,BUFFRMFish2012May22,main,5.00,2.00,14.00,0.03,,metric,12/10/2018 11:06
2012.00,BUFFRMFISHBT15,BUFFRMFish2012May22,main,6.00,2.50,15.00,0.06,,metric,12/10/2018 11:06
2012.00,BUFFRMFISHBT15,BUFFRMFish2012May22,main,7.00,3.00,14.00,0.03,,metric,12/10/2018 11:06
2012.00,BUFFRMFISHBT15,BUFFRMFish2012May22,main,8.00,3.50,11.00,0.04,,metric,12/10/2018 11:06
2012.00,BUFFRMFISHBT15,BUFFRMFish2012May22,main,9.00,4.00,10.00,0.03,,metric,12/10/2018 11:06
2012.00,BUFFRMFISHBT15,BUFFRMFish2012May22,main,10.00,4.50,8.00,0.02,,metric,12/10/2018 11:06
2012.00,BUFFRMFISHBT15,BUFFRMFish2012May22,main,11.00,5.00,4.00,0.00,,metric,12/10/2018 11:06
2012.00,BUFFRMFISHBT15,BUFFRMFish2012May22,main,12.00,5.50,0.00,0.00,,metric,12/10/2018 11:06
2012.00,BUFFRMFISHBT15,BUFFRMFish2012May22,main,13.00,6.00,0.00,0.00,,metric,12/10/2018 11:06
2012.00,BUFFRMFISHBT20,BUFFRMFish2012May22,main,1.00,0.00,0.00,0.00,,metric,12/10/2018 11:06
2012.00,BUFFRMFISHBT20,BUFFRMFish2012May22,main,2.00,0.50,12.00,0.00,,metric,12/10/2018 11:06
2012.00,BUFFRMFISHBT20,BUFFRMFish2012May22,main,3.00,1.00,24.00,0.00,,metric,12/10/2018 11:06
2012.00,BUFFRMFISHBT20,BUFFRMFish2012May22,main,4.00,1.50,32.00,0.07,,metric,12/10/2018 11:06
2012.00,BUFFRMFISHBT20,BUFFRMFish2012May22,main,5.00,2.00,43.00,0.15,,metric,12/10/2018 11:06
2012.00,BUFFRMFISHBT20,BUFFRMFish2012May22,main,6.00,2.50,48.00,0.22,,metric,12/10/2018 11:06
2012.00,BUFFRMFISHBT20,BUFFRMFish2012May22,main,7.00,3.00,40.00,0.26,,metric,12/10/2018 11:06
2012.00,BUFFRMFISHBT20,BUFFRMFish2012May22,main,8.00,3.50,34.00,0.37,,metric,12/10/2018 11:06
2012.00,BUFFRMFISHBT20,BUFFRMFish2012May22,main,9.00,4.00,28.00,0.28,,metric,12/10/2018 11:06
2012.00,BUFFRMFISHBT20,BUFFRMFish2012May22,main,10.00,4.50,26.00,0.12,,metric,12/10/2018 11:06
2012.00,BUFFRMFISHBT20,BUFFRMFish2012May22,main,11.00,5.00,24.00,0.07,,metric,12/10/2018 11:06
2012.00,BUFFRMFISHBT20,BUFFRMFish2012May22,main,12.00,5.50,24.00,0.03,,metric,12/10/2018 11:06
2012.00,BUFFRMFISHBT20,BUFFRMFish2012May22,main,13.00,6.00,15.00,0.00,,metric,12/10/2018 11:06
2012.00,BUFFRMFISHBT20,BUFFRMFish2012May22,main,14.00,6.50,11.00,0.00,,metric,12/10/2018 11:06
2012.00,BUFFRMFISHBT20,BUFFRMFish2012May22,main,15.00,7.00,8.00,0.00,,metric,12/10/2018 11:06
2012.00,BUFFRMFISHBT20,BUFFRMFish2012May22,main,16.00,7.50,2.00,0.00,,metric,12/10/2018 11:06
2012.00,BUFFRMFISHBT20,BUFFRMFish2012May22,main,17.00,8.00,1.00,0.00,,metric,12/10/2018 11:06
2012.00,BUFFRMFISHBT27,BUFFRMFish2012May21,main,1.00,0.00,0.00,0.00,,metric,12/10/2018 11:06
2012.00,BUFFRMFISHBT27,BUFFRMFish2012May21,main,2.00,0.50,4.00,0.00,,metric,12/10/2018 11:06
2012.00,BUFFRMFISHBT27,BUFFRMFish2012May21,main,3.00,1.00,2.00,0.00,,metric,12/10/2018 11:06
2012.00,BUFFRMFISHBT27,BUFFRMFish2012May21,main,4.00,1.50,1.00,0.00,,metric,12/10/2018 11:06
2012.00,BUFFRMFISHBT27,BUFFRMFish2012May21,main,5.00,2.00,2.00,0.00,,metric,12/10/2018 11:06
2012.00,BUFFRMFISHBT27,BUFFRMFish2012May21,main,6.00,2.50,5.00,0.00,,metric,12/10/2018 11:06
2012.00,BUFFRMFISHBT27,BUFFRMFish2012May21,main,7.00,3.00,5.00,0.05,,metric,12/10/2018 11:06
2012.00,BUFFRMFISHBT27,BUFFRMFish2012May21,main,8.00,3.50,2.00,0.08,,metric,12/10/2018 11:06
2012.00,BUFFRMFISHBT27,BUFFRMFish2012May21,main,9.00,4.00,10.00,0.01,,metric,12/10/2018 11:06
2012.00,BUFFRMFISHBT27,BUFFRMFish2012May21,main,10.00,4.50,12.00,0.00,,metric,12/10/2018 11:06
2012.00,BUFFRMFISHBT27,BUFFRMFish2012May21,main,11.00,5.00,12.00,0.00,,metric,12/10/2018 11:06
2012.00,BUFFRMFISHBT27,BUFFRMFish2012May21,main,12.00,5.50,12.00,0.00,,metric,12/10/2018 11:06
2012.00,BUFFRMFISHBT27,BUFFRMFish2012May21,main,13.00,6.00,14.00,0.00,,metric,12/10/2018 11:06
2012.00,BUFFRMFISHBT27,BUFFRMFish2012May21,main,14.00,6.50,12.00,0.25,,metric,12/10/2018 11:06
2012.00,BUFFRMFISHBT27,BUFFRMFish2012May21,main,15.00,7.00,14.00,0.12,,metric,12/10/2018 11:06
2012.00,BUFFRMFISHBT27,BUFFRMFish2012May21,main,16.00,7.50,20.00,0.07,,metric,12/10/2018 11:06
2012.00,BUFFRMFISHBT27,BUFFRMFish2012May21,main,17.00,8.00,24.00,0.04,,metric,12/10/2018 11:06
2012.00,BUFFRMFISHBT27,BUFFRMFish2012May21,main,18.00,8.50,30.00,0.00,,metric,12/10/2018 11:06
2012.00,BUFFRMFISHBT27,BUFFRMFish2012May21,main,19.00,9.00,28.00,0.00,,metric,12/10/2018 11:06
2012.00,BUFFRMFISHBT27,BUFFRMFish2012May21,main,20.00,9.50,25.00,0.00,,metric,12/10/2018 11:06
2012.00,BUFFRMFISHBT27,BUFFRMFish2012May21,main,21.00,10.00,14.00,0.00,,metric,12/10/2018 11:06
2012.00,BUFFRMFISHBT27,BUFFRMFish2012May21,main,22.00,10.50,8.00,0.00,,metric,12/10/2018 11:06
2012.00,BUFFRMFISHBT27,BUFFRMFish2012May21,main,23.00,11.00,0.00,0.00,,metric,12/10/2018 11:06
2013.00,BUFFRMFISHBM01,BUFFRMFish2013May29,main,1.00,0.00,0.00,0.00,,metric,12/10/2018 11:06
2013.00,BUFFRMFISHBM01,BUFFRMFish2013May29,main,2.00,2.00,62.00,0.04,,metric,12/10/2018 11:06
2013.00,BUFFRMFISHBM01,BUFFRMFish2013May29,main,3.00,4.00,80.00,0.04,,metric,12/10/2018 11:06
2013.00,BUFFRMFISHBM01,BUFFRMFish2013May29,main,4.00,6.00,87.00,0.03,,metric,12/10/2018 11:06
2013.00,BUFFRMFISHBM01,BUFFRMFish2013May29,main,5.00,8.00,84.00,0.05,,metric,12/10/2018 11:06
2013.00,BUFFRMFISHBM01,BUFFRMFish2013May29,main,6.00,10.00,80.00,0.05,,metric,12/10/2018 11:06
2013.00,BUFFRMFISHBM01,BUFFRMFish2013May29,main,7.00,12.00,86.00,0.05,,metric,12/10/2018 11:06
2013.00,BUFFRMFISHBM01,BUFFRMFish2013May29,main,8.00,14.00,90.00,0.05,,metric,12/10/2018 11:06
2013.00,BUFFRMFISHBM01,BUFFRMFish2013May29,main,9.00,16.00,96.00,0.01,,metric,12/10/2018 11:06
2013.00,BUFFRMFISHBM01,BUFFRMFish2013May29,main,10.00,18.00,74.00,0.03,,metric,12/10/2018 11:06
2013.00,BUFFRMFISHBM01,BUFFRMFish2013May29,main,11.00,20.00,70.00,0.02,,metric,12/10/2018 11:06
2013.00,BUFFRMFISHBM01,BUFFRMFish2013May29,main,12.00,22.00,68.00,0.03,,metric,12/10/2018 11:06
2013.00,BUFFRMFISHBM01,BUFFRMFish2013May29,main,13.00,24.00,66.00,0.02,,metric,12/10/2018 11:06
2013.00,BUFFRMFISHBM01,BUFFRMFish2013May29,main,14.00,26.00,62.00,0.02,,metric,12/10/2018 11:06
2013.00,BUFFRMFISHBM01,BUFFRMFish2013May29,main,15.00,28.00,64.00,0.03,,metric,12/10/2018 11:06
2013.00,BUFFRMFISHBM01,BUFFRMFish2013May29,main,16.00,30.00,58.00,0.01,,metric,12/10/2018 11:06
2013.00,BUFFRMFISHBM01,BUFFRMFish2013May29,main,17.00,32.00,50.00,0.00,,metric,12/10/2018 11:06
2013.00,BUFFRMFISHBM01,BUFFRMFish2013May29,main,18.00,34.00,38.00,0.02,,metric,12/10/2018 11:06
2013.00,BUFFRMFISHBM01,BUFFRMFish2013May29,main,19.00,36.00,4.00,0.00,,metric,12/10/2018 11:06
2013.00,BUFFRMFISHBM02,BUFFRMFish2013May28,main,1.00,0.00,0.00,0.00,,metric,12/10/2018 11:06
2013.00,BUFFRMFISHBM02,BUFFRMFish2013May28,main,2.00,2.00,40.00,0.10,,metric,12/10/2018 11:06
2013.00,BUFFRMFISHBM02,BUFFRMFish2013May28,main,3.00,4.00,47.00,0.14,,metric,12/10/2018 11:06
2013.00,BUFFRMFISHBM02,BUFFRMFish2013May28,main,4.00,6.00,36.00,0.19,,metric,12/10/2018 11:06
2013.00,BUFFRMFISHBM02,BUFFRMFish2013May28,main,5.00,8.00,46.00,0.14,,metric,12/10/2018 11:06
2013.00,BUFFRMFISHBM02,BUFFRMFish2013May28,main,6.00,10.00,42.00,0.14,,metric,12/10/2018 11:06
2013.00,BUFFRMFISHBM02,BUFFRMFish2013May28,main,7.00,12.00,38.00,0.15,,metric,12/10/2018 11:06
2013.00,BUFFRMFISHBM02,BUFFRMFish2013May28,main,8.00,14.00,38.00,0.13,,metric,12/10/2018 11:06
2013.00,BUFFRMFISHBM02,BUFFRMFish2013May28,main,9.00,16.00,38.00,0.18,,metric,12/10/2018 11:06
2013.00,BUFFRMFISHBM02,BUFFRMFish2013May28,main,10.00,18.00,50.00,0.15,,metric,12/10/2018 11:06
2013.00,BUFFRMFISHBM02,BUFFRMFish2013May28,main,11.00,20.00,52.00,0.16,,metric,12/10/2018 11:06
2013.00,BUFFRMFISHBM02,BUFFRMFish2013May28,main,12.00,22.00,54.00,0.16,,metric,12/10/2018 11:06
2013.00,BUFFRMFISHBM02,BUFFRMFish2013May28,main,13.00,24.00,58.00,0.17,,metric,12/10/2018 11:06
2013.00,BUFFRMFISHBM02,BUFFRMFish2013May28,main,14.00,26.00,60.00,0.16,,metric,12/10/2018 11:06
2013.00,BUFFRMFISHBM02,BUFFRMFish2013May28,main,15.00,28.00,64.00,0.14,,metric,12/10/2018 11:06
2013.00,BUFFRMFISHBM02,BUFFRMFish2013May28,main,16.00,30.00,68.00,0.16,,metric,12/10/2018 11:06
2013.00,BUFFRMFISHBM02,BUFFRMFish2013May28,main,17.00,32.00,59.00,0.16,,metric,12/10/2018 11:06
2013.00,BUFFRMFISHBM02,BUFFRMFish2013May28,main,18.00,34.00,50.00,0.19,,metric,12/10/2018 11:06
2013.00,BUFFRMFISHBM02,BUFFRMFish2013May28,main,19.00,36.00,40.00,0.19,,metric,12/10/2018 11:06
2013.00,BUFFRMFISHBM02,BUFFRMFish2013May28,main,20.00,38.00,14.00,0.00,,metric,12/10/2018 11:06
2013.00,BUFFRMFISHBM03,BUFFRMFish2013Jun19,main,1.00,0.00,0.00,0.00,,metric,12/10/2018 11:06
2013.00,BUFFRMFISHBM03,BUFFRMFish2013Jun19,main,2.00,1.50,18.00,0.01,,metric,12/10/2018 11:06
2013.00,BUFFRMFISHBM03,BUFFRMFish2013Jun19,main,3.00,3.00,20.00,0.41,,metric,12/10/2018 11:06
2013.00,BUFFRMFISHBM03,BUFFRMFish2013Jun19,main,4.00,4.50,24.00,0.54,,metric,12/10/2018 11:06
2013.00,BUFFRMFISHBM03,BUFFRMFish2013Jun19,main,5.00,6.00,28.00,0.62,,metric,12/10/2018 11:06
2013.00,BUFFRMFISHBM03,BUFFRMFish2013Jun19,main,6.00,7.50,32.00,0.51,,metric,12/10/2018 11:06
2013.00,BUFFRMFISHBM03,BUFFRMFish2013Jun19,main,7.00,9.00,26.00,0.60,,metric,12/10/2018 11:06
2013.00,BUFFRMFISHBM03,BUFFRMFish2013Jun19,main,8.00,10.50,30.00,0.53,,metric,12/10/2018 11:06
2013.00,BUFFRMFISHBM03,BUFFRMFish2013Jun19,main,9.00,12.00,32.00,0.69,,metric,12/10/2018 11:06
2013.00,BUFFRMFISHBM03,BUFFRMFish2013Jun19,main,10.00,13.50,30.00,0.74,,metric,12/10/2018 11:06
2013.00,BUFFRMFISHBM03,BUFFRMFish2013Jun19,main,11.00,15.00,32.00,0.75,,metric,12/10/2018 11:06
2013.00,BUFFRMFISHBM03,BUFFRMFish2013Jun19,main,12.00,16.50,34.00,0.82,,metric,12/10/2018 11:06
2013.00,BUFFRMFISHBM03,BUFFRMFish2013Jun19,main,13.00,18.00,34.00,0.78,,metric,12/10/2018 11:06
2013.00,BUFFRMFISHBM03,BUFFRMFish2013Jun19,main,14.00,19.50,32.00,0.75,,metric,12/10/2018 11:06
2013.00,BUFFRMFISHBM03,BUFFRMFish2013Jun19,main,15.00,21.00,30.00,0.60,,metric,12/10/2018 11:06
2013.00,BUFFRMFISHBM03,BUFFRMFish2013Jun19,main,16.00,22.50,10.00,0.34,,metric,12/10/2018 11:06
2013.00,BUFFRMFISHBM03,BUFFRMFish2013Jun19,main,17.00,24.00,4.00,0.22,,metric,12/10/2018 11:06
2013.00,BUFFRMFISHBM03,BUFFRMFish2013Jun19,main,18.00,25.30,0.00,0.00,,metric,12/10/2018 11:06
2013.00,BUFFRMFISHBM04,BUFFRMFish2013Jun17,main,1.00,0.00,0.00,0.00,,metric,12/10/2018 11:06
2013.00,BUFFRMFISHBM04,BUFFRMFish2013Jun17,main,2.00,2.00,6.00,0.01,,metric,12/10/2018 11:06
2013.00,BUFFRMFISHBM04,BUFFRMFish2013Jun17,main,3.00,4.00,14.00,0.00,,metric,12/10/2018 11:06
2013.00,BUFFRMFISHBM04,BUFFRMFish2013Jun17,main,4.00,6.00,30.00,0.04,,metric,12/10/2018 11:06
2013.00,BUFFRMFISHBM04,BUFFRMFish2013Jun17,main,5.00,8.00,30.00,0.03,,metric,12/10/2018 11:06
2013.00,BUFFRMFISHBM04,BUFFRMFish2013Jun17,main,6.00,10.00,46.00,0.07,,metric,12/10/2018 11:06
2013.00,BUFFRMFISHBM04,BUFFRMFish2013Jun17,main,7.00,12.00,54.00,0.07,,metric,12/10/2018 11:06
2013.00,BUFFRMFISHBM04,BUFFRMFish2013Jun17,main,8.00,14.00,68.00,0.13,,metric,12/10/2018 11:06
2013.00,BUFFRMFISHBM04,BUFFRMFish2013Jun17,main,9.00,16.00,86.00,0.13,,metric,12/10/2018 11:06
2013.00,BUFFRMFISHBM04,BUFFRMFish2013Jun17,main,10.00,18.00,96.00,0.14,,metric,12/10/2018 11:06
2013.00,BUFFRMFISHBM04,BUFFRMFish2013Jun17,main,11.00,20.00,86.00,0.21,,metric,12/10/2018 11:06
2013.00,BUFFRMFISHBM04,BUFFRMFish2013Jun17,main,12.00,22.00,67.00,0.28,,metric,12/10/2018 11:06
2013.00,BUFFRMFISHBM04,BUFFRMFish2013Jun17,main,13.00,24.00,68.00,0.40,,metric,12/10/2018 11:06
2013.00,BUFFRMFISHBM04,BUFFRMFish2013Jun17,main,14.00,26.00,57.00,0.32,,metric,12/10/2018 11:06
2013.00,BUFFRMFISHBM04,BUFFRMFish2013Jun17,main,15.00,28.00,54.00,0.44,,metric,12/10/2018 11:06
2013.00,BUFFRMFISHBM04,BUFFRMFish2013Jun17,main,16.00,30.00,58.00,0.45,,metric,12/10/2018 11:06
2013.00,BUFFRMFISHBM04,BUFFRMFish2013Jun17,main,17.00,32.00,56.00,0.51,,metric,12/10/2018 11:06
2013.00,BUFFRMFISHBM04,BUFFRMFish2013Jun17,main,18.00,34.00,56.00,0.43,,metric,12/10/2018 11:06
2013.00,BUFFRMFISHBM04,BUFFRMFish2013Jun17,main,19.00,36.00,50.00,0.40,,metric,12/10/2018 11:06
2013.00,BUFFRMFISHBM04,BUFFRMFish2013Jun17,main,20.00,38.00,44.00,0.42,,metric,12/10/2018 11:06
2013.00,BUFFRMFISHBM04,BUFFRMFish2013Jun17,main,21.00,40.00,40.00,0.34,,metric,12/10/2018 11:06
2013.00,BUFFRMFISHBM04,BUFFRMFish2013Jun17,main,22.00,42.00,33.00,0.28,,metric,12/10/2018 11:06
2013.00,BUFFRMFISHBM04,BUFFRMFish2013Jun17,main,23.00,44.00,21.00,0.06,,metric,12/10/2018 11:06
2013.00,BUFFRMFISHBM04,BUFFRMFish2013Jun17,main,24.00,46.00,6.00,0.01,,metric,12/10/2018 11:06
2013.00,BUFFRMFISHBM05,BUFFRMFish2013Jun18,main,1.00,0.00,0.00,0.00,,metric,12/10/2018 11:06
2013.00,BUFFRMFISHBM05,BUFFRMFish2013Jun18,main,2.00,2.00,6.00,0.01,,metric,12/10/2018 11:06
2013.00,BUFFRMFISHBM05,BUFFRMFish2013Jun18,main,3.00,4.00,14.00,0.04,,metric,12/10/2018 11:06
2013.00,BUFFRMFISHBM05,BUFFRMFish2013Jun18,main,4.00,6.00,26.00,0.13,,metric,12/10/2018 11:06
2013.00,BUFFRMFISHBM05,BUFFRMFish2013Jun18,main,5.00,8.00,48.00,0.32,,metric,12/10/2018 11:06
2013.00,BUFFRMFISHBM05,BUFFRMFish2013Jun18,main,6.00,10.00,66.00,0.39,,metric,12/10/2018 11:06
2013.00,BUFFRMFISHBM05,BUFFRMFish2013Jun18,main,7.00,12.00,68.00,0.47,,metric,12/10/2018 11:06
2013.00,BUFFRMFISHBM05,BUFFRMFish2013Jun18,main,8.00,14.00,74.00,0.51,,metric,12/10/2018 11:06
2013.00,BUFFRMFISHBM05,BUFFRMFish2013Jun18,main,9.00,16.00,78.00,0.53,,metric,12/10/2018 11:06
2013.00,BUFFRMFISHBM05,BUFFRMFish2013Jun18,main,10.00,18.00,80.00,0.48,,metric,12/10/2018 11:06
2013.00,BUFFRMFISHBM05,BUFFRMFish2013Jun18,main,11.00,20.00,76.00,0.54,,metric,12/10/2018 11:06
2013.00,BUFFRMFISHBM05,BUFFRMFish2013Jun18,main,12.00,22.00,80.00,0.48,,metric,12/10/2018 11:06
2013.00,BUFFRMFISHBM05,BUFFRMFish2013Jun18,main,13.00,24.00,76.00,0.50,,metric,12/10/2018 11:06
2013.00,BUFFRMFISHBM05,BUFFRMFish2013Jun18,main,14.00,26.00,54.00,0.46,,metric,12/10/2018 11:06
2013.00,BUFFRMFISHBM05,BUFFRMFish2013Jun18,main,15.00,28.00,38.00,0.53,,metric,12/10/2018 11:06
2013.00,BUFFRMFISHBM05,BUFFRMFish2013Jun18,main,16.00,30.00,20.00,0.43,,metric,12/10/2018 11:06
2013.00,BUFFRMFISHBM05,BUFFRMFish2013Jun18,main,17.00,32.00,8.00,0.17,,metric,12/10/2018 11:06
2013.00,BUFFRMFISHBM05,BUFFRMFish2013Jun18,main,18.00,34.00,8.00,0.05,,metric,12/10/2018 11:06
2013.00,BUFFRMFISHBM05,BUFFRMFish2013Jun18,main,19.00,36.00,10.00,0.03,,metric,12/10/2018 11:06
2013.00,BUFFRMFISHBM05,BUFFRMFish2013Jun18,main,20.00,38.00,18.00,0.02,,metric,12/10/2018 11:06
2013.00,BUFFRMFISHBM05,BUFFRMFish2013Jun18,main,21.00,40.00,2.00,0.05,,metric,12/10/2018 11:06
2013.00,BUFFRMFISHBM06,BUFFRMFish2013Jun11,main,1.00,0.00,0.00,0.00,,metric,12/10/2018 11:06
2013.00,BUFFRMFISHBM06,BUFFRMFish2013Jun11,main,2.00,4.00,48.00,0.56,,metric,12/10/2018 11:06
2013.00,BUFFRMFISHBM06,BUFFRMFish2013Jun11,main,3.00,8.00,68.00,0.70,,metric,12/10/2018 11:06
2013.00,BUFFRMFISHBM06,BUFFRMFish2013Jun11,main,4.00,12.00,72.00,0.73,,metric,12/10/2018 11:06
2013.00,BUFFRMFISHBM06,BUFFRMFish2013Jun11,main,5.00,16.00,66.00,0.83,,metric,12/10/2018 11:06
2013.00,BUFFRMFISHBM06,BUFFRMFish2013Jun11,main,6.00,20.00,66.00,0.74,,metric,12/10/2018 11:06
2013.00,BUFFRMFISHBM06,BUFFRMFish2013Jun11,main,7.00,24.00,58.00,0.72,,metric,12/10/2018 11:06
2013.00,BUFFRMFISHBM06,BUFFRMFish2013Jun11,main,8.00,28.00,50.00,0.60,,metric,12/10/2018 11:06
2013.00,BUFFRMFISHBM06,BUFFRMFish2013Jun11,main,9.00,32.00,44.00,0.72,,metric,12/10/2018 11:06
2013.00,BUFFRMFISHBM06,BUFFRMFish2013Jun11,main,10.00,36.00,38.00,0.59,,metric,12/10/2018 11:06
2013.00,BUFFRMFISHBM06,BUFFRMFish2013Jun11,main,11.00,40.00,34.00,0.67,,metric,12/10/2018 11:06
2013.00,BUFFRMFISHBM06,BUFFRMFish2013Jun11,main,12.00,44.00,32.00,0.63,,metric,12/10/2018 11:06
2013.00,BUFFRMFISHBM06,BUFFRMFish2013Jun11,main,13.00,48.00,30.00,0.62,,metric,12/10/2018 11:06
2013.00,BUFFRMFISHBM06,BUFFRMFish2013Jun11,main,14.00,52.00,34.00,0.60,,metric,12/10/2018 11:06
2013.00,BUFFRMFISHBM06,BUFFRMFish2013Jun11,main,15.00,56.00,32.00,0.57,,metric,12/10/2018 11:06
2013.00,BUFFRMFISHBM06,BUFFRMFish2013Jun11,main,16.00,60.00,40.00,0.60,,metric,12/10/2018 11:06
2013.00,BUFFRMFISHBM06,BUFFRMFish2013Jun11,main,17.00,64.00,0.00,0.00,,metric,12/10/2018 11:06
2013.00,BUFFRMFISHBT07,BUFFRMFish2013May21,main,1.00,0.00,0.00,0.00,,metric,12/10/2018 11:06
2013.00,BUFFRMFISHBT07,BUFFRMFish2013May21,main,2.00,1.00,17.00,0.14,,metric,12/10/2018 11:06
2013.00,BUFFRMFISHBT07,BUFFRMFish2013May21,main,3.00,2.00,22.00,0.19,,metric,12/10/2018 11:06
2013.00,BUFFRMFISHBT07,BUFFRMFish2013May21,main,4.00,3.00,26.00,0.25,,metric,12/10/2018 11:06
2013.00,BUFFRMFISHBT07,BUFFRMFish2013May21,main,5.00,4.00,28.00,0.27,,metric,12/10/2018 11:06
2013.00,BUFFRMFISHBT07,BUFFRMFish2013May21,main,6.00,5.00,32.00,0.27,,metric,12/10/2018 11:06
2013.00,BUFFRMFISHBT07,BUFFRMFish2013May21,main,7.00,6.00,26.00,0.28,,metric,12/10/2018 11:06
2013.00,BUFFRMFISHBT07,BUFFRMFish2013May21,main,8.00,7.00,20.00,0.22,,metric,12/10/2018 11:06
2013.00,BUFFRMFISHBT07,BUFFRMFish2013May21,main,9.00,8.00,14.00,0.17,,metric,12/10/2018 11:06
2013.00,BUFFRMFISHBT07,BUFFRMFish2013May21,main,10.00,9.00,10.00,0.04,,metric,12/10/2018 11:06
2013.00,BUFFRMFISHBT07,BUFFRMFish2013May21,main,11.00,10.00,8.00,0.06,,metric,12/10/2018 11:06
2013.00,BUFFRMFISHBT07,BUFFRMFish2013May21,main,12.00,11.00,6.00,0.03,,metric,12/10/2018 11:06
2013.00,BUFFRMFISHBT07,BUFFRMFish2013May21,main,13.00,12.00,1.00,0.00,,metric,12/10/2018 11:06
2013.00,BUFFRMFISHBT15,BUFFRMFish2013May20,main,1.00,0.00,0.00,0.00,,metric,12/10/2018 11:06
2013.00,BUFFRMFISHBT15,BUFFRMFish2013May20,main,2.00,0.50,9.00,0.08,,metric,12/10/2018 11:06
2013.00,BUFFRMFISHBT15,BUFFRMFish2013May20,main,3.00,1.00,10.00,0.10,,metric,12/10/2018 11:06
2013.00,BUFFRMFISHBT15,BUFFRMFish2013May20,main,4.00,1.50,12.00,0.12,,metric,12/10/2018 11:06
2013.00,BUFFRMFISHBT15,BUFFRMFish2013May20,main,5.00,2.00,16.00,0.14,,metric,12/10/2018 11:06
2013.00,BUFFRMFISHBT15,BUFFRMFish2013May20,main,6.00,2.50,15.00,0.08,,metric,12/10/2018 11:06
2013.00,BUFFRMFISHBT15,BUFFRMFish2013May20,main,7.00,3.00,18.00,0.16,,metric,12/10/2018 11:06
2013.00,BUFFRMFISHBT15,BUFFRMFish2013May20,main,8.00,3.50,19.00,0.17,,metric,12/10/2018 11:06
2013.00,BUFFRMFISHBT15,BUFFRMFish2013May20,main,9.00,4.00,21.00,0.17,,metric,12/10/2018 11:06
2013.00,BUFFRMFISHBT15,BUFFRMFish2013May20,main,10.00,4.50,22.00,0.16,,metric,12/10/2018 11:06
2013.00,BUFFRMFISHBT15,BUFFRMFish2013May20,main,11.00,5.00,23.00,0.15,,metric,12/10/2018 11:06
2013.00,BUFFRMFISHBT15,BUFFRMFish2013May20,main,12.00,5.50,12.00,0.06,,metric,12/10/2018 11:06
2013.00,BUFFRMFISHBT19,BUFFRMFish2013Jun06,main,1.00,0.00,0.00,0.00,,metric,12/10/2018 11:06
2013.00,BUFFRMFISHBT19,BUFFRMFish2013Jun06,main,2.00,1.00,13.00,0.14,,metric,12/10/2018 11:06
2013.00,BUFFRMFISHBT19,BUFFRMFish2013Jun06,main,3.00,2.00,16.00,0.11,,metric,12/10/2018 11:06
2013.00,BUFFRMFISHBT19,BUFFRMFish2013Jun06,main,4.00,3.00,18.00,0.20,,metric,12/10/2018 11:06
2013.00,BUFFRMFISHBT19,BUFFRMFish2013Jun06,main,5.00,4.00,24.00,0.19,,metric,12/10/2018 11:06
2013.00,BUFFRMFISHBT19,BUFFRMFish2013Jun06,main,6.00,5.00,19.00,0.17,,metric,12/10/2018 11:06
2013.00,BUFFRMFISHBT19,BUFFRMFish2013Jun06,main,7.00,6.00,26.00,0.14,,metric,12/10/2018 11:06
2013.00,BUFFRMFISHBT19,BUFFRMFish2013Jun06,main,8.00,7.00,47.00,0.16,,metric,12/10/2018 11:06
2013.00,BUFFRMFISHBT19,BUFFRMFish2013Jun06,main,9.00,8.00,60.00,0.19,,metric,12/10/2018 11:06
2013.00,BUFFRMFISHBT19,BUFFRMFish2013Jun06,main,10.00,9.00,66.00,0.20,,metric,12/10/2018 11:06
2013.00,BUFFRMFISHBT19,BUFFRMFish2013Jun06,main,11.00,10.00,56.00,0.20,,metric,12/10/2018 11:06
2013.00,BUFFRMFISHBT19,BUFFRMFish2013Jun06,main,12.00,11.00,58.00,0.22,,metric,12/10/2018 11:06
2013.00,BUFFRMFISHBT19,BUFFRMFish2013Jun06,main,13.00,12.00,52.00,0.21,,metric,12/10/2018 11:06
2013.00,BUFFRMFISHBT19,BUFFRMFish2013Jun06,main,14.00,13.00,50.00,0.19,,metric,12/10/2018 11:06
2013.00,BUFFRMFISHBT19,BUFFRMFish2013Jun06,main,15.00,14.00,72.00,0.10,,metric,12/10/2018 11:06
2013.00,BUFFRMFISHBT19,BUFFRMFish2013Jun06,main,16.00,15.00,69.00,0.11,,metric,12/10/2018 11:06
2013.00,BUFFRMFISHBT19,BUFFRMFish2013Jun06,main,17.00,16.00,0.00,0.00,,metric,12/10/2018 11:06
2013.00,BUFFRMFISHBT20,BUFFRMFish2013Jun10,main,1.00,0.00,0.00,0.00,,metric,12/10/2018 11:06
2013.00,BUFFRMFISHBT20,BUFFRMFish2013Jun10,main,2.00,1.00,16.00,0.10,,metric,12/10/2018 11:06
2013.00,BUFFRMFISHBT20,BUFFRMFish2013Jun10,main,3.00,2.00,22.00,0.15,,metric,12/10/2018 11:06
2013.00,BUFFRMFISHBT20,BUFFRMFish2013Jun10,main,4.00,3.00,28.00,0.12,,metric,12/10/2018 11:06
2013.00,BUFFRMFISHBT20,BUFFRMFish2013Jun10,main,5.00,4.00,32.00,0.09,,metric,12/10/2018 11:06
2013.00,BUFFRMFISHBT20,BUFFRMFish2013Jun10,main,6.00,5.00,32.00,0.12,,metric,12/10/2018 11:06
2013.00,BUFFRMFISHBT20,BUFFRMFish2013Jun10,main,7.00,6.00,36.00,0.14,,metric,12/10/2018 11:06
2013.00,BUFFRMFISHBT20,BUFFRMFish2013Jun10,main,8.00,7.00,40.00,0.15,,metric,12/10/2018 11:06
2013.00,BUFFRMFISHBT20,BUFFRMFish2013Jun10,main,9.00,8.00,55.00,0.22,,metric,12/10/2018 11:06
2013.00,BUFFRMFISHBT20,BUFFRMFish2013Jun10,main,10.00,9.00,50.00,0.26,,metric,12/10/2018 11:06
2013.00,BUFFRMFISHBT20,BUFFRMFish2013Jun10,main,11.00,10.00,54.00,0.29,,metric,12/10/2018 11:06
2013.00,BUFFRMFISHBT20,BUFFRMFish2013Jun10,main,12.00,11.00,52.00,0.26,,metric,12/10/2018 11:06
2013.00,BUFFRMFISHBT20,BUFFRMFish2013Jun10,main,13.00,12.00,54.00,0.28,,metric,12/10/2018 11:06
2013.00,BUFFRMFISHBT20,BUFFRMFish2013Jun10,main,14.00,13.00,50.00,0.26,,metric,12/10/2018 11:06
2013.00,BUFFRMFISHBT20,BUFFRMFish2013Jun10,main,15.00,14.00,42.00,0.24,,metric,12/10/2018 11:06
2013.00,BUFFRMFISHBT20,BUFFRMFish2013Jun10,main,16.00,15.00,36.00,0.26,,metric,12/10/2018 11:06
2013.00,BUFFRMFISHBT20,BUFFRMFish2013Jun10,main,17.00,16.00,30.00,0.27,,metric,12/10/2018 11:06
2013.00,BUFFRMFISHBT20,BUFFRMFish2013Jun10,main,18.00,17.00,22.00,0.20,,metric,12/10/2018 11:06
2013.00,BUFFRMFISHBT20,BUFFRMFish2013Jun10,main,19.00,18.00,22.00,0.24,,metric,12/10/2018 11:06
2013.00,BUFFRMFISHBT20,BUFFRMFish2013Jun10,main,20.00,19.00,22.00,0.21,,metric,12/10/2018 11:06
2013.00,BUFFRMFISHBT20,BUFFRMFish2013Jun10,main,21.00,20.00,36.00,0.18,,metric,12/10/2018 11:06
2013.00,BUFFRMFISHBT20,BUFFRMFish2013Jun10,main,22.00,21.00,42.00,0.17,,metric,12/10/2018 11:06
2013.00,BUFFRMFISHBT20,BUFFRMFish2013Jun10,main,23.00,22.00,36.00,0.16,,metric,12/10/2018 11:06
2013.00,BUFFRMFISHBT20,BUFFRMFish2013Jun10,main,24.00,23.00,26.00,0.11,,metric,12/10/2018 11:06
2013.00,BUFFRMFISHBT20,BUFFRMFish2013Jun10,main,25.00,24.00,32.00,0.00,,metric,12/10/2018 11:06
2013.00,BUFFRMFISHBT27,BUFFRMFish2013May20,main,1.00,0.00,0.00,0.00,,metric,12/10/2018 11:06
2013.00,BUFFRMFISHBT27,BUFFRMFish2013May20,main,2.00,0.50,38.00,0.00,,metric,12/10/2018 11:06
2013.00,BUFFRMFISHBT27,BUFFRMFish2013May20,main,3.00,1.00,38.00,0.03,,metric,12/10/2018 11:06
2013.00,BUFFRMFISHBT27,BUFFRMFish2013May20,main,4.00,1.50,32.00,0.14,,metric,12/10/2018 11:06
2013.00,BUFFRMFISHBT27,BUFFRMFish2013May20,main,5.00,2.00,32.00,0.10,,metric,12/10/2018 11:06
2013.00,BUFFRMFISHBT27,BUFFRMFish2013May20,main,6.00,2.50,28.00,0.12,,metric,12/10/2018 11:06
2013.00,BUFFRMFISHBT27,BUFFRMFish2013May20,main,7.00,3.00,26.00,0.14,,metric,12/10/2018 11:06
2013.00,BUFFRMFISHBT27,BUFFRMFish2013May20,main,8.00,3.50,31.00,0.17,,metric,12/10/2018 11:06
2013.00,BUFFRMFISHBT27,BUFFRMFish2013May20,main,9.00,4.00,32.00,0.11,,metric,12/10/2018 11:06
2013.00,BUFFRMFISHBT27,BUFFRMFish2013May20,main,10.00,4.50,30.00,0.15,,metric,12/10/2018 11:06
2013.00,BUFFRMFISHBT27,BUFFRMFish2013May20,main,11.00,5.00,28.00,0.11,,metric,12/10/2018 11:06
2013.00,BUFFRMFISHBT27,BUFFRMFish2013May20,main,12.00,5.50,22.00,0.09,,metric,12/10/2018 11:06
2013.00,BUFFRMFISHBT27,BUFFRMFish2013May20,main,13.00,6.00,26.00,0.12,,metric,12/10/2018 11:06
2013.00,BUFFRMFISHBT27,BUFFRMFish2013May20,main,14.00,6.50,24.00,0.15,,metric,12/10/2018 11:06
2013.00,BUFFRMFISHBT27,BUFFRMFish2013May20,main,15.00,7.00,23.00,0.14,,metric,12/10/2018 11:06
2013.00,BUFFRMFISHBT27,BUFFRMFish2013May20,main,16.00,7.50,24.00,0.14,,metric,12/10/2018 11:06
2013.00,BUFFRMFISHBT27,BUFFRMFish2013May20,main,17.00,8.00,23.00,0.13,,metric,12/10/2018 11:06
2013.00,BUFFRMFISHBT27,BUFFRMFish2013May20,main,18.00,8.50,24.00,0.12,,metric,12/10/2018 11:06
2013.00,BUFFRMFISHBT27,BUFFRMFish2013May20,main,19.00,9.00,25.00,0.09,,metric,12/10/2018 11:06
2013.00,BUFFRMFISHBT27,BUFFRMFish2013May20,main,20.00,9.50,27.00,0.09,,metric,12/10/2018 11:06
2013.00,BUFFRMFISHBT27,BUFFRMFish2013May20,main,21.00,10.00,29.00,0.06,,metric,12/10/2018 11:06
2013.00,BUFFRMFISHBT27,BUFFRMFish2013May20,main,22.00,10.50,28.00,0.10,,metric,12/10/2018 11:06
2013.00,BUFFRMFISHBT27,BUFFRMFish2013May20,main,23.00,11.00,26.00,0.04,,metric,12/10/2018 11:06
2013.00,BUFFRMFISHBT27,BUFFRMFish2013May20,main,24.00,11.50,2.00,0.00,,metric,12/10/2018 11:06
2013.00,BUFFRMFISHBT27,BUFFRMFish2013May20,main,25.00,12.00,0.00,0.00,,metric,12/10/2018 11:06
2013.00,BUFFRMFISHBT30,BUFFRMFish2013Jun12,main,1.00,0.00,0.00,0.00,,metric,12/10/2018 11:06
2013.00,BUFFRMFISHBT30,BUFFRMFish2013Jun12,main,2.00,0.50,18.00,0.04,,metric,12/10/2018 11:06
2013.00,BUFFRMFISHBT30,BUFFRMFish2013Jun12,main,3.00,1.00,18.00,0.02,,metric,12/10/2018 11:06
2013.00,BUFFRMFISHBT30,BUFFRMFish2013Jun12,main,4.00,1.50,11.00,0.03,,metric,12/10/2018 11:06
2013.00,BUFFRMFISHBT30,BUFFRMFish2013Jun12,main,5.00,2.00,16.00,0.06,,metric,12/10/2018 11:06
2013.00,BUFFRMFISHBT30,BUFFRMFish2013Jun12,main,6.00,2.50,19.00,0.07,,metric,12/10/2018 11:06
2013.00,BUFFRMFISHBT30,BUFFRMFish2013Jun12,main,7.00,3.00,24.00,0.08,,metric,12/10/2018 11:06
2013.00,BUFFRMFISHBT30,BUFFRMFish2013Jun12,main,8.00,3.50,22.00,0.05,,metric,12/10/2018 11:06
2013.00,BUFFRMFISHBT30,BUFFRMFish2013Jun12,main,9.00,4.00,11.00,0.05,,metric,12/10/2018 11:06
2013.00,BUFFRMFISHBT30,BUFFRMFish2013Jun12,main,10.00,4.50,10.00,0.04,,metric,12/10/2018 11:06
2013.00,BUFFRMFISHBT30,BUFFRMFish2013Jun12,main,11.00,5.00,8.00,0.03,,metric,12/10/2018 11:06
2013.00,BUFFRMFISHBT30,BUFFRMFish2013Jun12,main,12.00,5.50,5.00,0.00,,metric,12/10/2018 11:06
2013.00,BUFFRMFISHBT30,BUFFRMFish2013Jun12,main,13.00,6.00,2.00,0.00,,metric,12/10/2018 11:06
2013.00,BUFFRMFISHBT31,BUFFRMFish2013Jun12,main,1.00,0.00,0.00,0.00,,metric,12/10/2018 11:06
2013.00,BUFFRMFISHBT31,BUFFRMFish2013Jun12,main,2.00,0.40,10.00,-0.02,,metric,12/10/2018 11:06
2013.00,BUFFRMFISHBT31,BUFFRMFish2013Jun12,main,3.00,0.80,10.00,0.01,,metric,12/10/2018 11:06
2013.00,BUFFRMFISHBT31,BUFFRMFish2013Jun12,main,4.00,1.20,12.00,0.06,,metric,12/10/2018 11:06
2013.00,BUFFRMFISHBT31,BUFFRMFish2013Jun12,main,5.00,1.60,12.00,0.05,,metric,12/10/2018 11:06
2013.00,BUFFRMFISHBT31,BUFFRMFish2013Jun12,main,6.00,2.00,8.00,0.08,,metric,12/10/2018 11:06
2013.00,BUFFRMFISHBT31,BUFFRMFish2013Jun12,main,7.00,2.40,8.00,0.07,,metric,12/10/2018 11:06
2013.00,BUFFRMFISHBT31,BUFFRMFish2013Jun12,main,8.00,2.80,12.00,0.06,,metric,12/10/2018 11:06
2013.00,BUFFRMFISHBT31,BUFFRMFish2013Jun12,main,9.00,3.20,10.00,0.05,,metric,12/10/2018 11:06
2013.00,BUFFRMFISHBT31,BUFFRMFish2013Jun12,main,10.00,3.60,8.00,0.06,,metric,12/10/2018 11:06
2013.00,BUFFRMFISHBT31,BUFFRMFish2013Jun12,main,11.00,4.00,8.00,0.05,,metric,12/10/2018 11:06
2013.00,BUFFRMFISHBT31,BUFFRMFish2013Jun12,main,12.00,4.40,6.00,0.04,,metric,12/10/2018 11:06
2013.00,BUFFRMFISHBT31,BUFFRMFish2013Jun12,main,13.00,4.80,2.00,0.05,,metric,12/10/2018 11:06
2013.00,BUFFRMFISHBT31,BUFFRMFish2013Jun12,main,14.00,5.20,4.00,0.06,,metric,12/10/2018 11:06
2013.00,BUFFRMFISHBT31,BUFFRMFish2013Jun12,main,15.00,5.60,2.00,0.05,,metric,12/10/2018 11:06
2013.00,BUFFRMFISHBT31,BUFFRMFish2013Jun12,main,16.00,6.00,0.00,0.00,,metric,12/10/2018 11:06
2015.00,BUFFRMFISHBM01,BUFFrmfish2015Jun05,Main,1.00,0.00,0.00,0.00,,metric,12/10/2018 11:07
2015.00,BUFFRMFISHBM01,BUFFrmfish2015Jun05,Main,2.00,2.00,20.00,0.02,,metric,12/10/2018 11:07
2015.00,BUFFRMFISHBM01,BUFFrmfish2015Jun05,Main,3.00,4.00,26.00,0.01,,metric,12/10/2018 11:07
2015.00,BUFFRMFISHBM01,BUFFrmfish2015Jun05,Main,4.00,6.00,65.00,0.03,,metric,12/10/2018 11:07
2015.00,BUFFRMFISHBM01,BUFFrmfish2015Jun05,Main,5.00,8.00,63.00,0.05,,metric,12/10/2018 11:07
2015.00,BUFFRMFISHBM01,BUFFrmfish2015Jun05,Main,6.00,10.00,68.00,0.07,,metric,12/10/2018 11:07
2015.00,BUFFRMFISHBM01,BUFFrmfish2015Jun05,Main,7.00,12.00,57.00,0.04,,metric,12/10/2018 11:07
2015.00,BUFFRMFISHBM01,BUFFrmfish2015Jun05,Main,8.00,14.00,74.00,0.06,,metric,12/10/2018 11:07
2015.00,BUFFRMFISHBM01,BUFFrmfish2015Jun05,Main,9.00,16.00,83.00,0.06,,metric,12/10/2018 11:07
2015.00,BUFFRMFISHBM01,BUFFrmfish2015Jun05,Main,10.00,18.00,90.00,0.05,,metric,12/10/2018 11:07
2015.00,BUFFRMFISHBM01,BUFFrmfish2015Jun05,Main,11.00,20.00,88.00,0.07,,metric,12/10/2018 11:07
2015.00,BUFFRMFISHBM01,BUFFrmfish2015Jun05,Main,12.00,22.00,101.00,0.07,,metric,12/10/2018 11:07
2015.00,BUFFRMFISHBM01,BUFFrmfish2015Jun05,Main,13.00,24.00,108.00,0.07,,metric,12/10/2018 11:07
2015.00,BUFFRMFISHBM01,BUFFrmfish2015Jun05,Main,14.00,26.00,104.00,0.09,,metric,12/10/2018 11:07
2015.00,BUFFRMFISHBM01,BUFFrmfish2015Jun05,Main,15.00,28.00,102.00,0.11,,metric,12/10/2018 11:07
2015.00,BUFFRMFISHBM01,BUFFrmfish2015Jun05,Main,16.00,30.00,101.00,0.05,,metric,12/10/2018 11:07
2015.00,BUFFRMFISHBM01,BUFFrmfish2015Jun05,Main,17.00,32.00,101.00,0.08,,metric,12/10/2018 11:07
2015.00,BUFFRMFISHBM01,BUFFrmfish2015Jun05,Main,18.00,34.00,96.00,0.05,,metric,12/10/2018 11:07
2015.00,BUFFRMFISHBM01,BUFFrmfish2015Jun05,Main,19.00,36.00,82.00,0.06,,metric,12/10/2018 11:07
2015.00,BUFFRMFISHBM01,BUFFrmfish2015Jun05,Main,20.00,38.00,40.00,0.01,,metric,12/10/2018 11:07
2015.00,BUFFRMFISHBM02,BUFFrmfish2015Jun09,Main,1.00,0.00,0.00,0.00,,metric,12/10/2018 11:07
2015.00,BUFFRMFISHBM02,BUFFrmfish2015Jun09,Main,2.00,2.00,51.00,0.04,,metric,12/10/2018 11:07
2015.00,BUFFRMFISHBM02,BUFFrmfish2015Jun09,Main,3.00,4.00,58.00,0.16,,metric,12/10/2018 11:07
2015.00,BUFFRMFISHBM02,BUFFrmfish2015Jun09,Main,4.00,6.00,46.00,0.25,,metric,12/10/2018 11:07
2015.00,BUFFRMFISHBM02,BUFFrmfish2015Jun09,Main,5.00,8.00,48.00,0.28,,metric,12/10/2018 11:07
2015.00,BUFFRMFISHBM02,BUFFrmfish2015Jun09,Main,6.00,10.00,56.00,0.38,,metric,12/10/2018 11:07
2015.00,BUFFRMFISHBM02,BUFFrmfish2015Jun09,Main,7.00,12.00,58.00,0.46,,metric,12/10/2018 11:07
2015.00,BUFFRMFISHBM02,BUFFrmfish2015Jun09,Main,8.00,14.00,70.00,0.40,,metric,12/10/2018 11:07
2015.00,BUFFRMFISHBM02,BUFFrmfish2015Jun09,Main,9.00,16.00,70.00,0.51,,metric,12/10/2018 11:07
2015.00,BUFFRMFISHBM02,BUFFrmfish2015Jun09,Main,10.00,18.00,73.00,0.38,,metric,12/10/2018 11:07
2015.00,BUFFRMFISHBM02,BUFFrmfish2015Jun09,Main,11.00,20.00,69.00,0.34,,metric,12/10/2018 11:07
2015.00,BUFFRMFISHBM02,BUFFrmfish2015Jun09,Main,12.00,22.00,60.00,0.27,,metric,12/10/2018 11:07
2015.00,BUFFRMFISHBM02,BUFFrmfish2015Jun09,Main,13.00,24.00,50.00,0.23,,metric,12/10/2018 11:07
2015.00,BUFFRMFISHBM02,BUFFrmfish2015Jun09,Main,14.00,26.00,40.00,0.19,,metric,12/10/2018 11:07
2015.00,BUFFRMFISHBM02,BUFFrmfish2015Jun09,Main,15.00,28.00,37.00,0.16,,metric,12/10/2018 11:07
2015.00,BUFFRMFISHBM02,BUFFrmfish2015Jun09,Main,16.00,30.00,35.00,0.15,,metric,12/10/2018 11:07
2015.00,BUFFRMFISHBM02,BUFFrmfish2015Jun09,Main,17.00,32.00,35.00,0.19,,metric,12/10/2018 11:07
2015.00,BUFFRMFISHBM02,BUFFrmfish2015Jun09,Main,18.00,34.00,39.00,0.17,,metric,12/10/2018 11:07
2015.00,BUFFRMFISHBM02,BUFFrmfish2015Jun09,Main,19.00,36.00,40.00,0.01,,metric,12/10/2018 11:07
2015.00,BUFFRMFISHBM02,BUFFrmfish2015Jun09,Main,20.00,38.00,20.00,0.01,,metric,12/10/2018 11:07
2015.00,BUFFRMFISHBM02,BUFFrmfish2015Jun09,Main,21.00,38.50,8.00,0.03,,metric,12/10/2018 11:07
2015.00,BUFFRMFISHBM03,BUFFrmfish2015Jun30,Main,1.00,0.00,0.00,0.00,,metric,12/10/2018 11:07
2015.00,BUFFRMFISHBM03,BUFFrmfish2015Jun30,Main,2.00,2.00,6.00,0.31,,metric,12/10/2018 11:07
2015.00,BUFFRMFISHBM03,BUFFrmfish2015Jun30,Main,3.00,4.00,10.00,0.40,,metric,12/10/2018 11:07
2015.00,BUFFRMFISHBM03,BUFFrmfish2015Jun30,Main,4.00,6.00,30.00,0.60,,metric,12/10/2018 11:07
2015.00,BUFFRMFISHBM03,BUFFrmfish2015Jun30,Main,5.00,8.00,46.00,0.87,,metric,12/10/2018 11:07
2015.00,BUFFRMFISHBM03,BUFFrmfish2015Jun30,Main,6.00,10.00,50.00,1.04,,metric,12/10/2018 11:07
2015.00,BUFFRMFISHBM03,BUFFrmfish2015Jun30,Main,7.00,12.00,48.00,1.16,,metric,12/10/2018 11:07
2015.00,BUFFRMFISHBM03,BUFFrmfish2015Jun30,Main,8.00,14.00,46.00,1.05,,metric,12/10/2018 11:07
2015.00,BUFFRMFISHBM03,BUFFrmfish2015Jun30,Main,9.00,16.00,54.00,1.20,,metric,12/10/2018 11:07
2015.00,BUFFRMFISHBM03,BUFFrmfish2015Jun30,Main,10.00,18.00,62.00,1.33,,metric,12/10/2018 11:07
2015.00,BUFFRMFISHBM03,BUFFrmfish2015Jun30,Main,11.00,20.00,64.00,1.25,,metric,12/10/2018 11:07
2015.00,BUFFRMFISHBM03,BUFFrmfish2015Jun30,Main,12.00,22.00,76.00,1.27,,metric,12/10/2018 11:07
2015.00,BUFFRMFISHBM03,BUFFrmfish2015Jun30,Main,13.00,24.00,66.00,1.28,,metric,12/10/2018 11:07
2015.00,BUFFRMFISHBM03,BUFFrmfish2015Jun30,Main,14.00,26.00,40.00,0.80,,metric,12/10/2018 11:07
2015.00,BUFFRMFISHBM03,BUFFrmfish2015Jun30,Main,15.00,28.00,2.00,0.06,,metric,12/10/2018 11:07
2015.00,BUFFRMFISHBM04,BUFFrmfish2015Jul01,Main,1.00,0.00,0.00,0.00,,metric,12/10/2018 11:07
2015.00,BUFFRMFISHBM04,BUFFrmfish2015Jul01,Main,2.00,1.00,4.00,0.05,,metric,12/10/2018 11:07
2015.00,BUFFRMFISHBM04,BUFFrmfish2015Jul01,Main,3.00,2.00,14.00,0.37,,metric,12/10/2018 11:07
2015.00,BUFFRMFISHBM04,BUFFrmfish2015Jul01,Main,4.00,3.00,30.00,0.69,,metric,12/10/2018 11:07
2015.00,BUFFRMFISHBM04,BUFFrmfish2015Jul01,Main,5.00,4.00,30.00,0.65,,metric,12/10/2018 11:07
2015.00,BUFFRMFISHBM04,BUFFrmfish2015Jul01,Main,6.00,5.00,38.00,0.67,,metric,12/10/2018 11:07
2015.00,BUFFRMFISHBM04,BUFFrmfish2015Jul01,Main,7.00,6.00,40.00,0.80,,metric,12/10/2018 11:07
2015.00,BUFFRMFISHBM04,BUFFrmfish2015Jul01,Main,8.00,7.00,38.00,0.97,,metric,12/10/2018 11:07
2015.00,BUFFRMFISHBM04,BUFFrmfish2015Jul01,Main,9.00,8.00,38.00,1.07,,metric,12/10/2018 11:07
2015.00,BUFFRMFISHBM04,BUFFrmfish2015Jul01,Main,10.00,9.00,42.00,1.05,,metric,12/10/2018 11:07
2015.00,BUFFRMFISHBM04,BUFFrmfish2015Jul01,Main,11.00,10.00,58.00,1.02,,metric,12/10/2018 11:07
2015.00,BUFFRMFISHBM04,BUFFrmfish2015Jul01,Main,12.00,11.00,58.00,1.27,,metric,12/10/2018 11:07
2015.00,BUFFRMFISHBM04,BUFFrmfish2015Jul01,Main,13.00,12.00,72.00,1.07,,metric,12/10/2018 11:07
2015.00,BUFFRMFISHBM04,BUFFrmfish2015Jul01,Main,14.00,13.00,74.00,1.13,,metric,12/10/2018 11:07
2015.00,BUFFRMFISHBM04,BUFFrmfish2015Jul01,Main,15.00,14.00,74.00,1.25,,metric,12/10/2018 11:07
2015.00,BUFFRMFISHBM04,BUFFrmfish2015Jul01,Main,16.00,15.00,76.00,1.05,,metric,12/10/2018 11:07
2015.00,BUFFRMFISHBM04,BUFFrmfish2015Jul01,Main,17.00,16.00,74.00,1.03,,metric,12/10/2018 11:07
2015.00,BUFFRMFISHBM04,BUFFrmfish2015Jul01,Main,18.00,17.00,78.00,0.92,,metric,12/10/2018 11:07
2015.00,BUFFRMFISHBM04,BUFFrmfish2015Jul01,Main,19.00,18.00,72.00,0.67,,metric,12/10/2018 11:07
2015.00,BUFFRMFISHBM04,BUFFrmfish2015Jul01,Main,20.00,19.00,64.00,0.57,,metric,12/10/2018 11:07
2015.00,BUFFRMFISHBM04,BUFFrmfish2015Jul01,Main,21.00,20.00,32.00,0.37,,metric,12/10/2018 11:07
2015.00,BUFFRMFISHBM04,BUFFrmfish2015Jul01,Main,22.00,21.00,20.00,0.15,,metric,12/10/2018 11:07
2015.00,BUFFRMFISHBM04,BUFFrmfish2015Jul01,Main,23.00,22.00,2.00,0.00,,metric,12/10/2018 11:07
2015.00,BUFFRMFISHBT05,BUFFrmfish2015Jun03,Main,1.00,0.00,0.00,0.00,,metric,12/10/2018 11:07
2015.00,BUFFRMFISHBT05,BUFFrmfish2015Jun03,Main,2.00,0.50,20.00,0.05,,metric,12/10/2018 11:07
2015.00,BUFFRMFISHBT05,BUFFrmfish2015Jun03,Main,3.00,1.00,30.00,0.04,,metric,12/10/2018 11:07
2015.00,BUFFRMFISHBT05,BUFFrmfish2015Jun03,Main,4.00,1.50,28.00,0.07,,metric,12/10/2018 11:07
2015.00,BUFFRMFISHBT05,BUFFrmfish2015Jun03,Main,5.00,2.00,32.00,0.03,,metric,12/10/2018 11:07
2015.00,BUFFRMFISHBT05,BUFFrmfish2015Jun03,Main,6.00,2.50,54.00,0.03,,metric,12/10/2018 11:07
2015.00,BUFFRMFISHBT05,BUFFrmfish2015Jun03,Main,7.00,3.00,65.00,0.08,,metric,12/10/2018 11:07
2015.00,BUFFRMFISHBT05,BUFFrmfish2015Jun03,Main,8.00,3.50,74.00,0.17,,metric,12/10/2018 11:07
2015.00,BUFFRMFISHBT05,BUFFrmfish2015Jun03,Main,9.00,4.00,79.00,0.16,,metric,12/10/2018 11:07
2015.00,BUFFRMFISHBT05,BUFFrmfish2015Jun03,Main,10.00,4.50,69.00,0.18,,metric,12/10/2018 11:07
2015.00,BUFFRMFISHBT05,BUFFrmfish2015Jun03,Main,11.00,5.00,64.00,0.11,,metric,12/10/2018 11:07
2015.00,BUFFRMFISHBT05,BUFFrmfish2015Jun03,Main,12.00,5.50,68.00,0.17,,metric,12/10/2018 11:07
2015.00,BUFFRMFISHBT05,BUFFrmfish2015Jun03,Main,13.00,6.00,64.00,0.23,,metric,12/10/2018 11:07
2015.00,BUFFRMFISHBT05,BUFFrmfish2015Jun03,Main,14.00,6.50,64.00,0.31,,metric,12/10/2018 11:07
2015.00,BUFFRMFISHBT05,BUFFrmfish2015Jun03,Main,15.00,7.00,64.00,0.52,,metric,12/10/2018 11:07
2015.00,BUFFRMFISHBT05,BUFFrmfish2015Jun03,Main,16.00,7.50,63.00,0.46,,metric,12/10/2018 11:07
2015.00,BUFFRMFISHBT05,BUFFrmfish2015Jun03,Main,17.00,8.00,50.00,0.37,,metric,12/10/2018 11:07
2015.00,BUFFRMFISHBT05,BUFFrmfish2015Jun03,Main,18.00,8.50,28.00,0.30,,metric,12/10/2018 11:07
2015.00,BUFFRMFISHBT05,BUFFrmfish2015Jun03,Main,19.00,9.00,20.00,0.06,,metric,12/10/2018 11:07
2015.00,BUFFRMFISHBT05,BUFFrmfish2015Jun03,Main,20.00,9.50,4.00,0.02,,metric,12/10/2018 11:07
2015.00,BUFFRMFISHBT07,BUFFrmfish2015May22,Main,1.00,0.00,0.00,0.00,,metric,12/10/2018 11:07
2015.00,BUFFRMFISHBT07,BUFFrmfish2015May22,Main,2.00,0.50,7.00,0.03,,metric,12/10/2018 11:07
2015.00,BUFFRMFISHBT07,BUFFrmfish2015May22,Main,3.00,1.00,24.00,0.19,,metric,12/10/2018 11:07
2015.00,BUFFRMFISHBT07,BUFFrmfish2015May22,Main,4.00,1.50,36.00,0.60,,metric,12/10/2018 11:07
2015.00,BUFFRMFISHBT07,BUFFrmfish2015May22,Main,5.00,2.00,46.00,0.68,,metric,12/10/2018 11:07
2015.00,BUFFRMFISHBT07,BUFFrmfish2015May22,Main,6.00,2.50,50.00,0.96,,metric,12/10/2018 11:07
2015.00,BUFFRMFISHBT07,BUFFrmfish2015May22,Main,7.00,3.00,52.00,0.77,,metric,12/10/2018 11:07
2015.00,BUFFRMFISHBT07,BUFFrmfish2015May22,Main,8.00,3.50,49.00,1.05,,metric,12/10/2018 11:07
2015.00,BUFFRMFISHBT07,BUFFrmfish2015May22,Main,9.00,4.00,42.00,0.97,,metric,12/10/2018 11:07
2015.00,BUFFRMFISHBT07,BUFFrmfish2015May22,Main,10.00,4.50,42.00,1.07,,metric,12/10/2018 11:07
2015.00,BUFFRMFISHBT07,BUFFrmfish2015May22,Main,11.00,5.00,44.00,1.18,,metric,12/10/2018 11:07
2015.00,BUFFRMFISHBT07,BUFFrmfish2015May22,Main,12.00,5.50,43.00,0.98,,metric,12/10/2018 11:07
2015.00,BUFFRMFISHBT07,BUFFrmfish2015May22,Main,13.00,6.00,36.00,0.91,,metric,12/10/2018 11:07
2015.00,BUFFRMFISHBT07,BUFFrmfish2015May22,Main,14.00,6.50,32.00,0.99,,metric,12/10/2018 11:07
2015.00,BUFFRMFISHBT07,BUFFrmfish2015May22,Main,15.00,7.00,31.00,0.81,,metric,12/10/2018 11:07
2015.00,BUFFRMFISHBT07,BUFFrmfish2015May22,Main,16.00,7.50,25.00,0.81,,metric,12/10/2018 11:07
2015.00,BUFFRMFISHBT07,BUFFrmfish2015May22,Main,17.00,8.00,22.00,0.38,,metric,12/10/2018 11:07
2015.00,BUFFRMFISHBT07,BUFFrmfish2015May22,Main,18.00,8.50,17.00,0.09,,metric,12/10/2018 11:07
2015.00,BUFFRMFISHBT09,BUFFrmfish2015Jun10,Main,1.00,0.00,0.00,0.00,,metric,12/10/2018 11:07
2015.00,BUFFRMFISHBT09,BUFFrmfish2015Jun10,Main,2.00,1.50,20.00,0.02,,metric,12/10/2018 11:07
2015.00,BUFFRMFISHBT09,BUFFrmfish2015Jun10,Main,3.00,3.00,32.00,0.01,,metric,12/10/2018 11:07
2015.00,BUFFRMFISHBT09,BUFFrmfish2015Jun10,Main,4.00,4.50,50.00,0.03,,metric,12/10/2018 11:07
2015.00,BUFFRMFISHBT09,BUFFrmfish2015Jun10,Main,5.00,6.00,52.00,0.03,,metric,12/10/2018 11:07
2015.00,BUFFRMFISHBT09,BUFFrmfish2015Jun10,Main,6.00,7.50,70.00,0.06,,metric,12/10/2018 11:07
2015.00,BUFFRMFISHBT09,BUFFrmfish2015Jun10,Main,7.00,9.00,65.00,0.31,,metric,12/10/2018 11:07
2015.00,BUFFRMFISHBT09,BUFFrmfish2015Jun10,Main,8.00,10.50,72.00,0.56,,metric,12/10/2018 11:07
2015.00,BUFFRMFISHBT09,BUFFrmfish2015Jun10,Main,9.00,12.00,72.00,0.81,,metric,12/10/2018 11:07
2015.00,BUFFRMFISHBT09,BUFFrmfish2015Jun10,Main,10.00,13.50,64.00,0.72,,metric,12/10/2018 11:07
2015.00,BUFFRMFISHBT09,BUFFrmfish2015Jun10,Main,11.00,15.00,48.00,0.59,,metric,12/10/2018 11:07
2015.00,BUFFRMFISHBT09,BUFFrmfish2015Jun10,Main,12.00,16.50,30.00,0.39,,metric,12/10/2018 11:07
2015.00,BUFFRMFISHBT09,BUFFrmfish2015Jun10,Main,13.00,18.00,30.00,0.19,,metric,12/10/2018 11:07
2015.00,BUFFRMFISHBT09,BUFFrmfish2015Jun10,Main,14.00,19.50,20.00,0.05,,metric,12/10/2018 11:07
2015.00,BUFFRMFISHBT09,BUFFrmfish2015Jun10,Main,15.00,19.90,14.00,0.03,behind rock,metric,12/10/2018 11:07
2015.00,BUFFRMFISHBT15,BUFFrmfish2015May28,Main,1.00,0.00,0.00,0.00,,metric,12/10/2018 11:07
2015.00,BUFFRMFISHBT15,BUFFrmfish2015May28,Main,2.00,1.00,6.00,0.25,,metric,12/10/2018 11:07
2015.00,BUFFRMFISHBT15,BUFFrmfish2015May28,Main,3.00,2.00,12.00,0.32,,metric,12/10/2018 11:07
2015.00,BUFFRMFISHBT15,BUFFrmfish2015May28,Main,4.00,3.00,10.00,0.35,,metric,12/10/2018 11:07
2015.00,BUFFRMFISHBT15,BUFFrmfish2015May28,Main,5.00,4.00,15.00,0.57,,metric,12/10/2018 11:07
2015.00,BUFFRMFISHBT15,BUFFrmfish2015May28,Main,6.00,5.00,20.00,0.54,,metric,12/10/2018 11:07
2015.00,BUFFRMFISHBT15,BUFFrmfish2015May28,Main,7.00,6.00,44.00,0.53,,metric,12/10/2018 11:07
2015.00,BUFFRMFISHBT15,BUFFrmfish2015May28,Main,8.00,7.00,23.00,0.65,,metric,12/10/2018 11:07
2015.00,BUFFRMFISHBT15,BUFFrmfish2015May28,Main,9.00,8.00,24.00,0.60,,metric,12/10/2018 11:07
2015.00,BUFFRMFISHBT15,BUFFrmfish2015May28,Main,10.00,9.00,22.00,0.74,,metric,12/10/2018 11:07
2015.00,BUFFRMFISHBT15,BUFFrmfish2015May28,Main,11.00,10.00,28.00,0.52,,metric,12/10/2018 11:07
2015.00,BUFFRMFISHBT15,BUFFrmfish2015May28,Main,12.00,11.00,26.00,0.56,,metric,12/10/2018 11:07
2015.00,BUFFRMFISHBT15,BUFFrmfish2015May28,Main,13.00,12.00,18.00,0.52,,metric,12/10/2018 11:07
2015.00,BUFFRMFISHBT15,BUFFrmfish2015May28,Main,14.00,13.00,12.00,0.34,,metric,12/10/2018 11:07
2015.00,BUFFRMFISHBT15,BUFFrmfish2015May28,Main,15.00,14.00,18.00,0.23,,metric,12/10/2018 11:07
2015.00,BUFFRMFISHBT15,BUFFrmfish2015May28,Main,16.00,15.00,18.00,0.06,,metric,12/10/2018 11:07
2015.00,BUFFRMFISHBT15,BUFFrmfish2015May28,Main,17.00,15.50,6.00,-0.02,,metric,12/10/2018 11:07
2015.00,BUFFRMFISHBT19,BUFFrmfish2015May29,Main,1.00,0.00,0.00,0.00,,metric,12/10/2018 11:07
2015.00,BUFFRMFISHBT19,BUFFrmfish2015May29,Main,2.00,1.00,12.00,0.13,,metric,12/10/2018 11:07
2015.00,BUFFRMFISHBT19,BUFFrmfish2015May29,Main,3.00,2.00,22.00,0.28,,metric,12/10/2018 11:07
2015.00,BUFFRMFISHBT19,BUFFrmfish2015May29,Main,4.00,3.00,28.00,0.39,,metric,12/10/2018 11:07
2015.00,BUFFRMFISHBT19,BUFFrmfish2015May29,Main,5.00,4.00,44.00,0.60,,metric,12/10/2018 11:07
2015.00,BUFFRMFISHBT19,BUFFrmfish2015May29,Main,6.00,5.00,52.00,0.63,,metric,12/10/2018 11:07
2015.00,BUFFRMFISHBT19,BUFFrmfish2015May29,Main,7.00,6.00,58.00,0.55,,metric,12/10/2018 11:07
2015.00,BUFFRMFISHBT19,BUFFrmfish2015May29,Main,8.00,7.00,58.00,0.67,,metric,12/10/2018 11:07
2015.00,BUFFRMFISHBT19,BUFFrmfish2015May29,Main,9.00,8.00,56.00,0.66,,metric,12/10/2018 11:07
2015.00,BUFFRMFISHBT19,BUFFrmfish2015May29,Main,10.00,9.00,56.00,0.56,,metric,12/10/2018 11:07
2015.00,BUFFRMFISHBT19,BUFFrmfish2015May29,Main,11.00,10.00,46.00,0.49,,metric,12/10/2018 11:07
2015.00,BUFFRMFISHBT19,BUFFrmfish2015May29,Main,12.00,11.00,42.00,0.43,,metric,12/10/2018 11:07
2015.00,BUFFRMFISHBT19,BUFFrmfish2015May29,Main,13.00,12.00,36.00,0.31,,metric,12/10/2018 11:07
2015.00,BUFFRMFISHBT19,BUFFrmfish2015May29,Main,14.00,13.00,10.00,0.06,,metric,12/10/2018 11:07
2015.00,BUFFRMFISHBT20,BUFFrmfish2015Jun15,Main,1.00,0.00,0.00,0.00,,metric,12/10/2018 11:07
2015.00,BUFFRMFISHBT20,BUFFrmfish2015Jun15,Main,2.00,1.00,16.00,0.04,,metric,12/10/2018 11:07
2015.00,BUFFRMFISHBT20,BUFFrmfish2015Jun15,Main,3.00,2.00,30.00,0.09,,metric,12/10/2018 11:07
2015.00,BUFFRMFISHBT20,BUFFrmfish2015Jun15,Main,4.00,3.00,34.00,0.10,,metric,12/10/2018 11:07
2015.00,BUFFRMFISHBT20,BUFFrmfish2015Jun15,Main,5.00,4.00,30.00,0.15,,metric,12/10/2018 11:07
2015.00,BUFFRMFISHBT20,BUFFrmfish2015Jun15,Main,6.00,5.00,34.00,0.23,,metric,12/10/2018 11:07
2015.00,BUFFRMFISHBT20,BUFFrmfish2015Jun15,Main,7.00,6.00,37.00,0.30,,metric,12/10/2018 11:07
2015.00,BUFFRMFISHBT20,BUFFrmfish2015Jun15,Main,8.00,7.00,38.00,0.28,,metric,12/10/2018 11:07
2015.00,BUFFRMFISHBT20,BUFFrmfish2015Jun15,Main,9.00,8.00,38.00,0.29,,metric,12/10/2018 11:07
2015.00,BUFFRMFISHBT20,BUFFrmfish2015Jun15,Main,10.00,9.00,38.00,0.28,,metric,12/10/2018 11:07
2015.00,BUFFRMFISHBT20,BUFFrmfish2015Jun15,Main,11.00,10.00,34.00,0.29,,metric,12/10/2018 11:07
2015.00,BUFFRMFISHBT20,BUFFrmfish2015Jun15,Main,12.00,11.00,30.00,0.30,,metric,12/10/2018 11:07
2015.00,BUFFRMFISHBT20,BUFFrmfish2015Jun15,Main,13.00,12.00,30.00,0.26,,metric,12/10/2018 11:07
2015.00,BUFFRMFISHBT20,BUFFrmfish2015Jun15,Main,14.00,13.00,30.00,0.22,,metric,12/10/2018 11:07
2015.00,BUFFRMFISHBT20,BUFFrmfish2015Jun15,Main,15.00,14.00,22.00,0.17,,metric,12/10/2018 11:07
2015.00,BUFFRMFISHBT20,BUFFrmfish2015Jun15,Main,16.00,15.00,14.00,0.15,,metric,12/10/2018 11:07
2015.00,BUFFRMFISHBT20,BUFFrmfish2015Jun15,Main,17.00,16.00,10.00,0.11,,metric,12/10/2018 11:07
2015.00,BUFFRMFISHBT20,BUFFrmfish2015Jun15,Main,18.00,17.00,8.00,0.07,,metric,12/10/2018 11:07
2015.00,BUFFRMFISHBT20,BUFFrmfish2015Jun15,Main,19.00,18.00,8.00,0.03,,metric,12/10/2018 11:07
2015.00,BUFFRMFISHBT20,BUFFrmfish2015Jun15,Main,20.00,19.00,6.00,0.02,,metric,12/10/2018 11:07
2015.00,BUFFRMFISHBT20,BUFFrmfish2015Jun15,Main,21.00,20.00,1.00,0.00,,metric,12/10/2018 11:07
2015.00,BUFFRMFISHBT23,BUFFrmfish2015Jun04,Main,1.00,0.00,0.00,0.00,,metric,12/10/2018 11:07
2015.00,BUFFRMFISHBT23,BUFFrmfish2015Jun04,Main,2.00,1.00,11.00,0.31,,metric,12/10/2018 11:07
2015.00,BUFFRMFISHBT23,BUFFrmfish2015Jun04,Main,3.00,2.00,26.00,0.53,,metric,12/10/2018 11:07
2015.00,BUFFRMFISHBT23,BUFFrmfish2015Jun04,Main,4.00,3.00,18.00,0.32,,metric,12/10/2018 11:07
2015.00,BUFFRMFISHBT23,BUFFrmfish2015Jun04,Main,5.00,4.00,4.00,0.20,,metric,12/10/2018 11:07
2015.00,BUFFRMFISHBT23,BUFFrmfish2015Jun04,Main,6.00,5.00,6.00,0.23,,metric,12/10/2018 11:07
2015.00,BUFFRMFISHBT23,BUFFrmfish2015Jun04,Main,7.00,6.00,10.00,0.35,,metric,12/10/2018 11:07
2015.00,BUFFRMFISHBT23,BUFFrmfish2015Jun04,Main,8.00,7.00,12.00,0.47,,metric,12/10/2018 11:07
2015.00,BUFFRMFISHBT23,BUFFrmfish2015Jun04,Main,9.00,8.00,18.00,0.50,,metric,12/10/2018 11:07
2015.00,BUFFRMFISHBT23,BUFFrmfish2015Jun04,Main,10.00,9.00,20.00,0.45,,metric,12/10/2018 11:07
2015.00,BUFFRMFISHBT23,BUFFrmfish2015Jun04,Main,11.00,10.00,18.00,0.46,,metric,12/10/2018 11:07
2015.00,BUFFRMFISHBT23,BUFFrmfish2015Jun04,Main,12.00,11.00,16.00,0.49,,metric,12/10/2018 11:07
2015.00,BUFFRMFISHBT23,BUFFrmfish2015Jun04,Main,13.00,12.00,17.00,0.46,,metric,12/10/2018 11:07
2015.00,BUFFRMFISHBT23,BUFFrmfish2015Jun04,Main,14.00,13.00,14.00,0.47,,metric,12/10/2018 11:07
2015.00,BUFFRMFISHBT23,BUFFrmfish2015Jun04,Main,15.00,14.00,14.00,0.55,,metric,12/10/2018 11:07
2015.00,BUFFRMFISHBT23,BUFFrmfish2015Jun04,Main,16.00,15.00,7.00,0.02,,metric,12/10/2018 11:07
2017.00,BUFFRMFISHBM01,BUFFRMFISH2017May31,Main,1.00,0.00,0.00,0.00,,metric,12/10/2018 11:07
2017.00,BUFFRMFISHBM01,BUFFRMFISH2017May31,Main,2.00,2.00,66.00,0.05,,metric,12/10/2018 11:07
2017.00,BUFFRMFISHBM01,BUFFRMFISH2017May31,Main,3.00,4.00,66.00,0.07,,metric,12/10/2018 11:07
2017.00,BUFFRMFISHBM01,BUFFRMFISH2017May31,Main,4.00,6.00,114.00,0.04,,metric,12/10/2018 11:07
2017.00,BUFFRMFISHBM01,BUFFRMFISH2017May31,Main,5.00,8.00,87.00,0.05,,metric,12/10/2018 11:07
2017.00,BUFFRMFISHBM01,BUFFRMFISH2017May31,Main,6.00,10.00,96.00,0.08,,metric,12/10/2018 11:07
2017.00,BUFFRMFISHBM01,BUFFRMFISH2017May31,Main,7.00,12.00,104.00,0.07,,metric,12/10/2018 11:07
2017.00,BUFFRMFISHBM01,BUFFRMFISH2017May31,Main,8.00,14.00,110.00,0.05,,metric,12/10/2018 11:07
2017.00,BUFFRMFISHBM01,BUFFRMFISH2017May31,Main,9.00,16.00,91.00,0.04,,metric,12/10/2018 11:07
2017.00,BUFFRMFISHBM01,BUFFRMFISH2017May31,Main,10.00,18.00,102.00,0.06,,metric,12/10/2018 11:07
2017.00,BUFFRMFISHBM01,BUFFRMFISH2017May31,Main,11.00,20.00,80.00,0.05,,metric,12/10/2018 11:07
2017.00,BUFFRMFISHBM01,BUFFRMFISH2017May31,Main,12.00,22.00,86.00,0.07,,metric,12/10/2018 11:07
2017.00,BUFFRMFISHBM01,BUFFRMFISH2017May31,Main,13.00,24.00,81.00,0.06,,metric,12/10/2018 11:07
2017.00,BUFFRMFISHBM01,BUFFRMFISH2017May31,Main,14.00,26.00,74.00,0.04,,metric,12/10/2018 11:07
2017.00,BUFFRMFISHBM01,BUFFRMFISH2017May31,Main,15.00,28.00,86.00,0.06,,metric,12/10/2018 11:07
2017.00,BUFFRMFISHBM01,BUFFRMFISH2017May31,Main,16.00,30.00,55.00,0.04,,metric,12/10/2018 11:07
2017.00,BUFFRMFISHBM01,BUFFRMFISH2017May31,Main,17.00,32.00,59.00,0.02,,metric,12/10/2018 11:07
2017.00,BUFFRMFISHBM01,BUFFRMFISH2017May31,Main,18.00,34.00,57.00,0.01,,metric,12/10/2018 11:07
2017.00,BUFFRMFISHBM01,BUFFRMFISH2017May31,Main,19.00,36.00,0.00,0.00,,metric,12/10/2018 11:07
2017.00,BUFFRMFISHBM02,BUFFRMFISH2017Jun01,Main,1.00,0.00,0.00,0.00,,metric,12/10/2018 11:07
2017.00,BUFFRMFISHBM02,BUFFRMFISH2017Jun01,Main,2.00,1.00,17.00,0.08,,metric,12/10/2018 11:07
2017.00,BUFFRMFISHBM02,BUFFRMFISH2017Jun01,Main,3.00,2.00,22.00,0.11,,metric,12/10/2018 11:07
2017.00,BUFFRMFISHBM02,BUFFRMFISH2017Jun01,Main,4.00,3.00,16.00,0.18,,metric,12/10/2018 11:07
2017.00,BUFFRMFISHBM02,BUFFRMFISH2017Jun01,Main,5.00,4.00,22.00,0.23,,metric,12/10/2018 11:07
2017.00,BUFFRMFISHBM02,BUFFRMFISH2017Jun01,Main,6.00,5.00,38.00,0.25,,metric,12/10/2018 11:07
2017.00,BUFFRMFISHBM02,BUFFRMFISH2017Jun01,Main,7.00,6.00,48.00,0.24,,metric,12/10/2018 11:07
2017.00,BUFFRMFISHBM02,BUFFRMFISH2017Jun01,Main,8.00,7.00,19.00,0.09,,metric,12/10/2018 11:07
2017.00,BUFFRMFISHBM02,BUFFRMFISH2017Jun01,Main,9.00,8.00,5.00,0.24,,metric,12/10/2018 11:07
2017.00,BUFFRMFISHBM02,BUFFRMFISH2017Jun01,Main,10.00,9.00,23.00,0.42,,metric,12/10/2018 11:07
2017.00,BUFFRMFISHBM02,BUFFRMFISH2017Jun01,Main,11.00,10.00,19.00,0.63,,metric,12/10/2018 11:07
2017.00,BUFFRMFISHBM02,BUFFRMFISH2017Jun01,Main,12.00,11.00,28.00,0.60,,metric,12/10/2018 11:07
2017.00,BUFFRMFISHBM02,BUFFRMFISH2017Jun01,Main,13.00,12.00,48.00,0.64,,metric,12/10/2018 11:07
2017.00,BUFFRMFISHBM02,BUFFRMFISH2017Jun01,Main,14.00,13.00,58.00,0.94,,metric,12/10/2018 11:07
2017.00,BUFFRMFISHBM02,BUFFRMFISH2017Jun01,Main,15.00,14.00,58.00,1.06,,metric,12/10/2018 11:07
2017.00,BUFFRMFISHBM02,BUFFRMFISH2017Jun01,Main,16.00,15.00,58.00,1.23,,metric,12/10/2018 11:07
2017.00,BUFFRMFISHBM02,BUFFRMFISH2017Jun01,Main,17.00,16.00,62.00,0.97,,metric,12/10/2018 11:07
2017.00,BUFFRMFISHBM02,BUFFRMFISH2017Jun01,Main,18.00,17.00,70.00,0.49,,metric,12/10/2018 11:07
2017.00,BUFFRMFISHBM02,BUFFRMFISH2017Jun01,Main,19.00,18.00,65.00,0.16,,metric,12/10/2018 11:07
2017.00,BUFFRMFISHBM03,BUFFRMFISH2017Jun02,Main,1.00,0.50,2.00,0.03,,metric,12/10/2018 11:07
2017.00,BUFFRMFISHBM03,BUFFRMFISH2017Jun02,Main,2.00,2.50,18.00,0.58,,metric,12/10/2018 11:07
2017.00,BUFFRMFISHBM03,BUFFRMFISH2017Jun02,Main,3.00,4.50,26.00,0.82,,metric,12/10/2018 11:07
2017.00,BUFFRMFISHBM03,BUFFRMFISH2017Jun02,Main,4.00,6.50,26.00,1.04,,metric,12/10/2018 11:07
2017.00,BUFFRMFISHBM03,BUFFRMFISH2017Jun02,Main,5.00,8.50,30.00,1.03,,metric,12/10/2018 11:07
2017.00,BUFFRMFISHBM03,BUFFRMFISH2017Jun02,Main,6.00,10.50,34.00,1.30,,metric,12/10/2018 11:07
2017.00,BUFFRMFISHBM03,BUFFRMFISH2017Jun02,Main,7.00,12.50,38.00,1.37,,metric,12/10/2018 11:07
2017.00,BUFFRMFISHBM03,BUFFRMFISH2017Jun02,Main,8.00,14.50,36.00,1.38,,metric,12/10/2018 11:07
2017.00,BUFFRMFISHBM03,BUFFRMFISH2017Jun02,Main,9.00,16.50,36.00,1.29,,metric,12/10/2018 11:07
2017.00,BUFFRMFISHBM03,BUFFRMFISH2017Jun02,Main,10.00,18.50,40.00,1.44,,metric,12/10/2018 11:07
2017.00,BUFFRMFISHBM03,BUFFRMFISH2017Jun02,Main,11.00,20.50,41.00,1.25,,metric,12/10/2018 11:07
2017.00,BUFFRMFISHBM03,BUFFRMFISH2017Jun02,Main,12.00,22.50,42.00,1.34,,metric,12/10/2018 11:07
2017.00,BUFFRMFISHBM03,BUFFRMFISH2017Jun02,Main,13.00,24.50,46.00,1.03,,metric,12/10/2018 11:07
2017.00,BUFFRMFISHBM03,BUFFRMFISH2017Jun02,Main,14.00,26.50,46.00,1.16,,metric,12/10/2018 11:07
2017.00,BUFFRMFISHBM03,BUFFRMFISH2017Jun02,Main,15.00,28.50,42.00,1.40,,metric,12/10/2018 11:07
2017.00,BUFFRMFISHBM03,BUFFRMFISH2017Jun02,Main,16.00,30.50,48.00,1.28,,metric,12/10/2018 11:07
2017.00,BUFFRMFISHBM03,BUFFRMFISH2017Jun02,Main,17.00,32.50,48.00,1.12,,metric,12/10/2018 11:07
2017.00,BUFFRMFISHBM03,BUFFRMFISH2017Jun02,Main,18.00,34.50,44.00,1.08,,metric,12/10/2018 11:07
2017.00,BUFFRMFISHBM03,BUFFRMFISH2017Jun02,Main,19.00,36.50,46.00,1.09,,metric,12/10/2018 11:07
2017.00,BUFFRMFISHBM03,BUFFRMFISH2017Jun02,Main,20.00,38.50,42.00,0.94,,metric,12/10/2018 11:07
2017.00,BUFFRMFISHBM03,BUFFRMFISH2017Jun02,Main,21.00,40.50,46.00,0.75,,metric,12/10/2018 11:07
2017.00,BUFFRMFISHBM03,BUFFRMFISH2017Jun02,Main,22.00,41.50,10.00,0.28,,metric,12/10/2018 11:07
2017.00,BUFFRMFISHBM04,BUFFRMFISH2017Jun15,Main,1.00,0.00,0.00,0.00,,metric,12/10/2018 11:07
2017.00,BUFFRMFISHBM04,BUFFRMFISH2017Jun15,Main,2.00,3.00,2.00,0.02,,metric,12/10/2018 11:07
2017.00,BUFFRMFISHBM04,BUFFRMFISH2017Jun15,Main,3.00,6.00,24.00,0.05,,metric,12/10/2018 11:07
2017.00,BUFFRMFISHBM04,BUFFRMFISH2017Jun15,Main,4.00,9.00,40.00,0.14,,metric,12/10/2018 11:07
2017.00,BUFFRMFISHBM04,BUFFRMFISH2017Jun15,Main,5.00,12.00,54.00,0.18,,metric,12/10/2018 11:07
2017.00,BUFFRMFISHBM04,BUFFRMFISH2017Jun15,Main,6.00,15.00,70.00,0.14,,metric,12/10/2018 11:07
2017.00,BUFFRMFISHBM04,BUFFRMFISH2017Jun15,Main,7.00,18.00,80.00,0.26,,metric,12/10/2018 11:07
2017.00,BUFFRMFISHBM04,BUFFRMFISH2017Jun15,Main,8.00,21.00,99.00,0.27,,metric,12/10/2018 11:07
2017.00,BUFFRMFISHBM04,BUFFRMFISH2017Jun15,Main,9.00,24.00,100.00,0.38,,metric,12/10/2018 11:07
2017.00,BUFFRMFISHBM04,BUFFRMFISH2017Jun15,Main,10.00,27.00,92.00,0.49,,metric,12/10/2018 11:07
2017.00,BUFFRMFISHBM04,BUFFRMFISH2017Jun15,Main,11.00,30.00,76.00,0.48,,metric,12/10/2018 11:07
2017.00,BUFFRMFISHBM04,BUFFRMFISH2017Jun15,Main,12.00,33.00,72.00,0.54,,metric,12/10/2018 11:07
2017.00,BUFFRMFISHBM04,BUFFRMFISH2017Jun15,Main,13.00,36.00,68.00,0.60,,metric,12/10/2018 11:07
2017.00,BUFFRMFISHBM04,BUFFRMFISH2017Jun15,Main,14.00,39.00,76.00,0.57,,metric,12/10/2018 11:07
2017.00,BUFFRMFISHBM04,BUFFRMFISH2017Jun15,Main,15.00,42.00,76.00,0.47,,metric,12/10/2018 11:07
2017.00,BUFFRMFISHBM04,BUFFRMFISH2017Jun15,Main,16.00,45.00,50.00,0.51,,metric,12/10/2018 11:07
2017.00,BUFFRMFISHBM04,BUFFRMFISH2017Jun15,Main,17.00,48.00,8.00,0.06,,metric,12/10/2018 11:07
2017.00,BUFFRMFISHBM04,BUFFRMFISH2017Jun15,Main,18.00,48.50,2.00,0.00,,metric,12/10/2018 11:07
2017.00,BUFFRMFISHBM05,BUFFRMFISH2017Jun14,Main,1.00,0.00,0.00,0.00,,metric,12/10/2018 11:07
2017.00,BUFFRMFISHBM05,BUFFRMFISH2017Jun14,Main,2.00,4.00,22.00,0.55,,metric,12/10/2018 11:07
2017.00,BUFFRMFISHBM05,BUFFRMFISH2017Jun14,Main,3.00,8.00,24.00,0.88,,metric,12/10/2018 11:07
2017.00,BUFFRMFISHBM05,BUFFRMFISH2017Jun14,Main,4.00,12.00,40.00,0.98,,metric,12/10/2018 11:07
2017.00,BUFFRMFISHBM05,BUFFRMFISH2017Jun14,Main,5.00,16.00,28.00,1.03,,metric,12/10/2018 11:07
2017.00,BUFFRMFISHBM05,BUFFRMFISH2017Jun14,Main,6.00,20.00,24.00,0.79,,metric,12/10/2018 11:07
2017.00,BUFFRMFISHBM05,BUFFRMFISH2017Jun14,Main,7.00,24.00,29.00,1.06,,metric,12/10/2018 11:07
2017.00,BUFFRMFISHBM05,BUFFRMFISH2017Jun14,Main,8.00,28.00,32.00,1.19,,metric,12/10/2018 11:07
2017.00,BUFFRMFISHBM05,BUFFRMFISH2017Jun14,Main,9.00,32.00,34.00,1.24,,metric,12/10/2018 11:07
2017.00,BUFFRMFISHBM05,BUFFRMFISH2017Jun14,Main,10.00,36.00,38.00,1.16,,metric,12/10/2018 11:07
2017.00,BUFFRMFISHBM05,BUFFRMFISH2017Jun14,Main,11.00,40.00,36.00,1.01,,metric,12/10/2018 11:07
2017.00,BUFFRMFISHBM05,BUFFRMFISH2017Jun14,Main,12.00,44.00,36.00,1.06,,metric,12/10/2018 11:07
2017.00,BUFFRMFISHBM05,BUFFRMFISH2017Jun14,Main,13.00,48.00,30.00,0.75,,metric,12/10/2018 11:07
2017.00,BUFFRMFISHBM05,BUFFRMFISH2017Jun14,Main,14.00,52.00,42.00,0.74,,metric,12/10/2018 11:07
2017.00,BUFFRMFISHBM05,BUFFRMFISH2017Jun14,Main,15.00,56.00,46.00,0.88,,metric,12/10/2018 11:07
2017.00,BUFFRMFISHBM05,BUFFRMFISH2017Jun14,Main,16.00,60.00,42.00,0.61,,metric,12/10/2018 11:07
2017.00,BUFFRMFISHBM05,BUFFRMFISH2017Jun14,Main,17.00,64.00,4.00,0.00,,metric,12/10/2018 11:07
2017.00,BUFFRMFISHBM06,BUFFRMFISH2017Jun21,Main,1.00,0.00,0.00,0.00,,metric,12/10/2018 11:07
2017.00,BUFFRMFISHBM06,BUFFRMFISH2017Jun21,Main,2.00,3.00,90.00,0.13,,metric,12/10/2018 11:07
2017.00,BUFFRMFISHBM06,BUFFRMFISH2017Jun21,Main,3.00,6.00,92.00,0.46,,metric,12/10/2018 11:07
2017.00,BUFFRMFISHBM06,BUFFRMFISH2017Jun21,Main,4.00,9.00,88.00,0.38,,metric,12/10/2018 11:07
2017.00,BUFFRMFISHBM06,BUFFRMFISH2017Jun21,Main,5.00,12.00,78.00,0.40,,metric,12/10/2018 11:07
2017.00,BUFFRMFISHBM06,BUFFRMFISH2017Jun21,Main,6.00,15.00,64.00,0.44,,metric,12/10/2018 11:07
2017.00,BUFFRMFISHBM06,BUFFRMFISH2017Jun21,Main,7.00,18.00,62.00,0.37,,metric,12/10/2018 11:07
2017.00,BUFFRMFISHBM06,BUFFRMFISH2017Jun21,Main,8.00,21.00,56.00,0.39,,metric,12/10/2018 11:07
2017.00,BUFFRMFISHBM06,BUFFRMFISH2017Jun21,Main,9.00,24.00,52.00,0.38,,metric,12/10/2018 11:07
2017.00,BUFFRMFISHBM06,BUFFRMFISH2017Jun21,Main,10.00,27.00,48.00,0.35,,metric,12/10/2018 11:07
2017.00,BUFFRMFISHBM06,BUFFRMFISH2017Jun21,Main,11.00,30.00,42.00,0.43,,metric,12/10/2018 11:07
2017.00,BUFFRMFISHBM06,BUFFRMFISH2017Jun21,Main,12.00,33.00,42.00,0.45,,metric,12/10/2018 11:07
2017.00,BUFFRMFISHBM06,BUFFRMFISH2017Jun21,Main,13.00,36.00,32.00,0.43,,metric,12/10/2018 11:07
2017.00,BUFFRMFISHBM06,BUFFRMFISH2017Jun21,Main,14.00,39.00,30.00,0.45,,metric,12/10/2018 11:07
2017.00,BUFFRMFISHBM06,BUFFRMFISH2017Jun21,Main,15.00,42.00,24.00,0.31,,metric,12/10/2018 11:07
2017.00,BUFFRMFISHBM06,BUFFRMFISH2017Jun21,Main,16.00,45.00,16.00,0.22,,metric,12/10/2018 11:07
2017.00,BUFFRMFISHBM06,BUFFRMFISH2017Jun21,Main,17.00,48.00,14.00,0.23,,metric,12/10/2018 11:07
2017.00,BUFFRMFISHBM06,BUFFRMFISH2017Jun21,Main,18.00,51.00,12.00,0.32,,metric,12/10/2018 11:07
2017.00,BUFFRMFISHBM06,BUFFRMFISH2017Jun21,Main,19.00,54.00,14.00,0.33,,metric,12/10/2018 11:07
2017.00,BUFFRMFISHBM06,BUFFRMFISH2017Jun21,Main,20.00,57.00,20.00,0.31,,metric,12/10/2018 11:07
2017.00,BUFFRMFISHBM06,BUFFRMFISH2017Jun21,Main,21.00,60.00,24.00,0.39,,metric,12/10/2018 11:07
2017.00,BUFFRMFISHBM06,BUFFRMFISH2017Jun21,Main,22.00,63.00,42.00,0.37,,metric,12/10/2018 11:07
2017.00,BUFFRMFISHBM06,BUFFRMFISH2017Jun21,Main,23.00,66.00,42.00,0.32,,metric,12/10/2018 11:07
2017.00,BUFFRMFISHBM06,BUFFRMFISH2017Jun21,Main,24.00,69.00,42.00,0.32,,metric,12/10/2018 11:07
2017.00,BUFFRMFISHBM06,BUFFRMFISH2017Jun21,Main,25.00,72.00,35.00,0.23,,metric,12/10/2018 11:07
2017.00,BUFFRMFISHBM06,BUFFRMFISH2017Jun21,Main,26.00,75.00,20.00,0.05,,metric,12/10/2018 11:07
2017.00,BUFFRMFISHBT07,BUFFRMFISH2017May25,Main,1.00,0.00,0.00,0.00,,metric,12/10/2018 11:07
2017.00,BUFFRMFISHBT07,BUFFRMFISH2017May25,Main,2.00,0.50,6.00,0.05,,metric,12/10/2018 11:07
2017.00,BUFFRMFISHBT07,BUFFRMFISH2017May25,Main,3.00,1.00,12.00,0.10,,metric,12/10/2018 11:07
2017.00,BUFFRMFISHBT07,BUFFRMFISH2017May25,Main,4.00,1.50,22.00,0.19,,metric,12/10/2018 11:07
2017.00,BUFFRMFISHBT07,BUFFRMFISH2017May25,Main,5.00,2.00,28.00,0.33,,metric,12/10/2018 11:07
2017.00,BUFFRMFISHBT07,BUFFRMFISH2017May25,Main,6.00,2.50,28.00,0.32,,metric,12/10/2018 11:07
2017.00,BUFFRMFISHBT07,BUFFRMFISH2017May25,Main,7.00,3.00,29.00,0.42,,metric,12/10/2018 11:07
2017.00,BUFFRMFISHBT07,BUFFRMFISH2017May25,Main,8.00,3.50,32.00,0.43,,metric,12/10/2018 11:07
2017.00,BUFFRMFISHBT07,BUFFRMFISH2017May25,Main,9.00,4.00,35.00,0.45,,metric,12/10/2018 11:07
2017.00,BUFFRMFISHBT07,BUFFRMFISH2017May25,Main,10.00,4.50,38.00,0.51,,metric,12/10/2018 11:07
2017.00,BUFFRMFISHBT07,BUFFRMFISH2017May25,Main,11.00,5.00,39.00,0.57,,metric,12/10/2018 11:07
2017.00,BUFFRMFISHBT07,BUFFRMFISH2017May25,Main,12.00,5.50,36.00,0.47,,metric,12/10/2018 11:07
2017.00,BUFFRMFISHBT07,BUFFRMFISH2017May25,Main,13.00,6.00,34.00,0.49,,metric,12/10/2018 11:07
2017.00,BUFFRMFISHBT07,BUFFRMFISH2017May25,Main,14.00,6.50,34.00,0.49,,metric,12/10/2018 11:07
2017.00,BUFFRMFISHBT07,BUFFRMFISH2017May25,Main,15.00,7.00,40.00,0.35,,metric,12/10/2018 11:07
2017.00,BUFFRMFISHBT07,BUFFRMFISH2017May25,Main,16.00,7.50,35.00,0.38,,metric,12/10/2018 11:07
2017.00,BUFFRMFISHBT07,BUFFRMFISH2017May25,Main,17.00,8.00,36.00,0.39,,metric,12/10/2018 11:07
2017.00,BUFFRMFISHBT07,BUFFRMFISH2017May25,Main,18.00,8.50,18.00,0.17,,metric,12/10/2018 11:07
2017.00,BUFFRMFISHBT07,BUFFRMFISH2017May25,Main,19.00,9.00,10.00,0.15,,metric,12/10/2018 11:07
2017.00,BUFFRMFISHBT07,BUFFRMFISH2017May25,Main,20.00,9.50,2.00,0.00,,metric,12/10/2018 11:07
2017.00,BUFFRMFISHBT15,BUFFRMFISH2017May24,Main,1.00,0.00,0.00,0.00,,metric,12/10/2018 11:07
2017.00,BUFFRMFISHBT15,BUFFRMFISH2017May24,Main,2.00,0.50,34.00,0.63,,metric,12/10/2018 11:07
2017.00,BUFFRMFISHBT15,BUFFRMFISH2017May24,Main,3.00,1.00,41.00,0.61,,metric,12/10/2018 11:07
2017.00,BUFFRMFISHBT15,BUFFRMFISH2017May24,Main,4.00,1.50,36.00,0.75,,metric,12/10/2018 11:07
2017.00,BUFFRMFISHBT15,BUFFRMFISH2017May24,Main,5.00,2.00,30.00,0.76,,metric,12/10/2018 11:07
2017.00,BUFFRMFISHBT15,BUFFRMFISH2017May24,Main,6.00,2.50,24.00,0.55,,metric,12/10/2018 11:07
2017.00,BUFFRMFISHBT15,BUFFRMFISH2017May24,Main,7.00,3.00,21.00,0.60,,metric,12/10/2018 11:07
2017.00,BUFFRMFISHBT15,BUFFRMFISH2017May24,Main,8.00,3.50,23.00,0.74,,metric,12/10/2018 11:07
2017.00,BUFFRMFISHBT15,BUFFRMFISH2017May24,Main,9.00,4.00,30.00,0.68,,metric,12/10/2018 11:07
2017.00,BUFFRMFISHBT15,BUFFRMFISH2017May24,Main,10.00,4.50,32.00,0.60,,metric,12/10/2018 11:07
2017.00,BUFFRMFISHBT15,BUFFRMFISH2017May24,Main,11.00,5.00,22.00,0.76,,metric,12/10/2018 11:07
2017.00,BUFFRMFISHBT15,BUFFRMFISH2017May24,Main,12.00,5.50,20.00,0.64,,metric,12/10/2018 11:07
2017.00,BUFFRMFISHBT15,BUFFRMFISH2017May24,Main,13.00,6.00,13.00,0.65,,metric,12/10/2018 11:07
2017.00,BUFFRMFISHBT15,BUFFRMFISH2017May24,Main,14.00,6.50,10.00,0.20,,metric,12/10/2018 11:07
2017.00,BUFFRMFISHBT15,BUFFRMFISH2017May24,Main,15.00,7.00,6.00,0.17,,metric,12/10/2018 11:07
2017.00,BUFFRMFISHBT15,BUFFRMFISH2017May24,Main,16.00,7.20,2.00,0.00,,metric,12/10/2018 11:07
2017.00,BUFFRMFISHBT19,BUFFRMFISH2017May25,Main,1.00,0.00,0.00,0.00,,metric,12/10/2018 11:07
2017.00,BUFFRMFISHBT19,BUFFRMFISH2017May25,Main,2.00,1.00,86.00,-0.04,,metric,12/10/2018 11:07
2017.00,BUFFRMFISHBT19,BUFFRMFISH2017May25,Main,3.00,2.00,95.00,0.25,,metric,12/10/2018 11:07
2017.00,BUFFRMFISHBT19,BUFFRMFISH2017May25,Main,4.00,3.00,89.00,0.31,,metric,12/10/2018 11:07
2017.00,BUFFRMFISHBT19,BUFFRMFISH2017May25,Main,5.00,4.00,80.00,0.31,,metric,12/10/2018 11:07
2017.00,BUFFRMFISHBT19,BUFFRMFISH2017May25,Main,6.00,5.00,70.00,0.34,,metric,12/10/2018 11:07
2017.00,BUFFRMFISHBT19,BUFFRMFISH2017May25,Main,7.00,6.00,58.00,0.35,,metric,12/10/2018 11:07
2017.00,BUFFRMFISHBT19,BUFFRMFISH2017May25,Main,8.00,7.00,48.00,0.33,,metric,12/10/2018 11:07
2017.00,BUFFRMFISHBT19,BUFFRMFISH2017May25,Main,9.00,8.00,38.00,0.25,,metric,12/10/2018 11:07
2017.00,BUFFRMFISHBT19,BUFFRMFISH2017May25,Main,10.00,9.00,30.00,0.20,,metric,12/10/2018 11:07
2017.00,BUFFRMFISHBT19,BUFFRMFISH2017May25,Main,11.00,10.00,19.00,0.16,,metric,12/10/2018 11:07
2017.00,BUFFRMFISHBT19,BUFFRMFISH2017May25,Main,12.00,11.00,9.00,0.08,,metric,12/10/2018 11:07
2017.00,BUFFRMFISHBT19,BUFFRMFISH2017May25,Main,13.00,12.00,2.00,0.04,,metric,12/10/2018 11:07
2017.00,BUFFRMFISHBT19,BUFFRMFISH2017May25,Main,14.00,13.00,0.00,0.00,,metric,12/10/2018 11:07
2017.00,BUFFRMFISHBT20,BUFFRMFISH2017May30,Main,1.00,0.00,0.00,0.00,,metric,12/10/2018 11:07
2017.00,BUFFRMFISHBT20,BUFFRMFISH2017May30,Main,2.00,1.00,48.00,-0.01,,metric,12/10/2018 11:07
2017.00,BUFFRMFISHBT20,BUFFRMFISH2017May30,Main,3.00,2.00,74.00,0.09,,metric,12/10/2018 11:07
2017.00,BUFFRMFISHBT20,BUFFRMFISH2017May30,Main,4.00,3.00,108.00,0.29,,metric,12/10/2018 11:07
2017.00,BUFFRMFISHBT20,BUFFRMFISH2017May30,Main,5.00,4.00,94.00,0.18,,metric,12/10/2018 11:07
2017.00,BUFFRMFISHBT20,BUFFRMFISH2017May30,Main,6.00,5.00,86.00,0.20,,metric,12/10/2018 11:07
2017.00,BUFFRMFISHBT20,BUFFRMFISH2017May30,Main,7.00,6.00,80.00,0.17,,metric,12/10/2018 11:07
2017.00,BUFFRMFISHBT20,BUFFRMFISH2017May30,Main,8.00,7.00,76.00,0.32,,metric,12/10/2018 11:07
2017.00,BUFFRMFISHBT20,BUFFRMFISH2017May30,Main,9.00,8.00,64.00,0.53,,metric,12/10/2018 11:07
2017.00,BUFFRMFISHBT20,BUFFRMFISH2017May30,Main,10.00,9.00,58.00,0.52,,metric,12/10/2018 11:07
2017.00,BUFFRMFISHBT20,BUFFRMFISH2017May30,Main,11.00,10.00,50.00,0.14,,metric,12/10/2018 11:07
2017.00,BUFFRMFISHBT20,BUFFRMFISH2017May30,Main,12.00,11.00,44.00,-0.02,,metric,12/10/2018 11:07
2017.00,BUFFRMFISHBT20,BUFFRMFISH2017May30,Main,13.00,12.00,38.00,-0.07,,metric,12/10/2018 11:07
2017.00,BUFFRMFISHBT20,BUFFRMFISH2017May30,Main,14.00,13.00,20.00,-0.02,,metric,12/10/2018 11:07
2017.00,BUFFRMFISHBT20,BUFFRMFISH2017May30,Main,15.00,14.00,24.00,0.03,,metric,12/10/2018 11:07
2017.00,BUFFRMFISHBT20,BUFFRMFISH2017May30,Main,16.00,15.00,16.00,0.01,,metric,12/10/2018 11:07
2017.00,BUFFRMFISHBT20,BUFFRMFISH2017May30,Main,17.00,16.00,6.00,0.00,,metric,12/10/2018 11:07
2017.00,BUFFRMFISHBT20,BUFFRMFISH2017May30,Main,18.00,16.30,0.00,0.00,,metric,12/10/2018 11:07
2017.00,BUFFRMFISHBT27,BUFFRMFISH2017Jun13,Main,1.00,0.00,0.00,0.00,,metric,12/10/2018 11:07
2017.00,BUFFRMFISHBT27,BUFFRMFISH2017Jun13,Main,2.00,1.00,18.00,0.07,,metric,12/10/2018 11:07
2017.00,BUFFRMFISHBT27,BUFFRMFISH2017Jun13,Main,3.00,2.00,32.00,0.05,,metric,12/10/2018 11:07
2017.00,BUFFRMFISHBT27,BUFFRMFISH2017Jun13,Main,4.00,3.00,34.00,0.03,,metric,12/10/2018 11:07
2017.00,BUFFRMFISHBT27,BUFFRMFISH2017Jun13,Main,5.00,4.00,32.00,0.05,,metric,12/10/2018 11:07
2017.00,BUFFRMFISHBT27,BUFFRMFISH2017Jun13,Main,6.00,5.00,30.00,0.07,,metric,12/10/2018 11:07
2017.00,BUFFRMFISHBT27,BUFFRMFISH2017Jun13,Main,7.00,6.00,26.00,0.10,,metric,12/10/2018 11:07
2017.00,BUFFRMFISHBT27,BUFFRMFISH2017Jun13,Main,8.00,7.00,29.00,0.19,,metric,12/10/2018 11:07
2017.00,BUFFRMFISHBT27,BUFFRMFISH2017Jun13,Main,9.00,8.00,28.00,0.27,,metric,12/10/2018 11:07
2017.00,BUFFRMFISHBT27,BUFFRMFISH2017Jun13,Main,10.00,9.00,26.00,0.30,,metric,12/10/2018 11:07
2017.00,BUFFRMFISHBT27,BUFFRMFISH2017Jun13,Main,11.00,10.00,25.00,0.08,,metric,12/10/2018 11:07
2017.00,BUFFRMFISHBT27,BUFFRMFISH2017Jun13,Main,12.00,11.00,36.00,0.11,,metric,12/10/2018 11:07
2017.00,BUFFRMFISHBT27,BUFFRMFISH2017Jun13,Main,13.00,12.00,10.00,0.00,,metric,12/10/2018 11:07
2017.00,BUFFRMFISHBT30,BUFFRMFISH2017Jun22,Main,1.00,0.00,0.00,0.00,,metric,12/10/2018 11:07
2017.00,BUFFRMFISHBT30,BUFFRMFISH2017Jun22,Main,2.00,0.25,11.00,0.01,,metric,12/10/2018 11:07
2017.00,BUFFRMFISHBT30,BUFFRMFISH2017Jun22,Main,3.00,0.50,16.00,0.06,,metric,12/10/2018 11:07
2017.00,BUFFRMFISHBT30,BUFFRMFISH2017Jun22,Main,4.00,0.75,20.00,0.08,,metric,12/10/2018 11:07
2017.00,BUFFRMFISHBT30,BUFFRMFISH2017Jun22,Main,5.00,1.00,27.00,0.06,,metric,12/10/2018 11:07
2017.00,BUFFRMFISHBT30,BUFFRMFISH2017Jun22,Main,6.00,1.25,28.00,0.05,,metric,12/10/2018 11:07
2017.00,BUFFRMFISHBT30,BUFFRMFISH2017Jun22,Main,7.00,1.50,29.00,0.09,,metric,12/10/2018 11:07
2017.00,BUFFRMFISHBT30,BUFFRMFISH2017Jun22,Main,8.00,1.75,25.00,0.10,,metric,12/10/2018 11:07
2017.00,BUFFRMFISHBT30,BUFFRMFISH2017Jun22,Main,9.00,2.00,22.00,0.09,,metric,12/10/2018 11:07
2017.00,BUFFRMFISHBT30,BUFFRMFISH2017Jun22,Main,10.00,2.25,26.00,0.08,,metric,12/10/2018 11:07
2017.00,BUFFRMFISHBT30,BUFFRMFISH2017Jun22,Main,11.00,2.50,25.00,0.10,,metric,12/10/2018 11:07
2017.00,BUFFRMFISHBT30,BUFFRMFISH2017Jun22,Main,12.00,2.75,22.00,0.13,,metric,12/10/2018 11:07
2017.00,BUFFRMFISHBT30,BUFFRMFISH2017Jun22,Main,13.00,3.00,19.00,0.16,,metric,12/10/2018 11:07
2017.00,BUFFRMFISHBT30,BUFFRMFISH2017Jun22,Main,14.00,3.25,12.00,0.12,,metric,12/10/2018 11:07
2017.00,BUFFRMFISHBT30,BUFFRMFISH2017Jun22,Main,15.00,3.50,8.00,0.06,,metric,12/10/2018 11:07
2017.00,BUFFRMFISHBT30,BUFFRMFISH2017Jun22,Main,16.00,3.75,5.00,0.02,,metric,12/10/2018 11:07
2017.00,BUFFRMFISHBT30,BUFFRMFISH2017Jun22,Main,17.00,4.00,2.00,0.00,,metric,12/10/2018 11:07
2017.00,BUFFRMFISHBT30,BUFFRMFISH2017Jun22,Main,18.00,4.25,1.00,0.00,,metric,12/10/2018 11:07
2017.00,BUFFRMFISHBT30,BUFFRMFISH2017Jun22,Main,19.00,4.40,1.00,0.00,,metric,12/10/2018 11:07
2017.00,BUFFRMFISHBT31,BUFFRMFISH2017Jun22,Main,1.00,0.00,0.00,0.00,,metric,12/10/2018 11:07
2017.00,BUFFRMFISHBT31,BUFFRMFISH2017Jun22,Main,2.00,0.50,2.00,0.00,,metric,12/10/2018 11:07
2017.00,BUFFRMFISHBT31,BUFFRMFISH2017Jun22,Main,3.00,1.00,2.00,0.20,,metric,12/10/2018 11:07
2017.00,BUFFRMFISHBT31,BUFFRMFISH2017Jun22,Main,4.00,1.50,1.00,0.00,,metric,12/10/2018 11:07
2017.00,BUFFRMFISHBT31,BUFFRMFISH2017Jun22,Main,5.00,2.00,2.00,0.04,,metric,12/10/2018 11:07
2017.00,BUFFRMFISHBT31,BUFFRMFISH2017Jun22,Main,6.00,2.50,2.00,0.04,,metric,12/10/2018 11:07
2017.00,BUFFRMFISHBT31,BUFFRMFISH2017Jun22,Main,7.00,3.00,4.00,0.02,,metric,12/10/2018 11:07
2017.00,BUFFRMFISHBT31,BUFFRMFISH2017Jun22,Main,8.00,3.50,4.00,0.07,,metric,12/10/2018 11:07
2017.00,BUFFRMFISHBT31,BUFFRMFISH2017Jun22,Main,9.00,4.00,4.00,0.02,,metric,12/10/2018 11:07
2017.00,BUFFRMFISHBT31,BUFFRMFISH2017Jun22,Main,10.00,4.50,7.00,0.02,,metric,12/10/2018 11:07
2017.00,BUFFRMFISHBT31,BUFFRMFISH2017Jun22,Main,11.00,5.00,10.00,0.07,,metric,12/10/2018 11:07
2017.00,BUFFRMFISHBT31,BUFFRMFISH2017Jun22,Main,12.00,5.50,12.00,0.07,,metric,12/10/2018 11:07
2017.00,BUFFRMFISHBT31,BUFFRMFISH2017Jun22,Main,13.00,6.00,9.00,0.14,,metric,12/10/2018 11:07
2017.00,BUFFRMFISHBT31,BUFFRMFISH2017Jun22,Main,14.00,6.50,14.00,0.22,,metric,12/10/2018 11:07
2017.00,BUFFRMFISHBT31,BUFFRMFISH2017Jun22,Main,15.00,7.00,12.00,0.23,,metric,12/10/2018 11:07
2017.00,BUFFRMFISHBT31,BUFFRMFISH2017Jun22,Main,16.00,7.50,10.00,0.15,,metric,12/10/2018 11:07
2017.00,BUFFRMFISHBT31,BUFFRMFISH2017Jun22,Main,17.00,8.00,8.00,0.15,,metric,12/10/2018 11:07
2017.00,BUFFRMFISHBT31,BUFFRMFISH2017Jun22,Main,18.00,8.50,7.00,0.11,,metric,12/10/2018 11:07
2017.00,BUFFRMFISHBT31,BUFFRMFISH2017Jun22,Main,19.00,9.00,6.00,0.01,,metric,12/10/2018 11:07
2017.00,BUFFRMFISHBT31,BUFFRMFISH2017Jun22,Main,20.00,9.50,2.00,0.00,,metric,12/10/2018 11:07
2017.00,BUFFRMFISHBT31,BUFFRMFISH2017Jun22,Main,21.00,10.00,0.00,0.00,,metric,12/10/2018 11:07
2019.00,BUFFRMFISHBM01,BUFFRMFISH2019May23,main,1.00,0.00,0.00,0.00,,metric,3/27/2020 8:08
2019.00,BUFFRMFISHBM01,BUFFRMFISH2019May23,main,2.00,2.00,36.00,0.37,,metric,3/27/2020 8:08
2019.00,BUFFRMFISHBM01,BUFFRMFISH2019May23,main,3.00,4.00,32.00,0.47,,metric,3/27/2020 8:08
2019.00,BUFFRMFISHBM01,BUFFRMFISH2019May23,main,4.00,6.00,37.00,0.80,,metric,3/27/2020 8:08
2019.00,BUFFRMFISHBM01,BUFFRMFISH2019May23,main,5.00,8.00,32.00,0.38,,metric,3/27/2020 8:08
2019.00,BUFFRMFISHBM01,BUFFRMFISH2019May23,main,6.00,10.00,52.00,0.28,,metric,3/27/2020 8:08
2019.00,BUFFRMFISHBM01,BUFFRMFISH2019May23,main,7.00,12.00,56.00,0.44,,metric,3/27/2020 8:09
2019.00,BUFFRMFISHBM01,BUFFRMFISH2019May23,main,8.00,14.00,48.00,0.39,,metric,3/27/2020 8:09
2019.00,BUFFRMFISHBM01,BUFFRMFISH2019May23,main,9.00,16.00,38.00,0.06,,metric,3/27/2020 8:09
2019.00,BUFFRMFISHBM01,BUFFRMFISH2019May23,main,10.00,18.00,29.00,0.10,,metric,3/27/2020 8:09
2019.00,BUFFRMFISHBM01,BUFFRMFISH2019May23,main,11.00,20.00,20.00,0.05,,metric,3/27/2020 8:09
2019.00,BUFFRMFISHBM01,BUFFRMFISH2019May23,main,12.00,21.50,8.00,0.04,,metric,3/27/2020 8:09
2019.00,BUFFRMFISHBM01,BUFFRMFISH2019May23,side channel,1.00,0.00,0.00,0.00,,metric,3/27/2020 8:09
2019.00,BUFFRMFISHBM01,BUFFRMFISH2019May23,side channel,2.00,2.00,22.00,0.07,,metric,3/27/2020 8:10
2019.00,BUFFRMFISHBM01,BUFFRMFISH2019May23,side channel,3.00,4.00,16.00,0.22,,metric,3/27/2020 8:10
2019.00,BUFFRMFISHBM01,BUFFRMFISH2019May23,side channel,4.00,6.00,27.00,0.17,rock,metric,3/27/2020 8:10
2019.00,BUFFRMFISHBM01,BUFFRMFISH2019May23,side channel,5.00,8.00,26.00,0.35,,metric,3/27/2020 8:10
2019.00,BUFFRMFISHBM01,BUFFRMFISH2019May23,side channel,6.00,10.00,37.00,0.21,,metric,3/27/2020 8:10
2019.00,BUFFRMFISHBM01,BUFFRMFISH2019May23,side channel,7.00,12.00,28.00,0.38,,metric,3/27/2020 8:10
2019.00,BUFFRMFISHBM01,BUFFRMFISH2019May23,side channel,8.00,14.00,28.00,0.15,,metric,3/27/2020 8:10
2019.00,BUFFRMFISHBM01,BUFFRMFISH2019May23,side channel,9.00,16.00,24.00,0.09,,metric,3/27/2020 8:11
2019.00,BUFFRMFISHBM01,BUFFRMFISH2019May23,side channel,10.00,18.00,18.00,0.08,,metric,3/27/2020 8:11
2019.00,BUFFRMFISHBM01,BUFFRMFISH2019May23,side channel,11.00,19.00,7.00,0.00,,metric,3/27/2020 8:11
2019.00,BUFFRMFISHBM02,BUFFRMFISH2019Jun12,main,1.00,0.00,0.00,0.00,,metric,3/27/2020 12:30
2019.00,BUFFRMFISHBM02,BUFFRMFISH2019Jun12,main,2.00,2.00,8.00,0.03,,metric,3/27/2020 12:30
2019.00,BUFFRMFISHBM02,BUFFRMFISH2019Jun12,main,3.00,4.00,22.00,0.11,,metric,3/27/2020 12:30
2019.00,BUFFRMFISHBM02,BUFFRMFISH2019Jun12,main,4.00,6.00,32.00,0.20,,metric,3/27/2020 12:30
2019.00,BUFFRMFISHBM02,BUFFRMFISH2019Jun12,main,5.00,8.00,41.00,0.27,,metric,3/27/2020 12:31
2019.00,BUFFRMFISHBM02,BUFFRMFISH2019Jun12,main,6.00,10.00,39.00,0.36,,metric,3/27/2020 12:31
2019.00,BUFFRMFISHBM02,BUFFRMFISH2019Jun12,main,7.00,12.00,41.00,0.38,,metric,3/27/2020 12:31
2019.00,BUFFRMFISHBM02,BUFFRMFISH2019Jun12,main,8.00,14.00,39.00,0.34,,metric,3/27/2020 12:31
2019.00,BUFFRMFISHBM02,BUFFRMFISH2019Jun12,main,9.00,16.00,42.00,0.45,,metric,3/27/2020 12:31
2019.00,BUFFRMFISHBM02,BUFFRMFISH2019Jun12,main,10.00,18.00,43.00,0.39,,metric,3/27/2020 12:31
2019.00,BUFFRMFISHBM02,BUFFRMFISH2019Jun12,main,11.00,20.00,50.00,0.59,,metric,3/27/2020 12:31
2019.00,BUFFRMFISHBM02,BUFFRMFISH2019Jun12,main,12.00,22.00,50.00,0.42,,metric,3/27/2020 12:31
2019.00,BUFFRMFISHBM02,BUFFRMFISH2019Jun12,main,13.00,24.00,51.00,0.47,,metric,3/27/2020 12:31
2019.00,BUFFRMFISHBM02,BUFFRMFISH2019Jun12,main,14.00,26.00,51.00,0.50,,metric,3/27/2020 12:32
2019.00,BUFFRMFISHBM02,BUFFRMFISH2019Jun12,main,15.00,28.00,52.00,0.60,,metric,3/27/2020 12:32
2019.00,BUFFRMFISHBM02,BUFFRMFISH2019Jun12,main,16.00,30.00,51.00,0.49,,metric,3/27/2020 12:32
2019.00,BUFFRMFISHBM02,BUFFRMFISH2019Jun12,main,17.00,32.00,44.00,0.41,,metric,3/27/2020 12:32
2019.00,BUFFRMFISHBM02,BUFFRMFISH2019Jun12,main,18.00,34.00,34.00,0.37,,metric,3/27/2020 12:32
2019.00,BUFFRMFISHBM02,BUFFRMFISH2019Jun12,main,19.00,36.00,38.00,0.42,,metric,3/27/2020 12:32
2019.00,BUFFRMFISHBM02,BUFFRMFISH2019Jun12,main,20.00,38.00,48.00,0.43,,metric,3/27/2020 12:32
2019.00,BUFFRMFISHBM02,BUFFRMFISH2019Jun12,main,21.00,40.00,51.00,0.39,,metric,3/27/2020 12:33
2019.00,BUFFRMFISHBM02,BUFFRMFISH2019Jun12,main,22.00,41.50,10.00,0.05,,metric,3/27/2020 12:33
2019.00,BUFFRMFISHBM03,BUFFRMFISH2019Jun14,main,1.00,0.00,0.00,0.00,,metric,3/27/2020 13:54
2019.00,BUFFRMFISHBM03,BUFFRMFISH2019Jun14,main,2.00,2.00,42.00,0.91,,metric,3/27/2020 13:54
2019.00,BUFFRMFISHBM03,BUFFRMFISH2019Jun14,main,3.00,4.00,48.00,0.92,,metric,3/27/2020 13:55
2019.00,BUFFRMFISHBM03,BUFFRMFISH2019Jun14,main,4.00,6.00,50.00,1.02,,metric,3/27/2020 13:55
2019.00,BUFFRMFISHBM03,BUFFRMFISH2019Jun14,main,5.00,8.00,50.00,1.03,,metric,3/27/2020 13:55
2019.00,BUFFRMFISHBM03,BUFFRMFISH2019Jun14,main,6.00,10.00,44.00,1.01,,metric,3/27/2020 13:55
2019.00,BUFFRMFISHBM03,BUFFRMFISH2019Jun14,main,7.00,12.00,44.00,0.90,,metric,3/27/2020 13:55
2019.00,BUFFRMFISHBM03,BUFFRMFISH2019Jun14,main,8.00,14.00,42.00,0.83,,metric,3/27/2020 13:55
2019.00,BUFFRMFISHBM03,BUFFRMFISH2019Jun14,main,9.00,16.00,34.00,0.93,,metric,3/27/2020 13:55
2019.00,BUFFRMFISHBM03,BUFFRMFISH2019Jun14,main,10.00,18.00,32.00,0.73,,metric,3/27/2020 13:56
2019.00,BUFFRMFISHBM03,BUFFRMFISH2019Jun14,main,11.00,20.00,34.00,0.89,,metric,3/27/2020 13:56
2019.00,BUFFRMFISHBM03,BUFFRMFISH2019Jun14,main,12.00,22.00,34.00,1.10,,metric,3/27/2020 13:56
2019.00,BUFFRMFISHBM03,BUFFRMFISH2019Jun14,main,13.00,24.00,36.00,1.00,,metric,3/27/2020 13:56
2019.00,BUFFRMFISHBM03,BUFFRMFISH2019Jun14,main,14.00,26.00,36.00,0.96,,metric,3/27/2020 13:56
2019.00,BUFFRMFISHBM03,BUFFRMFISH2019Jun14,main,15.00,28.00,36.00,0.98,,metric,3/27/2020 13:56
2019.00,BUFFRMFISHBM03,BUFFRMFISH2019Jun14,main,16.00,30.00,36.00,1.01,,metric,3/27/2020 13:57
2019.00,BUFFRMFISHBM03,BUFFRMFISH2019Jun14,main,17.00,32.00,40.00,0.94,,metric,3/27/2020 13:57
2019.00,BUFFRMFISHBM03,BUFFRMFISH2019Jun14,main,18.00,34.00,46.00,0.83,,metric,3/27/2020 13:57
2019.00,BUFFRMFISHBM03,BUFFRMFISH2019Jun14,main,19.00,36.00,46.00,0.90,,metric,3/27/2020 13:57
2019.00,BUFFRMFISHBM03,BUFFRMFISH2019Jun14,main,20.00,38.00,40.00,0.88,,metric,3/27/2020 13:57
2019.00,BUFFRMFISHBM03,BUFFRMFISH2019Jun14,main,21.00,40.00,20.00,0.69,,metric,3/27/2020 13:57
2019.00,BUFFRMFISHBM03,BUFFRMFISH2019Jun14,main,22.00,42.00,8.00,0.14,,metric,3/27/2020 13:57
2019.00,BUFFRMFISHBM03,BUFFRMFISH2019Jun14,main,23.00,44.00,4.00,0.08,,metric,3/27/2020 13:57
2019.00,BUFFRMFISHBM03,BUFFRMFISH2019Jun14,main,24.00,45.00,0.00,0.00,,metric,3/27/2020 13:57
2019.00,BUFFRMFISHBM04,BUFFRMFISH2019Jun19,main,1.00,0.00,0.00,0.00,,metric,4/6/2020 8:17
2019.00,BUFFRMFISHBM04,BUFFRMFISH2019Jun19,main,2.00,3.00,4.00,0.03,,metric,4/6/2020 8:17
2019.00,BUFFRMFISHBM04,BUFFRMFISH2019Jun19,main,3.00,6.00,14.00,0.14,,metric,4/6/2020 8:17
2019.00,BUFFRMFISHBM04,BUFFRMFISH2019Jun19,main,4.00,9.00,25.00,0.09,,metric,4/6/2020 8:17
2019.00,BUFFRMFISHBM04,BUFFRMFISH2019Jun19,main,5.00,12.00,34.00,0.31,,metric,4/6/2020 8:17
2019.00,BUFFRMFISHBM04,BUFFRMFISH2019Jun19,main,6.00,15.00,40.00,0.36,,metric,4/6/2020 8:17
2019.00,BUFFRMFISHBM04,BUFFRMFISH2019Jun19,main,7.00,18.00,28.00,0.50,,metric,4/6/2020 8:17
2019.00,BUFFRMFISHBM04,BUFFRMFISH2019Jun19,main,8.00,21.00,49.00,0.62,,metric,4/6/2020 8:17
2019.00,BUFFRMFISHBM04,BUFFRMFISH2019Jun19,main,9.00,24.00,60.00,0.55,,metric,4/6/2020 8:18
2019.00,BUFFRMFISHBM04,BUFFRMFISH2019Jun19,main,10.00,27.00,88.00,0.47,,metric,4/6/2020 8:18
2019.00,BUFFRMFISHBM04,BUFFRMFISH2019Jun19,main,11.00,30.00,79.00,0.62,,metric,4/6/2020 8:18
2019.00,BUFFRMFISHBM04,BUFFRMFISH2019Jun19,main,12.00,33.00,71.00,0.53,,metric,4/6/2020 8:18
2019.00,BUFFRMFISHBM04,BUFFRMFISH2019Jun19,main,13.00,36.00,70.00,0.69,,metric,4/6/2020 8:18
2019.00,BUFFRMFISHBM04,BUFFRMFISH2019Jun19,main,14.00,39.00,68.00,0.62,,metric,4/6/2020 8:18
2019.00,BUFFRMFISHBM04,BUFFRMFISH2019Jun19,main,15.00,41.00,53.00,0.45,,metric,4/6/2020 8:18
2019.00,BUFFRMFISHBM04,BUFFRMFISH2019Jun19,main,16.00,44.00,46.00,0.26,,metric,4/6/2020 8:19
2019.00,BUFFRMFISHBM04,BUFFRMFISH2019Jun19,main,17.00,47.00,10.00,0.00,,metric,4/6/2020 8:19
2019.00,BUFFRMFISHBM06,BUFFRMFISH2019Jun20,main,1.00,0.00,0.00,0.00,,metric,4/6/2020 11:24
2019.00,BUFFRMFISHBM06,BUFFRMFISH2019Jun20,main,2.00,4.00,30.00,0.43,,metric,4/6/2020 11:24
2019.00,BUFFRMFISHBM06,BUFFRMFISH2019Jun20,main,3.00,8.00,54.00,0.76,,metric,4/6/2020 11:25
2019.00,BUFFRMFISHBM06,BUFFRMFISH2019Jun20,main,4.00,12.00,60.00,0.75,,metric,4/6/2020 11:25
2019.00,BUFFRMFISHBM06,BUFFRMFISH2019Jun20,main,5.00,16.00,54.00,0.91,,metric,4/6/2020 11:25
2019.00,BUFFRMFISHBM06,BUFFRMFISH2019Jun20,main,6.00,20.00,66.00,0.77,,metric,4/6/2020 11:25
2019.00,BUFFRMFISHBM06,BUFFRMFISH2019Jun20,main,7.00,24.00,58.00,0.73,,metric,4/6/2020 11:25
2019.00,BUFFRMFISHBM06,BUFFRMFISH2019Jun20,main,8.00,28.00,50.00,0.79,,metric,4/6/2020 11:25
2019.00,BUFFRMFISHBM06,BUFFRMFISH2019Jun20,main,9.00,32.00,42.00,0.76,,metric,4/6/2020 11:25
2019.00,BUFFRMFISHBM06,BUFFRMFISH2019Jun20,main,10.00,36.00,40.00,0.74,,metric,4/6/2020 11:25
2019.00,BUFFRMFISHBM06,BUFFRMFISH2019Jun20,main,11.00,40.00,42.00,0.64,,metric,4/6/2020 11:26
2019.00,BUFFRMFISHBM06,BUFFRMFISH2019Jun20,main,12.00,44.00,50.00,0.73,,metric,4/6/2020 11:26
2019.00,BUFFRMFISHBM06,BUFFRMFISH2019Jun20,main,13.00,48.00,56.00,0.68,,metric,4/6/2020 11:26
2019.00,BUFFRMFISHBM06,BUFFRMFISH2019Jun20,main,14.00,52.00,84.00,0.82,,metric,4/6/2020 11:26
2019.00,BUFFRMFISHBM06,BUFFRMFISH2019Jun20,main,15.00,56.00,50.00,0.66,,metric,4/6/2020 11:26
2019.00,BUFFRMFISHBM06,BUFFRMFISH2019Jun20,main,16.00,60.00,52.00,0.24,,metric,4/6/2020 11:26
2019.00,BUFFRMFISHBM06,BUFFRMFISH2019Jun20,main,17.00,61.00,38.00,0.16,,metric,4/6/2020 11:26
2019.00,BUFFRMFISHBT05,BUFFRMFISH2019Jun05,main,1.00,0.00,0.00,0.00,,metric,4/9/2020 7:57
2019.00,BUFFRMFISHBT05,BUFFRMFISH2019Jun05,main,2.00,0.50,6.00,0.04,,metric,4/9/2020 7:57
2019.00,BUFFRMFISHBT05,BUFFRMFISH2019Jun05,main,3.00,1.00,14.00,0.30,,metric,4/9/2020 7:57
2019.00,BUFFRMFISHBT05,BUFFRMFISH2019Jun05,main,4.00,1.50,20.00,0.00,,metric,4/9/2020 8:03
2019.00,BUFFRMFISHBT05,BUFFRMFISH2019Jun05,main,5.00,2.00,30.00,0.01,,metric,4/9/2020 8:03
2019.00,BUFFRMFISHBT05,BUFFRMFISH2019Jun05,main,6.00,2.50,41.00,0.00,,metric,4/9/2020 8:03
2019.00,BUFFRMFISHBT05,BUFFRMFISH2019Jun05,main,7.00,3.00,53.00,0.01,,metric,4/9/2020 8:03
2019.00,BUFFRMFISHBT05,BUFFRMFISH2019Jun05,main,8.00,3.50,58.00,0.02,,metric,4/9/2020 8:03
2019.00,BUFFRMFISHBT05,BUFFRMFISH2019Jun05,main,9.00,4.00,60.00,0.02,,metric,4/9/2020 8:04
2019.00,BUFFRMFISHBT05,BUFFRMFISH2019Jun05,main,10.00,4.50,52.00,0.05,,metric,4/9/2020 8:04
2019.00,BUFFRMFISHBT05,BUFFRMFISH2019Jun05,main,11.00,5.00,40.00,0.05,,metric,4/9/2020 8:04
2019.00,BUFFRMFISHBT05,BUFFRMFISH2019Jun05,main,12.00,5.50,35.00,0.10,,metric,4/9/2020 8:04
2019.00,BUFFRMFISHBT05,BUFFRMFISH2019Jun05,main,13.00,6.00,40.00,0.11,,metric,4/9/2020 8:04
2019.00,BUFFRMFISHBT05,BUFFRMFISH2019Jun05,main,14.00,6.50,36.00,0.08,,metric,4/9/2020 8:04
2019.00,BUFFRMFISHBT05,BUFFRMFISH2019Jun05,main,15.00,7.00,36.00,0.07,,metric,4/9/2020 8:04
2019.00,BUFFRMFISHBT05,BUFFRMFISH2019Jun05,main,16.00,7.50,28.00,0.06,,metric,4/9/2020 8:04
2019.00,BUFFRMFISHBT05,BUFFRMFISH2019Jun05,main,17.00,8.00,25.00,0.02,,metric,4/9/2020 8:05
2019.00,BUFFRMFISHBT05,BUFFRMFISH2019Jun05,main,18.00,8.50,20.00,0.03,,metric,4/9/2020 8:05
2019.00,BUFFRMFISHBT05,BUFFRMFISH2019Jun05,main,19.00,9.00,2.00,0.00,,metric,4/9/2020 8:05
2019.00,BUFFRMFISHBT07,BUFFRMFISH2019May22,main,1.00,0.00,0.00,0.00,,metric,4/6/2020 13:45
2019.00,BUFFRMFISHBT07,BUFFRMFISH2019May22,main,2.00,0.75,14.00,0.00,,metric,4/6/2020 13:45
2019.00,BUFFRMFISHBT07,BUFFRMFISH2019May22,main,3.00,1.50,30.00,0.03,,metric,4/6/2020 13:45
2019.00,BUFFRMFISHBT07,BUFFRMFISH2019May22,main,4.00,2.25,32.00,0.06,,metric,4/6/2020 13:45
2019.00,BUFFRMFISHBT07,BUFFRMFISH2019May22,main,5.00,3.00,94.00,0.05,,metric,4/6/2020 13:46
2019.00,BUFFRMFISHBT07,BUFFRMFISH2019May22,main,6.00,3.75,98.00,0.20,,metric,4/6/2020 13:46
2019.00,BUFFRMFISHBT07,BUFFRMFISH2019May22,main,7.00,4.50,90.00,0.20,,metric,4/6/2020 13:46
2019.00,BUFFRMFISHBT07,BUFFRMFISH2019May22,main,8.00,5.25,86.00,0.16,,metric,4/6/2020 13:46
2019.00,BUFFRMFISHBT07,BUFFRMFISH2019May22,main,9.00,6.00,82.00,0.17,,metric,4/6/2020 13:46
2019.00,BUFFRMFISHBT07,BUFFRMFISH2019May22,main,10.00,6.75,76.00,0.12,,metric,4/6/2020 13:46
2019.00,BUFFRMFISHBT07,BUFFRMFISH2019May22,main,11.00,7.50,70.00,0.13,,metric,4/6/2020 13:47
2019.00,BUFFRMFISHBT07,BUFFRMFISH2019May22,main,12.00,8.25,62.00,0.14,,metric,4/6/2020 13:47
2019.00,BUFFRMFISHBT07,BUFFRMFISH2019May22,main,13.00,9.00,48.00,0.11,,metric,4/6/2020 13:47
2019.00,BUFFRMFISHBT07,BUFFRMFISH2019May22,main,14.00,9.75,32.00,0.10,,metric,4/6/2020 13:47
2019.00,BUFFRMFISHBT07,BUFFRMFISH2019May22,main,15.00,10.50,28.00,0.08,,metric,4/6/2020 13:47
2019.00,BUFFRMFISHBT07,BUFFRMFISH2019May22,main,16.00,11.25,30.00,0.07,,metric,4/6/2020 13:47
2019.00,BUFFRMFISHBT07,BUFFRMFISH2019May22,main,17.00,12.00,16.00,0.05,,metric,4/6/2020 13:47
2019.00,BUFFRMFISHBT07,BUFFRMFISH2019May22,main,18.00,12.75,12.00,0.05,,metric,4/6/2020 13:47
2019.00,BUFFRMFISHBT07,BUFFRMFISH2019May22,main,19.00,13.50,6.00,0.04,,metric,4/6/2020 13:48
2019.00,BUFFRMFISHBT07,BUFFRMFISH2019May22,main,20.00,14.25,0.00,-0.02,zero depth recorded,metric,4/6/2020 13:48
2019.00,BUFFRMFISHBT07,BUFFRMFISH2019May22,main,21.00,14.50,0.00,0.00,,metric,4/6/2020 13:48
2019.00,BUFFRMFISHBT09,BUFFRMFISH2019Jun12,main,1.00,0.00,0.00,0.00,,metric,4/7/2020 8:00
2019.00,BUFFRMFISHBT09,BUFFRMFISH2019Jun12,main,2.00,2.00,12.00,0.26,,metric,4/7/2020 8:00
2019.00,BUFFRMFISHBT09,BUFFRMFISH2019Jun12,main,3.00,4.00,28.00,0.50,,metric,4/7/2020 8:00
2019.00,BUFFRMFISHBT09,BUFFRMFISH2019Jun12,main,4.00,6.00,40.00,0.58,,metric,4/7/2020 8:00
2019.00,BUFFRMFISHBT09,BUFFRMFISH2019Jun12,main,5.00,8.00,46.00,0.83,,metric,4/7/2020 8:00
2019.00,BUFFRMFISHBT09,BUFFRMFISH2019Jun12,main,6.00,10.00,34.00,0.70,,metric,4/7/2020 8:00
2019.00,BUFFRMFISHBT09,BUFFRMFISH2019Jun12,main,7.00,12.00,42.00,0.77,,metric,4/7/2020 8:00
2019.00,BUFFRMFISHBT09,BUFFRMFISH2019Jun12,main,8.00,14.00,42.00,0.91,,metric,4/7/2020 8:00
2019.00,BUFFRMFISHBT09,BUFFRMFISH2019Jun12,main,9.00,16.00,52.00,0.87,,metric,4/7/2020 8:01
2019.00,BUFFRMFISHBT09,BUFFRMFISH2019Jun12,main,10.00,18.00,50.00,0.79,,metric,4/7/2020 8:01
2019.00,BUFFRMFISHBT09,BUFFRMFISH2019Jun12,main,11.00,20.00,28.00,0.78,,metric,4/7/2020 8:01
2019.00,BUFFRMFISHBT09,BUFFRMFISH2019Jun12,main,12.00,22.00,16.00,0.47,,metric,4/7/2020 8:01
2019.00,BUFFRMFISHBT09,BUFFRMFISH2019Jun12,main,13.00,24.00,2.00,0.01,,metric,4/7/2020 8:01
2019.00,BUFFRMFISHBT15,BUFFRMFISH2019Jun06,main,1.00,0.00,0.00,0.00,,metric,4/8/2020 8:26
2019.00,BUFFRMFISHBT15,BUFFRMFISH2019Jun06,main,2.00,0.50,6.00,0.06,,metric,4/8/2020 8:26
2019.00,BUFFRMFISHBT15,BUFFRMFISH2019Jun06,main,3.00,1.00,12.00,0.07,,metric,4/8/2020 8:27
2019.00,BUFFRMFISHBT15,BUFFRMFISH2019Jun06,main,4.00,1.50,20.00,0.10,,metric,4/8/2020 8:27
2019.00,BUFFRMFISHBT15,BUFFRMFISH2019Jun06,main,5.00,2.00,28.00,0.13,,metric,4/8/2020 8:27
2019.00,BUFFRMFISHBT15,BUFFRMFISH2019Jun06,main,6.00,2.50,33.00,0.15,,metric,4/8/2020 8:27
2019.00,BUFFRMFISHBT15,BUFFRMFISH2019Jun06,main,7.00,3.00,38.00,0.12,,metric,4/8/2020 8:27
2019.00,BUFFRMFISHBT15,BUFFRMFISH2019Jun06,main,8.00,3.50,44.00,0.21,,metric,4/8/2020 8:27
2019.00,BUFFRMFISHBT15,BUFFRMFISH2019Jun06,main,9.00,4.00,49.00,0.19,,metric,4/8/2020 8:27
2019.00,BUFFRMFISHBT15,BUFFRMFISH2019Jun06,main,10.00,4.50,48.00,0.17,,metric,4/8/2020 8:27
2019.00,BUFFRMFISHBT15,BUFFRMFISH2019Jun06,main,11.00,5.00,46.00,0.14,,metric,4/8/2020 8:27
2019.00,BUFFRMFISHBT15,BUFFRMFISH2019Jun06,main,12.00,5.50,50.00,0.21,,metric,4/8/2020 8:28
2019.00,BUFFRMFISHBT15,BUFFRMFISH2019Jun06,main,13.00,6.00,55.00,0.19,,metric,4/8/2020 8:28
2019.00,BUFFRMFISHBT15,BUFFRMFISH2019Jun06,main,14.00,6.50,60.00,0.11,,metric,4/8/2020 8:28
2019.00,BUFFRMFISHBT15,BUFFRMFISH2019Jun06,main,15.00,7.00,65.00,0.09,,metric,4/8/2020 8:28
2019.00,BUFFRMFISHBT15,BUFFRMFISH2019Jun06,main,16.00,7.50,63.00,0.13,,metric,4/8/2020 8:28
2019.00,BUFFRMFISHBT15,BUFFRMFISH2019Jun06,main,17.00,8.00,56.00,0.08,,metric,4/8/2020 8:28
2019.00,BUFFRMFISHBT15,BUFFRMFISH2019Jun06,main,18.00,8.50,48.00,0.07,,metric,4/8/2020 8:28
2019.00,BUFFRMFISHBT15,BUFFRMFISH2019Jun06,main,19.00,9.00,32.00,0.07,,metric,4/8/2020 8:28
2019.00,BUFFRMFISHBT15,BUFFRMFISH2019Jun06,main,20.00,9.50,6.00,0.05,,metric,4/8/2020 8:28
2019.00,BUFFRMFISHBT19,BUFFRMFISH2019May24,main,1.00,0.00,0.00,0.00,,metric,4/8/2020 11:25
2019.00,BUFFRMFISHBT19,BUFFRMFISH2019May24,main,2.00,0.50,4.00,0.00,,metric,4/8/2020 11:36
2019.00,BUFFRMFISHBT19,BUFFRMFISH2019May24,main,3.00,1.00,6.00,0.05,,metric,4/8/2020 11:36
2019.00,BUFFRMFISHBT19,BUFFRMFISH2019May24,main,4.00,1.50,7.00,0.15,,metric,4/8/2020 11:36
2019.00,BUFFRMFISHBT19,BUFFRMFISH2019May24,main,5.00,2.00,9.00,0.13,,metric,4/8/2020 11:36
2019.00,BUFFRMFISHBT19,BUFFRMFISH2019May24,main,6.00,2.50,11.00,0.22,,metric,4/8/2020 11:37
2019.00,BUFFRMFISHBT19,BUFFRMFISH2019May24,main,7.00,3.00,12.00,0.26,,metric,4/8/2020 11:37
2019.00,BUFFRMFISHBT19,BUFFRMFISH2019May24,main,8.00,3.50,16.00,0.35,,metric,4/8/2020 11:37
2019.00,BUFFRMFISHBT19,BUFFRMFISH2019May24,main,9.00,4.00,18.00,0.36,,metric,4/8/2020 11:38
2019.00,BUFFRMFISHBT19,BUFFRMFISH2019May24,main,10.00,4.50,22.00,0.41,,metric,4/8/2020 11:38
2019.00,BUFFRMFISHBT19,BUFFRMFISH2019May24,main,11.00,5.00,24.00,0.47,,metric,4/8/2020 11:38
2019.00,BUFFRMFISHBT19,BUFFRMFISH2019May24,main,12.00,5.50,25.00,0.54,,metric,4/8/2020 11:38
2019.00,BUFFRMFISHBT19,BUFFRMFISH2019May24,main,13.00,6.00,26.00,0.52,,metric,4/8/2020 11:38
2019.00,BUFFRMFISHBT19,BUFFRMFISH2019May24,main,14.00,6.50,30.00,0.55,,metric,4/8/2020 11:38
2019.00,BUFFRMFISHBT19,BUFFRMFISH2019May24,main,15.00,7.00,33.00,0.59,,metric,4/8/2020 11:38
2019.00,BUFFRMFISHBT19,BUFFRMFISH2019May24,main,16.00,7.50,36.00,0.60,,metric,4/8/2020 11:38
2019.00,BUFFRMFISHBT19,BUFFRMFISH2019May24,main,17.00,8.00,38.00,0.59,,metric,4/8/2020 11:38
2019.00,BUFFRMFISHBT19,BUFFRMFISH2019May24,main,18.00,8.50,37.00,0.58,,metric,4/8/2020 11:39
2019.00,BUFFRMFISHBT19,BUFFRMFISH2019May24,main,19.00,9.00,38.00,0.62,,metric,4/8/2020 11:39
2019.00,BUFFRMFISHBT19,BUFFRMFISH2019May24,main,20.00,9.50,36.00,0.66,,metric,4/8/2020 11:39
2019.00,BUFFRMFISHBT19,BUFFRMFISH2019May24,main,21.00,10.00,40.00,0.68,,metric,4/8/2020 11:39
2019.00,BUFFRMFISHBT19,BUFFRMFISH2019May24,main,22.00,10.50,32.00,0.45,,metric,4/8/2020 11:39
2019.00,BUFFRMFISHBT19,BUFFRMFISH2019May24,main,23.00,11.00,20.00,0.38,,metric,4/8/2020 11:40
2019.00,BUFFRMFISHBT19,BUFFRMFISH2019May24,main,24.00,11.25,12.00,0.22,,metric,4/8/2020 11:40
2019.00,BUFFRMFISHBT20,BUFFRMFISH2019May28,main,1.00,0.00,0.00,0.00,,metric,4/9/2020 6:29
2019.00,BUFFRMFISHBT20,BUFFRMFISH2019May28,main,2.00,1.00,6.00,0.19,,metric,4/9/2020 6:29
2019.00,BUFFRMFISHBT20,BUFFRMFISH2019May28,main,3.00,2.00,18.00,0.42,,metric,4/9/2020 6:29
2019.00,BUFFRMFISHBT20,BUFFRMFISH2019May28,main,4.00,3.00,20.00,0.94,,metric,4/9/2020 6:29
2019.00,BUFFRMFISHBT20,BUFFRMFISH2019May28,main,5.00,4.00,19.00,0.86,,metric,4/9/2020 6:29
2019.00,BUFFRMFISHBT20,BUFFRMFISH2019May28,main,6.00,5.00,10.00,0.35,,metric,4/9/2020 6:29
2019.00,BUFFRMFISHBT20,BUFFRMFISH2019May28,main,7.00,6.00,14.00,0.80,,metric,4/9/2020 6:29
2019.00,BUFFRMFISHBT20,BUFFRMFISH2019May28,main,8.00,7.00,21.00,0.87,,metric,4/9/2020 6:30
2019.00,BUFFRMFISHBT20,BUFFRMFISH2019May28,main,9.00,8.00,28.00,0.83,,metric,4/9/2020 6:30
2019.00,BUFFRMFISHBT20,BUFFRMFISH2019May28,main,10.00,9.00,32.00,0.88,,metric,4/9/2020 6:30
2019.00,BUFFRMFISHBT20,BUFFRMFISH2019May28,main,11.00,10.00,28.00,0.93,,metric,4/9/2020 6:30
2019.00,BUFFRMFISHBT20,BUFFRMFISH2019May28,main,12.00,11.00,20.00,0.65,,metric,4/9/2020 6:30
2019.00,BUFFRMFISHBT20,BUFFRMFISH2019May28,main,13.00,12.00,4.00,0.06,,metric,4/9/2020 6:30
2019.00,BUFFRMFISHBT23,BUFFRMFISH2019Jun17,main,1.00,0.00,0.00,0.00,,metric,4/9/2020 7:27
2019.00,BUFFRMFISHBT23,BUFFRMFISH2019Jun17,main,2.00,0.50,26.00,0.70,,metric,4/9/2020 7:27
2019.00,BUFFRMFISHBT23,BUFFRMFISH2019Jun17,main,3.00,1.00,30.00,0.80,,metric,4/9/2020 7:27
2019.00,BUFFRMFISHBT23,BUFFRMFISH2019Jun17,main,4.00,1.50,32.00,0.74,,metric,4/9/2020 7:28
2019.00,BUFFRMFISHBT23,BUFFRMFISH2019Jun17,main,5.00,2.00,36.00,0.75,,metric,4/9/2020 7:28
2019.00,BUFFRMFISHBT23,BUFFRMFISH2019Jun17,main,6.00,2.50,34.00,0.95,,metric,4/9/2020 7:28
2019.00,BUFFRMFISHBT23,BUFFRMFISH2019Jun17,main,7.00,3.00,34.00,0.82,,metric,4/9/2020 7:28
2019.00,BUFFRMFISHBT23,BUFFRMFISH2019Jun17,main,8.00,3.50,26.00,0.81,,metric,4/9/2020 7:28
2019.00,BUFFRMFISHBT23,BUFFRMFISH2019Jun17,main,9.00,4.00,26.00,0.61,,metric,4/9/2020 7:28
2019.00,BUFFRMFISHBT23,BUFFRMFISH2019Jun17,main,10.00,4.50,16.00,0.45,,metric,4/9/2020 7:28
2019.00,BUFFRMFISHBT23,BUFFRMFISH2019Jun17,main,11.00,5.00,6.00,0.04,,metric,4/9/2020 7:28
2019.00,BUFFRMFISHBT23,BUFFRMFISH2019Jun17,main,12.00,5.50,1.00,0.00,,metric,4/9/2020 7:28
2021.00,BUFFRMFISHBT07,BUFFRMFISH2021May18,main,1.00,0.00,0.00,0.00,,metric,9/9/2021 22:45
2021.00,BUFFRMFISHBT07,BUFFRMFISH2021May18,main,2.00,1.00,16.00,0.20,,metric,9/9/2021 22:45
2021.00,BUFFRMFISHBT07,BUFFRMFISH2021May18,main,3.00,2.00,20.00,0.00,,metric,9/9/2021 22:46
2021.00,BUFFRMFISHBT07,BUFFRMFISH2021May18,main,4.00,3.00,20.00,0.18,,metric,9/9/2021 22:46
2021.00,BUFFRMFISHBT07,BUFFRMFISH2021May18,main,5.00,4.00,34.00,0.17,,metric,9/9/2021 22:46
2021.00,BUFFRMFISHBT07,BUFFRMFISH2021May18,main,6.00,5.00,42.00,0.18,,metric,9/9/2021 22:46
2021.00,BUFFRMFISHBT07,BUFFRMFISH2021May18,main,7.00,6.00,48.00,0.22,,metric,9/9/2021 22:46
2021.00,BUFFRMFISHBT07,BUFFRMFISH2021May18,main,8.00,7.00,52.00,0.19,,metric,9/9/2021 22:46
2021.00,BUFFRMFISHBT07,BUFFRMFISH2021May18,main,9.00,8.00,50.00,0.20,,metric,9/9/2021 22:46
2021.00,BUFFRMFISHBT07,BUFFRMFISH2021May18,main,10.00,9.00,44.00,0.21,,metric,9/9/2021 22:46
2021.00,BUFFRMFISHBT07,BUFFRMFISH2021May18,main,11.00,10.00,40.00,0.20,,metric,9/9/2021 22:47
2021.00,BUFFRMFISHBT07,BUFFRMFISH2021May18,main,12.00,11.00,46.00,0.20,,metric,9/9/2021 22:47
2021.00,BUFFRMFISHBT07,BUFFRMFISH2021May18,main,13.00,12.00,42.00,0.18,,metric,9/9/2021 22:47
2021.00,BUFFRMFISHBT07,BUFFRMFISH2021May18,main,14.00,13.00,40.00,0.21,,metric,9/9/2021 22:47
2021.00,BUFFRMFISHBT07,BUFFRMFISH2021May18,main,15.00,14.00,30.00,0.21,,metric,9/9/2021 22:47
2021.00,BUFFRMFISHBT07,BUFFRMFISH2021May18,main,16.00,15.00,26.00,0.19,,metric,9/9/2021 22:47
2021.00,BUFFRMFISHBT07,BUFFRMFISH2021May18,main,17.00,16.00,22.00,0.20,,metric,9/9/2021 22:47
2021.00,BUFFRMFISHBT07,BUFFRMFISH2021May18,main,18.00,17.00,24.00,0.18,,metric,9/9/2021 22:47
2021.00,BUFFRMFISHBT07,BUFFRMFISH2021May18,main,19.00,18.00,30.00,0.22,,metric,9/9/2021 22:47
2021.00,BUFFRMFISHBT07,BUFFRMFISH2021May18,main,20.00,19.00,40.00,0.19,,metric,9/9/2021 22:47
2021.00,BUFFRMFISHBT07,BUFFRMFISH2021May18,main,21.00,19.50,28.00,0.01,,metric,9/9/2021 22:48
2021.00,BUFFRMFISHBT15,BUFFRMFISH2021May17,main,1.00,0.00,0.00,0.00,,metric,9/3/2021 13:12
2021.00,BUFFRMFISHBT15,BUFFRMFISH2021May17,main,2.00,0.50,38.00,0.00,,metric,9/3/2021 13:12
2021.00,BUFFRMFISHBT15,BUFFRMFISH2021May17,main,3.00,1.00,60.00,0.04,,metric,9/3/2021 13:12
2021.00,BUFFRMFISHBT15,BUFFRMFISH2021May17,main,4.00,1.50,52.00,0.04,,metric,9/3/2021 13:12
2021.00,BUFFRMFISHBT15,BUFFRMFISH2021May17,main,5.00,2.00,59.00,0.12,,metric,9/3/2021 13:13
2021.00,BUFFRMFISHBT15,BUFFRMFISH2021May17,main,6.00,2.50,60.00,0.12,,metric,9/3/2021 13:13
2021.00,BUFFRMFISHBT15,BUFFRMFISH2021May17,main,7.00,3.00,61.00,0.11,,metric,9/3/2021 13:13
2021.00,BUFFRMFISHBT15,BUFFRMFISH2021May17,main,8.00,3.50,56.00,0.31,,metric,9/3/2021 13:13
2021.00,BUFFRMFISHBT15,BUFFRMFISH2021May17,main,9.00,4.00,50.00,0.33,,metric,9/3/2021 13:13
2021.00,BUFFRMFISHBT15,BUFFRMFISH2021May17,main,10.00,4.50,49.00,0.28,,metric,9/3/2021 13:13
2021.00,BUFFRMFISHBT15,BUFFRMFISH2021May17,main,11.00,5.00,55.00,0.37,,metric,9/3/2021 13:13
2021.00,BUFFRMFISHBT15,BUFFRMFISH2021May17,main,12.00,5.50,54.00,0.35,,metric,9/3/2021 13:13
2021.00,BUFFRMFISHBT15,BUFFRMFISH2021May17,main,13.00,6.00,50.00,0.20,,metric,9/3/2021 13:14
2021.00,BUFFRMFISHBT15,BUFFRMFISH2021May17,main,14.00,6.50,44.00,0.27,,metric,9/3/2021 13:14
2021.00,BUFFRMFISHBT15,BUFFRMFISH2021May17,main,15.00,7.00,43.00,0.26,,metric,9/3/2021 13:14
2021.00,BUFFRMFISHBT15,BUFFRMFISH2021May17,main,16.00,7.50,39.00,0.16,,metric,9/3/2021 13:14
2021.00,BUFFRMFISHBT15,BUFFRMFISH2021May17,main,17.00,8.00,32.00,0.08,,metric,9/3/2021 13:14
2021.00,BUFFRMFISHBT15,BUFFRMFISH2021May17,main,18.00,8.50,24.00,0.00,,metric,9/3/2021 13:14
2021.00,BUFFRMFISHBT15,BUFFRMFISH2021May17,main,19.00,9.00,20.00,0.00,,metric,9/3/2021 13:14
2021.00,BUFFRMFISHBT15,BUFFRMFISH2021May17,main,20.00,9.50,13.00,0.00,,metric,9/3/2021 13:14
2021.00,BUFFRMFISHBT15,BUFFRMFISH2021May17,main,21.00,10.00,0.00,0.00,,metric,9/3/2021 13:14
2021.00,BUFFRMFISHBT19,BUFFRMFISH2021Jun09,main,1.00,0.00,0.00,0.00,,metric,9/3/2021 13:57
2021.00,BUFFRMFISHBT19,BUFFRMFISH2021Jun09,main,2.00,1.00,48.00,0.04,,metric,9/3/2021 13:57
2021.00,BUFFRMFISHBT19,BUFFRMFISH2021Jun09,main,3.00,2.00,62.00,0.13,,metric,9/3/2021 13:57
2021.00,BUFFRMFISHBT19,BUFFRMFISH2021Jun09,main,4.00,3.00,70.00,0.29,,metric,9/3/2021 13:57
2021.00,BUFFRMFISHBT19,BUFFRMFISH2021Jun09,main,5.00,4.00,78.00,0.42,,metric,9/3/2021 13:57
2021.00,BUFFRMFISHBT19,BUFFRMFISH2021Jun09,main,6.00,5.00,83.00,0.49,,metric,9/3/2021 13:57
2021.00,BUFFRMFISHBT19,BUFFRMFISH2021Jun09,main,7.00,6.00,80.00,0.36,,metric,9/3/2021 13:57
2021.00,BUFFRMFISHBT19,BUFFRMFISH2021Jun09,main,8.00,7.00,97.00,0.35,,metric,9/3/2021 13:57
2021.00,BUFFRMFISHBT19,BUFFRMFISH2021Jun09,main,9.00,8.00,64.00,0.30,,metric,9/3/2021 13:58
2021.00,BUFFRMFISHBT19,BUFFRMFISH2021Jun09,main,10.00,9.00,54.00,0.20,,metric,9/3/2021 13:58
2021.00,BUFFRMFISHBT19,BUFFRMFISH2021Jun09,main,11.00,10.00,37.00,0.15,,metric,9/3/2021 13:58
2021.00,BUFFRMFISHBT19,BUFFRMFISH2021Jun09,main,12.00,11.00,21.00,0.07,,metric,9/3/2021 13:58
2021.00,BUFFRMFISHBT19,BUFFRMFISH2021Jun09,main,13.00,12.00,12.00,0.00,,metric,9/3/2021 13:58
2021.00,BUFFRMFISHBT19,BUFFRMFISH2021Jun09,main,14.00,13.00,0.00,0.00,,metric,9/3/2021 13:58
2021.00,BUFFRMFISHBT20,BUFFRMFISH2021Jun16,main,1.00,0.00,0.00,0.00,,metric,9/3/2021 11:51
2021.00,BUFFRMFISHBT20,BUFFRMFISH2021Jun16,main,2.00,1.50,54.00,0.03,,metric,9/3/2021 11:51
2021.00,BUFFRMFISHBT20,BUFFRMFISH2021Jun16,main,3.00,3.00,62.00,0.30,,metric,9/3/2021 11:52
2021.00,BUFFRMFISHBT20,BUFFRMFISH2021Jun16,main,4.00,4.50,34.00,0.21,,metric,9/3/2021 11:52
2021.00,BUFFRMFISHBT20,BUFFRMFISH2021Jun16,main,5.00,6.00,28.00,0.23,,metric,9/3/2021 11:52
2021.00,BUFFRMFISHBT20,BUFFRMFISH2021Jun16,main,6.00,7.50,20.00,0.32,,metric,9/3/2021 11:52
2021.00,BUFFRMFISHBT20,BUFFRMFISH2021Jun16,main,7.00,9.00,22.00,0.22,,metric,9/3/2021 11:52
2021.00,BUFFRMFISHBT20,BUFFRMFISH2021Jun16,main,8.00,10.50,22.00,0.23,,metric,9/3/2021 11:52
2021.00,BUFFRMFISHBT20,BUFFRMFISH2021Jun16,main,9.00,12.00,20.00,0.26,,metric,9/3/2021 11:52
2021.00,BUFFRMFISHBT20,BUFFRMFISH2021Jun16,main,10.00,13.50,26.00,0.27,,metric,9/3/2021 11:52
2021.00,BUFFRMFISHBT20,BUFFRMFISH2021Jun16,main,11.00,15.00,18.00,0.39,,metric,9/3/2021 11:52
2021.00,BUFFRMFISHBT20,BUFFRMFISH2021Jun16,main,12.00,16.50,20.00,0.30,,metric,9/3/2021 11:52
2021.00,BUFFRMFISHBT20,BUFFRMFISH2021Jun16,main,13.00,18.00,24.00,0.32,,metric,9/3/2021 11:53
2021.00,BUFFRMFISHBT20,BUFFRMFISH2021Jun16,main,14.00,19.50,24.00,0.34,,metric,9/3/2021 11:53
2021.00,BUFFRMFISHBT20,BUFFRMFISH2021Jun16,main,15.00,21.00,10.00,0.05,,metric,9/3/2021 11:53
2021.00,BUFFRMFISHBT20,BUFFRMFISH2021Jun16,main,16.00,22.50,50.00,0.01,,metric,9/3/2021 11:53
2021.00,BUFFRMFISHBT27,BUFFRMFISH2021May24,main,1.00,0.00,0.00,0.00,,metric,9/7/2021 3:40
2021.00,BUFFRMFISHBT27,BUFFRMFISH2021May24,main,2.00,0.75,38.00,0.00,,metric,9/7/2021 3:40
2021.00,BUFFRMFISHBT27,BUFFRMFISH2021May24,main,3.00,1.50,42.00,0.03,,metric,9/7/2021 3:41
2021.00,BUFFRMFISHBT27,BUFFRMFISH2021May24,main,4.00,2.25,40.00,0.03,,metric,9/7/2021 3:41
2021.00,BUFFRMFISHBT27,BUFFRMFISH2021May24,main,5.00,3.00,46.00,0.20,,metric,9/7/2021 3:41
2021.00,BUFFRMFISHBT27,BUFFRMFISH2021May24,main,6.00,3.75,44.00,0.23,,metric,9/7/2021 3:41
2021.00,BUFFRMFISHBT27,BUFFRMFISH2021May24,main,7.00,4.50,40.00,0.36,,metric,9/7/2021 3:41
2021.00,BUFFRMFISHBT27,BUFFRMFISH2021May24,main,8.00,5.25,46.00,0.44,,metric,9/7/2021 3:42
2021.00,BUFFRMFISHBT27,BUFFRMFISH2021May24,main,9.00,6.00,44.00,0.42,,metric,9/7/2021 3:42
2021.00,BUFFRMFISHBT27,BUFFRMFISH2021May24,main,10.00,6.75,46.00,0.34,,metric,9/7/2021 3:42
2021.00,BUFFRMFISHBT27,BUFFRMFISH2021May24,main,11.00,7.50,48.00,0.26,,metric,9/7/2021 3:42
2021.00,BUFFRMFISHBT27,BUFFRMFISH2021May24,main,12.00,8.25,46.00,0.22,,metric,9/7/2021 3:42
2021.00,BUFFRMFISHBT27,BUFFRMFISH2021May24,main,13.00,9.00,44.00,0.27,,metric,9/7/2021 3:43
2021.00,BUFFRMFISHBT27,BUFFRMFISH2021May24,main,14.00,9.75,46.00,0.44,,metric,9/7/2021 3:43
2021.00,BUFFRMFISHBT27,BUFFRMFISH2021May24,main,15.00,10.50,42.00,0.08,,metric,9/7/2021 3:43
2021.00,BUFFRMFISHBT30,BUFFRMFISH2021Jun10,main,1.00,0.00,0.00,0.00,,metric,8/30/2021 8:16
2021.00,BUFFRMFISHBT30,BUFFRMFISH2021Jun10,main,2.00,0.50,42.00,0.12,,metric,9/2/2021 9:23
2021.00,BUFFRMFISHBT30,BUFFRMFISH2021Jun10,main,3.00,1.00,30.00,0.14,,metric,9/2/2021 9:23
2021.00,BUFFRMFISHBT30,BUFFRMFISH2021Jun10,main,4.00,1.50,34.00,0.12,,metric,9/2/2021 9:23
2021.00,BUFFRMFISHBT30,BUFFRMFISH2021Jun10,main,5.00,2.00,38.00,0.36,,metric,9/2/2021 9:23
2021.00,BUFFRMFISHBT30,BUFFRMFISH2021Jun10,main,6.00,2.50,40.00,0.28,,metric,9/2/2021 9:23
2021.00,BUFFRMFISHBT30,BUFFRMFISH2021Jun10,main,7.00,3.00,32.00,0.20,,metric,9/2/2021 9:24
2021.00,BUFFRMFISHBT30,BUFFRMFISH2021Jun10,main,8.00,3.50,40.00,0.33,,metric,9/2/2021 9:24
2021.00,BUFFRMFISHBT30,BUFFRMFISH2021Jun10,main,9.00,4.00,34.00,0.36,,metric,9/2/2021 9:24
2021.00,BUFFRMFISHBT30,BUFFRMFISH2021Jun10,main,10.00,4.50,28.00,0.22,,metric,9/2/2021 9:24
2021.00,BUFFRMFISHBT30,BUFFRMFISH2021Jun10,main,11.00,5.00,30.00,0.18,,metric,9/2/2021 9:24
2021.00,BUFFRMFISHBT30,BUFFRMFISH2021Jun10,main,12.00,5.50,36.00,0.14,,metric,9/2/2021 9:24
2021.00,BUFFRMFISHBT30,BUFFRMFISH2021Jun10,main,13.00,6.00,36.00,0.06,,metric,9/2/2021 9:24
2021.00,BUFFRMFISHBT30,BUFFRMFISH2021Jun10,main,14.00,6.50,30.00,0.03,,metric,9/2/2021 9:24
2021.00,BUFFRMFISHBT30,BUFFRMFISH2021Jun10,main,15.00,7.00,20.00,0.00,,metric,9/2/2021 9:25
2021.00,BUFFRMFISHBT30,BUFFRMFISH2021Jun10,main,16.00,7.50,8.00,-0.02,,metric,9/2/2021 9:25
2021.00,BUFFRMFISHBT30,BUFFRMFISH2021Jun10,main,17.00,8.00,14.00,-0.02,,metric,9/2/2021 9:25
2021.00,BUFFRMFISHBT30,BUFFRMFISH2021Jun10,main,18.00,8.50,8.00,-0.02,,metric,9/2/2021 9:25
2021.00,BUFFRMFISHBT30,BUFFRMFISH2021Jun10,main,19.00,9.00,0.00,0.00,,metric,9/2/2021 9:25
2021.00,BUFFRMFISHBT31,BUFFRMFISH2021Jun11,main,1.00,0.00,0.00,0.00,,metric,9/9/2021 23:46
2021.00,BUFFRMFISHBT31,BUFFRMFISH2021Jun11,main,2.00,0.50,18.00,-0.05,,metric,9/9/2021 23:46
2021.00,BUFFRMFISHBT31,BUFFRMFISH2021Jun11,main,3.00,1.00,38.00,0.00,,metric,9/9/2021 23:46
2021.00,BUFFRMFISHBT31,BUFFRMFISH2021Jun11,main,4.00,1.50,42.00,0.01,,metric,9/9/2021 23:46
2021.00,BUFFRMFISHBT31,BUFFRMFISH2021Jun11,main,5.00,2.00,46.00,0.01,,metric,9/9/2021 23:46
2021.00,BUFFRMFISHBT31,BUFFRMFISH2021Jun11,main,6.00,2.50,50.00,0.01,,metric,9/9/2021 23:46
2021.00,BUFFRMFISHBT31,BUFFRMFISH2021Jun11,main,7.00,3.00,50.00,0.02,,metric,9/9/2021 23:46
2021.00,BUFFRMFISHBT31,BUFFRMFISH2021Jun11,main,8.00,3.50,48.00,0.14,,metric,9/9/2021 23:47
2021.00,BUFFRMFISHBT31,BUFFRMFISH2021Jun11,main,9.00,4.00,50.00,0.27,,metric,9/9/2021 23:47
2021.00,BUFFRMFISHBT31,BUFFRMFISH2021Jun11,main,10.00,4.50,42.00,0.23,,metric,9/9/2021 23:47
2021.00,BUFFRMFISHBT31,BUFFRMFISH2021Jun11,main,11.00,5.00,36.00,0.30,,metric,9/9/2021 23:47
2021.00,BUFFRMFISHBT31,BUFFRMFISH2021Jun11,main,12.00,5.50,30.00,0.26,,metric,9/9/2021 23:47
2021.00,BUFFRMFISHBT31,BUFFRMFISH2021Jun11,main,13.00,6.00,26.00,0.23,,metric,9/9/2021 23:47
2021.00,BUFFRMFISHBT31,BUFFRMFISH2021Jun11,main,14.00,6.50,24.00,0.12,,metric,9/9/2021 23:47
2021.00,BUFFRMFISHBT31,BUFFRMFISH2021Jun11,main,15.00,7.00,18.00,0.06,,metric,9/9/2021 23:47
2021.00,BUFFRMFISHBT31,BUFFRMFISH2021Jun11,main,16.00,7.50,12.00,0.00,,metric,9/9/2021 23:47
2021.00,BUFFRMFISHBT31,BUFFRMFISH2021Jun11,main,17.00,8.00,14.00,0.00,,metric,9/9/2021 23:47
2021.00,BUFFRMFISHBT31,BUFFRMFISH2021Jun11,main,18.00,8.50,13.00,0.00,,metric,9/9/2021 23:48
2021.00,BUFFRMFISHBT31,BUFFRMFISH2021Jun11,main,19.00,9.00,6.00,0.00,,metric,9/9/2021 23:48
2021.00,BUFFRMFISHBT31,BUFFRMFISH2021Jun11,main,20.00,9.50,0.00,0.00,,metric,9/9/2021 23:48
2023.00,BUFFRMFISHBM01,BUFFRMFISH2023May24,main,1.00,0.00,0.00,0.00,,metric,6/29/2023 8:22
2023.00,BUFFRMFISHBM01,BUFFRMFISH2023May24,main,2.00,2.00,71.00,0.02,,metric,6/29/2023 8:22
2023.00,BUFFRMFISHBM01,BUFFRMFISH2023May24,main,3.00,4.00,89.00,0.04,,metric,6/29/2023 8:23
2023.00,BUFFRMFISHBM01,BUFFRMFISH2023May24,main,4.00,6.00,94.00,0.05,,metric,6/29/2023 8:23
2023.00,BUFFRMFISHBM01,BUFFRMFISH2023May24,main,5.00,8.00,76.00,0.04,,metric,6/29/2023 8:24
2023.00,BUFFRMFISHBM01,BUFFRMFISH2023May24,main,6.00,10.00,68.00,0.04,,metric,6/29/2023 8:24
2023.00,BUFFRMFISHBM01,BUFFRMFISH2023May24,main,7.00,12.00,66.00,0.04,,metric,6/29/2023 8:24
2023.00,BUFFRMFISHBM01,BUFFRMFISH2023May24,main,8.00,14.00,71.00,0.06,,metric,6/29/2023 8:25
2023.00,BUFFRMFISHBM01,BUFFRMFISH2023May24,main,9.00,16.00,55.00,0.05,,metric,6/29/2023 8:25
2023.00,BUFFRMFISHBM01,BUFFRMFISH2023May24,main,10.00,18.00,60.00,0.04,,metric,6/29/2023 8:25
2023.00,BUFFRMFISHBM01,BUFFRMFISH2023May24,main,11.00,20.00,54.00,0.06,,metric,6/29/2023 8:26
2023.00,BUFFRMFISHBM01,BUFFRMFISH2023May24,main,12.00,22.00,42.00,0.04,,metric,6/29/2023 8:26
2023.00,BUFFRMFISHBM01,BUFFRMFISH2023May24,main,13.00,24.00,36.00,0.03,,metric,6/29/2023 8:27
2023.00,BUFFRMFISHBM01,BUFFRMFISH2023May24,main,14.00,26.00,22.00,0.05,,metric,6/29/2023 8:27
2023.00,BUFFRMFISHBM01,BUFFRMFISH2023May24,main,15.00,28.00,14.00,0.02,,metric,6/29/2023 8:27
2023.00,BUFFRMFISHBM01,BUFFRMFISH2023May24,main,16.00,29.00,2.00,0.00,,metric,6/29/2023 8:28
2023.00,BUFFRMFISHBM01,BUFFRMFISH2023May24,side channel,1.00,0.00,0.00,0.00,,metric,6/29/2023 8:31
2023.00,BUFFRMFISHBM01,BUFFRMFISH2023May24,side channel,2.00,2.00,13.00,0.01,,metric,6/29/2023 8:31
2023.00,BUFFRMFISHBM01,BUFFRMFISH2023May24,side channel,3.00,4.00,20.00,0.10,,metric,6/29/2023 8:31
2023.00,BUFFRMFISHBM01,BUFFRMFISH2023May24,side channel,4.00,6.00,22.00,0.11,,metric,6/29/2023 8:32
2023.00,BUFFRMFISHBM01,BUFFRMFISH2023May24,side channel,5.00,8.00,23.00,0.05,,metric,6/29/2023 8:33
2023.00,BUFFRMFISHBM01,BUFFRMFISH2023May24,side channel,6.00,10.00,30.00,0.09,,metric,6/29/2023 8:33
2023.00,BUFFRMFISHBM01,BUFFRMFISH2023May24,side channel,7.00,12.00,35.00,0.12,,metric,6/29/2023 8:33
2023.00,BUFFRMFISHBM01,BUFFRMFISH2023May24,side channel,8.00,14.00,23.00,0.01,,metric,6/29/2023 8:33
2023.00,BUFFRMFISHBM01,BUFFRMFISH2023May24,side channel,9.00,16.00,12.00,0.02,,metric,6/29/2023 8:33
2023.00,BUFFRMFISHBM01,BUFFRMFISH2023May24,side channel,10.00,18.00,2.00,0.02,,metric,6/29/2023 8:34
2023.00,BUFFRMFISHBM03,BUFFRMFISH2023May25,main,1.00,0.00,0.00,0.00,,metric,6/29/2023 12:26
2023.00,BUFFRMFISHBM03,BUFFRMFISH2023May25,main,2.00,2.00,10.00,0.58,,metric,6/29/2023 12:26
2023.00,BUFFRMFISHBM03,BUFFRMFISH2023May25,main,3.00,4.00,14.00,0.48,,metric,6/29/2023 12:27
2023.00,BUFFRMFISHBM03,BUFFRMFISH2023May25,main,4.00,6.00,22.00,0.85,,metric,6/29/2023 12:27
2023.00,BUFFRMFISHBM03,BUFFRMFISH2023May25,main,5.00,8.00,26.00,1.05,,metric,6/29/2023 12:27
2023.00,BUFFRMFISHBM03,BUFFRMFISH2023May25,main,6.00,10.00,30.00,1.13,,metric,6/29/2023 12:27
2023.00,BUFFRMFISHBM03,BUFFRMFISH2023May25,main,7.00,12.00,36.00,1.29,,metric,6/29/2023 12:27
2023.00,BUFFRMFISHBM03,BUFFRMFISH2023May25,main,8.00,14.00,38.00,1.35,,metric,6/29/2023 12:27
2023.00,BUFFRMFISHBM03,BUFFRMFISH2023May25,main,9.00,16.00,38.00,1.17,,metric,6/29/2023 12:28
2023.00,BUFFRMFISHBM03,BUFFRMFISH2023May25,main,10.00,18.00,40.00,1.43,,metric,6/29/2023 12:28
2023.00,BUFFRMFISHBM03,BUFFRMFISH2023May25,main,11.00,20.00,40.00,1.09,,metric,6/29/2023 12:28
2023.00,BUFFRMFISHBM03,BUFFRMFISH2023May25,main,12.00,22.00,28.00,1.00,,metric,6/29/2023 12:28
2023.00,BUFFRMFISHBM03,BUFFRMFISH2023May25,main,13.00,24.00,20.00,0.98,,metric,6/29/2023 12:28
2023.00,BUFFRMFISHBM03,BUFFRMFISH2023May25,main,14.00,26.00,16.00,0.65,,metric,6/29/2023 12:28
2023.00,BUFFRMFISHBM03,BUFFRMFISH2023May25,main,15.00,28.00,10.00,0.13,,metric,6/29/2023 12:29
2023.00,BUFFRMFISHBM03,BUFFRMFISH2023May25,main,16.00,30.00,6.00,0.09,,metric,6/29/2023 12:29
2023.00,BUFFRMFISHBM03,BUFFRMFISH2023May25,main,17.00,32.00,0.00,0.00,Gravel Bar,metric,6/29/2023 12:29
2023.00,BUFFRMFISHBM03,BUFFRMFISH2023May25,main,18.00,34.00,0.00,0.00,Gravel Bar,metric,6/29/2023 12:29
2023.00,BUFFRMFISHBM03,BUFFRMFISH2023May25,main,19.00,36.00,6.00,0.20,,metric,6/29/2023 12:29
2023.00,BUFFRMFISHBM03,BUFFRMFISH2023May25,main,20.00,38.00,22.00,0.30,,metric,6/29/2023 12:30
2023.00,BUFFRMFISHBM03,BUFFRMFISH2023May25,main,21.00,0.00,0.00,0.00,,metric,6/29/2023 12:30
2023.00,BUFFRMFISHBM04,BUFFRMFISH2023Jun01,main,1.00,0.00,0.00,0.00,,metric,6/29/2023 14:15
2023.00,BUFFRMFISHBM04,BUFFRMFISH2023Jun01,main,2.00,2.00,18.00,-0.01,,metric,6/29/2023 14:15
2023.00,BUFFRMFISHBM04,BUFFRMFISH2023Jun01,main,3.00,4.00,33.00,0.14,,metric,6/29/2023 14:15
2023.00,BUFFRMFISHBM04,BUFFRMFISH2023Jun01,main,4.00,6.00,48.00,0.19,,metric,6/29/2023 14:16
2023.00,BUFFRMFISHBM04,BUFFRMFISH2023Jun01,main,5.00,8.00,52.00,0.28,,metric,6/29/2023 14:16
2023.00,BUFFRMFISHBM04,BUFFRMFISH2023Jun01,main,6.00,10.00,55.00,0.35,,metric,6/29/2023 14:21
2023.00,BUFFRMFISHBM04,BUFFRMFISH2023Jun01,main,7.00,12.00,62.00,0.34,,metric,6/29/2023 14:21
2023.00,BUFFRMFISHBM04,BUFFRMFISH2023Jun01,main,8.00,14.00,67.00,0.39,,metric,6/29/2023 14:22
2023.00,BUFFRMFISHBM04,BUFFRMFISH2023Jun01,main,9.00,16.00,66.00,0.43,,metric,6/29/2023 14:22
2023.00,BUFFRMFISHBM04,BUFFRMFISH2023Jun01,main,10.00,18.00,58.00,0.44,,metric,6/29/2023 14:22
2023.00,BUFFRMFISHBM04,BUFFRMFISH2023Jun01,main,11.00,20.00,56.00,0.39,,metric,6/29/2023 14:22
2023.00,BUFFRMFISHBM04,BUFFRMFISH2023Jun01,main,12.00,22.00,67.00,0.32,,metric,6/29/2023 14:22
2023.00,BUFFRMFISHBM04,BUFFRMFISH2023Jun01,main,13.00,24.00,72.00,0.36,,metric,6/29/2023 14:22
2023.00,BUFFRMFISHBM04,BUFFRMFISH2023Jun01,main,14.00,26.00,68.00,0.34,,metric,6/29/2023 14:22
2023.00,BUFFRMFISHBM04,BUFFRMFISH2023Jun01,main,15.00,28.00,58.00,0.35,,metric,6/29/2023 14:23
2023.00,BUFFRMFISHBM04,BUFFRMFISH2023Jun01,main,16.00,30.00,48.00,0.26,,metric,6/29/2023 14:23
2023.00,BUFFRMFISHBM04,BUFFRMFISH2023Jun01,main,17.00,32.00,32.00,0.21,,metric,6/29/2023 14:23
2023.00,BUFFRMFISHBM04,BUFFRMFISH2023Jun01,main,18.00,34.00,24.00,0.05,,metric,6/29/2023 14:23
2023.00,BUFFRMFISHBM04,BUFFRMFISH2023Jun01,main,19.00,36.00,4.00,0.00,,metric,6/29/2023 14:23
2023.00,BUFFRMFISHBM05,BUFFRMFISH2023Jun07,main,1.00,0.00,0.00,0.00,,metric,6/30/2023 12:05
2023.00,BUFFRMFISHBM05,BUFFRMFISH2023Jun07,main,2.00,3.00,45.00,0.13,,metric,6/30/2023 12:05
2023.00,BUFFRMFISHBM05,BUFFRMFISH2023Jun07,main,3.00,6.00,51.00,0.17,,metric,6/30/2023 12:05
2023.00,BUFFRMFISHBM05,BUFFRMFISH2023Jun07,main,4.00,9.00,54.00,0.15,,metric,6/30/2023 12:05
2023.00,BUFFRMFISHBM05,BUFFRMFISH2023Jun07,main,5.00,12.00,58.00,0.10,,metric,6/30/2023 12:05
2023.00,BUFFRMFISHBM05,BUFFRMFISH2023Jun07,main,6.00,15.00,63.00,0.22,,metric,6/30/2023 12:05
2023.00,BUFFRMFISHBM05,BUFFRMFISH2023Jun07,main,7.00,18.00,71.00,0.22,,metric,6/30/2023 12:05
2023.00,BUFFRMFISHBM05,BUFFRMFISH2023Jun07,main,8.00,21.00,70.00,0.21,,metric,6/30/2023 12:05
2023.00,BUFFRMFISHBM05,BUFFRMFISH2023Jun07,main,9.00,24.00,72.00,0.25,,metric,6/30/2023 12:06
2023.00,BUFFRMFISHBM05,BUFFRMFISH2023Jun07,main,10.00,27.00,70.00,0.21,,metric,6/30/2023 12:06
2023.00,BUFFRMFISHBM05,BUFFRMFISH2023Jun07,main,11.00,30.00,52.00,0.24,,metric,6/30/2023 12:06
2023.00,BUFFRMFISHBM05,BUFFRMFISH2023Jun07,main,12.00,33.00,49.00,0.24,,metric,6/30/2023 12:06
2023.00,BUFFRMFISHBM05,BUFFRMFISH2023Jun07,main,13.00,36.00,53.00,0.21,,metric,6/30/2023 12:06
2023.00,BUFFRMFISHBM05,BUFFRMFISH2023Jun07,main,14.00,39.00,52.00,0.16,,metric,6/30/2023 12:06
2023.00,BUFFRMFISHBM05,BUFFRMFISH2023Jun07,main,15.00,42.00,43.00,0.14,,metric,6/30/2023 12:06
2023.00,BUFFRMFISHBM05,BUFFRMFISH2023Jun07,main,16.00,45.00,44.00,0.18,,metric,6/30/2023 12:06
2023.00,BUFFRMFISHBM05,BUFFRMFISH2023Jun07,main,17.00,48.00,41.00,0.18,,metric,6/30/2023 12:06
2023.00,BUFFRMFISHBM05,BUFFRMFISH2023Jun07,main,18.00,51.00,19.00,0.18,,metric,6/30/2023 12:07
2023.00,BUFFRMFISHBM05,BUFFRMFISH2023Jun07,main,19.00,54.00,12.00,0.07,,metric,6/30/2023 12:07
2023.00,BUFFRMFISHBM05,BUFFRMFISH2023Jun07,main,20.00,57.00,13.00,0.09,,metric,6/30/2023 12:07
2023.00,BUFFRMFISHBM05,BUFFRMFISH2023Jun07,main,21.00,58.80,0.00,0.00,,metric,6/30/2023 12:07
2023.00,BUFFRMFISHBM06,BUFFRMFISH2023Jun14,main,1.00,0.00,0.00,0.00,,metric,6/30/2023 13:21
2023.00,BUFFRMFISHBM06,BUFFRMFISH2023Jun14,main,2.00,2.00,70.00,-0.02,,metric,6/30/2023 13:21
2023.00,BUFFRMFISHBM06,BUFFRMFISH2023Jun14,main,3.00,4.00,70.00,0.03,,metric,6/30/2023 13:22
2023.00,BUFFRMFISHBM06,BUFFRMFISH2023Jun14,main,4.00,6.00,80.00,0.25,,metric,6/30/2023 13:22
2023.00,BUFFRMFISHBM06,BUFFRMFISH2023Jun14,main,5.00,8.00,91.00,0.36,,metric,6/30/2023 13:23
2023.00,BUFFRMFISHBM06,BUFFRMFISH2023Jun14,main,6.00,10.00,96.00,0.48,,metric,6/30/2023 13:23
2023.00,BUFFRMFISHBM06,BUFFRMFISH2023Jun14,main,7.00,12.00,92.00,0.35,,metric,6/30/2023 13:23
2023.00,BUFFRMFISHBM06,BUFFRMFISH2023Jun14,main,8.00,14.00,92.00,0.47,,metric,6/30/2023 13:23
2023.00,BUFFRMFISHBM06,BUFFRMFISH2023Jun14,main,9.00,16.00,81.00,0.37,,metric,6/30/2023 13:23
2023.00,BUFFRMFISHBM06,BUFFRMFISH2023Jun14,main,10.00,18.00,76.00,0.36,,metric,6/30/2023 13:23
2023.00,BUFFRMFISHBM06,BUFFRMFISH2023Jun14,main,11.00,20.00,67.00,0.45,,metric,6/30/2023 13:23
2023.00,BUFFRMFISHBM06,BUFFRMFISH2023Jun14,main,12.00,22.00,58.00,0.31,,metric,6/30/2023 13:23
2023.00,BUFFRMFISHBM06,BUFFRMFISH2023Jun14,main,13.00,24.00,50.00,0.25,,metric,6/30/2023 13:23
2023.00,BUFFRMFISHBM06,BUFFRMFISH2023Jun14,main,14.00,26.00,50.00,0.38,,metric,6/30/2023 13:24
2023.00,BUFFRMFISHBM06,BUFFRMFISH2023Jun14,main,15.00,28.00,44.00,0.36,,metric,6/30/2023 13:24
2023.00,BUFFRMFISHBM06,BUFFRMFISH2023Jun14,main,16.00,30.00,47.00,0.14,,metric,6/30/2023 13:24
2023.00,BUFFRMFISHBM06,BUFFRMFISH2023Jun14,main,17.00,32.00,52.00,0.11,,metric,6/30/2023 13:24
2023.00,BUFFRMFISHBM06,BUFFRMFISH2023Jun14,main,18.00,34.00,51.00,0.08,,metric,6/30/2023 13:24
2023.00,BUFFRMFISHBM06,BUFFRMFISH2023Jun14,main,19.00,36.00,82.00,0.07,,metric,6/30/2023 13:24
2023.00,BUFFRMFISHBM06,BUFFRMFISH2023Jun14,main,20.00,38.00,90.00,0.04,,metric,6/30/2023 13:24
2023.00,BUFFRMFISHBM06,BUFFRMFISH2023Jun14,main,21.00,40.00,88.00,-0.01,,metric,6/30/2023 13:24
2023.00,BUFFRMFISHBM06,BUFFRMFISH2023Jun14,main,22.00,42.00,0.00,0.00,on rock,metric,6/30/2023 13:24
2023.00,BUFFRMFISHBM06,BUFFRMFISH2023Jun14,main,23.00,44.00,0.00,0.00,,metric,6/30/2023 13:25
2023.00,BUFFRMFISHBT05,BUFFRMFISH2023Jun02,main,1.00,0.00,0.00,0.00,,metric,7/13/2023 12:39
2023.00,BUFFRMFISHBT05,BUFFRMFISH2023Jun02,main,2.00,0.50,14.00,0.01,,metric,7/5/2023 8:12
2023.00,BUFFRMFISHBT05,BUFFRMFISH2023Jun02,main,3.00,1.00,14.00,0.04,,metric,7/5/2023 8:12
2023.00,BUFFRMFISHBT05,BUFFRMFISH2023Jun02,main,4.00,1.50,18.00,0.04,,metric,7/5/2023 8:12
2023.00,BUFFRMFISHBT05,BUFFRMFISH2023Jun02,main,5.00,2.00,20.00,0.09,,metric,7/5/2023 8:13
2023.00,BUFFRMFISHBT05,BUFFRMFISH2023Jun02,main,6.00,2.50,20.00,0.12,,metric,7/5/2023 8:13
2023.00,BUFFRMFISHBT05,BUFFRMFISH2023Jun02,main,7.00,3.00,20.00,0.06,,metric,7/5/2023 8:13
2023.00,BUFFRMFISHBT05,BUFFRMFISH2023Jun02,main,8.00,3.50,20.00,0.02,,metric,7/5/2023 8:13
2023.00,BUFFRMFISHBT05,BUFFRMFISH2023Jun02,main,9.00,4.00,20.00,0.03,,metric,7/5/2023 8:13
2023.00,BUFFRMFISHBT05,BUFFRMFISH2023Jun02,main,10.00,4.50,22.00,0.01,,metric,7/5/2023 8:13
2023.00,BUFFRMFISHBT05,BUFFRMFISH2023Jun02,main,11.00,5.00,24.00,0.01,,metric,7/5/2023 8:13
2023.00,BUFFRMFISHBT05,BUFFRMFISH2023Jun02,main,12.00,5.50,17.00,0.02,,metric,7/5/2023 8:14
2023.00,BUFFRMFISHBT05,BUFFRMFISH2023Jun02,main,13.00,6.00,10.00,0.02,,metric,7/5/2023 8:14
2023.00,BUFFRMFISHBT05,BUFFRMFISH2023Jun02,main,14.00,6.50,6.00,0.02,,metric,7/5/2023 8:14
2023.00,BUFFRMFISHBT07,BUFFRMFISH2023May23,main,1.00,0.00,0.00,0.00,,metric,7/5/2023 9:45
2023.00,BUFFRMFISHBT07,BUFFRMFISH2023May23,main,2.00,1.00,12.00,0.12,,metric,7/5/2023 9:45
2023.00,BUFFRMFISHBT07,BUFFRMFISH2023May23,main,3.00,2.00,20.00,0.19,,metric,7/5/2023 9:46
2023.00,BUFFRMFISHBT07,BUFFRMFISH2023May23,main,4.00,3.00,34.00,0.22,,metric,7/5/2023 9:46
2023.00,BUFFRMFISHBT07,BUFFRMFISH2023May23,main,5.00,4.00,30.00,0.24,,metric,7/5/2023 9:46
2023.00,BUFFRMFISHBT07,BUFFRMFISH2023May23,main,6.00,5.00,26.00,0.25,,metric,7/5/2023 9:46
2023.00,BUFFRMFISHBT07,BUFFRMFISH2023May23,main,7.00,6.00,21.00,0.21,,metric,7/5/2023 9:46
2023.00,BUFFRMFISHBT07,BUFFRMFISH2023May23,main,8.00,7.00,18.00,0.18,,metric,7/5/2023 9:46
2023.00,BUFFRMFISHBT07,BUFFRMFISH2023May23,main,9.00,8.00,13.00,0.18,,metric,7/5/2023 9:46
2023.00,BUFFRMFISHBT07,BUFFRMFISH2023May23,main,10.00,9.00,6.00,0.16,,metric,7/5/2023 9:46
2023.00,BUFFRMFISHBT07,BUFFRMFISH2023May23,main,11.00,10.00,7.00,0.13,,metric,7/5/2023 9:46
2023.00,BUFFRMFISHBT07,BUFFRMFISH2023May23,main,12.00,11.00,5.00,0.14,,metric,7/5/2023 9:46
2023.00,BUFFRMFISHBT07,BUFFRMFISH2023May23,main,13.00,12.00,6.00,0.18,,metric,7/5/2023 9:47
2023.00,BUFFRMFISHBT07,BUFFRMFISH2023May23,main,14.00,13.00,4.00,0.12,,metric,7/5/2023 9:47
2023.00,BUFFRMFISHBT07,BUFFRMFISH2023May23,main,15.00,14.00,3.00,0.21,,metric,7/5/2023 9:47
2023.00,BUFFRMFISHBT07,BUFFRMFISH2023May23,main,16.00,15.00,5.00,0.16,,metric,7/5/2023 9:47
2023.00,BUFFRMFISHBT07,BUFFRMFISH2023May23,main,17.00,16.00,11.00,0.10,,metric,7/5/2023 9:47
2023.00,BUFFRMFISHBT07,BUFFRMFISH2023May23,main,18.00,17.00,12.00,0.16,,metric,7/5/2023 9:47
2023.00,BUFFRMFISHBT15,BUFFRMFISH2023May26,main,1.00,0.00,0.00,0.00,,metric,7/5/2023 13:30
2023.00,BUFFRMFISHBT15,BUFFRMFISH2023May26,main,2.00,1.00,12.00,0.10,,metric,7/5/2023 13:30
2023.00,BUFFRMFISHBT15,BUFFRMFISH2023May26,main,3.00,2.00,16.00,0.12,,metric,7/5/2023 13:30
2023.00,BUFFRMFISHBT15,BUFFRMFISH2023May26,main,4.00,3.00,20.00,0.14,,metric,7/5/2023 13:30
2023.00,BUFFRMFISHBT15,BUFFRMFISH2023May26,main,5.00,4.00,21.00,0.21,,metric,7/5/2023 13:31
2023.00,BUFFRMFISHBT15,BUFFRMFISH2023May26,main,6.00,5.00,18.00,0.24,,metric,7/5/2023 13:31
2023.00,BUFFRMFISHBT15,BUFFRMFISH2023May26,main,7.00,6.00,15.00,0.21,,metric,7/5/2023 13:31
2023.00,BUFFRMFISHBT15,BUFFRMFISH2023May26,main,8.00,7.00,13.00,0.20,,metric,7/5/2023 13:31
2023.00,BUFFRMFISHBT15,BUFFRMFISH2023May26,main,9.00,8.00,11.00,0.12,,metric,7/5/2023 13:31
2023.00,BUFFRMFISHBT15,BUFFRMFISH2023May26,main,10.00,9.00,8.00,0.10,,metric,7/5/2023 13:31
2023.00,BUFFRMFISHBT15,BUFFRMFISH2023May26,main,11.00,10.00,1.00,0.00,,metric,7/5/2023 13:31
2023.00,BUFFRMFISHBT19,BUFFRMFISH2023May30,main,1.00,0.00,0.00,0.00,,metric,7/5/2023 13:41
2023.00,BUFFRMFISHBT19,BUFFRMFISH2023May30,main,2.00,0.50,8.00,0.07,,metric,7/5/2023 13:41
2023.00,BUFFRMFISHBT19,BUFFRMFISH2023May30,main,3.00,1.00,4.00,0.00,,metric,7/5/2023 13:42
2023.00,BUFFRMFISHBT19,BUFFRMFISH2023May30,main,4.00,1.50,6.00,0.03,,metric,7/5/2023 13:42
2023.00,BUFFRMFISHBT19,BUFFRMFISH2023May30,main,5.00,2.00,10.00,0.18,,metric,7/5/2023 13:42
2023.00,BUFFRMFISHBT19,BUFFRMFISH2023May30,main,6.00,2.50,12.00,0.12,,metric,7/5/2023 13:42
2023.00,BUFFRMFISHBT19,BUFFRMFISH2023May30,main,7.00,3.00,12.00,0.13,,metric,7/5/2023 13:42
2023.00,BUFFRMFISHBT19,BUFFRMFISH2023May30,main,8.00,3.50,20.00,0.07,,metric,7/5/2023 13:42
2023.00,BUFFRMFISHBT19,BUFFRMFISH2023May30,main,9.00,4.00,20.00,0.15,,metric,7/5/2023 13:42
2023.00,BUFFRMFISHBT19,BUFFRMFISH2023May30,main,10.00,4.50,19.00,0.09,,metric,7/5/2023 13:42
2023.00,BUFFRMFISHBT19,BUFFRMFISH2023May30,main,11.00,5.00,18.00,0.18,,metric,7/5/2023 13:42
2023.00,BUFFRMFISHBT19,BUFFRMFISH2023May30,main,12.00,5.50,21.00,0.16,,metric,7/5/2023 13:42
2023.00,BUFFRMFISHBT19,BUFFRMFISH2023May30,main,13.00,6.00,26.00,0.23,,metric,7/5/2023 13:42
2023.00,BUFFRMFISHBT19,BUFFRMFISH2023May30,main,14.00,6.50,26.00,0.26,,metric,7/5/2023 13:42
2023.00,BUFFRMFISHBT19,BUFFRMFISH2023May30,main,15.00,7.00,24.00,0.19,,metric,7/5/2023 13:42
2023.00,BUFFRMFISHBT19,BUFFRMFISH2023May30,main,16.00,7.50,24.00,0.23,,metric,7/5/2023 13:43
2023.00,BUFFRMFISHBT19,BUFFRMFISH2023May30,main,17.00,8.00,26.00,0.32,,metric,7/5/2023 13:43
2023.00,BUFFRMFISHBT19,BUFFRMFISH2023May30,main,18.00,8.50,20.00,0.27,,metric,7/5/2023 13:43
2023.00,BUFFRMFISHBT19,BUFFRMFISH2023May30,main,19.00,9.00,19.00,0.28,,metric,7/5/2023 13:43
2023.00,BUFFRMFISHBT19,BUFFRMFISH2023May30,main,20.00,9.50,15.00,0.28,,metric,7/5/2023 13:43
2023.00,BUFFRMFISHBT19,BUFFRMFISH2023May30,main,21.00,10.00,12.00,0.28,,metric,7/5/2023 13:43
2023.00,BUFFRMFISHBT19,BUFFRMFISH2023May30,main,22.00,10.50,10.00,0.18,,metric,7/5/2023 13:43
2023.00,BUFFRMFISHBT19,BUFFRMFISH2023May30,main,23.00,11.00,6.00,0.16,,metric,7/5/2023 13:43
2023.00,BUFFRMFISHBT19,BUFFRMFISH2023May30,main,24.00,11.50,4.00,0.00,,metric,7/5/2023 13:43
2023.00,BUFFRMFISHBT19,BUFFRMFISH2023May30,main,25.00,12.00,2.00,0.00,,metric,7/5/2023 13:44
2023.00,BUFFRMFISHBT19,BUFFRMFISH2023May30,main,26.00,12.50,0.00,0.00,,metric,7/5/2023 13:44
2023.00,BUFFRMFISHBT20,BUFFRMFISH2023May31,main,1.00,0.00,0.00,0.00,,metric,7/5/2023 14:34
2023.00,BUFFRMFISHBT20,BUFFRMFISH2023May31,main,2.00,1.00,6.00,0.29,,metric,7/5/2023 14:34
2023.00,BUFFRMFISHBT20,BUFFRMFISH2023May31,main,3.00,2.00,12.00,0.75,,metric,7/5/2023 14:34
2023.00,BUFFRMFISHBT20,BUFFRMFISH2023May31,main,4.00,3.00,14.00,0.77,,metric,7/5/2023 14:34
2023.00,BUFFRMFISHBT20,BUFFRMFISH2023May31,main,5.00,4.00,15.00,0.67,,metric,7/5/2023 14:34
2023.00,BUFFRMFISHBT20,BUFFRMFISH2023May31,main,6.00,5.00,16.00,0.58,,metric,7/5/2023 14:34
2023.00,BUFFRMFISHBT20,BUFFRMFISH2023May31,main,7.00,6.00,14.00,0.39,,metric,7/5/2023 14:34
2023.00,BUFFRMFISHBT20,BUFFRMFISH2023May31,main,8.00,7.00,15.00,0.32,,metric,7/5/2023 14:34
2023.00,BUFFRMFISHBT20,BUFFRMFISH2023May31,main,9.00,8.00,14.00,0.29,,metric,7/5/2023 14:34
2023.00,BUFFRMFISHBT20,BUFFRMFISH2023May31,main,10.00,9.00,13.00,0.22,,metric,7/5/2023 14:34
2023.00,BUFFRMFISHBT20,BUFFRMFISH2023May31,main,11.00,10.00,17.00,0.23,,metric,7/5/2023 14:35
2023.00,BUFFRMFISHBT20,BUFFRMFISH2023May31,main,12.00,11.00,14.00,0.25,,metric,7/5/2023 14:35
2023.00,BUFFRMFISHBT20,BUFFRMFISH2023May31,main,13.00,12.00,13.00,0.22,,metric,7/5/2023 14:35
2023.00,BUFFRMFISHBT20,BUFFRMFISH2023May31,main,14.00,13.00,12.00,0.16,,metric,7/5/2023 14:35
2023.00,BUFFRMFISHBT20,BUFFRMFISH2023May31,main,15.00,14.00,10.00,0.21,,metric,7/5/2023 14:35
2023.00,BUFFRMFISHBT20,BUFFRMFISH2023May31,main,16.00,15.00,12.00,0.18,,metric,7/5/2023 14:35
2023.00,BUFFRMFISHBT20,BUFFRMFISH2023May31,main,17.00,16.00,11.00,0.18,,metric,7/5/2023 14:35
2023.00,BUFFRMFISHBT20,BUFFRMFISH2023May31,main,18.00,17.00,10.00,0.16,,metric,7/5/2023 14:35
2023.00,BUFFRMFISHBT20,BUFFRMFISH2023May31,main,19.00,18.00,4.00,0.01,,metric,7/5/2023 14:35
2023.00,BUFFRMFISHBT20,BUFFRMFISH2023May31,main,20.00,19.00,0.00,0.00,,metric,7/5/2023 14:35
2023.00,BUFFRMFISHBT23,BUFFRMFISH2023Jun06,main,1.00,0.00,0.00,0.00,,metric,7/6/2023 9:50
2023.00,BUFFRMFISHBT23,BUFFRMFISH2023Jun06,main,2.00,1.00,14.00,0.04,,metric,7/6/2023 9:50
2023.00,BUFFRMFISHBT23,BUFFRMFISH2023Jun06,main,3.00,2.00,28.00,0.08,,metric,7/6/2023 9:50
2023.00,BUFFRMFISHBT23,BUFFRMFISH2023Jun06,main,4.00,3.00,28.00,0.14,,metric,7/6/2023 9:50
2023.00,BUFFRMFISHBT23,BUFFRMFISH2023Jun06,main,5.00,4.00,38.00,0.18,,metric,7/6/2023 9:50
2023.00,BUFFRMFISHBT23,BUFFRMFISH2023Jun06,main,6.00,5.00,30.00,0.20,,metric,7/6/2023 9:50
2023.00,BUFFRMFISHBT23,BUFFRMFISH2023Jun06,main,7.00,6.00,22.00,0.18,,metric,7/6/2023 9:51
2023.00,BUFFRMFISHBT23,BUFFRMFISH2023Jun06,main,8.00,7.00,11.00,0.15,,metric,7/13/2023 13:32
2023.00,BUFFRMFISHBT23,BUFFRMFISH2023Jun06,main,9.00,8.00,0.00,0.00,,metric,7/6/2023 9:51
