Season,LocationID,EventID,TransectNumber,SampleLocation,ChannelType,FilaAlgae,HydroMoss,Boulders,Artificial,SmallWoodDeb,LargeWoodDeb,TreesRoots,OverhangVeg,UndercutBank,Bluff,Comment,DETimeStamp
2006,BUFFRMFISHBM01,BUFFRMFISH2006MAY23,1,L,main,0,0,1,0,0,0,0,0,0,0,,12/3/2018
2006,BUFFRMFISHBM01,BUFFRMFISH2006MAY23,1,M,main,0,0,1,0,0,0,0,0,0,0,,12/3/2018
2006,BUFFRMFISHBM01,BUFFRMFISH2006MAY23,1,R,main,0,1,0,0,0,0,0,0,0,0,,12/3/2018
2006,BUFFRMFISHBM01,BUFFRMFISH2006MAY23,2,L,main,0,0,0,0,0,0,0,0,0,0,,12/3/2018
2006,BUFFRMFISHBM01,BUFFRMFISH2006MAY23,2,M,main,0,0,0,0,0,0,0,0,0,0,,12/3/2018
2006,BUFFRMFISHBM01,BUFFRMFISH2006MAY23,2,R,main,0,1,0,0,1,0,0,0,0,0,,12/3/2018
2006,BUFFRMFISHBM01,BUFFRMFISH2006MAY23,3,L,main,0,0,0,0,0,0,0,1,0,0,,12/3/2018
2006,BUFFRMFISHBM01,BUFFRMFISH2006MAY23,3,M,main,0,0,0,0,0,0,0,0,0,0,,12/3/2018
2006,BUFFRMFISHBM01,BUFFRMFISH2006MAY23,3,R,main,0,0,0,0,0,0,0,0,0,0,,12/3/2018
2006,BUFFRMFISHBM01,BUFFRMFISH2006MAY23,4,L,main,0,0,0,0,0,0,0,0,0,0,,12/3/2018
2006,BUFFRMFISHBM01,BUFFRMFISH2006MAY23,4,M,main,0,0,0,0,0,0,0,0,0,0,,12/3/2018
2006,BUFFRMFISHBM01,BUFFRMFISH2006MAY23,4,R,main,0,1,1,0,0,0,0,0,0,0,,12/3/2018
2006,BUFFRMFISHBM01,BUFFRMFISH2006MAY23,5,L,main,0,0,1,0,1,0,0,0,0,0,,12/3/2018
2006,BUFFRMFISHBM01,BUFFRMFISH2006MAY23,5,M,main,0,0,1,0,0,0,0,0,0,0,,12/3/2018
2006,BUFFRMFISHBM01,BUFFRMFISH2006MAY23,5,R,main,0,0,0,0,1,0,0,0,0,0,,12/3/2018
2006,BUFFRMFISHBM01,BUFFRMFISH2006MAY23,6,L,main,0,0,1,0,1,0,0,0,0,0,,12/3/2018
2006,BUFFRMFISHBM01,BUFFRMFISH2006MAY23,6,M,main,0,0,1,0,0,0,0,0,0,0,,12/3/2018
2006,BUFFRMFISHBM01,BUFFRMFISH2006MAY23,6,R,main,0,0,0,0,1,0,0,0,0,0,,12/3/2018
2006,BUFFRMFISHBM01,BUFFRMFISH2006MAY23,7,L,main,0,0,0,0,1,0,0,0,0,0,,12/3/2018
2006,BUFFRMFISHBM01,BUFFRMFISH2006MAY23,7,M,main,0,0,1,0,0,0,0,0,0,0,,12/3/2018
2006,BUFFRMFISHBM01,BUFFRMFISH2006MAY23,7,R,main,0,0,1,0,1,0,1,0,0,0,,12/3/2018
2006,BUFFRMFISHBM01,BUFFRMFISH2006MAY23,8,L,main,0,0,0,0,1,0,0,0,0,0,,12/3/2018
2006,BUFFRMFISHBM01,BUFFRMFISH2006MAY23,8,M,main,0,0,1,0,0,0,0,0,0,0,,12/3/2018
2006,BUFFRMFISHBM01,BUFFRMFISH2006MAY23,8,R,main,0,0,1,0,1,0,0,0,0,0,,12/3/2018
2006,BUFFRMFISHBM01,BUFFRMFISH2006MAY23,9,L,main,0,0,1,0,1,0,0,0,0,0,,12/3/2018
2006,BUFFRMFISHBM01,BUFFRMFISH2006MAY23,9,M,main,0,0,0,0,0,0,0,0,0,0,,12/3/2018
2006,BUFFRMFISHBM01,BUFFRMFISH2006MAY23,9,R,main,0,0,1,0,1,0,1,0,0,0,,12/3/2018
2006,BUFFRMFISHBM01,BUFFRMFISH2006MAY23,10,L,main,0,0,0,0,1,0,0,0,0,0,,12/3/2018
2006,BUFFRMFISHBM01,BUFFRMFISH2006MAY23,10,M,main,0,0,0,0,0,0,0,0,0,0,,12/3/2018
2006,BUFFRMFISHBM01,BUFFRMFISH2006MAY23,10,R,main,0,0,1,0,1,1,0,0,0,0,,12/3/2018
2006,BUFFRMFISHBM01,BUFFRMFISH2006MAY23,11,L,main,0,0,1,0,1,0,0,1,0,0,,12/3/2018
2006,BUFFRMFISHBM01,BUFFRMFISH2006MAY23,11,M,main,0,0,0,0,0,0,0,0,0,0,,12/3/2018
2006,BUFFRMFISHBM01,BUFFRMFISH2006MAY23,11,R,main,0,0,1,0,1,0,0,0,0,0,,12/3/2018
2006,BUFFRMFISHBM02,BUFFRMFISH2006MAY30,1,L,main,0,0,0,0,1,0,0,0,0,0,,12/3/2018
2006,BUFFRMFISHBM02,BUFFRMFISH2006MAY30,1,M,main,0,1,0,0,0,0,0,0,0,0,,12/3/2018
2006,BUFFRMFISHBM02,BUFFRMFISH2006MAY30,1,R,main,0,0,0,0,1,1,0,0,0,0,,12/3/2018
2006,BUFFRMFISHBM02,BUFFRMFISH2006MAY30,2,L,main,0,0,0,0,1,0,0,0,0,0,,12/3/2018
2006,BUFFRMFISHBM02,BUFFRMFISH2006MAY30,2,M,main,0,0,0,0,0,0,0,0,0,0,,12/3/2018
2006,BUFFRMFISHBM02,BUFFRMFISH2006MAY30,2,R,main,0,0,0,0,1,0,0,0,0,0,,12/3/2018
2006,BUFFRMFISHBM02,BUFFRMFISH2006MAY30,3,L,main,0,0,0,0,1,1,0,0,0,0,,12/3/2018
2006,BUFFRMFISHBM02,BUFFRMFISH2006MAY30,3,M,main,0,0,0,0,0,0,0,0,0,0,,12/3/2018
2006,BUFFRMFISHBM02,BUFFRMFISH2006MAY30,3,R,main,0,0,0,0,1,0,0,0,0,0,,12/3/2018
2006,BUFFRMFISHBM02,BUFFRMFISH2006MAY30,4,L,main,0,0,0,0,1,0,0,0,0,0,,12/3/2018
2006,BUFFRMFISHBM02,BUFFRMFISH2006MAY30,4,M,main,0,0,0,0,0,0,0,0,0,0,,12/3/2018
2006,BUFFRMFISHBM02,BUFFRMFISH2006MAY30,4,R,main,0,0,0,0,1,0,0,0,0,0,,12/3/2018
2006,BUFFRMFISHBM02,BUFFRMFISH2006MAY30,5,L,main,0,0,0,0,1,0,0,0,0,0,,12/3/2018
2006,BUFFRMFISHBM02,BUFFRMFISH2006MAY30,5,M,main,0,0,0,0,0,0,0,0,0,0,,12/3/2018
2006,BUFFRMFISHBM02,BUFFRMFISH2006MAY30,5,R,main,0,0,0,0,1,0,0,0,0,0,,12/3/2018
2006,BUFFRMFISHBM02,BUFFRMFISH2006MAY30,6,L,main,0,0,0,0,1,0,0,0,0,0,,12/3/2018
2006,BUFFRMFISHBM02,BUFFRMFISH2006MAY30,6,M,main,0,0,0,0,0,0,0,0,0,0,,12/3/2018
2006,BUFFRMFISHBM02,BUFFRMFISH2006MAY30,6,R,main,0,0,0,0,1,1,1,0,0,0,,12/3/2018
2006,BUFFRMFISHBM02,BUFFRMFISH2006MAY30,7,L,main,0,0,0,0,1,0,0,0,0,0,,12/3/2018
2006,BUFFRMFISHBM02,BUFFRMFISH2006MAY30,7,M,main,0,0,0,0,0,0,0,0,0,0,,12/3/2018
2006,BUFFRMFISHBM02,BUFFRMFISH2006MAY30,7,R,main,0,0,0,0,1,1,1,0,0,0,,12/3/2018
2006,BUFFRMFISHBM02,BUFFRMFISH2006MAY30,8,L,main,0,0,0,0,1,0,0,0,0,0,Too deep to see,12/3/2018
2006,BUFFRMFISHBM02,BUFFRMFISH2006MAY30,8,M,main,0,0,0,0,0,0,0,0,0,0,,12/3/2018
2006,BUFFRMFISHBM02,BUFFRMFISH2006MAY30,8,R,main,0,0,0,0,1,1,0,0,0,0,,12/3/2018
2006,BUFFRMFISHBM02,BUFFRMFISH2006MAY30,9,L,main,0,0,0,0,0,0,0,0,0,0,too deep to see,12/3/2018
2006,BUFFRMFISHBM02,BUFFRMFISH2006MAY30,9,M,main,0,0,0,0,0,0,0,0,0,0,,12/3/2018
2006,BUFFRMFISHBM02,BUFFRMFISH2006MAY30,9,R,main,0,0,0,0,1,1,0,0,0,0,,12/3/2018
2006,BUFFRMFISHBM02,BUFFRMFISH2006MAY30,10,L,main,0,0,0,0,1,0,0,0,1,0,too deep to see others,12/3/2018
2006,BUFFRMFISHBM02,BUFFRMFISH2006MAY30,10,M,main,0,0,0,0,0,0,0,0,0,0,too deep to see others,12/3/2018
2006,BUFFRMFISHBM02,BUFFRMFISH2006MAY30,10,R,main,0,0,0,0,1,0,0,0,0,0,,12/3/2018
2006,BUFFRMFISHBM02,BUFFRMFISH2006MAY30,11,L,main,0,0,0,0,1,0,0,1,0,0,,12/3/2018
2006,BUFFRMFISHBM02,BUFFRMFISH2006MAY30,11,M,main,0,0,0,0,0,0,0,0,0,0,,12/3/2018
2006,BUFFRMFISHBM02,BUFFRMFISH2006MAY30,11,R,main,0,0,0,0,1,0,0,0,0,0,,12/3/2018
2006,BUFFRMFISHBM03,BUFFRMFISH2006JUN01,1,L,main,0,0,0,0,0,0,0,1,0,0,,1/15/2019
2006,BUFFRMFISHBM03,BUFFRMFISH2006JUN01,1,M,main,0,0,0,0,0,0,0,0,0,0,,1/15/2019
2006,BUFFRMFISHBM03,BUFFRMFISH2006JUN01,1,R,main,0,0,0,0,1,0,0,0,0,0,,1/15/2019
2006,BUFFRMFISHBM03,BUFFRMFISH2006JUN01,2,L,main,0,0,0,0,1,0,1,0,0,0,,12/3/2018
2006,BUFFRMFISHBM03,BUFFRMFISH2006JUN01,2,M,main,0,0,0,0,0,0,0,0,0,0,,12/3/2018
2006,BUFFRMFISHBM03,BUFFRMFISH2006JUN01,2,R,main,0,0,0,0,1,0,0,0,0,0,,12/3/2018
2006,BUFFRMFISHBM03,BUFFRMFISH2006JUN01,3,L,main,0,0,1,0,1,1,0,0,0,0,,12/3/2018
2006,BUFFRMFISHBM03,BUFFRMFISH2006JUN01,3,M,main,0,0,0,0,0,0,0,0,0,0,,12/3/2018
2006,BUFFRMFISHBM03,BUFFRMFISH2006JUN01,3,R,main,0,0,0,0,1,0,1,0,0,0,,12/3/2018
2006,BUFFRMFISHBM03,BUFFRMFISH2006JUN01,4,L,main,0,0,0,0,1,0,0,0,0,1,,12/3/2018
2006,BUFFRMFISHBM03,BUFFRMFISH2006JUN01,4,M,main,0,0,0,0,0,0,0,0,0,0,,12/3/2018
2006,BUFFRMFISHBM03,BUFFRMFISH2006JUN01,4,R,main,0,0,0,0,1,0,0,0,0,0,,12/3/2018
2006,BUFFRMFISHBM03,BUFFRMFISH2006JUN01,5,L,main,0,0,1,0,1,0,0,0,0,0,,12/3/2018
2006,BUFFRMFISHBM03,BUFFRMFISH2006JUN01,5,M,main,0,0,0,0,0,0,0,0,0,0,,12/3/2018
2006,BUFFRMFISHBM03,BUFFRMFISH2006JUN01,5,R,main,0,0,0,0,1,0,0,0,0,0,,12/3/2018
2006,BUFFRMFISHBM03,BUFFRMFISH2006JUN01,6,L,main,0,0,1,0,1,0,0,0,0,1,,12/3/2018
2006,BUFFRMFISHBM03,BUFFRMFISH2006JUN01,6,M,main,0,0,1,0,0,0,0,0,0,0,,12/3/2018
2006,BUFFRMFISHBM03,BUFFRMFISH2006JUN01,6,R,main,0,0,0,0,1,0,0,0,0,0,,12/3/2018
2006,BUFFRMFISHBM03,BUFFRMFISH2006JUN01,7,L,main,0,0,0,0,1,0,0,0,0,1,,12/3/2018
2006,BUFFRMFISHBM03,BUFFRMFISH2006JUN01,7,M,main,0,0,0,0,0,0,0,0,0,0,,12/3/2018
2006,BUFFRMFISHBM03,BUFFRMFISH2006JUN01,7,R,main,0,0,0,0,1,0,0,0,0,0,,12/3/2018
2006,BUFFRMFISHBM03,BUFFRMFISH2006JUN01,8,L,main,0,0,0,0,1,0,0,0,0,0,,12/3/2018
2006,BUFFRMFISHBM03,BUFFRMFISH2006JUN01,8,M,main,0,0,0,0,0,0,0,0,0,0,,12/3/2018
2006,BUFFRMFISHBM03,BUFFRMFISH2006JUN01,8,R,main,0,0,0,0,1,0,0,0,0,0,,12/3/2018
2006,BUFFRMFISHBM03,BUFFRMFISH2006JUN01,9,L,main,0,0,1,0,1,0,0,0,0,0,,12/3/2018
2006,BUFFRMFISHBM03,BUFFRMFISH2006JUN01,9,M,main,0,0,0,0,0,0,0,0,0,0,,12/3/2018
2006,BUFFRMFISHBM03,BUFFRMFISH2006JUN01,9,R,main,0,0,0,0,1,0,0,0,0,0,,12/3/2018
2006,BUFFRMFISHBM03,BUFFRMFISH2006JUN01,10,L,main,0,0,0,0,1,0,0,0,0,0,,12/3/2018
2006,BUFFRMFISHBM03,BUFFRMFISH2006JUN01,10,M,main,0,0,0,0,0,0,0,0,0,0,,12/3/2018
2006,BUFFRMFISHBM03,BUFFRMFISH2006JUN01,10,R,main,0,0,0,0,0,0,0,0,0,0,,12/3/2018
2006,BUFFRMFISHBM03,BUFFRMFISH2006JUN01,11,L,main,0,0,0,0,0,0,0,0,0,0,,12/3/2018
2006,BUFFRMFISHBM03,BUFFRMFISH2006JUN01,11,M,main,0,0,1,0,0,0,0,0,0,0,,12/3/2018
2006,BUFFRMFISHBM03,BUFFRMFISH2006JUN01,11,R,main,0,0,0,0,0,0,0,0,0,0,,12/3/2018
2006,BUFFRMFISHBM04,BUFFRMFISH2006JUN02,1,L,main,0,0,0,0,0,0,0,1,0,0,,12/3/2018
2006,BUFFRMFISHBM04,BUFFRMFISH2006JUN02,1,M,main,0,0,0,0,0,0,0,0,0,0,,12/3/2018
2006,BUFFRMFISHBM04,BUFFRMFISH2006JUN02,1,R,main,0,0,0,0,0,0,0,1,0,0,,12/3/2018
2006,BUFFRMFISHBM04,BUFFRMFISH2006JUN02,2,L,main,0,0,0,0,0,0,0,1,0,0,,12/3/2018
2006,BUFFRMFISHBM04,BUFFRMFISH2006JUN02,2,M,main,0,0,0,0,0,0,0,0,0,0,,12/3/2018
2006,BUFFRMFISHBM04,BUFFRMFISH2006JUN02,2,R,main,0,0,0,0,1,0,0,1,0,0,,12/3/2018
2006,BUFFRMFISHBM04,BUFFRMFISH2006JUN02,3,L,main,0,0,0,0,0,0,0,1,0,0,,12/3/2018
2006,BUFFRMFISHBM04,BUFFRMFISH2006JUN02,3,M,main,0,0,0,0,0,0,0,0,0,0,,12/3/2018
2006,BUFFRMFISHBM04,BUFFRMFISH2006JUN02,3,R,main,0,0,0,0,0,0,0,1,0,0,,12/3/2018
2006,BUFFRMFISHBM04,BUFFRMFISH2006JUN02,4,L,main,0,0,0,0,0,0,0,1,0,0,,12/3/2018
2006,BUFFRMFISHBM04,BUFFRMFISH2006JUN02,4,M,main,0,0,0,0,0,0,0,0,0,0,,12/3/2018
2006,BUFFRMFISHBM04,BUFFRMFISH2006JUN02,4,R,main,0,0,0,0,1,0,0,1,0,0,,12/3/2018
2006,BUFFRMFISHBM04,BUFFRMFISH2006JUN02,5,L,main,0,0,0,0,1,0,0,1,0,0,,12/3/2018
2006,BUFFRMFISHBM04,BUFFRMFISH2006JUN02,5,M,main,0,0,0,0,0,0,0,0,0,0,,12/3/2018
2006,BUFFRMFISHBM04,BUFFRMFISH2006JUN02,5,R,main,0,0,0,0,1,0,0,1,0,0,,12/3/2018
2006,BUFFRMFISHBM04,BUFFRMFISH2006JUN02,6,L,main,0,0,0,0,1,0,0,1,0,0,,12/3/2018
2006,BUFFRMFISHBM04,BUFFRMFISH2006JUN02,6,M,main,0,0,0,0,0,0,0,0,0,0,,12/3/2018
2006,BUFFRMFISHBM04,BUFFRMFISH2006JUN02,6,R,main,0,0,0,0,1,0,0,1,0,0,,12/3/2018
2006,BUFFRMFISHBM04,BUFFRMFISH2006JUN02,7,L,main,0,1,0,0,1,0,0,1,0,0,gravel bar 0.5m x 3m,12/3/2018
2006,BUFFRMFISHBM04,BUFFRMFISH2006JUN02,7,M,main,0,0,0,0,0,0,0,0,0,0,,12/3/2018
2006,BUFFRMFISHBM04,BUFFRMFISH2006JUN02,7,R,main,0,0,0,0,1,0,0,1,0,0,,12/3/2018
2006,BUFFRMFISHBM04,BUFFRMFISH2006JUN02,8,L,main,0,0,0,0,1,0,0,1,0,0,,12/3/2018
2006,BUFFRMFISHBM04,BUFFRMFISH2006JUN02,8,M,main,0,0,0,0,0,0,0,0,0,0,,12/3/2018
2006,BUFFRMFISHBM04,BUFFRMFISH2006JUN02,8,R,main,0,0,0,0,1,0,0,0,0,0,,12/3/2018
2006,BUFFRMFISHBM04,BUFFRMFISH2006JUN02,9,L,main,0,0,0,0,1,0,0,1,0,0,,12/3/2018
2006,BUFFRMFISHBM04,BUFFRMFISH2006JUN02,9,M,main,0,0,0,0,0,0,0,0,0,0,,12/3/2018
2006,BUFFRMFISHBM04,BUFFRMFISH2006JUN02,9,R,main,0,0,0,0,1,0,0,1,0,0,,12/3/2018
2006,BUFFRMFISHBM04,BUFFRMFISH2006JUN02,10,L,main,0,0,0,0,1,0,0,1,0,0,,12/3/2018
2006,BUFFRMFISHBM04,BUFFRMFISH2006JUN02,10,M,main,0,0,0,0,0,0,0,0,0,0,,12/3/2018
2006,BUFFRMFISHBM04,BUFFRMFISH2006JUN02,10,R,main,0,0,0,0,1,0,0,1,1,0,,12/3/2018
2006,BUFFRMFISHBM04,BUFFRMFISH2006JUN02,11,L,main,0,1,0,0,1,1,1,0,0,0,,12/3/2018
2006,BUFFRMFISHBM04,BUFFRMFISH2006JUN02,11,M,main,0,1,0,0,0,0,0,0,0,0,,12/3/2018
2006,BUFFRMFISHBM04,BUFFRMFISH2006JUN02,11,R,main,0,0,0,0,1,0,0,1,0,0,,12/3/2018
2006,BUFFRMFISHBM05,BUFFRMFISH2006JUN12,1,L,main,0,0,0,0,1,0,0,1,0,0,backwater on river right,12/3/2018
2006,BUFFRMFISHBM05,BUFFRMFISH2006JUN12,1,M,main,0,0,0,0,0,0,0,0,0,0,,12/3/2018
2006,BUFFRMFISHBM05,BUFFRMFISH2006JUN12,1,R,main,0,0,0,0,1,0,0,1,0,0,,12/3/2018
2006,BUFFRMFISHBM05,BUFFRMFISH2006JUN12,2,L,main,0,0,0,0,1,1,1,0,0,0,,12/3/2018
2006,BUFFRMFISHBM05,BUFFRMFISH2006JUN12,2,M,main,0,0,0,0,0,0,0,0,0,0,,12/3/2018
2006,BUFFRMFISHBM05,BUFFRMFISH2006JUN12,2,R,main,0,0,0,0,1,0,0,0,0,0,,12/3/2018
2006,BUFFRMFISHBM05,BUFFRMFISH2006JUN12,3,L,main,0,0,0,0,0,0,0,1,0,0,,12/3/2018
2006,BUFFRMFISHBM05,BUFFRMFISH2006JUN12,3,M,main,0,0,0,0,0,0,0,0,0,0,,12/3/2018
2006,BUFFRMFISHBM05,BUFFRMFISH2006JUN12,3,R,main,0,0,0,0,1,0,0,0,0,0,,12/3/2018
2006,BUFFRMFISHBM05,BUFFRMFISH2006JUN12,4,L,main,0,0,0,0,1,0,0,1,0,0,,12/3/2018
2006,BUFFRMFISHBM05,BUFFRMFISH2006JUN12,4,M,main,0,0,0,0,0,0,0,0,0,0,,12/3/2018
2006,BUFFRMFISHBM05,BUFFRMFISH2006JUN12,4,R,main,0,0,0,0,1,0,0,0,0,0,,12/3/2018
2006,BUFFRMFISHBM05,BUFFRMFISH2006JUN12,5,L,main,0,0,0,0,1,0,0,1,0,0,,12/3/2018
2006,BUFFRMFISHBM05,BUFFRMFISH2006JUN12,5,M,main,0,0,0,0,0,0,0,0,0,0,,12/3/2018
2006,BUFFRMFISHBM05,BUFFRMFISH2006JUN12,5,R,main,0,0,0,0,0,0,0,0,0,1,,12/3/2018
2006,BUFFRMFISHBM05,BUFFRMFISH2006JUN12,6,L,main,0,0,0,0,1,0,0,0,0,0,,12/3/2018
2006,BUFFRMFISHBM05,BUFFRMFISH2006JUN12,6,M,main,0,0,0,0,0,0,0,0,0,0,,12/3/2018
2006,BUFFRMFISHBM05,BUFFRMFISH2006JUN12,6,R,main,0,0,0,0,1,0,0,0,0,0,,12/3/2018
2006,BUFFRMFISHBM05,BUFFRMFISH2006JUN12,7,L,main,0,0,0,0,1,0,0,0,0,0,,12/3/2018
2006,BUFFRMFISHBM05,BUFFRMFISH2006JUN12,7,M,main,0,0,0,0,0,0,0,0,0,0,,12/3/2018
2006,BUFFRMFISHBM05,BUFFRMFISH2006JUN12,7,R,main,0,0,0,0,1,0,0,1,0,0,,12/3/2018
2006,BUFFRMFISHBM05,BUFFRMFISH2006JUN12,8,L,main,0,0,0,0,0,0,0,0,0,0,,12/3/2018
2006,BUFFRMFISHBM05,BUFFRMFISH2006JUN12,8,M,main,0,0,0,0,0,0,0,0,0,0,,12/3/2018
2006,BUFFRMFISHBM05,BUFFRMFISH2006JUN12,8,R,main,0,0,0,0,1,0,0,1,0,1,,12/3/2018
2006,BUFFRMFISHBM05,BUFFRMFISH2006JUN12,9,L,main,0,0,0,0,0,0,0,0,0,0,,12/3/2018
2006,BUFFRMFISHBM05,BUFFRMFISH2006JUN12,9,M,main,0,0,0,0,0,0,0,0,0,0,,12/3/2018
2006,BUFFRMFISHBM05,BUFFRMFISH2006JUN12,9,R,main,0,0,0,0,1,0,0,1,0,1,,12/3/2018
2006,BUFFRMFISHBM05,BUFFRMFISH2006JUN12,10,L,main,0,0,0,0,0,0,0,0,0,0,,12/3/2018
2006,BUFFRMFISHBM05,BUFFRMFISH2006JUN12,10,M,main,0,0,0,0,0,0,0,0,0,0,,12/3/2018
2006,BUFFRMFISHBM05,BUFFRMFISH2006JUN12,10,R,main,0,0,0,0,1,0,0,1,0,1,,12/3/2018
2006,BUFFRMFISHBM05,BUFFRMFISH2006JUN12,11,L,main,0,0,0,0,1,0,0,0,0,0,,12/3/2018
2006,BUFFRMFISHBM05,BUFFRMFISH2006JUN12,11,M,main,0,0,0,0,0,0,0,0,0,0,,12/3/2018
2006,BUFFRMFISHBM05,BUFFRMFISH2006JUN12,11,R,main,0,0,0,0,1,0,0,1,0,1,,12/3/2018
2006,BUFFRMFISHBM06,BUFFRMFISH2006JUN05,1,L,main,1,0,0,0,1,0,1,1,0,0,,12/3/2018
2006,BUFFRMFISHBM06,BUFFRMFISH2006JUN05,1,M,main,1,0,0,0,0,0,0,0,0,0,,12/3/2018
2006,BUFFRMFISHBM06,BUFFRMFISH2006JUN05,1,R,main,1,0,0,0,0,0,0,1,0,0,,12/3/2018
2006,BUFFRMFISHBM06,BUFFRMFISH2006JUN05,2,L,main,0,0,0,0,0,0,0,0,0,0,,12/3/2018
2006,BUFFRMFISHBM06,BUFFRMFISH2006JUN05,2,M,main,1,0,0,0,0,0,0,0,0,0,,12/3/2018
2006,BUFFRMFISHBM06,BUFFRMFISH2006JUN05,2,R,main,1,0,0,0,1,1,0,1,0,0,,12/3/2018
2006,BUFFRMFISHBM06,BUFFRMFISH2006JUN05,3,L,main,1,0,0,0,1,0,0,0,0,0,,12/3/2018
2006,BUFFRMFISHBM06,BUFFRMFISH2006JUN05,3,M,main,1,0,0,0,0,0,0,0,0,0,,12/3/2018
2006,BUFFRMFISHBM06,BUFFRMFISH2006JUN05,3,R,main,1,1,0,0,1,0,1,1,0,0,,12/3/2018
2006,BUFFRMFISHBM06,BUFFRMFISH2006JUN05,4,L,main,0,0,0,0,1,0,1,1,0,0,,12/3/2018
2006,BUFFRMFISHBM06,BUFFRMFISH2006JUN05,4,M,main,1,0,0,0,0,0,0,0,0,0,,12/3/2018
2006,BUFFRMFISHBM06,BUFFRMFISH2006JUN05,4,R,main,0,0,0,0,1,0,0,1,0,0,,12/3/2018
2006,BUFFRMFISHBM06,BUFFRMFISH2006JUN05,5,L,main,0,0,0,0,1,1,1,0,0,0,,12/3/2018
2006,BUFFRMFISHBM06,BUFFRMFISH2006JUN05,5,M,main,0,0,0,0,0,0,0,0,0,0,,12/3/2018
2006,BUFFRMFISHBM06,BUFFRMFISH2006JUN05,5,R,main,0,0,0,0,1,0,0,1,0,1,,12/3/2018
2006,BUFFRMFISHBM06,BUFFRMFISH2006JUN05,6,L,main,1,0,0,0,0,0,0,0,0,0,,12/3/2018
2006,BUFFRMFISHBM06,BUFFRMFISH2006JUN05,6,M,main,0,0,0,0,0,0,0,0,0,0,,12/3/2018
2006,BUFFRMFISHBM06,BUFFRMFISH2006JUN05,6,R,main,0,0,0,0,1,1,0,1,0,1,,12/3/2018
2006,BUFFRMFISHBM06,BUFFRMFISH2006JUN05,7,L,main,0,0,0,0,1,0,0,0,0,0,,12/3/2018
2006,BUFFRMFISHBM06,BUFFRMFISH2006JUN05,7,M,main,0,0,0,0,0,0,0,0,0,0,,12/3/2018
2006,BUFFRMFISHBM06,BUFFRMFISH2006JUN05,7,R,main,0,0,0,0,1,0,1,1,0,1,,12/3/2018
2006,BUFFRMFISHBM06,BUFFRMFISH2006JUN05,8,L,main,0,0,0,0,1,0,0,0,0,0,,12/3/2018
2006,BUFFRMFISHBM06,BUFFRMFISH2006JUN05,8,M,main,0,0,0,0,0,0,0,0,0,0,,12/3/2018
2006,BUFFRMFISHBM06,BUFFRMFISH2006JUN05,8,R,main,0,0,0,0,1,0,1,1,0,0,,12/3/2018
2006,BUFFRMFISHBM06,BUFFRMFISH2006JUN05,9,L,main,1,0,0,0,1,0,0,1,0,0,,12/3/2018
2006,BUFFRMFISHBM06,BUFFRMFISH2006JUN05,9,M,main,0,0,0,0,0,0,0,0,0,0,,12/3/2018
2006,BUFFRMFISHBM06,BUFFRMFISH2006JUN05,9,R,main,1,1,0,0,0,0,0,1,0,1,,12/3/2018
2006,BUFFRMFISHBM06,BUFFRMFISH2006JUN05,10,L,main,0,0,0,0,0,0,0,0,0,0,,12/3/2018
2006,BUFFRMFISHBM06,BUFFRMFISH2006JUN05,10,M,main,1,0,0,0,0,0,0,0,0,0,,12/3/2018
2006,BUFFRMFISHBM06,BUFFRMFISH2006JUN05,10,R,main,1,0,0,0,1,0,0,1,0,1,,12/3/2018
2006,BUFFRMFISHBM06,BUFFRMFISH2006JUN05,11,L,main,1,0,0,0,1,0,0,0,0,0,,12/3/2018
2006,BUFFRMFISHBM06,BUFFRMFISH2006JUN05,11,M,main,1,0,1,0,0,0,0,0,0,0,,12/3/2018
2006,BUFFRMFISHBM06,BUFFRMFISH2006JUN05,11,R,main,0,0,0,0,1,0,0,1,0,1,,12/3/2018
2006,BUFFRMFISHBT03,BUFFRMFISH2006MAY22,1,L,main,0,0,1,0,1,0,0,0,0,0,"field and houses adj, gravel road",12/3/2018
2006,BUFFRMFISHBT03,BUFFRMFISH2006MAY22,1,M,main,0,0,0,0,0,0,0,0,0,0,,12/3/2018
2006,BUFFRMFISHBT03,BUFFRMFISH2006MAY22,1,R,main,1,0,1,0,1,0,0,0,1,1,,12/3/2018
2006,BUFFRMFISHBT03,BUFFRMFISH2006MAY22,2,L,main,0,0,0,0,1,0,0,0,0,0,,12/3/2018
2006,BUFFRMFISHBT03,BUFFRMFISH2006MAY22,2,M,main,0,0,0,0,0,0,0,0,0,0,,12/3/2018
2006,BUFFRMFISHBT03,BUFFRMFISH2006MAY22,2,R,main,0,0,0,0,0,0,0,0,1,1,,12/3/2018
2006,BUFFRMFISHBT03,BUFFRMFISH2006MAY22,3,L,main,0,0,0,0,1,0,0,0,0,0,,12/3/2018
2006,BUFFRMFISHBT03,BUFFRMFISH2006MAY22,3,M,main,0,0,1,0,0,0,0,0,0,0,,12/3/2018
2006,BUFFRMFISHBT03,BUFFRMFISH2006MAY22,3,R,main,0,0,1,0,1,0,0,0,0,1,,12/3/2018
2006,BUFFRMFISHBT03,BUFFRMFISH2006MAY22,4,L,main,0,0,0,0,0,0,0,0,0,0,ford across streambed,12/3/2018
2006,BUFFRMFISHBT03,BUFFRMFISH2006MAY22,4,M,main,0,0,0,0,0,0,0,0,0,0,,12/3/2018
2006,BUFFRMFISHBT03,BUFFRMFISH2006MAY22,4,R,main,0,0,0,0,0,0,0,0,0,0,,12/3/2018
2006,BUFFRMFISHBT03,BUFFRMFISH2006MAY22,5,L,main,0,0,0,0,0,0,0,0,0,0,,12/3/2018
2006,BUFFRMFISHBT03,BUFFRMFISH2006MAY22,5,M,main,0,0,0,0,0,0,0,0,0,0,,12/3/2018
2006,BUFFRMFISHBT03,BUFFRMFISH2006MAY22,5,R,main,0,0,0,0,0,0,0,0,0,0,,12/3/2018
2006,BUFFRMFISHBT03,BUFFRMFISH2006MAY22,6,L,main,0,0,0,0,1,0,0,0,0,0,,12/3/2018
2006,BUFFRMFISHBT03,BUFFRMFISH2006MAY22,6,M,main,0,0,0,0,0,0,0,0,0,0,,12/3/2018
2006,BUFFRMFISHBT03,BUFFRMFISH2006MAY22,6,R,main,0,0,0,0,1,0,0,0,0,0,,12/3/2018
2006,BUFFRMFISHBT03,BUFFRMFISH2006MAY22,7,L,main,0,0,0,0,1,0,1,0,0,1,,12/3/2018
2006,BUFFRMFISHBT03,BUFFRMFISH2006MAY22,7,M,main,0,0,0,0,0,0,0,0,0,0,,12/3/2018
2006,BUFFRMFISHBT03,BUFFRMFISH2006MAY22,7,R,main,0,0,0,0,1,0,1,0,0,0,,12/3/2018
2006,BUFFRMFISHBT03,BUFFRMFISH2006MAY22,8,L,main,0,0,0,0,1,0,0,0,1,0,,12/3/2018
2006,BUFFRMFISHBT03,BUFFRMFISH2006MAY22,8,M,main,0,0,0,0,0,0,0,0,0,0,,12/3/2018
2006,BUFFRMFISHBT03,BUFFRMFISH2006MAY22,8,R,main,0,0,0,0,1,0,0,0,0,0,,12/3/2018
2006,BUFFRMFISHBT03,BUFFRMFISH2006MAY22,9,L,main,0,0,0,0,1,1,1,1,0,0,,12/3/2018
2006,BUFFRMFISHBT03,BUFFRMFISH2006MAY22,9,M,main,0,0,0,0,0,0,0,0,0,0,,12/3/2018
2006,BUFFRMFISHBT03,BUFFRMFISH2006MAY22,9,R,main,0,0,0,0,1,0,0,0,0,0,,12/3/2018
2006,BUFFRMFISHBT03,BUFFRMFISH2006MAY22,10,L,main,0,0,0,0,1,0,0,0,0,0,,12/3/2018
2006,BUFFRMFISHBT03,BUFFRMFISH2006MAY22,10,M,main,0,0,1,0,0,0,0,0,0,0,,12/3/2018
2006,BUFFRMFISHBT03,BUFFRMFISH2006MAY22,10,R,main,0,0,0,0,1,0,1,0,0,0,,12/3/2018
2006,BUFFRMFISHBT03,BUFFRMFISH2006MAY22,11,L,main,0,1,1,0,0,0,0,0,0,0,,12/3/2018
2006,BUFFRMFISHBT03,BUFFRMFISH2006MAY22,11,M,main,0,0,0,0,0,0,0,0,0,0,,12/3/2018
2006,BUFFRMFISHBT03,BUFFRMFISH2006MAY22,11,R,main,0,1,0,0,1,0,0,0,0,0,,12/3/2018
2006,BUFFRMFISHBT09,BUFFRMFISH2006MAY30,1,L,main,1,0,0,0,1,1,0,0,0,0,,12/3/2018
2006,BUFFRMFISHBT09,BUFFRMFISH2006MAY30,1,M,main,1,0,0,0,0,0,0,0,0,0,,12/3/2018
2006,BUFFRMFISHBT09,BUFFRMFISH2006MAY30,1,R,main,1,0,0,0,0,0,0,0,0,0,,12/3/2018
2006,BUFFRMFISHBT09,BUFFRMFISH2006MAY30,2,L,main,1,0,1,0,0,0,0,1,0,1,,12/3/2018
2006,BUFFRMFISHBT09,BUFFRMFISH2006MAY30,2,M,main,1,0,0,0,0,0,0,0,0,0,,12/3/2018
2006,BUFFRMFISHBT09,BUFFRMFISH2006MAY30,2,R,main,1,0,0,0,1,0,0,0,0,0,,12/3/2018
2006,BUFFRMFISHBT09,BUFFRMFISH2006MAY30,3,L,main,0,0,0,0,1,0,0,0,0,1,,12/3/2018
2006,BUFFRMFISHBT09,BUFFRMFISH2006MAY30,3,M,main,0,0,0,0,0,0,0,0,0,0,,12/3/2018
2006,BUFFRMFISHBT09,BUFFRMFISH2006MAY30,3,R,main,1,0,0,0,1,0,0,0,0,0,,12/3/2018
2006,BUFFRMFISHBT09,BUFFRMFISH2006MAY30,4,L,main,0,0,0,0,0,1,0,0,0,1,,12/3/2018
2006,BUFFRMFISHBT09,BUFFRMFISH2006MAY30,4,M,main,0,0,0,0,0,0,0,0,0,0,,12/3/2018
2006,BUFFRMFISHBT09,BUFFRMFISH2006MAY30,4,R,main,0,0,0,0,1,1,0,0,0,0,,12/3/2018
2006,BUFFRMFISHBT09,BUFFRMFISH2006MAY30,5,L,main,0,0,1,0,0,0,0,0,1,1,,12/3/2018
2006,BUFFRMFISHBT09,BUFFRMFISH2006MAY30,5,M,main,0,0,0,0,0,0,0,0,0,0,,12/3/2018
2006,BUFFRMFISHBT09,BUFFRMFISH2006MAY30,5,R,main,0,0,0,0,1,0,0,0,0,0,,12/3/2018
2006,BUFFRMFISHBT09,BUFFRMFISH2006MAY30,6,L,main,0,0,0,0,1,1,1,0,1,0,,12/3/2018
2006,BUFFRMFISHBT09,BUFFRMFISH2006MAY30,6,M,main,0,0,0,0,0,0,0,0,0,0,,12/3/2018
2006,BUFFRMFISHBT09,BUFFRMFISH2006MAY30,6,R,main,0,0,0,0,1,0,0,0,0,0,,12/3/2018
2006,BUFFRMFISHBT09,BUFFRMFISH2006MAY30,7,L,main,0,0,0,0,1,0,0,1,0,0,,12/3/2018
2006,BUFFRMFISHBT09,BUFFRMFISH2006MAY30,7,M,main,0,0,0,0,0,0,0,0,0,0,,12/3/2018
2006,BUFFRMFISHBT09,BUFFRMFISH2006MAY30,7,R,main,0,0,0,0,0,0,0,0,0,0,,12/3/2018
2006,BUFFRMFISHBT09,BUFFRMFISH2006MAY30,8,L,main,0,0,0,0,1,0,0,0,0,1,,12/3/2018
2006,BUFFRMFISHBT09,BUFFRMFISH2006MAY30,8,M,main,0,0,0,0,0,0,0,0,0,0,,12/3/2018
2006,BUFFRMFISHBT09,BUFFRMFISH2006MAY30,8,R,main,0,0,0,0,1,0,0,0,0,0,,12/3/2018
2006,BUFFRMFISHBT09,BUFFRMFISH2006MAY30,9,L,main,0,0,0,0,1,0,0,0,1,1,,12/3/2018
2006,BUFFRMFISHBT09,BUFFRMFISH2006MAY30,9,M,main,0,0,0,0,0,0,0,0,0,0,,12/3/2018
2006,BUFFRMFISHBT09,BUFFRMFISH2006MAY30,9,R,main,1,0,0,0,1,0,0,0,0,0,,12/3/2018
2006,BUFFRMFISHBT09,BUFFRMFISH2006MAY30,10,L,main,0,0,0,0,1,0,0,0,0,1,"gravel bar 1.5m wide on transect, 30 meters long on left total",12/3/2018
2006,BUFFRMFISHBT09,BUFFRMFISH2006MAY30,10,M,main,0,0,0,0,0,0,0,0,0,0,,12/3/2018
2006,BUFFRMFISHBT09,BUFFRMFISH2006MAY30,10,R,main,1,0,0,0,1,0,0,0,0,0,,12/3/2018
2006,BUFFRMFISHBT09,BUFFRMFISH2006MAY30,11,L,main,0,0,0,0,1,0,0,1,0,1,,12/3/2018
2006,BUFFRMFISHBT09,BUFFRMFISH2006MAY30,11,M,main,0,0,0,0,0,0,0,0,0,0,,12/3/2018
2006,BUFFRMFISHBT09,BUFFRMFISH2006MAY30,11,R,main,0,0,0,0,1,0,0,0,0,0,,12/3/2018
2006,BUFFRMFISHBT22,BUFFRMFISH2006MAY25,1,L,main,0,0,0,0,1,0,0,0,0,0,,12/3/2018
2006,BUFFRMFISHBT22,BUFFRMFISH2006MAY25,1,M,main,0,0,0,0,0,0,0,0,0,0,,12/3/2018
2006,BUFFRMFISHBT22,BUFFRMFISH2006MAY25,1,R,main,0,0,0,0,0,0,1,1,0,0,,12/3/2018
2006,BUFFRMFISHBT22,BUFFRMFISH2006MAY25,2,L,main,0,0,0,0,1,0,0,0,0,0,,12/3/2018
2006,BUFFRMFISHBT22,BUFFRMFISH2006MAY25,2,M,main,0,0,0,0,0,0,0,0,0,0,,12/3/2018
2006,BUFFRMFISHBT22,BUFFRMFISH2006MAY25,2,R,main,0,0,0,0,1,1,0,0,0,0,,12/3/2018
2006,BUFFRMFISHBT22,BUFFRMFISH2006MAY25,3,L,main,0,0,0,0,1,0,1,0,1,0,,12/3/2018
2006,BUFFRMFISHBT22,BUFFRMFISH2006MAY25,3,M,main,0,0,0,0,0,0,0,0,0,0,,12/3/2018
2006,BUFFRMFISHBT22,BUFFRMFISH2006MAY25,3,R,main,0,0,0,0,1,0,0,0,0,1,,12/3/2018
2006,BUFFRMFISHBT22,BUFFRMFISH2006MAY25,4,L,main,0,0,0,0,1,0,0,0,0,0,,12/3/2018
2006,BUFFRMFISHBT22,BUFFRMFISH2006MAY25,4,M,main,0,0,0,0,0,0,0,0,0,0,,12/3/2018
2006,BUFFRMFISHBT22,BUFFRMFISH2006MAY25,4,R,main,0,0,0,0,1,0,0,0,1,1,,12/3/2018
2006,BUFFRMFISHBT22,BUFFRMFISH2006MAY25,5,L,main,0,0,0,0,1,0,0,0,0,0,,12/3/2018
2006,BUFFRMFISHBT22,BUFFRMFISH2006MAY25,5,M,main,0,0,0,0,0,0,0,0,0,0,,12/3/2018
2006,BUFFRMFISHBT22,BUFFRMFISH2006MAY25,5,R,main,0,0,0,0,1,0,0,0,0,1,,12/3/2018
2006,BUFFRMFISHBT22,BUFFRMFISH2006MAY25,6,L,main,0,0,0,0,1,0,0,0,0,0,,12/3/2018
2006,BUFFRMFISHBT22,BUFFRMFISH2006MAY25,6,M,main,0,0,0,0,0,0,0,0,0,0,,12/3/2018
2006,BUFFRMFISHBT22,BUFFRMFISH2006MAY25,6,R,main,1,0,0,0,0,0,0,0,0,1,,12/3/2018
2006,BUFFRMFISHBT22,BUFFRMFISH2006MAY25,7,L,main,0,0,0,0,1,0,1,0,0,0,gravel bar 1.6m x 6.7m,12/3/2018
2006,BUFFRMFISHBT22,BUFFRMFISH2006MAY25,7,M,main,0,0,0,0,0,0,0,0,0,0,,12/3/2018
2006,BUFFRMFISHBT22,BUFFRMFISH2006MAY25,7,R,main,0,0,0,0,1,0,0,0,1,1,,12/3/2018
2006,BUFFRMFISHBT22,BUFFRMFISH2006MAY25,8,L,main,0,0,0,0,1,0,0,0,0,0,,12/3/2018
2006,BUFFRMFISHBT22,BUFFRMFISH2006MAY25,8,M,main,0,0,0,0,0,0,0,0,0,0,,12/3/2018
2006,BUFFRMFISHBT22,BUFFRMFISH2006MAY25,8,R,main,1,0,0,0,1,0,0,0,0,1,,12/3/2018
2006,BUFFRMFISHBT22,BUFFRMFISH2006MAY25,9,L,main,0,0,0,0,1,0,1,1,0,0,,12/3/2018
2006,BUFFRMFISHBT22,BUFFRMFISH2006MAY25,9,M,main,0,0,0,0,0,0,0,0,0,0,,12/3/2018
2006,BUFFRMFISHBT22,BUFFRMFISH2006MAY25,9,R,main,0,0,0,0,1,0,0,0,0,1,,12/3/2018
2006,BUFFRMFISHBT22,BUFFRMFISH2006MAY25,10,L,main,0,0,0,0,1,0,1,0,1,0,,12/3/2018
2006,BUFFRMFISHBT22,BUFFRMFISH2006MAY25,10,M,main,0,0,0,0,0,0,0,0,0,0,,12/3/2018
2006,BUFFRMFISHBT22,BUFFRMFISH2006MAY25,10,R,main,0,0,0,0,1,0,0,0,0,1,,12/3/2018
2006,BUFFRMFISHBT22,BUFFRMFISH2006MAY25,11,L,main,0,0,0,0,1,0,1,0,0,0,gravel bar 3.0 x 9.3 m,12/3/2018
2006,BUFFRMFISHBT22,BUFFRMFISH2006MAY25,11,M,main,1,0,0,0,0,0,0,0,0,0,,12/3/2018
2006,BUFFRMFISHBT22,BUFFRMFISH2006MAY25,11,R,main,0,0,0,0,1,0,0,0,1,1,,12/3/2018
2006,BUFFRMFISHBT24,BUFFRMFISH2006MAY24,1,L,main,0,0,0,0,1,0,0,0,0,0,,12/3/2018
2006,BUFFRMFISHBT24,BUFFRMFISH2006MAY24,1,M,main,0,0,0,0,0,0,0,0,0,0,,12/3/2018
2006,BUFFRMFISHBT24,BUFFRMFISH2006MAY24,1,R,main,0,0,0,0,1,0,1,0,1,0,,12/3/2018
2006,BUFFRMFISHBT24,BUFFRMFISH2006MAY24,2,L,main,0,0,0,0,1,1,0,0,0,0,,12/3/2018
2006,BUFFRMFISHBT24,BUFFRMFISH2006MAY24,2,M,main,0,0,0,0,0,0,0,0,0,0,,12/3/2018
2006,BUFFRMFISHBT24,BUFFRMFISH2006MAY24,2,R,main,0,0,0,0,1,1,0,0,0,0,,12/3/2018
2006,BUFFRMFISHBT24,BUFFRMFISH2006MAY24,3,L,main,0,0,0,0,1,0,1,1,1,0,,12/3/2018
2006,BUFFRMFISHBT24,BUFFRMFISH2006MAY24,3,M,main,0,0,0,0,0,0,0,0,0,0,,12/3/2018
2006,BUFFRMFISHBT24,BUFFRMFISH2006MAY24,3,R,main,0,0,0,0,1,0,0,0,0,0,,12/3/2018
2006,BUFFRMFISHBT24,BUFFRMFISH2006MAY24,4,L,main,0,0,0,0,1,0,0,0,0,0,,12/3/2018
2006,BUFFRMFISHBT24,BUFFRMFISH2006MAY24,4,M,main,0,0,0,0,0,0,0,0,0,0,,12/3/2018
2006,BUFFRMFISHBT24,BUFFRMFISH2006MAY24,4,R,main,0,0,1,0,1,1,0,0,1,0,,12/3/2018
2006,BUFFRMFISHBT24,BUFFRMFISH2006MAY24,5,L,main,0,0,0,0,0,0,0,0,0,0,,12/3/2018
2006,BUFFRMFISHBT24,BUFFRMFISH2006MAY24,5,M,main,0,0,0,0,0,0,0,0,0,0,,12/3/2018
2006,BUFFRMFISHBT24,BUFFRMFISH2006MAY24,5,R,main,0,0,1,0,1,1,0,0,1,0,,12/3/2018
2006,BUFFRMFISHBT24,BUFFRMFISH2006MAY24,6,L,main,0,0,0,0,0,0,0,0,0,0,,12/3/2018
2006,BUFFRMFISHBT24,BUFFRMFISH2006MAY24,6,M,main,0,0,0,0,0,0,0,0,0,0,,12/3/2018
2006,BUFFRMFISHBT24,BUFFRMFISH2006MAY24,6,R,main,0,0,0,0,1,0,0,0,0,0,,12/3/2018
2006,BUFFRMFISHBT24,BUFFRMFISH2006MAY24,7,L,main,0,0,1,0,0,0,0,0,0,0,,12/3/2018
2006,BUFFRMFISHBT24,BUFFRMFISH2006MAY24,7,M,main,0,0,0,0,0,0,0,0,0,0,,12/3/2018
2006,BUFFRMFISHBT24,BUFFRMFISH2006MAY24,7,R,main,0,0,0,0,1,0,0,0,0,0,,12/3/2018
2006,BUFFRMFISHBT24,BUFFRMFISH2006MAY24,8,L,main,0,1,0,0,1,0,0,0,0,0,,12/3/2018
2006,BUFFRMFISHBT24,BUFFRMFISH2006MAY24,8,M,main,0,0,1,0,0,0,0,0,0,0,,12/3/2018
2006,BUFFRMFISHBT24,BUFFRMFISH2006MAY24,8,R,main,0,0,1,0,1,0,0,0,0,0,,12/3/2018
2006,BUFFRMFISHBT24,BUFFRMFISH2006MAY24,9,L,main,0,1,1,0,1,0,0,0,1,0,,12/3/2018
2006,BUFFRMFISHBT24,BUFFRMFISH2006MAY24,9,M,main,0,1,1,0,0,0,0,0,0,0,,12/3/2018
2006,BUFFRMFISHBT24,BUFFRMFISH2006MAY24,9,R,main,0,1,1,0,1,0,0,0,0,0,,12/3/2018
2006,BUFFRMFISHBT24,BUFFRMFISH2006MAY24,10,L,main,0,1,0,0,1,0,0,0,0,0,,12/3/2018
2006,BUFFRMFISHBT24,BUFFRMFISH2006MAY24,10,M,main,0,1,0,0,0,0,0,0,0,0,,12/3/2018
2006,BUFFRMFISHBT24,BUFFRMFISH2006MAY24,10,R,main,0,0,1,0,1,0,0,0,0,0,,12/3/2018
2006,BUFFRMFISHBT24,BUFFRMFISH2006MAY24,11,L,main,0,1,0,0,1,0,0,0,0,0,,12/3/2018
2006,BUFFRMFISHBT24,BUFFRMFISH2006MAY24,11,M,main,0,1,0,0,0,0,0,0,0,0,,12/3/2018
2006,BUFFRMFISHBT24,BUFFRMFISH2006MAY24,11,R,main,0,0,0,0,1,0,0,0,0,0,,12/3/2018
2006,BUFFRMFISHBT30,BUFFRMFISH2006JUN06,1,L,main,0,0,0,0,1,0,0,0,0,0,,12/3/2018
2006,BUFFRMFISHBT30,BUFFRMFISH2006JUN06,1,M,main,0,0,0,0,0,0,0,0,0,0,,12/3/2018
2006,BUFFRMFISHBT30,BUFFRMFISH2006JUN06,1,R,main,0,0,0,0,1,0,0,0,0,0,,12/3/2018
2006,BUFFRMFISHBT30,BUFFRMFISH2006JUN06,2,L,main,0,1,0,0,1,0,0,0,0,0,Justicea,12/3/2018
2006,BUFFRMFISHBT30,BUFFRMFISH2006JUN06,2,M,main,0,1,0,0,0,0,0,0,0,0,Justicea,12/3/2018
2006,BUFFRMFISHBT30,BUFFRMFISH2006JUN06,2,R,main,0,0,0,0,1,0,1,0,0,0,,12/3/2018
2006,BUFFRMFISHBT30,BUFFRMFISH2006JUN06,3,L,main,0,0,0,0,1,0,0,0,0,0,,12/3/2018
2006,BUFFRMFISHBT30,BUFFRMFISH2006JUN06,3,M,main,0,0,0,0,0,0,0,0,0,0,,12/3/2018
2006,BUFFRMFISHBT30,BUFFRMFISH2006JUN06,3,R,main,0,0,0,0,1,0,0,1,0,0,,12/3/2018
2006,BUFFRMFISHBT30,BUFFRMFISH2006JUN06,4,L,main,0,0,0,0,0,0,0,0,0,0,,12/3/2018
2006,BUFFRMFISHBT30,BUFFRMFISH2006JUN06,4,M,main,0,1,0,0,0,0,0,0,0,0,Justicea,12/3/2018
2006,BUFFRMFISHBT30,BUFFRMFISH2006JUN06,4,R,main,0,1,1,0,1,0,0,0,0,0,Justicea,12/3/2018
2006,BUFFRMFISHBT30,BUFFRMFISH2006JUN06,5,L,main,0,0,0,0,1,0,1,0,0,0,,12/3/2018
2006,BUFFRMFISHBT30,BUFFRMFISH2006JUN06,5,M,main,0,0,0,0,0,0,0,0,0,0,,12/3/2018
2006,BUFFRMFISHBT30,BUFFRMFISH2006JUN06,5,R,main,0,0,0,0,1,0,0,0,0,1,,12/3/2018
2006,BUFFRMFISHBT30,BUFFRMFISH2006JUN06,6,L,main,0,0,0,0,1,0,0,0,0,0,,12/3/2018
2006,BUFFRMFISHBT30,BUFFRMFISH2006JUN06,6,M,main,0,0,0,0,0,0,0,0,0,0,,12/3/2018
2006,BUFFRMFISHBT30,BUFFRMFISH2006JUN06,6,R,main,0,0,0,0,1,0,0,0,0,0,,12/3/2018
2006,BUFFRMFISHBT30,BUFFRMFISH2006JUN06,7,L,main,0,0,0,0,1,0,1,1,1,0,,12/3/2018
2006,BUFFRMFISHBT30,BUFFRMFISH2006JUN06,7,M,main,0,0,0,0,0,0,0,0,0,0,,12/3/2018
2006,BUFFRMFISHBT30,BUFFRMFISH2006JUN06,7,R,main,0,0,0,0,1,0,0,0,0,0,,12/3/2018
2006,BUFFRMFISHBT30,BUFFRMFISH2006JUN06,8,L,main,0,0,0,0,1,0,0,0,0,0,,12/3/2018
2006,BUFFRMFISHBT30,BUFFRMFISH2006JUN06,8,M,main,0,0,0,0,0,0,0,0,0,0,,12/3/2018
2006,BUFFRMFISHBT30,BUFFRMFISH2006JUN06,8,R,main,0,0,0,0,1,0,0,0,1,1,,12/3/2018
2006,BUFFRMFISHBT30,BUFFRMFISH2006JUN06,9,L,main,0,0,0,0,1,0,0,0,0,0,,12/3/2018
2006,BUFFRMFISHBT30,BUFFRMFISH2006JUN06,9,M,main,0,0,0,0,0,0,0,0,0,0,,12/3/2018
2006,BUFFRMFISHBT30,BUFFRMFISH2006JUN06,9,R,main,0,0,0,0,1,0,0,0,1,1,,12/3/2018
2006,BUFFRMFISHBT30,BUFFRMFISH2006JUN06,10,L,main,0,0,0,0,1,0,1,0,0,0,,12/3/2018
2006,BUFFRMFISHBT30,BUFFRMFISH2006JUN06,10,M,main,0,0,0,0,0,0,0,0,0,0,,12/3/2018
2006,BUFFRMFISHBT30,BUFFRMFISH2006JUN06,10,R,main,0,0,0,0,1,0,0,0,0,1,,12/3/2018
2006,BUFFRMFISHBT30,BUFFRMFISH2006JUN06,11,L,main,0,1,1,0,1,0,0,0,0,0,,12/3/2018
2006,BUFFRMFISHBT30,BUFFRMFISH2006JUN06,11,M,main,0,1,1,0,0,0,0,0,0,0,,12/3/2018
2006,BUFFRMFISHBT30,BUFFRMFISH2006JUN06,11,R,main,0,1,0,0,1,0,0,0,0,0,,12/3/2018
2006,BUFFRMFISHBT31,BUFFRMFISH2006JUN06,1,L,main,0,1,0,0,1,0,1,0,0,0,,12/3/2018
2006,BUFFRMFISHBT31,BUFFRMFISH2006JUN06,1,M,main,0,0,0,0,0,0,0,0,0,0,,12/3/2018
2006,BUFFRMFISHBT31,BUFFRMFISH2006JUN06,1,R,main,0,0,0,0,1,0,0,0,0,0,,12/3/2018
2006,BUFFRMFISHBT31,BUFFRMFISH2006JUN06,2,L,main,0,0,1,0,1,1,0,0,0,0,,12/3/2018
2006,BUFFRMFISHBT31,BUFFRMFISH2006JUN06,2,M,main,0,0,0,0,0,0,0,0,0,0,,12/3/2018
2006,BUFFRMFISHBT31,BUFFRMFISH2006JUN06,2,R,main,0,0,0,0,1,0,0,0,0,0,,12/3/2018
2006,BUFFRMFISHBT31,BUFFRMFISH2006JUN06,3,L,main,0,0,0,0,1,0,1,0,1,0,,12/3/2018
2006,BUFFRMFISHBT31,BUFFRMFISH2006JUN06,3,M,main,0,0,0,0,0,0,0,0,0,0,,12/3/2018
2006,BUFFRMFISHBT31,BUFFRMFISH2006JUN06,3,R,main,0,0,0,0,1,0,0,0,0,0,,12/3/2018
2006,BUFFRMFISHBT31,BUFFRMFISH2006JUN06,4,L,main,0,0,0,0,1,0,0,0,0,0,,12/3/2018
2006,BUFFRMFISHBT31,BUFFRMFISH2006JUN06,4,M,main,0,0,0,0,0,0,0,0,0,0,,12/3/2018
2006,BUFFRMFISHBT31,BUFFRMFISH2006JUN06,4,R,main,0,0,0,0,1,0,0,0,0,0,,12/3/2018
2006,BUFFRMFISHBT31,BUFFRMFISH2006JUN06,5,L,main,0,0,0,0,1,0,0,0,0,0,,12/3/2018
2006,BUFFRMFISHBT31,BUFFRMFISH2006JUN06,5,M,main,0,0,0,0,0,0,0,0,0,0,,12/3/2018
2006,BUFFRMFISHBT31,BUFFRMFISH2006JUN06,5,R,main,0,0,0,0,1,0,0,0,0,0,,12/3/2018
2006,BUFFRMFISHBT31,BUFFRMFISH2006JUN06,6,L,main,0,0,0,0,1,0,0,0,0,0,,12/3/2018
2006,BUFFRMFISHBT31,BUFFRMFISH2006JUN06,6,M,main,0,0,0,0,0,0,0,0,0,0,,12/3/2018
2006,BUFFRMFISHBT31,BUFFRMFISH2006JUN06,6,R,main,0,0,0,0,1,1,0,0,0,0,,12/3/2018
2006,BUFFRMFISHBT31,BUFFRMFISH2006JUN06,7,L,main,0,1,0,0,1,0,0,0,0,0,,12/3/2018
2006,BUFFRMFISHBT31,BUFFRMFISH2006JUN06,7,M,main,0,1,0,0,0,0,0,0,0,0,,12/3/2018
2006,BUFFRMFISHBT31,BUFFRMFISH2006JUN06,7,R,main,0,1,0,0,1,0,0,0,1,0,,12/3/2018
2006,BUFFRMFISHBT31,BUFFRMFISH2006JUN06,8,L,main,0,1,0,0,1,0,0,0,0,0,,12/3/2018
2006,BUFFRMFISHBT31,BUFFRMFISH2006JUN06,8,M,main,0,1,0,0,0,0,0,0,0,0,,12/3/2018
2006,BUFFRMFISHBT31,BUFFRMFISH2006JUN06,8,R,main,0,1,0,0,1,0,1,0,0,0,,12/3/2018
2006,BUFFRMFISHBT31,BUFFRMFISH2006JUN06,9,L,main,0,1,0,0,1,0,0,0,0,0,,12/3/2018
2006,BUFFRMFISHBT31,BUFFRMFISH2006JUN06,9,M,main,0,1,0,0,0,0,0,0,0,0,,12/3/2018
2006,BUFFRMFISHBT31,BUFFRMFISH2006JUN06,9,R,main,0,1,0,0,1,0,1,1,0,0,,12/3/2018
2006,BUFFRMFISHBT31,BUFFRMFISH2006JUN06,10,L,main,0,0,0,0,0,0,0,0,0,0,,12/3/2018
2006,BUFFRMFISHBT31,BUFFRMFISH2006JUN06,10,M,main,0,0,0,0,0,0,0,0,0,0,,12/3/2018
2006,BUFFRMFISHBT31,BUFFRMFISH2006JUN06,10,R,main,0,0,0,0,1,0,0,0,0,0,,12/3/2018
2006,BUFFRMFISHBT31,BUFFRMFISH2006JUN06,11,L,main,0,0,0,0,1,0,1,0,0,1,,12/3/2018
2006,BUFFRMFISHBT31,BUFFRMFISH2006JUN06,11,M,main,0,0,0,0,0,0,0,0,0,0,,12/3/2018
2006,BUFFRMFISHBT31,BUFFRMFISH2006JUN06,11,R,main,0,0,0,0,1,0,0,0,0,0,,12/3/2018
2007,BUFFRMFISHBM01,BUFFRMFish2007May22,1,L,main,0,0,1,0,0,0,1,0,0,0,,12/3/2018
2007,BUFFRMFISHBM01,BUFFRMFish2007May22,1,L,side channel,0,0,0,0,1,0,0,0,0,0,island 90 meters wide,12/3/2018
2007,BUFFRMFISHBM01,BUFFRMFish2007May22,1,M,main,0,0,0,0,0,0,0,0,0,0,,12/3/2018
2007,BUFFRMFISHBM01,BUFFRMFish2007May22,1,M,side channel,0,0,0,0,0,0,0,0,0,0,,12/3/2018
2007,BUFFRMFISHBM01,BUFFRMFish2007May22,1,R,main,0,1,0,0,1,0,0,0,0,0,,12/3/2018
2007,BUFFRMFISHBM01,BUFFRMFish2007May22,1,R,side channel,0,0,0,0,1,0,0,0,0,0,,12/3/2018
2007,BUFFRMFISHBM01,BUFFRMFish2007May22,2,L,main,0,0,0,0,1,0,0,0,0,0,,12/3/2018
2007,BUFFRMFISHBM01,BUFFRMFish2007May22,2,L,side channel,0,0,1,0,1,0,0,0,0,0,island 61 meters wide,12/3/2018
2007,BUFFRMFISHBM01,BUFFRMFish2007May22,2,M,main,0,0,0,0,0,0,0,0,0,0,,12/3/2018
2007,BUFFRMFISHBM01,BUFFRMFish2007May22,2,M,side channel,0,0,0,0,0,0,0,0,0,0,,12/3/2018
2007,BUFFRMFISHBM01,BUFFRMFish2007May22,2,R,main,0,1,1,0,1,0,0,0,0,0,,12/3/2018
2007,BUFFRMFISHBM01,BUFFRMFish2007May22,2,R,side channel,0,0,0,0,1,0,0,0,0,0,,12/3/2018
2007,BUFFRMFISHBM01,BUFFRMFish2007May22,3,L,main,0,0,0,0,1,0,0,0,0,0,,12/3/2018
2007,BUFFRMFISHBM01,BUFFRMFish2007May22,3,L,side channel,0,1,0,0,1,0,0,0,0,0,island 48 meters wide,12/3/2018
2007,BUFFRMFISHBM01,BUFFRMFish2007May22,3,M,main,0,0,0,0,0,0,0,0,0,0,,12/3/2018
2007,BUFFRMFISHBM01,BUFFRMFish2007May22,3,M,side channel,0,0,0,0,0,0,0,0,0,0,,12/3/2018
2007,BUFFRMFISHBM01,BUFFRMFish2007May22,3,R,main,0,0,0,0,1,0,0,0,0,0,,12/3/2018
2007,BUFFRMFISHBM01,BUFFRMFish2007May22,3,R,side channel,0,1,0,0,0,0,0,0,0,0,,12/3/2018
2007,BUFFRMFISHBM01,BUFFRMFish2007May22,4,L,main,0,0,1,0,1,0,0,0,0,0,,12/3/2018
2007,BUFFRMFISHBM01,BUFFRMFish2007May22,4,L,side channel,0,0,0,0,1,0,0,0,0,0,island 22 meters wide,12/3/2018
2007,BUFFRMFISHBM01,BUFFRMFish2007May22,4,M,main,0,0,0,0,0,0,0,0,0,0,,12/3/2018
2007,BUFFRMFISHBM01,BUFFRMFish2007May22,4,M,side channel,0,0,0,0,0,0,0,0,0,0,,12/3/2018
2007,BUFFRMFISHBM01,BUFFRMFish2007May22,4,R,main,0,0,0,0,1,0,0,0,0,0,,12/3/2018
2007,BUFFRMFISHBM01,BUFFRMFish2007May22,4,R,side channel,0,0,0,0,1,0,0,0,0,0,,12/3/2018
2007,BUFFRMFISHBM01,BUFFRMFish2007May22,5,L,main,0,0,1,0,1,0,0,0,0,0,,12/3/2018
2007,BUFFRMFISHBM01,BUFFRMFish2007May22,5,L,side channel,0,0,0,0,1,1,0,0,0,0,"island 12 meters wide
island 12 meters wide",12/3/2018
2007,BUFFRMFISHBM01,BUFFRMFish2007May22,5,M,main,0,0,0,0,0,0,0,0,0,0,,12/3/2018
2007,BUFFRMFISHBM01,BUFFRMFish2007May22,5,M,side channel,0,0,0,0,0,0,0,0,0,0,,12/3/2018
2007,BUFFRMFISHBM01,BUFFRMFish2007May22,5,R,main,0,0,0,0,1,0,0,0,0,0,,12/3/2018
2007,BUFFRMFISHBM01,BUFFRMFish2007May22,5,R,side channel,0,0,1,0,0,0,0,0,0,0,,12/3/2018
2007,BUFFRMFISHBM01,BUFFRMFish2007May22,6,L,main,0,0,0,0,1,0,1,0,0,0,,12/3/2018
2007,BUFFRMFISHBM01,BUFFRMFish2007May22,6,M,main,0,0,0,0,0,0,0,0,0,0,,12/3/2018
2007,BUFFRMFISHBM01,BUFFRMFish2007May22,6,R,main,0,0,0,0,1,0,1,0,0,0,,12/3/2018
2007,BUFFRMFISHBM01,BUFFRMFish2007May22,7,L,main,0,0,0,0,1,0,1,0,0,0,,12/3/2018
2007,BUFFRMFISHBM01,BUFFRMFish2007May22,7,M,main,0,0,0,0,0,0,0,0,0,0,,12/3/2018
2007,BUFFRMFISHBM01,BUFFRMFish2007May22,7,R,main,0,0,1,0,1,0,1,0,0,0,,12/3/2018
2007,BUFFRMFISHBM01,BUFFRMFish2007May22,8,L,main,0,0,0,0,1,0,0,0,0,0,,12/3/2018
2007,BUFFRMFISHBM01,BUFFRMFish2007May22,8,M,main,0,0,1,0,0,0,0,0,0,0,,12/3/2018
2007,BUFFRMFISHBM01,BUFFRMFish2007May22,8,R,main,0,0,0,0,1,0,0,0,0,0,,12/3/2018
2007,BUFFRMFISHBM01,BUFFRMFish2007May22,9,L,main,0,0,0,0,1,0,1,0,0,0,,12/3/2018
2007,BUFFRMFISHBM01,BUFFRMFish2007May22,9,M,main,0,0,0,0,0,0,0,0,0,0,,12/3/2018
2007,BUFFRMFISHBM01,BUFFRMFish2007May22,9,R,main,0,0,0,0,1,0,1,1,0,0,,12/3/2018
2007,BUFFRMFISHBM01,BUFFRMFish2007May22,10,L,main,0,0,0,0,1,0,0,0,0,0,,12/3/2018
2007,BUFFRMFISHBM01,BUFFRMFish2007May22,10,M,main,0,0,0,0,0,0,0,0,0,0,,12/3/2018
2007,BUFFRMFISHBM01,BUFFRMFish2007May22,10,R,main,0,0,1,0,1,0,1,0,0,0,,12/3/2018
2007,BUFFRMFISHBM01,BUFFRMFish2007May22,11,L,main,0,0,0,0,1,0,1,0,0,0,,12/3/2018
2007,BUFFRMFISHBM01,BUFFRMFish2007May22,11,M,main,0,0,0,0,0,0,0,0,0,0,,12/3/2018
2007,BUFFRMFISHBM01,BUFFRMFish2007May22,11,R,main,0,0,0,0,1,0,0,0,0,0,,12/3/2018
2007,BUFFRMFISHBM02,BUFFRMFish2007May23,1,L,main,0,0,0,0,1,1,1,0,0,0,,12/3/2018
2007,BUFFRMFISHBM02,BUFFRMFish2007May23,1,M,main,0,0,0,0,0,0,0,0,0,0,,12/3/2018
2007,BUFFRMFISHBM02,BUFFRMFish2007May23,1,R,main,0,1,0,0,1,0,1,1,0,0,,12/3/2018
2007,BUFFRMFISHBM02,BUFFRMFish2007May23,2,L,main,0,0,0,0,1,0,0,0,0,0,,12/3/2018
2007,BUFFRMFISHBM02,BUFFRMFish2007May23,2,M,main,0,0,0,0,0,0,0,0,0,0,,12/3/2018
2007,BUFFRMFISHBM02,BUFFRMFish2007May23,2,R,main,0,0,0,0,1,0,0,0,0,0,,12/3/2018
2007,BUFFRMFISHBM02,BUFFRMFish2007May23,3,L,main,0,0,0,0,1,0,0,0,0,0,,12/3/2018
2007,BUFFRMFISHBM02,BUFFRMFish2007May23,3,M,main,0,0,0,0,0,0,0,0,0,0,,12/3/2018
2007,BUFFRMFISHBM02,BUFFRMFish2007May23,3,R,main,0,0,0,0,1,0,1,0,0,0,,12/3/2018
2007,BUFFRMFISHBM02,BUFFRMFish2007May23,4,L,main,0,0,0,0,1,0,0,1,0,0,,12/3/2018
2007,BUFFRMFISHBM02,BUFFRMFish2007May23,4,M,main,0,0,0,0,0,0,0,0,0,0,,12/3/2018
2007,BUFFRMFISHBM02,BUFFRMFish2007May23,4,R,main,0,0,0,0,0,0,1,0,0,0,,12/3/2018
2007,BUFFRMFISHBM02,BUFFRMFish2007May23,5,L,main,0,0,0,0,0,0,0,0,0,0,,12/3/2018
2007,BUFFRMFISHBM02,BUFFRMFish2007May23,5,M,main,0,0,0,0,0,0,0,0,0,0,,12/3/2018
2007,BUFFRMFISHBM02,BUFFRMFish2007May23,5,R,main,0,0,0,0,1,1,1,0,0,0,,12/3/2018
2007,BUFFRMFISHBM02,BUFFRMFish2007May23,6,L,main,0,0,0,0,1,0,0,0,0,0,,12/3/2018
2007,BUFFRMFISHBM02,BUFFRMFish2007May23,6,M,main,0,0,0,0,0,0,0,0,0,0,,12/3/2018
2007,BUFFRMFISHBM02,BUFFRMFish2007May23,6,R,main,0,0,0,0,1,1,1,0,0,0,,12/3/2018
2007,BUFFRMFISHBM02,BUFFRMFish2007May23,7,L,main,0,0,0,0,1,1,1,0,0,0,,12/3/2018
2007,BUFFRMFISHBM02,BUFFRMFish2007May23,7,M,main,0,0,0,0,0,0,0,0,0,0,,12/3/2018
2007,BUFFRMFISHBM02,BUFFRMFish2007May23,7,R,main,0,0,0,0,1,1,0,0,0,0,,12/3/2018
2007,BUFFRMFISHBM02,BUFFRMFish2007May23,8,L,main,0,0,0,0,1,0,1,0,0,1,,12/3/2018
2007,BUFFRMFISHBM02,BUFFRMFish2007May23,8,M,main,0,0,0,0,0,0,0,0,0,0,,12/3/2018
2007,BUFFRMFISHBM02,BUFFRMFish2007May23,8,R,main,0,0,0,0,1,0,0,0,0,0,,12/3/2018
2007,BUFFRMFISHBM02,BUFFRMFish2007May23,9,L,main,0,0,0,0,0,0,0,0,1,1,,12/3/2018
2007,BUFFRMFISHBM02,BUFFRMFish2007May23,9,M,main,0,0,0,0,0,0,0,0,0,0,,12/3/2018
2007,BUFFRMFISHBM02,BUFFRMFish2007May23,9,R,main,0,0,0,0,1,0,1,0,0,0,,12/3/2018
2007,BUFFRMFISHBM02,BUFFRMFish2007May23,10,L,main,0,0,1,0,1,0,0,0,0,1,moss,12/3/2018
2007,BUFFRMFISHBM02,BUFFRMFish2007May23,10,M,main,0,0,0,0,0,0,0,0,0,0,,12/3/2018
2007,BUFFRMFISHBM02,BUFFRMFish2007May23,10,R,main,0,0,0,0,1,0,0,0,0,0,,12/3/2018
2007,BUFFRMFISHBM02,BUFFRMFish2007May23,11,L,main,0,0,0,0,1,1,1,0,0,0,,12/3/2018
2007,BUFFRMFISHBM02,BUFFRMFish2007May23,11,M,main,0,0,0,0,0,0,0,0,0,0,,12/3/2018
2007,BUFFRMFISHBM02,BUFFRMFISH2007MAY23,11,R,main,0,0,0,0,1,0,0,0,0,0,,12/3/2018
2007,BUFFRMFISHBM03,BUFFRMFish2007May30,1,L,main,0,0,0,0,1,0,0,0,0,0,,12/3/2018
2007,BUFFRMFISHBM03,BUFFRMFish2007May30,1,M,main,0,0,0,0,0,0,0,0,0,0,,12/3/2018
2007,BUFFRMFISHBM03,BUFFRMFish2007May30,1,R,main,0,0,0,0,0,0,0,1,0,0,,12/3/2018
2007,BUFFRMFISHBM03,BUFFRMFish2007May30,2,L,main,0,0,0,0,1,0,1,0,0,0,,12/3/2018
2007,BUFFRMFISHBM03,BUFFRMFish2007May30,2,M,main,0,0,0,0,0,0,0,0,0,0,,12/3/2018
2007,BUFFRMFISHBM03,BUFFRMFish2007May30,2,R,main,0,0,0,0,0,0,1,0,0,0,,12/3/2018
2007,BUFFRMFISHBM03,BUFFRMFish2007May30,3,L,main,0,0,0,0,1,0,0,0,0,0,,12/3/2018
2007,BUFFRMFISHBM03,BUFFRMFish2007May30,3,M,main,0,0,0,0,0,0,0,0,0,0,,12/3/2018
2007,BUFFRMFISHBM03,BUFFRMFish2007May30,3,R,main,0,0,0,0,1,0,1,0,0,0,,12/3/2018
2007,BUFFRMFISHBM03,BUFFRMFish2007May30,4,L,main,0,0,0,0,1,0,0,0,0,0,,12/3/2018
2007,BUFFRMFISHBM03,BUFFRMFish2007May30,4,M,main,0,0,0,0,0,0,0,0,0,0,,12/3/2018
2007,BUFFRMFISHBM03,BUFFRMFish2007May30,4,R,main,0,0,0,0,1,0,0,0,0,0,,12/3/2018
2007,BUFFRMFISHBM03,BUFFRMFish2007May30,5,L,main,0,0,0,0,1,0,0,1,0,0,,12/3/2018
2007,BUFFRMFISHBM03,BUFFRMFish2007May30,5,M,main,0,0,0,0,0,0,0,0,0,0,,12/3/2018
2007,BUFFRMFISHBM03,BUFFRMFish2007May30,5,R,main,0,0,0,0,1,0,0,0,0,0,,12/3/2018
2007,BUFFRMFISHBM03,BUFFRMFish2007May30,6,L,main,0,0,0,0,1,0,0,0,0,1,,12/3/2018
2007,BUFFRMFISHBM03,BUFFRMFish2007May30,6,M,main,0,0,0,0,0,0,0,0,0,0,,12/3/2018
2007,BUFFRMFISHBM03,BUFFRMFish2007May30,6,R,main,0,0,0,0,1,0,0,0,0,0,,12/3/2018
2007,BUFFRMFISHBM03,BUFFRMFish2007May30,7,L,main,0,1,0,0,0,0,0,0,1,1,,12/3/2018
2007,BUFFRMFISHBM03,BUFFRMFish2007May30,7,M,main,0,0,0,0,0,0,0,0,0,0,,12/3/2018
2007,BUFFRMFISHBM03,BUFFRMFish2007May30,7,R,main,0,0,0,0,1,0,0,0,0,0,,12/3/2018
2007,BUFFRMFISHBM03,BUFFRMFish2007May30,8,L,main,0,0,0,0,0,0,1,0,0,1,,12/3/2018
2007,BUFFRMFISHBM03,BUFFRMFish2007May30,8,M,main,0,0,0,0,0,0,0,0,0,0,,12/3/2018
2007,BUFFRMFISHBM03,BUFFRMFish2007May30,8,R,main,0,0,0,0,1,0,0,0,0,0,,12/3/2018
2007,BUFFRMFISHBM03,BUFFRMFish2007May30,9,L,main,0,0,0,0,0,0,0,0,1,1,,12/3/2018
2007,BUFFRMFISHBM03,BUFFRMFish2007May30,9,M,main,0,0,0,0,0,0,0,0,0,0,,12/3/2018
2007,BUFFRMFISHBM03,BUFFRMFish2007May30,9,R,main,0,0,0,0,1,0,0,0,0,0,,12/3/2018
2007,BUFFRMFISHBM03,BUFFRMFish2007May30,10,L,main,0,0,0,0,0,1,1,1,0,0,,12/3/2018
2007,BUFFRMFISHBM03,BUFFRMFish2007May30,10,M,main,0,0,0,0,0,0,0,0,0,0,,12/3/2018
2007,BUFFRMFISHBM03,BUFFRMFish2007May30,10,R,main,0,0,0,0,1,0,0,0,0,0,,12/3/2018
2007,BUFFRMFISHBM03,BUFFRMFish2007May30,11,L,main,0,0,0,0,0,0,0,0,0,0,,12/3/2018
2007,BUFFRMFISHBM03,BUFFRMFish2007May30,11,M,main,0,0,0,0,0,0,0,0,0,0,,12/3/2018
2007,BUFFRMFISHBM03,BUFFRMFish2007May30,11,R,main,0,0,0,0,0,0,0,0,0,0,,12/3/2018
2007,BUFFRMFISHBM04,BUFFRMFish2007May31,1,L,main,0,1,0,0,1,0,0,0,0,0,,12/3/2018
2007,BUFFRMFISHBM04,BUFFRMFish2007May31,1,M,main,0,1,0,0,0,0,0,0,0,0,,12/3/2018
2007,BUFFRMFISHBM04,BUFFRMFish2007May31,1,R,main,0,0,0,0,0,0,1,0,0,0,,12/3/2018
2007,BUFFRMFISHBM04,BUFFRMFish2007May31,2,L,main,0,0,0,0,1,0,0,0,0,0,,12/3/2018
2007,BUFFRMFISHBM04,BUFFRMFish2007May31,2,M,main,0,0,0,0,0,0,0,0,0,0,,12/3/2018
2007,BUFFRMFISHBM04,BUFFRMFish2007May31,2,R,main,0,0,0,0,1,0,0,0,0,0,,12/3/2018
2007,BUFFRMFISHBM04,BUFFRMFish2007May31,3,L,main,0,1,0,0,1,1,0,0,0,0,,12/3/2018
2007,BUFFRMFISHBM04,BUFFRMFish2007May31,3,M,main,0,0,1,0,0,0,0,0,0,0,,12/3/2018
2007,BUFFRMFISHBM04,BUFFRMFish2007May31,3,R,main,0,1,0,0,1,0,0,0,0,0,,12/3/2018
2007,BUFFRMFISHBM04,BUFFRMFish2007May31,4,L,main,0,0,0,0,1,0,0,0,0,0,,12/3/2018
2007,BUFFRMFISHBM04,BUFFRMFish2007May31,4,M,main,0,0,0,0,0,0,0,0,0,0,,12/3/2018
2007,BUFFRMFISHBM04,BUFFRMFish2007May31,4,R,main,0,0,0,0,1,0,0,0,0,0,,12/3/2018
2007,BUFFRMFISHBM04,BUFFRMFish2007May31,5,L,main,0,0,0,0,1,0,1,1,0,0,,12/3/2018
2007,BUFFRMFISHBM04,BUFFRMFish2007May31,5,M,main,0,0,0,0,0,0,0,0,0,0,,12/3/2018
2007,BUFFRMFISHBM04,BUFFRMFish2007May31,5,R,main,0,0,0,0,1,0,0,0,0,0,,12/3/2018
2007,BUFFRMFISHBM04,BUFFRMFish2007May31,6,L,main,0,0,0,0,1,0,0,0,0,0,,12/3/2018
2007,BUFFRMFISHBM04,BUFFRMFish2007May31,6,M,main,0,0,0,0,0,0,0,0,0,0,,12/3/2018
2007,BUFFRMFISHBM04,BUFFRMFish2007May31,6,R,main,0,0,0,0,0,0,0,0,0,0,,12/3/2018
2007,BUFFRMFISHBM04,BUFFRMFish2007May31,7,L,main,0,1,0,0,1,0,0,0,0,0,,12/3/2018
2007,BUFFRMFISHBM04,BUFFRMFish2007May31,7,M,main,0,0,0,0,0,0,0,0,0,0,,12/3/2018
2007,BUFFRMFISHBM04,BUFFRMFish2007May31,7,R,main,0,0,0,0,1,0,1,0,0,1,,12/3/2018
2007,BUFFRMFISHBM04,BUFFRMFish2007May31,8,L,main,0,1,0,0,1,0,0,0,0,0,,12/3/2018
2007,BUFFRMFISHBM04,BUFFRMFish2007May31,8,M,main,0,0,0,0,0,0,0,0,0,0,,12/3/2018
2007,BUFFRMFISHBM04,BUFFRMFish2007May31,8,R,main,0,0,0,0,1,0,1,0,0,0,,12/3/2018
2007,BUFFRMFISHBM04,BUFFRMFish2007May31,9,L,main,0,0,0,0,1,0,1,0,0,0,,12/3/2018
2007,BUFFRMFISHBM04,BUFFRMFish2007May31,9,M,main,0,0,0,0,0,0,0,0,0,0,,12/3/2018
2007,BUFFRMFISHBM04,BUFFRMFish2007May31,9,R,main,0,0,0,0,1,0,1,1,0,0,,12/3/2018
2007,BUFFRMFISHBM04,BUFFRMFish2007May31,10,L,main,0,0,0,0,1,0,1,0,0,0,,12/3/2018
2007,BUFFRMFISHBM04,BUFFRMFish2007May31,10,M,main,0,0,0,0,0,0,0,0,0,0,,12/3/2018
2007,BUFFRMFISHBM04,BUFFRMFish2007May31,10,R,main,0,0,0,0,1,0,1,0,0,0,,12/3/2018
2007,BUFFRMFISHBM04,BUFFRMFish2007May31,11,L,main,0,0,1,0,1,0,0,0,0,0,,12/3/2018
2007,BUFFRMFISHBM04,BUFFRMFish2007May31,11,M,main,0,0,0,0,0,0,0,0,0,0,,12/3/2018
2007,BUFFRMFISHBM04,BUFFRMFish2007May31,11,R,main,0,0,0,0,1,0,1,1,0,0,,12/3/2018
2007,BUFFRMFISHBM05,BUFFRMFish2007Jun20,1,L,main,0,0,0,0,1,0,0,0,0,0,,12/3/2018
2007,BUFFRMFISHBM05,BUFFRMFish2007Jun20,1,M,main,0,0,0,0,0,0,0,0,0,0,,12/3/2018
2007,BUFFRMFISHBM05,BUFFRMFish2007Jun20,1,R,main,0,0,0,0,1,0,0,0,0,0,,12/3/2018
2007,BUFFRMFISHBM05,BUFFRMFish2007Jun20,2,L,main,0,1,0,0,1,0,0,0,0,0,,12/3/2018
2007,BUFFRMFISHBM05,BUFFRMFish2007Jun20,2,M,main,0,1,0,0,0,0,0,0,0,0,,12/3/2018
2007,BUFFRMFISHBM05,BUFFRMFish2007Jun20,2,R,main,0,0,0,0,1,0,0,0,0,0,,12/3/2018
2007,BUFFRMFISHBM05,BUFFRMFish2007Jun20,3,L,main,0,0,0,0,1,0,0,0,0,0,,12/3/2018
2007,BUFFRMFISHBM05,BUFFRMFish2007Jun20,3,M,main,0,0,0,0,0,0,0,0,0,0,,12/3/2018
2007,BUFFRMFISHBM05,BUFFRMFish2007Jun20,3,R,main,0,0,0,0,1,1,0,0,0,0,,12/3/2018
2007,BUFFRMFISHBM05,BUFFRMFish2007Jun20,4,L,main,0,0,0,0,1,0,0,0,0,0,,12/3/2018
2007,BUFFRMFISHBM05,BUFFRMFish2007Jun20,4,M,main,0,0,0,0,0,0,0,0,0,0,,12/3/2018
2007,BUFFRMFISHBM05,BUFFRMFish2007Jun20,4,R,main,0,0,0,0,1,1,0,0,0,0,,12/3/2018
2007,BUFFRMFISHBM05,BUFFRMFish2007Jun20,5,L,main,0,0,0,0,1,0,1,0,0,0,,12/3/2018
2007,BUFFRMFISHBM05,BUFFRMFish2007Jun20,5,M,main,0,0,1,0,0,0,0,0,0,0,,12/3/2018
2007,BUFFRMFISHBM05,BUFFRMFish2007Jun20,5,R,main,0,0,0,0,1,0,0,0,0,0,,12/3/2018
2007,BUFFRMFISHBM05,BUFFRMFish2007Jun20,6,L,main,0,0,0,0,0,0,0,0,0,0,,12/3/2018
2007,BUFFRMFISHBM05,BUFFRMFish2007Jun20,6,M,main,0,0,0,0,0,0,0,0,0,0,,12/3/2018
2007,BUFFRMFISHBM05,BUFFRMFish2007Jun20,6,R,main,0,0,0,0,1,0,0,0,0,0,,12/3/2018
2007,BUFFRMFISHBM05,BUFFRMFish2007Jun20,7,L,main,0,0,0,0,1,0,0,0,0,0,,12/3/2018
2007,BUFFRMFISHBM05,BUFFRMFish2007Jun20,7,M,main,0,0,0,0,0,0,0,0,0,0,,12/3/2018
2007,BUFFRMFISHBM05,BUFFRMFish2007Jun20,7,R,main,0,0,0,0,0,0,0,0,0,0,,12/3/2018
2007,BUFFRMFISHBM05,BUFFRMFish2007Jun20,8,L,main,0,0,0,0,0,0,1,0,0,0,,12/3/2018
2007,BUFFRMFISHBM05,BUFFRMFish2007Jun20,8,M,main,0,0,0,0,0,0,0,0,0,0,,12/3/2018
2007,BUFFRMFISHBM05,BUFFRMFish2007Jun20,8,R,main,0,0,0,0,0,0,0,0,0,0,,12/3/2018
2007,BUFFRMFISHBM05,BUFFRMFish2007Jun20,9,L,main,1,0,0,0,0,0,0,0,0,0,,12/3/2018
2007,BUFFRMFISHBM05,BUFFRMFish2007Jun20,9,M,main,0,0,0,0,0,0,0,0,0,0,,12/3/2018
2007,BUFFRMFISHBM05,BUFFRMFish2007Jun20,9,R,main,0,0,0,0,0,0,0,0,0,0,,12/3/2018
2007,BUFFRMFISHBM05,BUFFRMFish2007Jun20,10,L,main,0,0,0,0,0,0,0,0,0,0,,12/3/2018
2007,BUFFRMFISHBM05,BUFFRMFish2007Jun20,10,M,main,0,0,0,0,0,0,0,0,0,0,,12/3/2018
2007,BUFFRMFISHBM05,BUFFRMFish2007Jun20,10,R,main,0,0,0,0,0,0,0,0,0,1,,12/3/2018
2007,BUFFRMFISHBM05,BUFFRMFish2007Jun20,11,L,main,0,0,0,0,0,1,0,0,0,0,,12/3/2018
2007,BUFFRMFISHBM05,BUFFRMFish2007Jun20,11,M,main,0,0,0,0,0,0,0,0,0,0,,12/3/2018
2007,BUFFRMFISHBM05,BUFFRMFish2007Jun20,11,R,main,0,0,0,0,1,0,0,0,0,0,,12/3/2018
2007,BUFFRMFISHBM06,BUFFRMFish2007Jun04,1,L,main,1,0,0,0,1,0,0,0,0,0,,12/3/2018
2007,BUFFRMFISHBM06,BUFFRMFish2007Jun04,1,M,main,1,0,0,0,0,0,0,0,0,0,,12/3/2018
2007,BUFFRMFISHBM06,BUFFRMFish2007Jun04,1,R,main,1,0,0,0,1,0,0,0,0,0,,12/3/2018
2007,BUFFRMFISHBM06,BUFFRMFish2007Jun04,2,L,main,1,0,0,0,0,0,0,0,0,0,,12/3/2018
2007,BUFFRMFISHBM06,BUFFRMFish2007Jun04,2,M,main,1,0,0,0,0,0,0,0,0,0,,12/3/2018
2007,BUFFRMFISHBM06,BUFFRMFish2007Jun04,2,R,main,0,0,0,0,1,0,0,0,0,1,,12/3/2018
2007,BUFFRMFISHBM06,BUFFRMFish2007Jun04,3,L,main,0,0,0,0,1,0,0,1,0,0,,12/3/2018
2007,BUFFRMFISHBM06,BUFFRMFish2007Jun04,3,M,main,0,0,0,0,0,0,0,0,0,0,,12/3/2018
2007,BUFFRMFISHBM06,BUFFRMFish2007Jun04,3,R,main,0,0,0,0,1,0,1,0,0,1,,12/3/2018
2007,BUFFRMFISHBM06,BUFFRMFish2007Jun04,4,L,main,0,0,0,0,1,0,0,1,0,0,,12/3/2018
2007,BUFFRMFISHBM06,BUFFRMFish2007Jun04,4,M,main,0,0,0,0,0,0,0,0,0,0,,12/3/2018
2007,BUFFRMFISHBM06,BUFFRMFish2007Jun04,4,R,main,0,0,0,0,1,0,0,0,0,1,,12/3/2018
2007,BUFFRMFISHBM06,BUFFRMFish2007Jun04,5,L,main,1,0,0,0,1,0,0,0,0,0,,12/3/2018
2007,BUFFRMFISHBM06,BUFFRMFish2007Jun04,5,M,main,0,0,0,0,0,0,0,0,0,0,,12/3/2018
2007,BUFFRMFISHBM06,BUFFRMFish2007Jun04,5,R,main,0,0,0,0,1,0,1,0,0,1,,12/3/2018
2007,BUFFRMFISHBM06,BUFFRMFish2007Jun04,6,L,main,1,0,0,0,1,0,0,0,0,0,,12/3/2018
2007,BUFFRMFISHBM06,BUFFRMFish2007Jun04,6,M,main,1,0,0,0,0,0,0,0,0,0,,12/3/2018
2007,BUFFRMFISHBM06,BUFFRMFish2007Jun04,6,R,main,0,0,0,0,1,0,0,1,0,1,,12/3/2018
2007,BUFFRMFISHBM06,BUFFRMFish2007Jun04,7,L,main,1,0,0,0,0,0,0,0,0,0,,12/3/2018
2007,BUFFRMFISHBM06,BUFFRMFish2007Jun04,7,M,main,1,0,0,0,0,0,0,0,0,0,,12/3/2018
2007,BUFFRMFISHBM06,BUFFRMFish2007Jun04,7,R,main,1,0,0,0,1,1,1,0,0,1,,12/3/2018
2007,BUFFRMFISHBM06,BUFFRMFish2007Jun04,8,L,main,1,0,0,0,0,0,0,0,0,0,,12/3/2018
2007,BUFFRMFISHBM06,BUFFRMFish2007Jun04,8,M,main,1,0,0,0,0,0,0,0,0,0,,12/3/2018
2007,BUFFRMFISHBM06,BUFFRMFish2007Jun04,8,R,main,1,0,0,0,1,0,1,1,0,1,,12/3/2018
2007,BUFFRMFISHBM06,BUFFRMFish2007Jun04,9,L,main,0,0,0,0,0,0,0,0,0,0,,12/3/2018
2007,BUFFRMFISHBM06,BUFFRMFish2007Jun04,9,M,main,0,0,0,0,0,0,0,0,0,0,,12/3/2018
2007,BUFFRMFISHBM06,BUFFRMFish2007Jun04,9,R,main,0,0,0,0,1,0,0,1,0,1,,12/3/2018
2007,BUFFRMFISHBM06,BUFFRMFish2007Jun04,10,L,main,0,0,0,0,0,0,0,0,0,0,,12/3/2018
2007,BUFFRMFISHBM06,BUFFRMFish2007Jun04,10,M,main,0,0,0,0,0,0,0,0,0,0,,12/3/2018
2007,BUFFRMFISHBM06,BUFFRMFish2007Jun04,10,R,main,0,0,0,0,0,0,0,0,0,1,,12/3/2018
2007,BUFFRMFISHBM06,BUFFRMFish2007Jun04,11,L,main,1,0,0,0,0,0,0,0,0,0,,12/3/2018
2007,BUFFRMFISHBM06,BUFFRMFish2007Jun04,11,M,main,1,0,0,0,0,0,0,0,0,0,,12/3/2018
2007,BUFFRMFISHBM06,BUFFRMFish2007Jun04,11,R,main,0,0,0,0,0,0,0,0,0,1,,12/3/2018
2007,BUFFRMFISHBT05,BUFFRMFish2007May21,1,L,main,0,0,0,0,0,0,0,0,0,0,,12/3/2018
2007,BUFFRMFISHBT05,BUFFRMFish2007May21,1,M,main,0,0,0,0,0,0,0,0,0,0,moss,12/3/2018
2007,BUFFRMFISHBT05,BUFFRMFish2007May21,1,R,main,0,0,0,0,1,0,0,0,0,0,,12/3/2018
2007,BUFFRMFISHBT05,BUFFRMFish2007May21,2,L,main,0,0,0,0,0,0,0,0,0,0,moss,12/3/2018
2007,BUFFRMFISHBT05,BUFFRMFish2007May21,2,M,main,0,0,0,0,0,0,0,0,0,0,,12/3/2018
2007,BUFFRMFISHBT05,BUFFRMFish2007May21,2,R,main,0,1,0,0,1,0,1,1,0,0,,12/3/2018
2007,BUFFRMFISHBT05,BUFFRMFish2007May21,3,L,main,0,0,0,0,0,0,0,0,0,0,,12/3/2018
2007,BUFFRMFISHBT05,BUFFRMFish2007May21,3,M,main,0,1,0,0,0,0,0,0,0,0,,12/3/2018
2007,BUFFRMFISHBT05,BUFFRMFish2007May21,3,R,main,0,1,0,0,1,0,1,0,0,0,,12/3/2018
2007,BUFFRMFISHBT05,BUFFRMFish2007May21,4,L,main,0,1,0,0,1,0,0,0,0,0,moss,12/3/2018
2007,BUFFRMFISHBT05,BUFFRMFish2007May21,4,M,main,0,1,0,0,0,0,0,0,0,0,,12/3/2018
2007,BUFFRMFISHBT05,BUFFRMFish2007May21,4,R,main,0,0,0,0,1,1,1,0,1,0,,12/3/2018
2007,BUFFRMFISHBT05,BUFFRMFish2007May21,5,L,main,0,1,0,0,1,1,1,0,0,0,,12/3/2018
2007,BUFFRMFISHBT05,BUFFRMFish2007May21,5,M,main,0,1,0,0,0,0,0,0,0,0,,12/3/2018
2007,BUFFRMFISHBT05,BUFFRMFish2007May21,5,R,main,0,1,0,0,1,0,1,0,0,0,,12/3/2018
2007,BUFFRMFISHBT05,BUFFRMFish2007May21,6,L,main,0,1,0,0,1,0,1,0,0,0,moss,12/3/2018
2007,BUFFRMFISHBT05,BUFFRMFish2007May21,6,M,main,0,0,0,0,0,0,0,0,0,0,,12/3/2018
2007,BUFFRMFISHBT05,BUFFRMFish2007May21,6,R,main,0,0,0,0,1,1,1,0,1,0,,12/3/2018
2007,BUFFRMFISHBT05,BUFFRMFish2007May21,7,L,main,0,0,0,0,1,0,0,0,0,0,,12/3/2018
2007,BUFFRMFISHBT05,BUFFRMFish2007May21,7,M,main,0,0,0,0,0,0,0,0,0,0,,12/3/2018
2007,BUFFRMFISHBT05,BUFFRMFish2007May21,7,R,main,0,0,0,0,1,0,0,0,0,0,,12/3/2018
2007,BUFFRMFISHBT05,BUFFRMFish2007May21,8,L,main,0,0,1,0,1,0,1,0,0,0,,12/3/2018
2007,BUFFRMFISHBT05,BUFFRMFish2007May21,8,M,main,0,0,0,0,0,0,0,0,0,0,,12/3/2018
2007,BUFFRMFISHBT05,BUFFRMFish2007May21,8,R,main,0,0,0,0,0,0,0,0,0,0,,12/3/2018
2007,BUFFRMFISHBT05,BUFFRMFish2007May21,9,L,main,0,0,0,0,1,0,1,0,0,0,,12/3/2018
2007,BUFFRMFISHBT05,BUFFRMFish2007May21,9,M,main,0,0,0,0,0,0,0,0,0,0,,12/3/2018
2007,BUFFRMFISHBT05,BUFFRMFish2007May21,9,R,main,0,0,0,0,1,0,0,0,0,0,,12/3/2018
2007,BUFFRMFISHBT05,BUFFRMFish2007May21,10,L,main,0,0,0,0,1,0,1,0,0,0,,12/3/2018
2007,BUFFRMFISHBT05,BUFFRMFish2007May21,10,M,main,0,0,0,0,0,0,0,0,0,0,,12/3/2018
2007,BUFFRMFISHBT05,BUFFRMFish2007May21,10,R,main,0,0,0,0,1,1,0,0,0,0,,12/3/2018
2007,BUFFRMFISHBT05,BUFFRMFish2007May21,11,L,main,0,0,0,0,1,0,0,0,0,0,,12/3/2018
2007,BUFFRMFISHBT05,BUFFRMFish2007May21,11,M,main,0,0,0,0,0,0,0,0,0,0,,12/3/2018
2007,BUFFRMFISHBT05,BUFFRMFish2007May21,11,R,main,0,0,0,0,1,0,0,0,0,0,,12/3/2018
2007,BUFFRMFISHBT07,BUFFRMFish2007May25,1,L,main,0,0,0,0,0,0,0,0,0,0,,12/3/2018
2007,BUFFRMFISHBT07,BUFFRMFish2007May25,1,M,main,0,0,0,0,0,0,0,0,0,0,,12/3/2018
2007,BUFFRMFISHBT07,BUFFRMFish2007May25,1,R,main,0,0,0,0,1,0,0,0,0,0,,12/3/2018
2007,BUFFRMFISHBT07,BUFFRMFish2007May25,2,L,main,1,0,0,0,0,0,0,0,0,0,,12/3/2018
2007,BUFFRMFISHBT07,BUFFRMFish2007May25,2,M,main,0,0,0,0,0,0,0,0,0,0,,12/3/2018
2007,BUFFRMFISHBT07,BUFFRMFish2007May25,2,R,main,0,0,0,0,1,0,1,0,1,0,,12/3/2018
2007,BUFFRMFISHBT07,BUFFRMFish2007May25,3,L,main,0,0,0,0,1,0,0,0,0,0,,12/3/2018
2007,BUFFRMFISHBT07,BUFFRMFish2007May25,3,M,main,0,0,0,0,0,0,0,0,0,0,,12/3/2018
2007,BUFFRMFISHBT07,BUFFRMFish2007May25,3,R,main,0,0,0,0,1,0,1,0,1,0,,12/3/2018
2007,BUFFRMFISHBT07,BUFFRMFish2007May25,4,L,main,0,0,0,0,1,0,0,0,0,0,,12/3/2018
2007,BUFFRMFISHBT07,BUFFRMFish2007May25,4,M,main,0,0,0,0,0,0,0,0,0,0,,12/3/2018
2007,BUFFRMFISHBT07,BUFFRMFish2007May25,4,R,main,0,0,0,0,1,0,0,0,0,0,,12/3/2018
2007,BUFFRMFISHBT07,BUFFRMFish2007May25,5,L,main,0,0,0,0,1,0,0,0,1,1,,12/3/2018
2007,BUFFRMFISHBT07,BUFFRMFish2007May25,5,M,main,0,0,0,0,0,0,0,0,0,0,,12/3/2018
2007,BUFFRMFISHBT07,BUFFRMFish2007May25,5,R,main,0,0,0,0,1,0,0,0,0,0,,12/3/2018
2007,BUFFRMFISHBT07,BUFFRMFish2007May25,6,L,main,0,0,0,0,1,0,1,0,1,0,,12/3/2018
2007,BUFFRMFISHBT07,BUFFRMFish2007May25,6,M,main,0,0,0,0,0,0,0,0,0,0,,12/3/2018
2007,BUFFRMFISHBT07,BUFFRMFish2007May25,6,R,main,0,0,0,0,1,0,0,0,0,0,,12/3/2018
2007,BUFFRMFISHBT07,BUFFRMFish2007May25,7,L,main,0,0,0,0,1,0,0,0,0,0,,12/3/2018
2007,BUFFRMFISHBT07,BUFFRMFish2007May25,7,M,main,0,0,0,0,0,0,0,0,0,0,,12/3/2018
2007,BUFFRMFISHBT07,BUFFRMFish2007May25,7,R,main,0,0,0,0,1,0,0,0,0,0,,12/3/2018
2007,BUFFRMFISHBT07,BUFFRMFish2007May25,8,L,main,0,0,0,0,1,0,1,0,0,0,,12/3/2018
2007,BUFFRMFISHBT07,BUFFRMFish2007May25,8,M,main,0,0,0,0,0,0,0,0,0,0,,12/3/2018
2007,BUFFRMFISHBT07,BUFFRMFish2007May25,8,R,main,0,0,0,0,1,0,1,1,0,0,,12/3/2018
2007,BUFFRMFISHBT07,BUFFRMFish2007May25,9,L,main,0,0,0,0,1,0,1,0,1,0,,12/3/2018
2007,BUFFRMFISHBT07,BUFFRMFish2007May25,9,M,main,0,0,0,0,0,0,0,0,0,0,,12/3/2018
2007,BUFFRMFISHBT07,BUFFRMFish2007May25,9,R,main,0,0,0,0,1,0,1,0,0,0,,12/3/2018
2007,BUFFRMFISHBT07,BUFFRMFish2007May25,10,L,main,0,0,0,0,1,0,1,1,1,0,,12/3/2018
2007,BUFFRMFISHBT07,BUFFRMFish2007May25,10,M,main,0,0,0,0,0,0,0,0,0,0,,12/3/2018
2007,BUFFRMFISHBT07,BUFFRMFish2007May25,10,R,main,0,0,0,0,0,0,0,0,0,0,,12/3/2018
2007,BUFFRMFISHBT07,BUFFRMFish2007May25,11,L,main,0,0,0,0,1,0,1,1,1,1,,12/3/2018
2007,BUFFRMFISHBT07,BUFFRMFish2007May25,11,M,main,0,0,0,0,0,0,0,0,0,0,,12/3/2018
2007,BUFFRMFISHBT07,BUFFRMFish2007May25,11,R,main,0,0,0,0,1,0,0,0,0,0,,12/3/2018
2007,BUFFRMFISHBT12,BUFFRMFish2007May29,1,L,main,0,0,0,0,1,0,0,0,0,0,,12/3/2018
2007,BUFFRMFISHBT12,BUFFRMFish2007May29,1,M,main,0,0,0,0,0,0,0,0,0,0,,12/3/2018
2007,BUFFRMFISHBT12,BUFFRMFish2007May29,1,R,main,0,0,0,0,1,0,0,0,0,0,,12/3/2018
2007,BUFFRMFISHBT12,BUFFRMFish2007May29,2,L,main,1,0,0,0,1,0,0,0,0,0,,12/3/2018
2007,BUFFRMFISHBT12,BUFFRMFish2007May29,2,M,main,1,0,0,0,0,0,0,0,0,0,,12/3/2018
2007,BUFFRMFISHBT12,BUFFRMFish2007May29,2,R,main,1,0,0,0,1,0,0,0,0,0,,12/3/2018
2007,BUFFRMFISHBT12,BUFFRMFish2007May29,3,L,main,1,0,0,0,1,0,0,0,0,0,,12/3/2018
2007,BUFFRMFISHBT12,BUFFRMFish2007May29,3,M,main,0,0,0,0,0,0,0,0,0,0,,12/3/2018
2007,BUFFRMFISHBT12,BUFFRMFish2007May29,3,R,main,0,0,0,0,1,0,0,0,0,1,,12/3/2018
2007,BUFFRMFISHBT12,BUFFRMFish2007May29,4,L,main,0,0,0,0,1,0,0,0,0,0,,12/3/2018
2007,BUFFRMFISHBT12,BUFFRMFish2007May29,4,M,main,0,0,0,0,0,0,0,0,0,0,,12/3/2018
2007,BUFFRMFISHBT12,BUFFRMFish2007May29,4,R,main,0,0,0,0,1,0,0,0,1,1,,12/3/2018
2007,BUFFRMFISHBT12,BUFFRMFish2007May29,5,L,main,0,0,0,0,1,0,0,0,0,0,,12/3/2018
2007,BUFFRMFISHBT12,BUFFRMFish2007May29,5,M,main,0,0,0,0,0,0,0,0,0,0,,12/3/2018
2007,BUFFRMFISHBT12,BUFFRMFish2007May29,5,R,main,0,0,0,0,1,0,0,0,0,1,,12/3/2018
2007,BUFFRMFISHBT12,BUFFRMFish2007May29,6,L,main,0,0,0,0,1,0,1,0,0,0,,12/3/2018
2007,BUFFRMFISHBT12,BUFFRMFish2007May29,6,M,main,1,0,0,0,0,0,0,0,0,0,center measured on right side of island. Island is 2.5 meters wide and gravel,12/3/2018
2007,BUFFRMFISHBT12,BUFFRMFish2007May29,6,R,main,1,0,0,0,1,0,0,0,0,0,,12/3/2018
2007,BUFFRMFISHBT12,BUFFRMFish2007May29,7,L,main,0,0,0,0,1,0,1,0,0,0,,12/3/2018
2007,BUFFRMFISHBT12,BUFFRMFish2007May29,7,M,main,0,0,0,0,0,0,0,0,0,0,,12/3/2018
2007,BUFFRMFISHBT12,BUFFRMFish2007May29,7,R,main,0,0,0,0,1,0,0,0,0,0,,12/3/2018
2007,BUFFRMFISHBT12,BUFFRMFish2007May29,8,L,main,1,0,0,0,1,0,0,0,0,0,,12/3/2018
2007,BUFFRMFISHBT12,BUFFRMFish2007May29,8,M,main,1,0,0,0,0,0,0,0,0,0,,12/3/2018
2007,BUFFRMFISHBT12,BUFFRMFish2007May29,8,R,main,0,0,0,0,1,0,0,0,0,0,,12/3/2018
2007,BUFFRMFISHBT12,BUFFRMFish2007May29,9,L,main,0,0,0,0,1,0,0,0,0,0,,12/3/2018
2007,BUFFRMFISHBT12,BUFFRMFish2007May29,9,M,main,0,0,0,0,0,0,0,0,0,0,,12/3/2018
2007,BUFFRMFISHBT12,BUFFRMFish2007May29,9,R,main,0,0,0,0,1,0,1,0,0,0,,12/3/2018
2007,BUFFRMFISHBT12,BUFFRMFish2007May29,10,L,main,1,0,0,0,1,0,0,0,0,0,,12/3/2018
2007,BUFFRMFISHBT12,BUFFRMFish2007May29,10,M,main,0,0,0,0,0,0,0,0,0,0,,12/3/2018
2007,BUFFRMFISHBT12,BUFFRMFish2007May29,10,R,main,0,0,0,0,1,0,0,0,0,1,,12/3/2018
2007,BUFFRMFISHBT12,BUFFRMFish2007May29,11,L,main,0,0,0,0,1,0,0,0,0,0,,12/3/2018
2007,BUFFRMFISHBT12,BUFFRMFish2007May29,11,M,main,0,0,0,0,0,0,0,0,0,0,,12/3/2018
2007,BUFFRMFISHBT12,BUFFRMFish2007May29,11,R,main,0,0,0,0,1,1,0,0,1,1,,12/3/2018
2007,BUFFRMFISHBT21,BUFFRMFish2007Jun01,1,L,main,0,0,0,0,1,0,0,0,0,0,,12/3/2018
2007,BUFFRMFISHBT21,BUFFRMFish2007Jun01,1,M,main,0,0,0,0,0,0,0,0,0,0,,12/3/2018
2007,BUFFRMFISHBT21,BUFFRMFish2007Jun01,1,R,main,0,0,0,0,0,0,0,0,0,0,,12/3/2018
2007,BUFFRMFISHBT21,BUFFRMFish2007Jun01,2,L,main,0,0,0,0,0,0,0,0,0,0,,12/3/2018
2007,BUFFRMFISHBT21,BUFFRMFish2007Jun01,2,M,main,0,0,0,0,0,0,0,0,0,0,,12/3/2018
2007,BUFFRMFISHBT21,BUFFRMFish2007Jun01,2,R,main,0,0,0,0,0,0,0,0,0,0,,12/3/2018
2007,BUFFRMFISHBT21,BUFFRMFish2007Jun01,3,L,main,0,0,0,0,1,0,0,0,0,0,,12/3/2018
2007,BUFFRMFISHBT21,BUFFRMFish2007Jun01,3,M,main,0,0,0,0,0,0,0,0,0,0,,12/3/2018
2007,BUFFRMFISHBT21,BUFFRMFish2007Jun01,3,R,main,0,0,0,0,1,0,1,0,0,0,,12/3/2018
2007,BUFFRMFISHBT21,BUFFRMFish2007Jun01,4,L,main,0,0,0,0,0,0,0,0,0,0,,12/3/2018
2007,BUFFRMFISHBT21,BUFFRMFish2007Jun01,4,M,main,0,0,0,0,0,0,0,0,0,0,,12/3/2018
2007,BUFFRMFISHBT21,BUFFRMFish2007Jun01,4,R,main,0,0,0,0,1,0,1,0,0,1,,12/3/2018
2007,BUFFRMFISHBT21,BUFFRMFish2007Jun01,5,L,main,0,0,0,0,0,0,0,0,0,0,,12/3/2018
2007,BUFFRMFISHBT21,BUFFRMFish2007Jun01,5,M,main,0,0,0,0,0,0,0,0,0,0,,12/3/2018
2007,BUFFRMFISHBT21,BUFFRMFish2007Jun01,5,R,main,0,0,0,0,1,0,1,0,0,1,,12/3/2018
2007,BUFFRMFISHBT21,BUFFRMFish2007Jun01,6,L,main,0,0,0,0,0,0,0,0,0,0,,12/3/2018
2007,BUFFRMFISHBT21,BUFFRMFish2007Jun01,6,M,main,0,0,0,0,0,0,0,0,0,0,,12/3/2018
2007,BUFFRMFISHBT21,BUFFRMFish2007Jun01,6,R,main,0,0,0,0,0,0,0,0,0,1,,12/3/2018
2007,BUFFRMFISHBT21,BUFFRMFish2007Jun01,7,L,main,0,0,0,0,0,0,0,0,0,0,,12/3/2018
2007,BUFFRMFISHBT21,BUFFRMFish2007Jun01,7,M,main,0,0,0,0,0,0,0,0,0,0,,12/3/2018
2007,BUFFRMFISHBT21,BUFFRMFish2007Jun01,7,R,main,0,0,1,0,1,0,0,1,0,1,,12/3/2018
2007,BUFFRMFISHBT21,BUFFRMFish2007Jun01,8,L,main,0,0,0,0,1,0,0,0,0,0,,12/3/2018
2007,BUFFRMFISHBT21,BUFFRMFish2007Jun01,8,M,main,0,0,0,0,0,0,0,0,0,0,,12/3/2018
2007,BUFFRMFISHBT21,BUFFRMFish2007Jun01,8,R,main,0,0,1,0,0,0,0,0,1,1,,12/3/2018
2007,BUFFRMFISHBT21,BUFFRMFish2007Jun01,9,L,main,0,0,0,0,0,0,0,0,0,0,,12/3/2018
2007,BUFFRMFISHBT21,BUFFRMFish2007Jun01,9,M,main,0,0,0,0,0,0,0,0,0,0,,12/3/2018
2007,BUFFRMFISHBT21,BUFFRMFish2007Jun01,9,R,main,0,0,1,0,1,0,0,0,1,1,,12/3/2018
2007,BUFFRMFISHBT21,BUFFRMFish2007Jun01,10,L,main,0,0,0,0,1,0,0,0,0,0,,12/3/2018
2007,BUFFRMFISHBT21,BUFFRMFish2007Jun01,10,M,main,0,0,0,0,0,0,0,0,0,0,3 meter gravel bar in middle. Center taken on right of bar,12/3/2018
2007,BUFFRMFISHBT21,BUFFRMFish2007Jun01,10,R,main,0,0,1,0,1,0,0,0,1,0,,12/3/2018
2007,BUFFRMFISHBT21,BUFFRMFish2007Jun01,11,L,main,0,0,0,0,0,0,0,0,0,0,,12/3/2018
2007,BUFFRMFISHBT21,BUFFRMFish2007Jun01,11,M,main,0,0,0,0,0,0,0,0,0,0,1 meter wide side channel not included (not shocked),12/3/2018
2007,BUFFRMFISHBT21,BUFFRMFish2007Jun01,11,R,main,0,0,0,0,1,0,0,0,0,0,,12/3/2018
2007,BUFFRMFISHBT25,BUFFRMFish2007Jun06,1,L,main,0,0,0,0,1,0,1,0,0,0,,12/3/2018
2007,BUFFRMFISHBT25,BUFFRMFish2007Jun06,1,M,main,0,0,0,0,0,0,0,0,0,0,,12/3/2018
2007,BUFFRMFISHBT25,BUFFRMFish2007Jun06,1,R,main,0,0,0,0,0,0,0,0,0,0,,12/3/2018
2007,BUFFRMFISHBT25,BUFFRMFish2007Jun06,2,L,main,0,0,0,0,1,0,1,0,1,0,,12/3/2018
2007,BUFFRMFISHBT25,BUFFRMFish2007Jun06,2,M,main,0,0,0,0,0,0,0,0,0,0,,12/3/2018
2007,BUFFRMFISHBT25,BUFFRMFish2007Jun06,2,R,main,0,0,0,0,1,0,0,0,0,0,,12/3/2018
2007,BUFFRMFISHBT25,BUFFRMFish2007Jun06,3,L,main,0,0,0,0,1,0,1,0,0,0,,12/3/2018
2007,BUFFRMFISHBT25,BUFFRMFish2007Jun06,3,M,main,0,0,0,0,0,0,0,0,0,0,,12/3/2018
2007,BUFFRMFISHBT25,BUFFRMFish2007Jun06,3,R,main,0,0,0,0,1,0,1,0,0,0,,12/3/2018
2007,BUFFRMFISHBT25,BUFFRMFish2007Jun06,4,L,main,0,0,0,0,1,0,0,0,0,0,,12/3/2018
2007,BUFFRMFISHBT25,BUFFRMFish2007Jun06,4,M,main,0,0,0,0,0,0,0,0,0,0,,12/3/2018
2007,BUFFRMFISHBT25,BUFFRMFish2007Jun06,4,R,main,0,0,0,0,1,0,1,0,1,0,,12/3/2018
2007,BUFFRMFISHBT25,BUFFRMFish2007Jun06,5,L,main,0,0,0,0,1,0,0,0,1,1,,12/3/2018
2007,BUFFRMFISHBT25,BUFFRMFish2007Jun06,5,M,main,0,0,0,0,0,0,0,0,0,0,,12/3/2018
2007,BUFFRMFISHBT25,BUFFRMFish2007Jun06,5,R,main,0,0,0,0,1,0,0,0,0,0,,12/3/2018
2007,BUFFRMFISHBT25,BUFFRMFish2007Jun06,6,L,main,0,0,0,0,1,0,0,0,1,1,,12/3/2018
2007,BUFFRMFISHBT25,BUFFRMFish2007Jun06,6,M,main,0,0,0,0,0,0,0,0,0,0,,12/3/2018
2007,BUFFRMFISHBT25,BUFFRMFish2007Jun06,6,R,main,0,1,0,0,1,0,1,0,0,0,,12/3/2018
2007,BUFFRMFISHBT25,BUFFRMFish2007Jun06,7,L,main,0,0,0,0,1,0,1,0,0,0,,12/3/2018
2007,BUFFRMFISHBT25,BUFFRMFish2007Jun06,7,M,main,0,0,0,0,0,0,0,0,0,0,,12/3/2018
2007,BUFFRMFISHBT25,BUFFRMFish2007Jun06,7,R,main,0,0,0,0,0,0,0,0,0,0,,12/3/2018
2007,BUFFRMFISHBT25,BUFFRMFish2007Jun06,8,L,main,0,0,0,0,1,1,0,0,0,0,,12/3/2018
2007,BUFFRMFISHBT25,BUFFRMFish2007Jun06,8,M,main,0,0,0,0,0,0,0,0,0,0,,12/3/2018
2007,BUFFRMFISHBT25,BUFFRMFish2007Jun06,8,R,main,0,0,0,0,1,0,0,0,0,0,,12/3/2018
2007,BUFFRMFISHBT25,BUFFRMFish2007Jun06,9,L,main,0,0,0,0,1,0,0,0,0,0,,12/3/2018
2007,BUFFRMFISHBT25,BUFFRMFish2007Jun06,9,M,main,0,0,0,0,0,0,0,0,0,0,,12/3/2018
2007,BUFFRMFISHBT25,BUFFRMFish2007Jun06,9,R,main,0,1,0,0,1,0,1,0,0,0,,12/3/2018
2007,BUFFRMFISHBT25,BUFFRMFish2007Jun06,10,L,main,0,0,0,0,1,0,0,0,0,1,,12/3/2018
2007,BUFFRMFISHBT25,BUFFRMFish2007Jun06,10,M,main,0,0,0,0,0,0,0,0,0,0,,12/3/2018
2007,BUFFRMFISHBT25,BUFFRMFish2007Jun06,10,R,main,0,0,0,0,1,1,0,0,0,0,,12/3/2018
2007,BUFFRMFISHBT25,BUFFRMFish2007Jun06,11,L,main,0,0,0,0,1,0,1,0,0,0,,12/3/2018
2007,BUFFRMFISHBT25,BUFFRMFish2007Jun06,11,M,main,1,0,0,0,0,0,0,0,0,0,,12/3/2018
2007,BUFFRMFISHBT25,BUFFRMFish2007Jun06,11,R,main,0,0,0,0,1,0,0,0,0,0,,12/3/2018
2007,BUFFRMFISHBT33,BUFFRMFish2007Jun05,1,L,main,0,0,0,0,1,0,0,0,0,0,,12/3/2018
2007,BUFFRMFISHBT33,BUFFRMFish2007Jun05,1,M,main,0,0,0,0,0,0,0,0,0,0,,12/3/2018
2007,BUFFRMFISHBT33,BUFFRMFish2007Jun05,1,R,main,0,1,0,0,1,0,1,1,0,0,,12/3/2018
2007,BUFFRMFISHBT33,BUFFRMFish2007Jun05,2,L,main,0,1,0,0,1,0,0,0,0,0,,12/3/2018
2007,BUFFRMFISHBT33,BUFFRMFish2007Jun05,2,M,main,0,1,0,0,0,0,0,0,0,0,,12/3/2018
2007,BUFFRMFISHBT33,BUFFRMFish2007Jun05,2,R,main,0,1,1,0,1,0,0,0,0,0,,12/3/2018
2007,BUFFRMFISHBT33,BUFFRMFish2007Jun05,3,L,main,0,0,0,0,1,0,0,1,0,0,,12/3/2018
2007,BUFFRMFISHBT33,BUFFRMFish2007Jun05,3,M,main,0,0,0,0,0,0,0,0,0,0,,12/3/2018
2007,BUFFRMFISHBT33,BUFFRMFish2007Jun05,3,R,main,0,0,0,0,1,0,1,1,0,0,,12/3/2018
2007,BUFFRMFISHBT33,BUFFRMFish2007Jun05,4,L,main,0,1,0,0,1,0,0,0,0,0,,12/3/2018
2007,BUFFRMFISHBT33,BUFFRMFish2007Jun05,4,M,main,0,1,0,0,0,0,0,0,0,0,,12/3/2018
2007,BUFFRMFISHBT33,BUFFRMFish2007Jun05,4,R,main,0,1,0,0,1,0,0,0,0,0,,12/3/2018
2007,BUFFRMFISHBT33,BUFFRMFish2007Jun05,5,L,main,0,0,0,0,1,0,0,0,0,0,,12/3/2018
2007,BUFFRMFISHBT33,BUFFRMFish2007Jun05,5,M,main,0,0,0,0,0,0,0,0,0,0,,12/3/2018
2007,BUFFRMFISHBT33,BUFFRMFish2007Jun05,5,R,main,0,0,0,0,1,0,0,0,0,0,,12/3/2018
2007,BUFFRMFISHBT33,BUFFRMFish2007Jun05,6,L,main,0,0,0,0,1,0,0,1,0,0,,12/3/2018
2007,BUFFRMFISHBT33,BUFFRMFish2007Jun05,6,M,main,0,0,0,0,0,0,0,0,0,0,,12/3/2018
2007,BUFFRMFISHBT33,BUFFRMFish2007Jun05,6,R,main,0,0,0,0,1,0,0,0,1,0,,12/3/2018
2007,BUFFRMFISHBT33,BUFFRMFish2007Jun05,7,L,main,0,0,0,0,1,0,0,0,0,0,,12/3/2018
2007,BUFFRMFISHBT33,BUFFRMFish2007Jun05,7,M,main,0,0,0,0,0,0,0,0,0,0,,12/3/2018
2007,BUFFRMFISHBT33,BUFFRMFish2007Jun05,7,R,main,0,0,0,0,1,0,0,0,0,1,,12/3/2018
2007,BUFFRMFISHBT33,BUFFRMFish2007Jun05,8,L,main,0,0,0,0,1,0,1,1,0,0,,12/3/2018
2007,BUFFRMFISHBT33,BUFFRMFish2007Jun05,8,M,main,0,0,0,0,0,0,0,0,0,0,,12/3/2018
2007,BUFFRMFISHBT33,BUFFRMFish2007Jun05,8,R,main,0,0,0,0,1,0,0,0,0,1,,12/3/2018
2007,BUFFRMFISHBT33,BUFFRMFish2007Jun05,9,L,main,0,0,1,0,1,0,0,0,0,0,,12/3/2018
2007,BUFFRMFISHBT33,BUFFRMFish2007Jun05,9,M,main,0,0,0,0,0,0,0,0,0,0,,12/3/2018
2007,BUFFRMFISHBT33,BUFFRMFish2007Jun05,9,R,main,0,0,0,0,1,0,0,0,0,1,,12/3/2018
2007,BUFFRMFISHBT33,BUFFRMFish2007Jun05,10,L,main,0,0,0,0,1,0,1,0,0,0,,12/3/2018
2007,BUFFRMFISHBT33,BUFFRMFish2007Jun05,10,M,main,0,0,0,0,0,0,0,0,0,0,,12/3/2018
2007,BUFFRMFISHBT33,BUFFRMFish2007Jun05,10,R,main,0,0,0,0,1,0,1,0,0,0,,12/3/2018
2007,BUFFRMFISHBT33,BUFFRMFish2007Jun05,11,L,main,0,0,0,0,1,0,0,0,0,0,,12/3/2018
2007,BUFFRMFISHBT33,BUFFRMFish2007Jun05,11,M,main,0,0,1,0,0,0,0,0,0,0,,12/3/2018
2007,BUFFRMFISHBT33,BUFFRMFish2007Jun05,11,R,main,0,0,0,0,1,0,0,0,0,0,,12/3/2018
2008,BUFFRMFISHBM01,BUFFRMFish2008May20,1,L,main,0,0,0,0,1,0,1,0,1,0,,12/3/2018
2008,BUFFRMFISHBM01,BUFFRMFish2008May20,1,L,side channel,0,0,0,0,1,0,0,0,0,0,,12/3/2018
2008,BUFFRMFISHBM01,BUFFRMFish2008May20,1,M,main,0,0,0,0,0,0,0,0,0,0,,12/3/2018
2008,BUFFRMFISHBM01,BUFFRMFish2008May20,1,M,side channel,0,0,0,0,0,0,0,0,0,0,,12/3/2018
2008,BUFFRMFISHBM01,BUFFRMFish2008May20,1,R,main,1,0,0,0,0,0,0,0,0,0,,12/3/2018
2008,BUFFRMFISHBM01,BUFFRMFish2008May20,1,R,side channel,0,0,0,0,1,0,0,0,0,0,,12/3/2018
2008,BUFFRMFISHBM01,BUFFRMFish2008May20,2,L,main,0,0,0,0,1,0,1,0,0,0,,12/3/2018
2008,BUFFRMFISHBM01,BUFFRMFish2008May20,2,L,side channel,0,0,0,0,1,0,0,0,0,0,,12/3/2018
2008,BUFFRMFISHBM01,BUFFRMFish2008May20,2,M,main,0,0,0,0,0,0,0,0,0,0,,12/3/2018
2008,BUFFRMFISHBM01,BUFFRMFish2008May20,2,M,side channel,0,0,0,0,0,0,0,0,0,0,,12/3/2018
2008,BUFFRMFISHBM01,BUFFRMFish2008May20,2,R,main,0,0,0,0,1,0,0,0,0,0,,12/3/2018
2008,BUFFRMFISHBM01,BUFFRMFish2008May20,2,R,side channel,0,0,0,0,1,0,0,0,0,0,,12/3/2018
2008,BUFFRMFISHBM01,BUFFRMFish2008May20,3,L,main,0,0,0,0,1,0,0,0,0,0,,12/3/2018
2008,BUFFRMFISHBM01,BUFFRMFish2008May20,3,L,side channel,0,0,0,0,0,0,0,0,0,0,,12/3/2018
2008,BUFFRMFISHBM01,BUFFRMFish2008May20,3,M,main,0,0,0,0,0,0,0,0,0,0,,12/3/2018
2008,BUFFRMFISHBM01,BUFFRMFish2008May20,3,M,side channel,0,0,0,0,0,0,0,0,0,0,,12/3/2018
2008,BUFFRMFISHBM01,BUFFRMFish2008May20,3,R,main,0,0,0,0,0,0,0,0,0,0,,12/3/2018
2008,BUFFRMFISHBM01,BUFFRMFish2008May20,3,R,side channel,0,0,0,0,0,0,0,0,0,0,,12/3/2018
2008,BUFFRMFISHBM01,BUFFRMFish2008May20,4,L,main,1,0,0,0,1,0,0,0,0,0,,12/3/2018
2008,BUFFRMFISHBM01,BUFFRMFish2008May20,4,L,side channel,0,0,0,0,1,1,1,0,0,0,,12/3/2018
2008,BUFFRMFISHBM01,BUFFRMFish2008May20,4,M,main,0,0,0,0,0,0,0,0,0,0,,12/3/2018
2008,BUFFRMFISHBM01,BUFFRMFish2008May20,4,M,side channel,0,0,0,0,0,0,0,0,0,0,,12/3/2018
2008,BUFFRMFISHBM01,BUFFRMFish2008May20,4,R,main,1,0,0,0,0,0,0,0,0,0,,12/3/2018
2008,BUFFRMFISHBM01,BUFFRMFish2008May20,4,R,side channel,0,0,0,0,1,0,0,0,0,0,,12/3/2018
2008,BUFFRMFISHBM01,BUFFRMFish2008May20,5,L,main,1,0,0,0,1,0,0,0,0,0,,12/3/2018
2008,BUFFRMFISHBM01,BUFFRMFish2008May20,5,L,side channel,0,0,0,0,1,0,0,0,0,0,,12/3/2018
2008,BUFFRMFISHBM01,BUFFRMFish2008May20,5,M,main,0,0,0,0,0,0,0,0,0,0,,12/3/2018
2008,BUFFRMFISHBM01,BUFFRMFish2008May20,5,M,side channel,0,0,0,0,0,0,0,0,0,0,,12/3/2018
2008,BUFFRMFISHBM01,BUFFRMFish2008May20,5,R,main,0,0,0,0,0,0,0,0,0,0,,12/3/2018
2008,BUFFRMFISHBM01,BUFFRMFish2008May20,5,R,side channel,0,0,0,0,1,0,0,0,0,0,,12/3/2018
2008,BUFFRMFISHBM01,BUFFRMFish2008May20,6,L,main,0,0,0,0,0,0,1,0,0,0,,12/3/2018
2008,BUFFRMFISHBM01,BUFFRMFish2008May20,6,M,main,0,0,0,0,0,0,0,0,0,0,,12/3/2018
2008,BUFFRMFISHBM01,BUFFRMFish2008May20,6,R,main,0,0,0,0,1,0,1,0,0,0,,12/3/2018
2008,BUFFRMFISHBM01,BUFFRMFish2008May20,7,L,main,0,0,0,0,1,0,0,0,0,0,,12/3/2018
2008,BUFFRMFISHBM01,BUFFRMFish2008May20,7,M,main,0,0,0,0,0,0,0,0,0,0,,12/3/2018
2008,BUFFRMFISHBM01,BUFFRMFish2008May20,7,R,main,0,0,0,0,1,0,1,0,0,0,,12/3/2018
2008,BUFFRMFISHBM01,BUFFRMFish2008May20,8,L,main,0,0,0,0,1,0,0,0,0,0,,12/3/2018
2008,BUFFRMFISHBM01,BUFFRMFish2008May20,8,M,main,0,0,0,0,0,0,0,0,0,0,,12/3/2018
2008,BUFFRMFISHBM01,BUFFRMFish2008May20,8,R,main,0,0,0,0,1,0,0,0,0,0,,12/3/2018
2008,BUFFRMFISHBM01,BUFFRMFish2008May20,9,L,main,0,0,0,0,0,0,0,0,0,0,,12/3/2018
2008,BUFFRMFISHBM01,BUFFRMFish2008May20,9,M,main,0,0,0,0,0,0,0,0,0,0,,12/3/2018
2008,BUFFRMFISHBM01,BUFFRMFish2008May20,9,R,main,0,0,0,0,1,0,1,0,0,0,,12/3/2018
2008,BUFFRMFISHBM01,BUFFRMFish2008May20,10,L,main,0,0,0,0,0,0,0,0,0,0,,12/3/2018
2008,BUFFRMFISHBM01,BUFFRMFish2008May20,10,M,main,0,0,0,0,0,0,0,0,0,0,,12/3/2018
2008,BUFFRMFISHBM01,BUFFRMFish2008May20,10,R,main,0,0,0,0,1,0,0,0,0,0,,12/3/2018
2008,BUFFRMFISHBM02,BUFFRMFish2008May22,1,L,main,0,0,0,0,1,1,1,1,0,0,,12/3/2018
2008,BUFFRMFISHBM02,BUFFRMFish2008May22,1,M,main,0,1,0,0,0,0,0,0,0,0,,12/3/2018
2008,BUFFRMFISHBM02,BUFFRMFish2008May22,1,R,main,0,0,0,0,1,0,1,0,0,0,,12/3/2018
2008,BUFFRMFISHBM02,BUFFRMFish2008May22,2,L,main,0,1,0,0,0,0,0,0,0,0,,12/3/2018
2008,BUFFRMFISHBM02,BUFFRMFish2008May22,2,M,main,0,0,0,0,0,0,0,0,0,0,,12/3/2018
2008,BUFFRMFISHBM02,BUFFRMFish2008May22,2,R,main,0,1,0,0,0,1,0,1,0,0,,12/3/2018
2008,BUFFRMFISHBM02,BUFFRMFish2008May22,3,L,main,0,1,0,0,1,0,0,0,0,0,,12/3/2018
2008,BUFFRMFISHBM02,BUFFRMFish2008May22,3,M,main,0,0,0,0,0,0,0,0,0,0,,12/3/2018
2008,BUFFRMFISHBM02,BUFFRMFish2008May22,3,R,main,0,1,0,0,0,0,1,0,0,0,,12/3/2018
2008,BUFFRMFISHBM02,BUFFRMFish2008May22,4,L,main,0,0,0,0,1,0,1,0,0,0,,12/3/2018
2008,BUFFRMFISHBM02,BUFFRMFish2008May22,4,M,main,0,0,0,0,0,0,0,0,0,0,,12/3/2018
2008,BUFFRMFISHBM02,BUFFRMFish2008May22,4,R,main,0,1,0,0,1,1,1,0,0,0,,12/3/2018
2008,BUFFRMFISHBM02,BUFFRMFish2008May22,5,L,main,0,0,0,0,1,0,0,1,0,0,,12/3/2018
2008,BUFFRMFISHBM02,BUFFRMFish2008May22,5,M,main,0,0,0,0,0,0,0,0,0,0,,12/3/2018
2008,BUFFRMFISHBM02,BUFFRMFish2008May22,5,R,main,0,1,0,0,1,0,1,0,0,0,,12/3/2018
2008,BUFFRMFISHBM02,BUFFRMFish2008May22,6,L,main,0,1,0,0,1,0,0,0,0,0,,12/3/2018
2008,BUFFRMFISHBM02,BUFFRMFish2008May22,6,M,main,0,0,0,0,0,0,0,0,0,0,,12/3/2018
2008,BUFFRMFISHBM02,BUFFRMFish2008May22,6,R,main,0,0,0,0,1,1,1,1,0,0,,12/3/2018
2008,BUFFRMFISHBM02,BUFFRMFish2008May22,7,L,main,0,0,0,0,0,1,0,0,0,0,,12/3/2018
2008,BUFFRMFISHBM02,BUFFRMFish2008May22,7,M,main,0,0,0,0,0,0,0,0,0,0,,12/3/2018
2008,BUFFRMFISHBM02,BUFFRMFish2008May22,7,R,main,0,0,0,0,1,1,1,1,0,0,,12/3/2018
2008,BUFFRMFISHBM02,BUFFRMFish2008May22,8,L,main,0,0,1,0,0,0,0,0,0,0,,12/3/2018
2008,BUFFRMFISHBM02,BUFFRMFish2008May22,8,M,main,0,0,0,0,0,0,0,0,0,0,,12/3/2018
2008,BUFFRMFISHBM02,BUFFRMFish2008May22,8,R,main,0,0,0,0,0,1,1,1,0,0,,12/3/2018
2008,BUFFRMFISHBM02,BUFFRMFish2008May22,9,L,main,0,0,1,0,0,0,0,0,0,1,,12/3/2018
2008,BUFFRMFISHBM02,BUFFRMFish2008May22,9,M,main,0,0,0,0,0,0,0,0,0,0,,12/3/2018
2008,BUFFRMFISHBM02,BUFFRMFish2008May22,9,R,main,0,0,0,0,1,0,1,1,0,0,,12/3/2018
2008,BUFFRMFISHBM02,BUFFRMFish2008May22,10,L,main,0,0,0,0,0,0,0,1,0,1,,12/3/2018
2008,BUFFRMFISHBM02,BUFFRMFish2008May22,10,M,main,0,0,0,0,0,0,0,0,0,0,,12/3/2018
2008,BUFFRMFISHBM02,BUFFRMFish2008May22,10,R,main,0,0,0,0,1,0,1,0,0,0,,12/3/2018
2008,BUFFRMFISHBM02,BUFFRMFish2008May22,11,L,main,0,0,0,0,1,1,0,0,0,0,,12/3/2018
2008,BUFFRMFISHBM02,BUFFRMFish2008May22,11,M,main,0,0,0,0,0,0,0,0,0,0,,12/3/2018
2008,BUFFRMFISHBM02,BUFFRMFish2008May22,11,R,main,0,0,0,0,1,0,0,0,0,0,,12/3/2018
2008,BUFFRMFISHBM03,BUFFRMFish2008Jun03,1,L,backwater_main,0,0,0,0,1,0,0,0,0,0,,12/3/2018
2008,BUFFRMFISHBM03,BUFFRMFish2008Jun03,1,L,main,0,0,0,0,1,0,0,0,0,0,ended about 55 meters short of reach for all habitat measurements,12/3/2018
2008,BUFFRMFISHBM03,BUFFRMFish2008Jun03,1,M,backwater_main,0,0,0,0,0,0,0,0,0,0,,12/3/2018
2008,BUFFRMFISHBM03,BUFFRMFish2008Jun03,1,M,main,0,0,0,0,0,0,0,0,0,0,,12/3/2018
2008,BUFFRMFISHBM03,BUFFRMFish2008Jun03,1,R,backwater_main,0,0,0,0,0,0,0,0,0,0,,12/3/2018
2008,BUFFRMFISHBM03,BUFFRMFish2008Jun03,1,R,main,0,0,0,0,0,0,1,0,0,0,,12/3/2018
2008,BUFFRMFISHBM03,BUFFRMFish2008Jun03,2,L,backwater_main,0,0,0,0,0,0,0,0,0,0,,12/3/2018
2008,BUFFRMFISHBM03,BUFFRMFish2008Jun03,2,L,main,0,0,0,0,1,1,0,0,0,0,,12/3/2018
2008,BUFFRMFISHBM03,BUFFRMFish2008Jun03,2,M,backwater_main,0,0,0,0,0,0,0,0,0,0,,12/3/2018
2008,BUFFRMFISHBM03,BUFFRMFish2008Jun03,2,M,main,0,0,0,0,0,0,0,0,0,0,,12/3/2018
2008,BUFFRMFISHBM03,BUFFRMFish2008Jun03,2,R,backwater_main,0,0,0,0,0,0,1,0,0,0,,12/3/2018
2008,BUFFRMFISHBM03,BUFFRMFish2008Jun03,2,R,main,0,0,0,0,1,1,0,0,0,0,,12/3/2018
2008,BUFFRMFISHBM03,BUFFRMFish2008Jun03,3,L,backwater_main,0,0,0,0,0,0,0,0,0,0,,12/3/2018
2008,BUFFRMFISHBM03,BUFFRMFish2008Jun03,3,L,main,0,0,0,0,0,0,0,0,0,0,,12/3/2018
2008,BUFFRMFISHBM03,BUFFRMFish2008Jun03,3,M,backwater_main,0,0,0,0,0,0,0,0,0,0,,12/3/2018
2008,BUFFRMFISHBM03,BUFFRMFish2008Jun03,3,M,main,0,0,0,0,0,0,0,0,0,0,,12/3/2018
2008,BUFFRMFISHBM03,BUFFRMFish2008Jun03,3,R,backwater_main,0,0,0,0,0,0,0,0,0,0,,12/3/2018
2008,BUFFRMFISHBM03,BUFFRMFish2008Jun03,3,R,main,0,0,0,0,1,0,0,0,0,0,,12/3/2018
2008,BUFFRMFISHBM03,BUFFRMFish2008Jun03,4,L,main,0,0,0,0,0,0,0,0,0,0,,12/3/2018
2008,BUFFRMFISHBM03,BUFFRMFish2008Jun03,4,M,main,0,0,0,0,0,0,0,0,0,0,,12/3/2018
2008,BUFFRMFISHBM03,BUFFRMFish2008Jun03,4,R,main,0,0,0,0,1,0,1,1,0,0,,12/3/2018
2008,BUFFRMFISHBM03,BUFFRMFish2008Jun03,5,L,main,0,0,1,0,1,0,1,0,0,0,,12/3/2018
2008,BUFFRMFISHBM03,BUFFRMFish2008Jun03,5,M,main,0,0,0,0,0,0,0,0,0,0,,12/3/2018
2008,BUFFRMFISHBM03,BUFFRMFish2008Jun03,5,R,main,0,0,0,0,1,0,0,0,0,0,,12/3/2018
2008,BUFFRMFISHBM03,BUFFRMFish2008Jun03,6,L,main,0,0,0,0,1,0,0,1,0,1,,12/3/2018
2008,BUFFRMFISHBM03,BUFFRMFish2008Jun03,6,M,main,0,0,0,0,0,0,0,0,0,0,,12/3/2018
2008,BUFFRMFISHBM03,BUFFRMFish2008Jun03,6,R,main,0,0,0,0,0,0,0,0,0,0,,12/3/2018
2008,BUFFRMFISHBM03,BUFFRMFish2008Jun03,7,L,main,0,0,1,0,0,0,1,0,0,1,,12/3/2018
2008,BUFFRMFISHBM03,BUFFRMFish2008Jun03,7,M,main,0,0,1,0,0,0,0,0,0,0,,12/3/2018
2008,BUFFRMFISHBM03,BUFFRMFish2008Jun03,7,R,main,0,0,0,0,1,0,0,0,0,0,,12/3/2018
2008,BUFFRMFISHBM03,BUFFRMFish2008Jun03,8,L,main,0,0,0,0,0,0,0,0,0,1,,12/3/2018
2008,BUFFRMFISHBM03,BUFFRMFish2008Jun03,8,M,main,0,0,0,0,0,0,0,0,0,0,,12/3/2018
2008,BUFFRMFISHBM03,BUFFRMFish2008Jun03,8,R,main,0,0,0,0,0,0,0,0,0,0,,12/3/2018
2008,BUFFRMFISHBM03,BUFFRMFish2008Jun03,9,L,main,0,0,0,0,0,0,0,0,0,1,,12/3/2018
2008,BUFFRMFISHBM03,BUFFRMFish2008Jun03,9,M,main,0,0,0,0,0,0,0,0,0,0,,12/3/2018
2008,BUFFRMFISHBM03,BUFFRMFish2008Jun03,9,R,main,0,0,0,0,0,0,0,0,0,0,,12/3/2018
2008,BUFFRMFISHBM03,BUFFRMFish2008Jun03,10,L,main,0,0,0,0,1,1,0,0,0,0,,12/3/2018
2008,BUFFRMFISHBM03,BUFFRMFish2008Jun03,10,M,main,0,0,0,0,0,0,0,0,0,0,,12/3/2018
2008,BUFFRMFISHBM03,BUFFRMFish2008Jun03,10,R,main,0,0,0,0,0,0,0,0,0,0,,12/3/2018
2008,BUFFRMFISHBM03,BUFFRMFish2008Jun03,11,L,main,0,0,0,0,0,0,0,1,0,1,,12/3/2018
2008,BUFFRMFISHBM03,BUFFRMFish2008Jun03,11,M,main,0,0,0,0,0,0,0,0,0,0,,12/3/2018
2008,BUFFRMFISHBM03,BUFFRMFish2008Jun03,11,R,main,0,0,0,0,0,0,0,0,0,0,,12/3/2018
2008,BUFFRMFISHBM04,BUFFRMFish2008Jun04,1,L,main,0,1,0,0,0,0,0,0,0,0,,12/3/2018
2008,BUFFRMFISHBM04,BUFFRMFish2008Jun04,1,M,main,0,1,0,0,0,0,0,0,0,0,,12/3/2018
2008,BUFFRMFISHBM04,BUFFRMFish2008Jun04,1,R,main,0,0,0,0,1,0,0,1,0,0,,12/3/2018
2008,BUFFRMFISHBM04,BUFFRMFish2008Jun04,2,L,main,0,0,0,0,1,0,1,0,0,0,,12/3/2018
2008,BUFFRMFISHBM04,BUFFRMFish2008Jun04,2,M,main,0,0,0,0,0,0,0,0,0,0,,12/3/2018
2008,BUFFRMFISHBM04,BUFFRMFish2008Jun04,2,R,main,0,1,0,0,1,0,1,1,0,0,,12/3/2018
2008,BUFFRMFISHBM04,BUFFRMFish2008Jun04,3,L,main,0,0,0,0,0,0,0,0,0,0,,12/3/2018
2008,BUFFRMFISHBM04,BUFFRMFish2008Jun04,3,M,main,0,0,0,0,0,0,0,0,0,0,,12/3/2018
2008,BUFFRMFISHBM04,BUFFRMFish2008Jun04,3,R,main,0,0,0,0,0,0,0,0,0,0,,12/3/2018
2008,BUFFRMFISHBM04,BUFFRMFish2008Jun04,4,L,main,0,0,0,0,0,0,0,0,0,0,,12/3/2018
2008,BUFFRMFISHBM04,BUFFRMFish2008Jun04,4,M,main,0,0,0,0,0,0,0,0,0,0,,12/3/2018
2008,BUFFRMFISHBM04,BUFFRMFish2008Jun04,4,R,main,0,0,0,0,1,0,1,0,0,0,,12/3/2018
2008,BUFFRMFISHBM04,BUFFRMFish2008Jun04,5,L,main,0,0,0,0,1,0,1,0,0,0,,12/3/2018
2008,BUFFRMFISHBM04,BUFFRMFish2008Jun04,5,M,main,0,0,0,0,0,0,0,0,0,0,,12/3/2018
2008,BUFFRMFISHBM04,BUFFRMFish2008Jun04,5,R,main,0,0,0,0,1,1,0,0,0,0,,12/3/2018
2008,BUFFRMFISHBM04,BUFFRMFish2008Jun04,6,L,main,0,0,0,0,0,0,0,0,0,0,,12/3/2018
2008,BUFFRMFISHBM04,BUFFRMFish2008Jun04,6,M,main,0,0,0,0,0,0,0,0,0,0,,12/3/2018
2008,BUFFRMFISHBM04,BUFFRMFish2008Jun04,6,R,main,0,0,0,0,1,0,0,0,0,0,,12/3/2018
2008,BUFFRMFISHBM04,BUFFRMFish2008Jun04,7,L,main,0,0,0,0,0,0,0,0,0,0,,12/3/2018
2008,BUFFRMFISHBM04,BUFFRMFish2008Jun04,7,M,main,0,0,0,0,0,0,0,0,0,0,,12/3/2018
2008,BUFFRMFISHBM04,BUFFRMFish2008Jun04,7,R,main,0,0,0,0,0,0,0,0,0,0,,12/3/2018
2008,BUFFRMFISHBM04,BUFFRMFish2008Jun04,8,L,main,0,0,0,0,0,0,0,0,0,0,,12/3/2018
2008,BUFFRMFISHBM04,BUFFRMFish2008Jun04,8,M,main,0,0,0,0,0,0,0,0,0,0,,12/3/2018
2008,BUFFRMFISHBM04,BUFFRMFish2008Jun04,8,R,main,0,0,0,0,1,1,0,0,0,0,,12/3/2018
2008,BUFFRMFISHBM04,BUFFRMFish2008Jun04,9,L,main,0,0,1,0,0,0,0,0,0,0,,12/3/2018
2008,BUFFRMFISHBM04,BUFFRMFish2008Jun04,9,M,main,0,0,1,0,0,0,0,0,0,0,,12/3/2018
2008,BUFFRMFISHBM04,BUFFRMFish2008Jun04,9,R,main,0,0,0,0,0,0,0,1,0,0,,12/3/2018
2008,BUFFRMFISHBM04,BUFFRMFish2008Jun04,10,L,main,0,0,0,0,0,0,0,0,0,0,,12/3/2018
2008,BUFFRMFISHBM04,BUFFRMFish2008Jun04,10,M,main,0,0,0,0,0,0,0,0,0,0,,12/3/2018
2008,BUFFRMFISHBM04,BUFFRMFish2008Jun04,10,R,main,0,0,0,0,0,0,0,0,0,0,,12/3/2018
2008,BUFFRMFISHBM04,BUFFRMFish2008Jun04,11,L,main,0,0,0,0,0,0,0,0,0,0,,12/3/2018
2008,BUFFRMFISHBM04,BUFFRMFish2008Jun04,11,M,main,0,0,0,0,0,0,0,0,0,0,,12/3/2018
2008,BUFFRMFISHBM04,BUFFRMFish2008Jun04,11,R,main,0,0,0,0,0,0,0,0,0,0,,12/3/2018
2008,BUFFRMFISHBM05,BUFFRMFish2008Jun05,1,L,main,0,0,0,0,0,0,0,0,0,0,,12/3/2018
2008,BUFFRMFISHBM05,BUFFRMFish2008Jun05,1,M,main,0,0,0,0,0,0,0,0,0,0,,12/3/2018
2008,BUFFRMFISHBM05,BUFFRMFish2008Jun05,1,R,main,0,0,0,0,0,0,1,0,0,0,,12/3/2018
2008,BUFFRMFISHBM05,BUFFRMFish2008Jun05,2,L,main,0,0,0,0,1,0,0,0,0,0,,12/3/2018
2008,BUFFRMFISHBM05,BUFFRMFish2008Jun05,2,M,main,0,0,0,0,0,0,0,0,0,0,,12/3/2018
2008,BUFFRMFISHBM05,BUFFRMFish2008Jun05,2,R,main,0,0,0,0,0,0,1,1,0,0,,12/3/2018
2008,BUFFRMFISHBM05,BUFFRMFish2008Jun05,3,L,main,0,0,0,0,0,0,0,0,0,0,,12/3/2018
2008,BUFFRMFISHBM05,BUFFRMFish2008Jun05,3,M,main,0,0,0,0,0,0,0,0,0,0,,12/3/2018
2008,BUFFRMFISHBM05,BUFFRMFish2008Jun05,3,R,main,0,0,0,0,1,1,0,0,0,0,,12/3/2018
2008,BUFFRMFISHBM05,BUFFRMFish2008Jun05,4,L,main,0,0,0,0,1,0,1,0,0,0,,12/3/2018
2008,BUFFRMFISHBM05,BUFFRMFish2008Jun05,4,M,main,0,0,0,0,0,0,0,0,0,0,,12/3/2018
2008,BUFFRMFISHBM05,BUFFRMFish2008Jun05,4,R,main,0,0,0,0,0,0,0,0,0,0,,12/3/2018
2008,BUFFRMFISHBM05,BUFFRMFish2008Jun05,5,L,main,0,0,0,0,1,0,1,0,0,0,,12/3/2018
2008,BUFFRMFISHBM05,BUFFRMFish2008Jun05,5,M,main,0,0,0,0,0,0,0,0,0,0,,12/3/2018
2008,BUFFRMFISHBM05,BUFFRMFish2008Jun05,5,R,main,0,0,0,0,1,0,1,0,0,0,,12/3/2018
2008,BUFFRMFISHBM05,BUFFRMFish2008Jun05,6,L,main,0,0,0,0,0,0,0,0,0,0,,12/3/2018
2008,BUFFRMFISHBM05,BUFFRMFish2008Jun05,6,M,main,0,0,0,0,0,0,0,0,0,0,,12/3/2018
2008,BUFFRMFISHBM05,BUFFRMFish2008Jun05,6,R,main,0,0,0,0,0,0,0,0,0,0,,12/3/2018
2008,BUFFRMFISHBM05,BUFFRMFish2008Jun05,7,L,main,0,0,0,0,0,0,0,0,0,0,,12/3/2018
2008,BUFFRMFISHBM05,BUFFRMFish2008Jun05,7,M,main,0,0,0,0,0,0,0,0,0,0,,12/3/2018
2008,BUFFRMFISHBM05,BUFFRMFish2008Jun05,7,R,main,0,0,0,0,0,0,0,1,0,1,,12/3/2018
2008,BUFFRMFISHBM05,BUFFRMFish2008Jun05,8,L,main,0,0,0,0,0,0,0,0,0,0,,12/3/2018
2008,BUFFRMFISHBM05,BUFFRMFish2008Jun05,8,M,main,0,0,0,0,0,0,0,0,0,0,,12/3/2018
2008,BUFFRMFISHBM05,BUFFRMFish2008Jun05,8,R,main,0,0,0,0,0,0,0,0,0,1,,12/3/2018
2008,BUFFRMFISHBM05,BUFFRMFish2008Jun05,9,L,main,0,0,0,0,0,0,0,0,0,0,,12/3/2018
2008,BUFFRMFISHBM05,BUFFRMFish2008Jun05,9,M,main,0,0,0,0,0,0,0,0,0,0,,12/3/2018
2008,BUFFRMFISHBM05,BUFFRMFish2008Jun05,9,R,main,0,0,1,0,1,1,0,0,0,1,,12/3/2018
2008,BUFFRMFISHBM05,BUFFRMFish2008Jun05,10,L,main,0,0,0,0,1,0,1,0,0,0,,12/3/2018
2008,BUFFRMFISHBM05,BUFFRMFish2008Jun05,10,M,main,0,0,0,0,0,0,0,0,0,0,,12/3/2018
2008,BUFFRMFISHBM05,BUFFRMFish2008Jun05,10,R,main,0,0,1,0,0,0,0,0,0,0,,12/3/2018
2008,BUFFRMFISHBM05,BUFFRMFish2008Jun05,11,L,main,0,0,0,0,1,0,1,0,0,0,,12/3/2018
2008,BUFFRMFISHBM05,BUFFRMFish2008Jun05,11,M,main,0,0,0,0,0,0,0,0,0,0,,12/3/2018
2008,BUFFRMFISHBM05,BUFFRMFish2008Jun05,11,R,main,0,0,0,0,0,0,0,0,0,0,,12/3/2018
2008,BUFFRMFISHBM06,BUFFRMFish2008Jun18,1,L,main,0,0,0,0,1,0,0,0,0,0,,12/3/2018
2008,BUFFRMFISHBM06,BUFFRMFish2008Jun18,1,M,main,1,0,0,0,0,0,0,0,0,0,,12/3/2018
2008,BUFFRMFISHBM06,BUFFRMFish2008Jun18,1,R,main,0,0,1,0,1,0,0,0,0,0,,12/3/2018
2008,BUFFRMFISHBM06,BUFFRMFish2008Jun18,2,L,main,1,0,0,0,1,0,0,0,0,0,,12/3/2018
2008,BUFFRMFISHBM06,BUFFRMFish2008Jun18,2,M,main,1,0,0,0,0,0,0,0,0,0,,12/3/2018
2008,BUFFRMFISHBM06,BUFFRMFish2008Jun18,2,R,main,1,0,0,0,0,0,0,0,0,0,,12/3/2018
2008,BUFFRMFISHBM06,BUFFRMFish2008Jun18,3,L,main,1,0,0,0,1,0,0,0,0,0,,12/3/2018
2008,BUFFRMFISHBM06,BUFFRMFish2008Jun18,3,M,main,1,0,0,0,0,0,0,0,0,0,,12/3/2018
2008,BUFFRMFISHBM06,BUFFRMFish2008Jun18,3,R,main,0,0,0,0,1,0,1,1,0,0,,12/3/2018
2008,BUFFRMFISHBM06,BUFFRMFish2008Jun18,4,L,main,1,0,0,0,1,0,0,0,0,0,,12/3/2018
2008,BUFFRMFISHBM06,BUFFRMFish2008Jun18,4,M,main,0,0,0,0,0,0,0,0,0,0,,12/3/2018
2008,BUFFRMFISHBM06,BUFFRMFish2008Jun18,4,R,main,0,0,0,0,0,0,0,0,0,0,,12/3/2018
2008,BUFFRMFISHBM06,BUFFRMFish2008Jun18,5,L,main,1,0,0,0,1,0,0,0,0,0,,12/3/2018
2008,BUFFRMFISHBM06,BUFFRMFish2008Jun18,5,M,main,1,0,0,0,0,0,0,0,0,0,,12/3/2018
2008,BUFFRMFISHBM06,BUFFRMFish2008Jun18,5,R,main,0,0,0,0,0,1,0,1,0,0,,12/3/2018
2008,BUFFRMFISHBM06,BUFFRMFish2008Jun18,6,L,main,0,0,0,0,1,1,0,0,0,0,,12/3/2018
2008,BUFFRMFISHBM06,BUFFRMFish2008Jun18,6,M,main,0,0,0,0,0,0,0,0,0,0,,12/3/2018
2008,BUFFRMFISHBM06,BUFFRMFish2008Jun18,6,R,main,0,0,0,0,1,1,1,0,0,0,,12/3/2018
2008,BUFFRMFISHBM06,BUFFRMFish2008Jun18,7,L,main,0,0,0,0,0,0,0,0,0,0,,12/3/2018
2008,BUFFRMFISHBM06,BUFFRMFish2008Jun18,7,M,main,0,0,0,0,0,0,0,0,0,0,,12/3/2018
2008,BUFFRMFISHBM06,BUFFRMFish2008Jun18,7,R,main,0,0,0,0,1,0,0,0,0,0,,12/3/2018
2008,BUFFRMFISHBM06,BUFFRMFish2008Jun18,8,L,main,0,0,0,0,0,0,1,1,0,0,,12/3/2018
2008,BUFFRMFISHBM06,BUFFRMFish2008Jun18,8,M,main,0,0,0,0,0,0,0,0,0,0,,12/3/2018
2008,BUFFRMFISHBM06,BUFFRMFish2008Jun18,8,R,main,0,0,0,0,0,0,1,1,0,0,,12/3/2018
2008,BUFFRMFISHBM06,BUFFRMFish2008Jun18,9,L,main,0,0,0,0,1,0,0,0,0,0,,12/3/2018
2008,BUFFRMFISHBM06,BUFFRMFish2008Jun18,9,M,main,0,0,0,0,0,0,0,0,0,0,,12/3/2018
2008,BUFFRMFISHBM06,BUFFRMFish2008Jun18,9,R,main,0,0,0,0,0,0,0,0,0,0,,12/3/2018
2008,BUFFRMFISHBM06,BUFFRMFish2008Jun18,10,L,main,1,0,0,0,1,0,0,0,0,0,,12/3/2018
2008,BUFFRMFISHBM06,BUFFRMFish2008Jun18,10,M,main,1,0,0,0,0,0,0,0,0,0,,12/3/2018
2008,BUFFRMFISHBM06,BUFFRMFish2008Jun18,10,R,main,0,0,0,0,1,0,1,0,0,0,did not do transect 11,12/3/2018
2008,BUFFRMFISHBT04,BUFFRMFish2008May21,1,L,main,0,0,0,0,1,0,1,1,0,0,,12/3/2018
2008,BUFFRMFISHBT04,BUFFRMFish2008May21,1,M,main,0,0,0,0,0,0,0,0,0,0,,12/3/2018
2008,BUFFRMFISHBT04,BUFFRMFish2008May21,1,R,main,0,0,0,0,0,1,0,0,0,0,,12/3/2018
2008,BUFFRMFISHBT04,BUFFRMFish2008May21,2,L,main,0,0,0,0,1,0,1,0,0,0,,12/3/2018
2008,BUFFRMFISHBT04,BUFFRMFish2008May21,2,M,main,0,0,0,0,0,0,0,0,0,0,,12/3/2018
2008,BUFFRMFISHBT04,BUFFRMFish2008May21,2,R,main,0,0,0,0,0,0,0,0,0,0,,12/3/2018
2008,BUFFRMFISHBT04,BUFFRMFish2008May21,3,L,main,0,0,0,0,1,0,1,0,0,0,,12/3/2018
2008,BUFFRMFISHBT04,BUFFRMFish2008May21,3,M,main,0,0,0,0,0,0,0,0,0,0,,12/3/2018
2008,BUFFRMFISHBT04,BUFFRMFish2008May21,3,R,main,0,0,0,0,1,0,1,0,0,0,,12/3/2018
2008,BUFFRMFISHBT04,BUFFRMFish2008May21,4,L,main,0,0,0,0,0,1,0,1,0,0,,12/3/2018
2008,BUFFRMFISHBT04,BUFFRMFish2008May21,4,M,main,0,0,0,0,0,0,0,0,0,0,,12/3/2018
2008,BUFFRMFISHBT04,BUFFRMFish2008May21,4,R,main,0,0,0,0,1,0,1,0,0,0,,12/3/2018
2008,BUFFRMFISHBT04,BUFFRMFish2008May21,5,L,main,0,0,0,0,1,0,1,1,0,0,,12/3/2018
2008,BUFFRMFISHBT04,BUFFRMFish2008May21,5,M,main,0,0,0,0,0,0,0,0,0,0,,12/3/2018
2008,BUFFRMFISHBT04,BUFFRMFish2008May21,5,R,main,0,0,0,0,0,0,1,0,0,0,,12/3/2018
2008,BUFFRMFISHBT04,BUFFRMFish2008May21,6,L,main,0,0,0,0,0,0,1,0,0,0,,12/3/2018
2008,BUFFRMFISHBT04,BUFFRMFish2008May21,6,M,main,0,0,0,0,0,0,0,0,0,0,,12/3/2018
2008,BUFFRMFISHBT04,BUFFRMFish2008May21,6,R,main,0,0,0,0,0,0,1,0,0,0,,12/3/2018
2008,BUFFRMFISHBT04,BUFFRMFish2008May21,7,L,main,0,0,0,0,0,0,0,0,0,0,,12/3/2018
2008,BUFFRMFISHBT04,BUFFRMFish2008May21,7,M,main,0,0,0,0,0,0,0,0,0,0,,12/3/2018
2008,BUFFRMFISHBT04,BUFFRMFish2008May21,7,R,main,0,0,0,0,0,0,1,1,0,0,,12/3/2018
2008,BUFFRMFISHBT04,BUFFRMFish2008May21,8,L,main,0,0,0,0,0,0,1,1,0,0,,12/3/2018
2008,BUFFRMFISHBT04,BUFFRMFish2008May21,8,M,main,0,0,0,0,0,0,0,0,0,0,,12/3/2018
2008,BUFFRMFISHBT04,BUFFRMFish2008May21,8,R,main,0,0,0,0,1,0,1,0,0,0,,12/3/2018
2008,BUFFRMFISHBT04,BUFFRMFish2008May21,9,L,main,0,0,0,0,0,0,1,0,0,0,,12/3/2018
2008,BUFFRMFISHBT04,BUFFRMFish2008May21,9,M,main,0,0,0,0,0,0,0,0,0,0,,12/3/2018
2008,BUFFRMFISHBT04,BUFFRMFish2008May21,9,R,main,0,0,0,0,1,0,1,1,0,0,,12/3/2018
2008,BUFFRMFISHBT04,BUFFRMFish2008May21,10,L,main,0,0,0,0,1,0,1,0,0,0,,12/3/2018
2008,BUFFRMFISHBT04,BUFFRMFish2008May21,10,M,main,0,0,0,0,0,0,0,0,0,0,,12/3/2018
2008,BUFFRMFISHBT04,BUFFRMFish2008May21,10,R,main,0,0,0,0,1,0,1,0,0,1,,12/3/2018
2008,BUFFRMFISHBT04,BUFFRMFish2008May21,11,L,main,0,0,0,0,0,0,1,0,0,0,,12/3/2018
2008,BUFFRMFISHBT04,BUFFRMFish2008May21,11,M,main,0,0,0,0,0,0,0,0,0,0,,12/3/2018
2008,BUFFRMFISHBT04,BUFFRMFish2008May21,11,R,main,0,0,0,0,0,0,0,0,0,1,,12/3/2018
2008,BUFFRMFISHBT13,BUFFRMFish2008May23,1,L,main,0,0,0,0,0,0,1,0,0,0,,12/3/2018
2008,BUFFRMFISHBT13,BUFFRMFish2008May23,1,M,main,1,0,0,0,0,0,0,0,0,0,,12/3/2018
2008,BUFFRMFISHBT13,BUFFRMFish2008May23,1,R,main,0,0,0,0,0,0,0,0,0,0,,12/3/2018
2008,BUFFRMFISHBT13,BUFFRMFish2008May23,2,L,main,0,0,0,0,1,0,1,1,0,0,,12/3/2018
2008,BUFFRMFISHBT13,BUFFRMFish2008May23,2,M,main,0,0,0,0,0,0,0,0,0,0,,12/3/2018
2008,BUFFRMFISHBT13,BUFFRMFish2008May23,2,R,main,0,0,0,0,1,0,1,0,0,0,,12/3/2018
2008,BUFFRMFISHBT13,BUFFRMFish2008May23,3,L,main,0,0,0,0,1,1,0,0,0,0,,12/3/2018
2008,BUFFRMFISHBT13,BUFFRMFish2008May23,3,M,main,0,0,0,0,0,0,0,0,0,0,,12/3/2018
2008,BUFFRMFISHBT13,BUFFRMFish2008May23,3,R,main,1,0,0,0,1,0,0,0,0,0,,12/3/2018
2008,BUFFRMFISHBT13,BUFFRMFish2008May23,4,L,main,0,0,0,0,1,0,1,0,0,0,,12/3/2018
2008,BUFFRMFISHBT13,BUFFRMFish2008May23,4,M,main,0,0,0,0,0,0,0,0,0,0,,12/3/2018
2008,BUFFRMFISHBT13,BUFFRMFish2008May23,4,R,main,0,0,0,0,0,0,0,0,0,0,,12/3/2018
2008,BUFFRMFISHBT13,BUFFRMFish2008May23,5,L,main,0,0,0,0,1,0,0,0,0,0,,12/3/2018
2008,BUFFRMFISHBT13,BUFFRMFish2008May23,5,M,main,0,0,0,0,0,0,0,0,0,0,,12/3/2018
2008,BUFFRMFISHBT13,BUFFRMFish2008May23,5,R,main,0,0,0,0,1,0,0,0,0,0,,12/3/2018
2008,BUFFRMFISHBT13,BUFFRMFish2008May23,6,L,main,0,0,0,0,1,0,0,0,0,0,,12/3/2018
2008,BUFFRMFISHBT13,BUFFRMFish2008May23,6,M,main,0,0,0,0,0,0,0,0,0,0,,12/3/2018
2008,BUFFRMFISHBT13,BUFFRMFish2008May23,6,R,main,0,0,0,0,1,0,1,0,0,0,,12/3/2018
2008,BUFFRMFISHBT13,BUFFRMFish2008May23,7,L,main,0,0,0,0,1,0,0,0,0,0,,12/3/2018
2008,BUFFRMFISHBT13,BUFFRMFish2008May23,7,M,main,0,0,0,0,0,0,0,0,0,0,,12/3/2018
2008,BUFFRMFISHBT13,BUFFRMFish2008May23,7,R,main,1,0,0,0,1,0,1,0,0,0,,12/3/2018
2008,BUFFRMFISHBT13,BUFFRMFish2008May23,8,L,main,0,0,0,0,1,0,0,0,0,0,,12/3/2018
2008,BUFFRMFISHBT13,BUFFRMFish2008May23,8,M,main,0,0,0,0,0,0,0,0,0,0,,12/3/2018
2008,BUFFRMFISHBT13,BUFFRMFish2008May23,8,R,main,0,1,0,0,1,0,1,1,0,0,,12/3/2018
2008,BUFFRMFISHBT13,BUFFRMFish2008May23,9,L,main,0,0,0,0,1,0,0,0,0,0,,12/3/2018
2008,BUFFRMFISHBT13,BUFFRMFish2008May23,9,M,main,0,0,0,0,0,0,0,0,0,0,,12/3/2018
2008,BUFFRMFISHBT13,BUFFRMFish2008May23,9,R,main,0,0,0,0,1,0,0,1,0,0,,12/3/2018
2008,BUFFRMFISHBT13,BUFFRMFish2008May23,10,L,main,0,0,0,0,1,0,0,0,0,0,,12/3/2018
2008,BUFFRMFISHBT13,BUFFRMFish2008May23,10,M,main,0,0,0,0,0,0,0,0,0,0,,12/3/2018
2008,BUFFRMFISHBT13,BUFFRMFish2008May23,10,R,main,0,0,0,0,1,1,0,1,0,0,,12/3/2018
2008,BUFFRMFISHBT13,BUFFRMFish2008May23,11,L,main,0,0,0,0,1,0,0,0,0,0,,12/3/2018
2008,BUFFRMFISHBT13,BUFFRMFish2008May23,11,M,main,0,0,0,0,0,0,0,0,0,0,,12/3/2018
2008,BUFFRMFISHBT13,BUFFRMFish2008May23,11,R,main,0,0,0,0,1,1,0,1,0,0,,12/3/2018
2008,BUFFRMFISHBT15,BUFFRMFish2008May28,1,L,main,0,0,0,0,1,0,1,1,0,0,,12/3/2018
2008,BUFFRMFISHBT15,BUFFRMFish2008May28,1,M,main,0,0,0,0,0,0,0,0,0,0,,12/3/2018
2008,BUFFRMFISHBT15,BUFFRMFish2008May28,1,R,main,0,0,0,0,1,0,0,0,0,0,,12/3/2018
2008,BUFFRMFISHBT15,BUFFRMFish2008May28,2,L,main,0,0,0,0,1,0,1,1,1,0,,12/3/2018
2008,BUFFRMFISHBT15,BUFFRMFish2008May28,2,M,main,0,0,0,0,0,0,0,0,0,0,,12/3/2018
2008,BUFFRMFISHBT15,BUFFRMFish2008May28,2,R,main,0,0,0,0,1,0,0,0,0,0,,12/3/2018
2008,BUFFRMFISHBT15,BUFFRMFish2008May28,3,L,main,0,0,0,0,1,0,1,1,1,0,,12/3/2018
2008,BUFFRMFISHBT15,BUFFRMFish2008May28,3,M,main,0,0,0,0,0,0,0,0,0,0,,12/3/2018
2008,BUFFRMFISHBT15,BUFFRMFish2008May28,3,R,main,0,0,0,0,1,0,0,0,0,0,,12/3/2018
2008,BUFFRMFISHBT15,BUFFRMFish2008May28,4,L,main,0,0,0,0,1,0,1,1,0,0,,12/3/2018
2008,BUFFRMFISHBT15,BUFFRMFish2008May28,4,M,main,0,0,0,0,0,0,0,0,0,0,,12/3/2018
2008,BUFFRMFISHBT15,BUFFRMFish2008May28,4,R,main,0,0,0,0,1,0,0,0,0,0,,12/3/2018
2008,BUFFRMFISHBT15,BUFFRMFish2008May28,5,L,main,0,0,0,0,1,0,1,0,0,0,,12/3/2018
2008,BUFFRMFISHBT15,BUFFRMFish2008May28,5,M,main,0,0,0,0,0,0,0,0,0,0,,12/3/2018
2008,BUFFRMFISHBT15,BUFFRMFish2008May28,5,R,main,0,0,0,0,1,0,0,0,0,0,,12/3/2018
2008,BUFFRMFISHBT15,BUFFRMFish2008May28,6,L,main,0,0,0,0,1,0,1,0,0,0,,12/3/2018
2008,BUFFRMFISHBT15,BUFFRMFish2008May28,6,M,main,0,0,0,0,0,0,0,0,0,0,,12/3/2018
2008,BUFFRMFISHBT15,BUFFRMFish2008May28,6,R,main,0,0,0,0,1,0,1,0,0,0,,12/3/2018
2008,BUFFRMFISHBT15,BUFFRMFish2008May28,7,L,main,0,0,0,0,1,0,1,1,0,0,,12/3/2018
2008,BUFFRMFISHBT15,BUFFRMFish2008May28,7,M,main,0,0,0,0,0,0,0,0,0,0,,12/3/2018
2008,BUFFRMFISHBT15,BUFFRMFish2008May28,7,R,main,0,0,0,0,1,1,1,0,0,0,,12/3/2018
2008,BUFFRMFISHBT15,BUFFRMFish2008May28,8,L,main,0,0,0,0,1,0,0,0,0,0,,12/3/2018
2008,BUFFRMFISHBT15,BUFFRMFish2008May28,8,M,main,0,0,0,0,0,0,0,0,0,0,,12/3/2018
2008,BUFFRMFISHBT15,BUFFRMFish2008May28,8,R,main,0,0,0,0,1,0,0,0,0,0,,12/3/2018
2008,BUFFRMFISHBT15,BUFFRMFish2008May28,9,L,main,0,0,0,0,1,0,0,0,0,0,,12/3/2018
2008,BUFFRMFISHBT15,BUFFRMFish2008May28,9,M,main,0,0,0,0,0,0,0,0,0,0,,12/3/2018
2008,BUFFRMFISHBT15,BUFFRMFish2008May28,9,R,main,0,0,0,0,1,1,1,0,0,0,,12/3/2018
2008,BUFFRMFISHBT15,BUFFRMFish2008May28,10,L,main,0,0,0,0,1,0,1,0,0,0,,12/3/2018
2008,BUFFRMFISHBT15,BUFFRMFish2008May28,10,M,main,0,0,0,0,0,0,0,0,0,0,,12/3/2018
2008,BUFFRMFISHBT15,BUFFRMFish2008May28,10,R,main,0,0,0,0,1,0,1,1,0,0,,12/3/2018
2008,BUFFRMFISHBT15,BUFFRMFish2008May28,11,L,main,0,0,0,0,1,0,0,0,0,0,,12/3/2018
2008,BUFFRMFISHBT15,BUFFRMFish2008May28,11,M,main,0,0,0,0,0,0,0,0,0,0,,12/3/2018
2008,BUFFRMFISHBT15,BUFFRMFish2008May28,11,R,main,0,0,0,0,1,0,1,0,0,0,,12/3/2018
2008,BUFFRMFISHBT16,BUFFRMFish2008May27,1,L,main,0,0,0,0,1,0,1,0,1,0,,12/3/2018
2008,BUFFRMFISHBT16,BUFFRMFish2008May27,1,M,main,0,0,0,0,0,0,0,0,0,0,,12/3/2018
2008,BUFFRMFISHBT16,BUFFRMFish2008May27,1,R,main,0,0,0,0,1,0,1,0,0,0,,12/3/2018
2008,BUFFRMFISHBT16,BUFFRMFish2008May27,2,L,main,0,0,0,0,1,0,1,0,0,0,,12/3/2018
2008,BUFFRMFISHBT16,BUFFRMFish2008May27,2,M,main,0,0,0,0,0,0,0,0,0,0,,12/3/2018
2008,BUFFRMFISHBT16,BUFFRMFish2008May27,2,R,main,0,0,0,0,1,1,1,0,0,0,,12/3/2018
2008,BUFFRMFISHBT16,BUFFRMFish2008May27,3,L,main,0,0,0,0,1,0,0,0,0,0,,12/3/2018
2008,BUFFRMFISHBT16,BUFFRMFish2008May27,3,M,main,0,0,0,0,0,0,0,0,0,0,,12/3/2018
2008,BUFFRMFISHBT16,BUFFRMFish2008May27,3,R,main,0,0,0,0,1,0,1,0,0,0,,12/3/2018
2008,BUFFRMFISHBT16,BUFFRMFish2008May27,4,L,main,0,0,0,0,1,0,1,0,0,0,,12/3/2018
2008,BUFFRMFISHBT16,BUFFRMFish2008May27,4,M,main,0,0,0,0,0,0,0,0,0,0,,12/3/2018
2008,BUFFRMFISHBT16,BUFFRMFish2008May27,4,R,main,0,0,0,0,1,0,0,0,0,0,,12/3/2018
2008,BUFFRMFISHBT16,BUFFRMFish2008May27,5,L,main,0,1,0,0,1,0,0,0,0,0,,12/3/2018
2008,BUFFRMFISHBT16,BUFFRMFish2008May27,5,M,main,0,0,0,0,0,0,0,0,0,0,,12/3/2018
2008,BUFFRMFISHBT16,BUFFRMFish2008May27,5,R,main,0,0,0,0,1,0,0,0,0,0,,12/3/2018
2008,BUFFRMFISHBT16,BUFFRMFish2008May27,6,L,main,1,1,0,0,1,0,0,0,0,0,,12/3/2018
2008,BUFFRMFISHBT16,BUFFRMFish2008May27,6,M,main,0,0,0,0,0,0,0,0,0,0,,12/3/2018
2008,BUFFRMFISHBT16,BUFFRMFish2008May27,6,R,main,0,0,0,0,1,0,0,0,0,0,,12/3/2018
2008,BUFFRMFISHBT16,BUFFRMFish2008May27,7,L,main,0,0,0,0,1,0,1,1,0,0,,12/3/2018
2008,BUFFRMFISHBT16,BUFFRMFish2008May27,7,M,main,0,0,0,0,0,0,0,0,0,0,,12/3/2018
2008,BUFFRMFISHBT16,BUFFRMFish2008May27,7,R,main,0,0,0,0,0,0,0,0,0,0,,12/3/2018
2008,BUFFRMFISHBT16,BUFFRMFish2008May27,8,L,main,0,1,0,0,1,0,0,0,0,0,,12/3/2018
2008,BUFFRMFISHBT16,BUFFRMFish2008May27,8,M,main,0,0,0,0,0,0,0,0,0,0,,12/3/2018
2008,BUFFRMFISHBT16,BUFFRMFish2008May27,8,R,main,0,0,0,0,1,1,0,0,1,0,,12/3/2018
2008,BUFFRMFISHBT16,BUFFRMFish2008May27,9,L,main,0,0,0,0,1,0,1,0,1,0,,12/3/2018
2008,BUFFRMFISHBT16,BUFFRMFish2008May27,9,M,main,0,0,0,0,0,0,0,0,0,0,,12/3/2018
2008,BUFFRMFISHBT16,BUFFRMFish2008May27,9,R,main,0,0,0,0,1,0,0,0,0,0,,12/3/2018
2008,BUFFRMFISHBT16,BUFFRMFish2008May27,10,L,main,0,0,0,0,0,0,0,0,0,0,,12/3/2018
2008,BUFFRMFISHBT16,BUFFRMFish2008May27,10,M,main,0,0,1,0,0,0,0,0,0,0,,12/3/2018
2008,BUFFRMFISHBT16,BUFFRMFish2008May27,10,R,main,0,0,0,0,1,0,0,0,0,0,,12/3/2018
2008,BUFFRMFISHBT16,BUFFRMFish2008May27,11,L,main,0,1,0,0,1,0,0,0,0,0,,12/3/2018
2008,BUFFRMFISHBT16,BUFFRMFish2008May27,11,M,main,0,0,0,0,0,0,0,0,0,0,,12/3/2018
2008,BUFFRMFISHBT16,BUFFRMFish2008May27,11,R,main,0,0,0,0,1,0,0,1,0,0,,12/3/2018
2008,BUFFRMFISHBT19,BUFFRMFish2008May19,1,L,main,0,0,0,0,1,1,0,0,0,0,large gravel bar/island on river right,12/3/2018
2008,BUFFRMFISHBT19,BUFFRMFish2008May19,1,M,main,0,0,0,0,0,0,0,0,0,0,large gravel bar/island on river right,12/3/2018
2008,BUFFRMFISHBT19,BUFFRMFish2008May19,1,R,main,0,0,0,0,0,0,0,0,0,0,large gravel bar/island on river right,12/3/2018
2008,BUFFRMFISHBT19,BUFFRMFish2008May19,2,L,main,1,0,0,0,0,0,0,0,0,0,large gravel bar/island on river right,12/3/2018
2008,BUFFRMFISHBT19,BUFFRMFish2008May19,2,M,main,0,0,0,0,0,0,0,0,0,0,large gravel bar/island on river right,12/3/2018
2008,BUFFRMFISHBT19,BUFFRMFish2008May19,2,R,main,0,0,0,0,1,0,0,0,0,0,large gravel bar/island on river right,12/3/2018
2008,BUFFRMFISHBT19,BUFFRMFish2008May19,3,L,main,0,0,0,0,1,0,0,0,0,0,large gravel bar/island on river right,12/3/2018
2008,BUFFRMFISHBT19,BUFFRMFish2008May19,3,M,main,0,0,0,0,0,0,0,0,0,0,large gravel bar/island on river right,12/3/2018
2008,BUFFRMFISHBT19,BUFFRMFish2008May19,3,R,main,0,0,0,0,1,0,0,0,0,0,large gravel bar/island on river right,12/3/2018
2008,BUFFRMFISHBT19,BUFFRMFish2008May19,4,L,main,0,0,1,0,0,0,0,0,0,0,large gravel bar/island on river right,12/3/2018
2008,BUFFRMFISHBT19,BUFFRMFish2008May19,4,M,main,0,0,0,0,0,0,0,0,0,0,large gravel bar/island on river right,12/3/2018
2008,BUFFRMFISHBT19,BUFFRMFish2008May19,4,R,main,0,0,0,0,0,0,0,0,0,0,large gravel bar/island on river right,12/3/2018
2008,BUFFRMFISHBT19,BUFFRMFish2008May19,5,L,main,0,1,1,0,0,0,0,0,0,0,large gravel bar/island on river right.     Seep,12/3/2018
2008,BUFFRMFISHBT19,BUFFRMFish2008May19,5,M,main,0,0,0,0,0,0,0,0,0,0,large gravel bar/island on river right,12/3/2018
2008,BUFFRMFISHBT19,BUFFRMFish2008May19,5,R,main,0,0,0,0,0,0,0,0,0,0,large gravel bar/island on river right,12/3/2018
2008,BUFFRMFISHBT19,BUFFRMFish2008May19,6,L,main,0,0,0,0,0,0,0,0,0,0,large gravel bar/island on river right,12/3/2018
2008,BUFFRMFISHBT19,BUFFRMFish2008May19,6,M,main,0,0,0,0,0,0,0,0,0,0,large gravel bar/island on river right,12/3/2018
2008,BUFFRMFISHBT19,BUFFRMFish2008May19,6,R,main,0,0,0,0,0,0,0,0,0,0,large gravel bar/island on river right,12/3/2018
2008,BUFFRMFISHBT19,BUFFRMFish2008May19,7,L,main,0,0,0,0,1,0,1,1,0,0,large gravel bar/island on river right,12/3/2018
2008,BUFFRMFISHBT19,BUFFRMFish2008May19,7,M,main,1,0,0,0,0,0,0,0,0,0,large gravel bar/island on river right,12/3/2018
2008,BUFFRMFISHBT19,BUFFRMFish2008May19,7,R,main,0,0,0,0,1,0,0,0,0,0,large gravel bar/island on river right,12/3/2018
2008,BUFFRMFISHBT19,BUFFRMFish2008May19,8,L,main,0,0,0,0,1,0,1,1,0,0,large gravel bar/island on river right,12/3/2018
2008,BUFFRMFISHBT19,BUFFRMFish2008May19,8,M,main,1,0,0,0,0,0,0,0,0,0,large gravel bar/island on river right,12/3/2018
2008,BUFFRMFISHBT19,BUFFRMFish2008May19,8,R,main,0,0,0,0,1,0,0,0,0,0,large gravel bar/island on river right,12/3/2018
2008,BUFFRMFISHBT19,BUFFRMFish2008May19,9,L,main,0,0,0,0,1,0,0,1,0,0,large gravel bar/island on river right,12/3/2018
2008,BUFFRMFISHBT19,BUFFRMFish2008May19,9,M,main,0,0,0,0,0,0,0,0,0,0,,12/3/2018
2008,BUFFRMFISHBT19,BUFFRMFish2008May19,9,R,main,0,0,0,0,1,0,0,0,0,0,large gravel bar/island on river right,12/3/2018
2008,BUFFRMFISHBT19,BUFFRMFish2008May19,10,L,main,0,0,0,0,1,0,1,1,0,0,large gravel bar/island on river right,12/3/2018
2008,BUFFRMFISHBT19,BUFFRMFish2008May19,10,M,main,0,0,0,0,0,0,0,0,0,0,large gravel bar/island on river right,12/3/2018
2008,BUFFRMFISHBT19,BUFFRMFish2008May19,10,R,main,0,0,0,0,0,0,0,0,0,0,large gravel bar/island on river right,12/3/2018
2008,BUFFRMFISHBT19,BUFFRMFish2008May19,11,L,main,0,0,0,0,1,0,0,0,0,0,,12/3/2018
2008,BUFFRMFISHBT19,BUFFRMFish2008May19,11,M,main,0,0,0,0,0,0,0,0,0,0,,12/3/2018
2008,BUFFRMFISHBT19,BUFFRMFish2008May19,11,R,main,0,0,0,0,1,0,0,0,0,0,,12/3/2018
2008,BUFFRMFISHBT28,BUFFRMFish2008Jun18,1,L,main,0,0,0,0,1,0,0,0,0,0,,12/3/2018
2008,BUFFRMFISHBT28,BUFFRMFish2008Jun18,1,M,main,0,0,0,0,0,0,0,0,0,0,,12/3/2018
2008,BUFFRMFISHBT28,BUFFRMFish2008Jun18,1,R,main,0,0,0,0,0,0,0,0,0,0,,12/3/2018
2008,BUFFRMFISHBT28,BUFFRMFish2008Jun18,2,L,main,0,0,0,0,0,0,0,0,0,0,,12/3/2018
2008,BUFFRMFISHBT28,BUFFRMFish2008Jun18,2,M,main,0,0,0,0,0,0,0,0,0,0,,12/3/2018
2008,BUFFRMFISHBT28,BUFFRMFish2008Jun18,2,R,main,0,0,0,0,0,0,0,0,0,0,,12/3/2018
2008,BUFFRMFISHBT28,BUFFRMFish2008Jun18,3,L,main,0,0,0,0,1,0,0,0,0,0,,12/3/2018
2008,BUFFRMFISHBT28,BUFFRMFish2008Jun18,3,M,main,0,0,0,0,0,0,0,0,0,0,,12/3/2018
2008,BUFFRMFISHBT28,BUFFRMFish2008Jun18,3,R,main,0,0,0,0,0,0,0,0,0,0,,12/3/2018
2008,BUFFRMFISHBT28,BUFFRMFish2008Jun18,4,L,main,0,0,0,0,0,0,1,0,0,0,,12/3/2018
2008,BUFFRMFISHBT28,BUFFRMFish2008Jun18,4,M,main,0,0,0,0,0,0,0,0,0,0,,12/3/2018
2008,BUFFRMFISHBT28,BUFFRMFish2008Jun18,4,R,main,0,0,0,0,1,0,0,0,0,0,,12/3/2018
2008,BUFFRMFISHBT28,BUFFRMFish2008Jun18,5,L,main,0,0,0,0,0,0,1,0,0,0,,12/3/2018
2008,BUFFRMFISHBT28,BUFFRMFish2008Jun18,5,M,main,0,0,0,0,0,0,0,0,0,0,,12/3/2018
2008,BUFFRMFISHBT28,BUFFRMFish2008Jun18,5,R,main,0,0,0,0,1,0,0,0,0,0,,12/3/2018
2008,BUFFRMFISHBT28,BUFFRMFish2008Jun18,6,L,main,0,0,0,0,0,0,0,0,0,0,,12/3/2018
2008,BUFFRMFISHBT28,BUFFRMFish2008Jun18,6,M,main,0,0,0,0,0,0,0,0,0,0,,12/3/2018
2008,BUFFRMFISHBT28,BUFFRMFish2008Jun18,6,R,main,0,0,0,0,1,0,0,0,0,0,,12/3/2018
2008,BUFFRMFISHBT28,BUFFRMFish2008Jun18,7,L,main,0,0,0,0,1,0,0,0,0,0,,12/3/2018
2008,BUFFRMFISHBT28,BUFFRMFish2008Jun18,7,M,main,0,0,0,0,0,0,0,0,0,0,,12/3/2018
2008,BUFFRMFISHBT28,BUFFRMFish2008Jun18,7,R,main,0,0,0,0,0,0,0,0,0,0,,12/3/2018
2008,BUFFRMFISHBT28,BUFFRMFish2008Jun18,8,L,main,0,0,0,0,0,0,0,0,0,0,,12/3/2018
2008,BUFFRMFISHBT28,BUFFRMFish2008Jun18,8,M,main,0,0,0,0,0,0,0,0,0,0,,12/3/2018
2008,BUFFRMFISHBT28,BUFFRMFish2008Jun18,8,R,main,0,0,0,0,1,0,0,0,0,0,,12/3/2018
2008,BUFFRMFISHBT28,BUFFRMFish2008Jun18,9,L,main,0,0,0,0,0,0,0,0,0,0,,12/3/2018
2008,BUFFRMFISHBT28,BUFFRMFish2008Jun18,9,M,main,0,0,0,0,0,0,0,0,0,0,,12/3/2018
2008,BUFFRMFISHBT28,BUFFRMFish2008Jun18,9,R,main,0,0,0,0,1,0,0,0,0,0,,12/3/2018
2008,BUFFRMFISHBT28,BUFFRMFish2008Jun18,10,L,main,0,0,0,0,0,0,0,0,0,0,,12/3/2018
2008,BUFFRMFISHBT28,BUFFRMFish2008Jun18,10,M,main,0,0,0,0,0,0,0,0,0,0,,12/3/2018
2008,BUFFRMFISHBT28,BUFFRMFish2008Jun18,10,R,main,0,0,0,0,1,0,0,1,0,0,,12/3/2018
2008,BUFFRMFISHBT28,BUFFRMFish2008Jun18,11,L,main,0,0,0,0,0,0,0,0,0,0,,12/3/2018
2008,BUFFRMFISHBT28,BUFFRMFish2008Jun18,11,M,main,0,0,0,0,0,0,0,0,0,0,,12/3/2018
2008,BUFFRMFISHBT28,BUFFRMFish2008Jun18,11,R,main,0,0,0,0,1,0,1,0,0,0,,12/3/2018
2009,BUFFRMFISHBM01,BUFFRMFish2009May27,1,L,main,0,0,0,0,0,0,0,0,0,0,,12/3/2018
2009,BUFFRMFISHBM01,BUFFRMFish2009May27,1,L,side channel,0,0,0,0,1,0,0,0,0,0,,12/3/2018
2009,BUFFRMFISHBM01,BUFFRMFish2009May27,1,M,main,0,0,1,0,0,0,0,0,0,0,,12/3/2018
2009,BUFFRMFISHBM01,BUFFRMFish2009May27,1,M,side channel,0,0,0,0,0,0,0,0,0,0,,12/3/2018
2009,BUFFRMFISHBM01,BUFFRMFish2009May27,1,R,main,0,0,0,0,0,0,0,0,0,0,,12/3/2018
2009,BUFFRMFISHBM01,BUFFRMFish2009May27,1,R,side channel,0,0,0,0,0,0,0,0,0,1,,12/3/2018
2009,BUFFRMFISHBM01,BUFFRMFish2009May27,2,L,main,0,0,0,0,1,0,1,0,0,0,,12/3/2018
2009,BUFFRMFISHBM01,BUFFRMFish2009May27,2,L,side channel,0,0,0,0,0,0,0,0,0,0,,12/3/2018
2009,BUFFRMFISHBM01,BUFFRMFish2009May27,2,M,main,0,0,0,0,0,0,0,0,0,0,,12/3/2018
2009,BUFFRMFISHBM01,BUFFRMFish2009May27,2,M,side channel,0,0,0,0,0,0,0,0,0,0,,12/3/2018
2009,BUFFRMFISHBM01,BUFFRMFish2009May27,2,R,main,0,0,0,0,0,0,0,0,0,1,,12/3/2018
2009,BUFFRMFISHBM01,BUFFRMFish2009May27,2,R,side channel,0,0,0,0,0,0,0,0,0,1,,12/3/2018
2009,BUFFRMFISHBM01,BUFFRMFish2009May27,3,L,main,0,0,0,0,1,0,0,0,0,0,,12/3/2018
2009,BUFFRMFISHBM01,BUFFRMFish2009May27,3,L,side channel,0,0,0,0,0,0,0,1,0,1,,12/3/2018
2009,BUFFRMFISHBM01,BUFFRMFish2009May27,3,M,main,0,0,0,0,0,0,0,0,0,0,,12/3/2018
2009,BUFFRMFISHBM01,BUFFRMFish2009May27,3,M,side channel,0,0,0,0,0,0,0,0,0,0,island 10.8 m wide,12/3/2018
2009,BUFFRMFISHBM01,BUFFRMFish2009May27,3,R,main,0,0,0,0,0,0,0,0,0,1,,12/3/2018
2009,BUFFRMFISHBM01,BUFFRMFish2009May27,3,R,side channel,0,0,0,0,0,0,0,0,0,0,,12/3/2018
2009,BUFFRMFISHBM01,BUFFRMFish2009May27,4,L,main,0,0,0,0,1,0,0,0,0,1,,12/3/2018
2009,BUFFRMFISHBM01,BUFFRMFish2009May27,4,L,side channel,0,0,0,0,1,0,1,0,0,1,,12/3/2018
2009,BUFFRMFISHBM01,BUFFRMFish2009May27,4,M,main,0,0,0,0,0,0,0,0,0,0,,12/3/2018
2009,BUFFRMFISHBM01,BUFFRMFish2009May27,4,M,side channel,0,0,0,0,0,0,0,0,0,0,island 18.8 m wide,12/3/2018
2009,BUFFRMFISHBM01,BUFFRMFish2009May27,4,R,main,0,0,0,0,0,0,0,0,0,1,,12/3/2018
2009,BUFFRMFISHBM01,BUFFRMFish2009May27,4,R,side channel,0,0,0,0,1,0,0,1,0,0,,12/3/2018
2009,BUFFRMFISHBM01,BUFFRMFish2009May27,5,L,main,0,0,0,0,1,0,1,0,0,0,,12/3/2018
2009,BUFFRMFISHBM01,BUFFRMFish2009May27,5,L,side channel,0,0,0,0,1,0,1,1,0,0,,12/3/2018
2009,BUFFRMFISHBM01,BUFFRMFish2009May27,5,M,main,0,0,0,0,0,0,0,0,0,0,,12/3/2018
2009,BUFFRMFISHBM01,BUFFRMFish2009May27,5,M,side channel,0,0,0,0,0,0,0,0,0,0,island 12.3 m wide,12/3/2018
2009,BUFFRMFISHBM01,BUFFRMFish2009May27,5,R,main,0,0,0,0,1,1,0,1,0,0,,12/3/2018
2009,BUFFRMFISHBM01,BUFFRMFish2009May27,5,R,side channel,0,0,0,0,1,0,1,1,0,0,,12/3/2018
2009,BUFFRMFISHBM01,BUFFRMFish2009May27,6,L,main,0,0,0,0,1,0,0,0,0,0,,12/3/2018
2009,BUFFRMFISHBM01,BUFFRMFish2009May27,6,M,main,0,0,0,0,0,0,0,0,0,0,,12/3/2018
2009,BUFFRMFISHBM01,BUFFRMFish2009May27,6,R,main,0,0,0,0,1,0,1,1,0,0,,12/3/2018
2009,BUFFRMFISHBM01,BUFFRMFish2009May27,7,L,main,0,0,0,0,1,0,0,1,0,0,,12/3/2018
2009,BUFFRMFISHBM01,BUFFRMFish2009May27,7,M,main,0,0,0,0,0,0,0,0,0,0,,12/3/2018
2009,BUFFRMFISHBM01,BUFFRMFish2009May27,7,R,main,0,0,0,0,0,0,1,1,1,0,,12/3/2018
2009,BUFFRMFISHBM01,BUFFRMFish2009May27,8,L,main,0,0,0,0,1,0,0,1,0,1,,12/3/2018
2009,BUFFRMFISHBM01,BUFFRMFish2009May27,8,M,main,0,0,0,0,0,0,0,0,0,0,,12/3/2018
2009,BUFFRMFISHBM01,BUFFRMFish2009May27,8,R,main,0,0,0,0,0,1,1,1,0,0,,12/3/2018
2009,BUFFRMFISHBM01,BUFFRMFish2009May27,9,L,main,0,0,0,0,0,0,1,1,0,0,,12/3/2018
2009,BUFFRMFISHBM01,BUFFRMFish2009May27,9,M,main,0,0,0,0,0,0,0,0,0,0,,12/3/2018
2009,BUFFRMFISHBM01,BUFFRMFish2009May27,9,R,main,0,0,0,0,0,0,1,1,0,0,,12/3/2018
2009,BUFFRMFISHBM01,BUFFRMFish2009May27,10,L,main,0,0,0,0,1,0,0,0,0,1,,12/3/2018
2009,BUFFRMFISHBM01,BUFFRMFish2009May27,10,M,main,0,0,0,0,0,0,0,0,0,0,,12/3/2018
2009,BUFFRMFISHBM01,BUFFRMFish2009May27,10,R,main,0,0,0,0,1,0,1,0,0,1,,12/3/2018
2009,BUFFRMFISHBM01,BUFFRMFish2009May27,11,L,main,0,0,0,0,0,0,0,0,0,0,,12/3/2018
2009,BUFFRMFISHBM01,BUFFRMFish2009May27,11,M,main,0,0,0,0,0,0,0,0,0,0,,12/3/2018
2009,BUFFRMFISHBM01,BUFFRMFish2009May27,11,R,main,0,0,0,0,0,0,0,1,0,1,,12/3/2018
2009,BUFFRMFISHBM02,BUFFRMFish2009May28,1,L,main,0,0,0,0,1,0,1,1,0,0,,12/3/2018
2009,BUFFRMFISHBM02,BUFFRMFish2009May28,1,M,main,0,0,0,0,0,0,0,0,0,0,,12/3/2018
2009,BUFFRMFISHBM02,BUFFRMFish2009May28,1,R,main,0,1,0,0,1,0,1,0,0,0,,12/3/2018
2009,BUFFRMFISHBM02,BUFFRMFish2009May28,2,L,main,0,1,0,0,1,0,1,0,0,0,,12/3/2018
2009,BUFFRMFISHBM02,BUFFRMFish2009May28,2,M,main,0,0,0,0,0,0,0,0,0,0,,12/3/2018
2009,BUFFRMFISHBM02,BUFFRMFish2009May28,2,R,main,0,0,0,0,1,1,0,1,0,0,,12/3/2018
2009,BUFFRMFISHBM02,BUFFRMFish2009May28,3,L,main,0,1,0,0,0,1,0,0,0,0,,12/3/2018
2009,BUFFRMFISHBM02,BUFFRMFish2009May28,3,M,main,0,0,0,0,0,0,0,0,0,0,,12/3/2018
2009,BUFFRMFISHBM02,BUFFRMFish2009May28,3,R,main,0,0,0,0,1,0,1,0,0,0,,12/3/2018
2009,BUFFRMFISHBM02,BUFFRMFish2009May28,4,L,main,0,0,0,0,1,0,0,1,0,0,,12/3/2018
2009,BUFFRMFISHBM02,BUFFRMFish2009May28,4,M,main,0,0,0,0,0,0,0,0,0,0,,12/3/2018
2009,BUFFRMFISHBM02,BUFFRMFish2009May28,4,R,main,0,0,0,0,0,0,1,0,0,0,,12/3/2018
2009,BUFFRMFISHBM02,BUFFRMFish2009May28,5,L,main,0,0,0,0,0,0,0,0,0,0,,12/3/2018
2009,BUFFRMFISHBM02,BUFFRMFish2009May28,5,M,main,0,0,0,0,0,0,0,0,0,0,,12/3/2018
2009,BUFFRMFISHBM02,BUFFRMFish2009May28,5,R,main,0,1,0,0,0,0,0,0,1,0,,12/3/2018
2009,BUFFRMFISHBM02,BUFFRMFish2009May28,6,L,main,0,1,0,0,1,1,1,1,0,0,,12/3/2018
2009,BUFFRMFISHBM02,BUFFRMFish2009May28,6,M,main,0,0,0,0,0,0,0,0,0,0,"island 14 m wide, 30 m long",12/3/2018
2009,BUFFRMFISHBM02,BUFFRMFish2009May28,6,R,main,0,0,0,0,1,1,1,1,0,0,,12/3/2018
2009,BUFFRMFISHBM02,BUFFRMFish2009May28,7,L,main,0,0,0,0,0,0,0,0,0,0,,12/3/2018
2009,BUFFRMFISHBM02,BUFFRMFish2009May28,7,M,main,0,0,0,0,0,0,0,0,0,0,,12/3/2018
2009,BUFFRMFISHBM02,BUFFRMFish2009May28,7,R,main,0,0,0,0,1,1,1,1,1,0,,12/3/2018
2009,BUFFRMFISHBM02,BUFFRMFish2009May28,8,L,main,0,0,0,0,0,0,0,0,0,0,,12/3/2018
2009,BUFFRMFISHBM02,BUFFRMFish2009May28,8,M,main,0,0,0,0,0,0,0,0,0,0,,12/3/2018
2009,BUFFRMFISHBM02,BUFFRMFish2009May28,8,R,main,0,0,0,0,1,1,1,0,0,0,,12/3/2018
2009,BUFFRMFISHBM02,BUFFRMFish2009May28,9,L,main,0,0,0,0,1,1,0,1,0,1,,12/3/2018
2009,BUFFRMFISHBM02,BUFFRMFish2009May28,9,M,main,0,0,0,0,0,0,0,0,0,0,,12/3/2018
2009,BUFFRMFISHBM02,BUFFRMFish2009May28,9,R,main,0,0,0,0,0,0,1,0,0,0,,12/3/2018
2009,BUFFRMFISHBM02,BUFFRMFish2009May28,10,L,main,0,0,0,0,0,0,1,0,1,1,,12/3/2018
2009,BUFFRMFISHBM02,BUFFRMFish2009May28,10,M,main,0,0,0,0,0,0,0,0,0,0,,12/3/2018
2009,BUFFRMFISHBM02,BUFFRMFish2009May28,10,R,main,0,0,0,0,1,0,1,0,1,0,,12/3/2018
2009,BUFFRMFISHBM02,BUFFRMFish2009May28,11,L,main,0,1,1,0,0,0,0,0,1,0,,12/3/2018
2009,BUFFRMFISHBM02,BUFFRMFish2009May28,11,M,main,0,0,0,0,0,0,0,0,0,0,,12/3/2018
2009,BUFFRMFISHBM02,BUFFRMFish2009May28,11,R,main,0,0,0,0,0,0,0,0,0,0,,12/3/2018
2009,BUFFRMFISHBM03,BUFFRMFish2009Jun03,1,L,main,0,1,0,0,0,0,0,0,0,0,,12/3/2018
2009,BUFFRMFISHBM03,BUFFRMFish2009Jun03,1,M,main,0,0,0,0,0,0,0,0,0,0,island 5.2 m wide,12/3/2018
2009,BUFFRMFISHBM03,BUFFRMFish2009Jun03,1,R,main,0,0,0,0,1,0,1,0,0,0,,12/3/2018
2009,BUFFRMFISHBM03,BUFFRMFish2009Jun03,2,L,main,0,0,1,0,0,1,0,1,0,0,,12/3/2018
2009,BUFFRMFISHBM03,BUFFRMFish2009Jun03,2,M,main,0,0,0,0,0,0,0,0,0,0,,12/3/2018
2009,BUFFRMFISHBM03,BUFFRMFish2009Jun03,2,R,main,0,0,0,0,0,0,1,1,0,0,,12/3/2018
2009,BUFFRMFISHBM03,BUFFRMFish2009Jun03,3,L,main,0,0,0,0,1,0,0,1,0,0,,12/3/2018
2009,BUFFRMFISHBM03,BUFFRMFish2009Jun03,3,M,main,0,0,0,0,0,0,0,0,0,0,,12/3/2018
2009,BUFFRMFISHBM03,BUFFRMFish2009Jun03,3,R,main,0,0,0,0,1,0,1,0,0,0,,12/3/2018
2009,BUFFRMFISHBM03,BUFFRMFish2009Jun03,4,L,main,0,0,1,0,1,0,1,0,0,0,,12/3/2018
2009,BUFFRMFISHBM03,BUFFRMFish2009Jun03,4,M,main,0,0,0,0,0,0,0,0,0,0,,12/3/2018
2009,BUFFRMFISHBM03,BUFFRMFish2009Jun03,4,R,main,0,0,0,0,0,0,0,0,0,0,,12/3/2018
2009,BUFFRMFISHBM03,BUFFRMFish2009Jun03,5,L,main,0,0,1,0,0,0,0,0,0,1,,12/3/2018
2009,BUFFRMFISHBM03,BUFFRMFish2009Jun03,5,M,main,0,0,0,0,0,0,0,0,0,0,,12/3/2018
2009,BUFFRMFISHBM03,BUFFRMFish2009Jun03,5,R,main,0,0,0,0,0,0,0,0,0,0,,12/3/2018
2009,BUFFRMFISHBM03,BUFFRMFish2009Jun03,6,L,main,0,1,0,0,0,0,0,0,0,1,,12/3/2018
2009,BUFFRMFISHBM03,BUFFRMFish2009Jun03,6,M,main,0,0,0,0,0,0,0,0,0,0,,12/3/2018
2009,BUFFRMFISHBM03,BUFFRMFish2009Jun03,6,R,main,0,0,0,0,0,0,0,0,0,0,,12/3/2018
2009,BUFFRMFISHBM03,BUFFRMFish2009Jun03,7,L,main,0,0,0,0,0,0,0,0,0,1,,12/3/2018
2009,BUFFRMFISHBM03,BUFFRMFish2009Jun03,7,M,main,0,0,0,0,0,0,0,0,0,0,,12/3/2018
2009,BUFFRMFISHBM03,BUFFRMFish2009Jun03,7,R,main,0,0,0,0,0,0,0,0,0,0,,12/3/2018
2009,BUFFRMFISHBM03,BUFFRMFish2009Jun03,8,L,main,0,0,1,0,0,0,0,0,0,1,,12/3/2018
2009,BUFFRMFISHBM03,BUFFRMFish2009Jun03,8,M,main,0,0,0,0,0,0,0,0,0,0,,12/3/2018
2009,BUFFRMFISHBM03,BUFFRMFish2009Jun03,8,R,main,0,0,0,0,1,0,0,0,0,0,,12/3/2018
2009,BUFFRMFISHBM03,BUFFRMFish2009Jun03,9,L,main,0,0,1,0,1,0,0,0,0,0,,12/3/2018
2009,BUFFRMFISHBM03,BUFFRMFish2009Jun03,9,M,main,0,0,0,0,0,0,0,0,0,0,,12/3/2018
2009,BUFFRMFISHBM03,BUFFRMFish2009Jun03,9,R,main,0,0,0,0,0,0,0,0,0,0,,12/3/2018
2009,BUFFRMFISHBM03,BUFFRMFish2009Jun03,10,L,main,0,0,0,0,0,1,1,0,0,0,,12/3/2018
2009,BUFFRMFISHBM03,BUFFRMFish2009Jun03,10,M,main,0,0,0,0,0,0,0,0,0,0,,12/3/2018
2009,BUFFRMFISHBM03,BUFFRMFish2009Jun03,10,R,main,0,0,0,0,0,0,0,0,0,0,,12/3/2018
2009,BUFFRMFISHBM03,BUFFRMFish2009Jun03,11,L,main,1,0,1,0,0,0,0,0,0,1,,12/3/2018
2009,BUFFRMFISHBM03,BUFFRMFish2009Jun03,11,M,main,1,0,0,0,0,0,0,0,0,0,,12/3/2018
2009,BUFFRMFISHBM03,BUFFRMFish2009Jun03,11,R,main,0,0,0,0,0,0,0,0,0,0,,12/3/2018
2009,BUFFRMFISHBM04,BUFFRMFish2009Jun08,1,L,main,0,1,0,0,0,0,0,0,0,0,,12/3/2018
2009,BUFFRMFISHBM04,BUFFRMFish2009Jun08,1,M,main,0,0,0,0,0,0,0,0,0,0,,12/3/2018
2009,BUFFRMFISHBM04,BUFFRMFish2009Jun08,1,R,main,0,1,0,0,1,1,1,0,0,0,,12/3/2018
2009,BUFFRMFISHBM04,BUFFRMFish2009Jun08,2,L,main,1,1,0,0,1,0,0,0,0,0,,12/3/2018
2009,BUFFRMFISHBM04,BUFFRMFish2009Jun08,2,M,main,0,0,0,0,0,0,0,0,0,0,,12/3/2018
2009,BUFFRMFISHBM04,BUFFRMFish2009Jun08,2,R,main,0,1,0,0,1,0,1,0,0,0,,12/3/2018
2009,BUFFRMFISHBM04,BUFFRMFish2009Jun08,3,L,main,0,1,0,0,1,0,0,0,0,0,,12/3/2018
2009,BUFFRMFISHBM04,BUFFRMFish2009Jun08,3,M,main,0,0,0,0,0,0,0,0,0,0,,12/3/2018
2009,BUFFRMFISHBM04,BUFFRMFish2009Jun08,3,R,main,0,1,0,0,1,0,1,0,0,0,,12/3/2018
2009,BUFFRMFISHBM04,BUFFRMFish2009Jun08,4,L,main,0,1,0,0,1,0,0,0,0,0,,12/3/2018
2009,BUFFRMFISHBM04,BUFFRMFish2009Jun08,4,M,main,0,0,0,0,0,0,0,0,0,0,,12/3/2018
2009,BUFFRMFISHBM04,BUFFRMFish2009Jun08,4,R,main,0,0,0,0,0,0,1,1,0,0,,12/3/2018
2009,BUFFRMFISHBM04,BUFFRMFish2009Jun08,5,L,main,0,1,0,0,1,0,0,0,0,0,,12/3/2018
2009,BUFFRMFISHBM04,BUFFRMFish2009Jun08,5,M,main,0,0,0,0,0,0,0,0,0,0,,12/3/2018
2009,BUFFRMFISHBM04,BUFFRMFish2009Jun08,5,R,main,0,0,0,0,0,0,1,0,0,0,,12/3/2018
2009,BUFFRMFISHBM04,BUFFRMFish2009Jun08,6,L,main,0,1,0,0,1,0,1,0,0,0,,12/3/2018
2009,BUFFRMFISHBM04,BUFFRMFish2009Jun08,6,M,main,0,0,0,0,0,0,0,0,0,0,,12/3/2018
2009,BUFFRMFISHBM04,BUFFRMFish2009Jun08,6,R,main,0,1,0,0,0,0,1,0,0,0,,12/3/2018
2009,BUFFRMFISHBM04,BUFFRMFish2009Jun08,7,L,main,0,1,1,0,0,0,0,1,0,0,,12/3/2018
2009,BUFFRMFISHBM04,BUFFRMFish2009Jun08,7,M,main,0,0,0,0,0,0,0,0,0,0,,12/3/2018
2009,BUFFRMFISHBM04,BUFFRMFish2009Jun08,7,R,main,0,1,0,0,0,0,0,1,0,0,,12/3/2018
2009,BUFFRMFISHBM04,BUFFRMFish2009Jun08,8,L,main,0,0,0,0,1,0,0,1,0,0,,12/3/2018
2009,BUFFRMFISHBM04,BUFFRMFish2009Jun08,8,M,main,0,0,0,0,0,0,0,0,0,0,,12/3/2018
2009,BUFFRMFISHBM04,BUFFRMFish2009Jun08,8,R,main,0,0,0,0,0,0,0,1,0,0,,12/3/2018
2009,BUFFRMFISHBM04,BUFFRMFish2009Jun08,9,L,main,0,0,0,0,0,0,0,0,0,0,,12/3/2018
2009,BUFFRMFISHBM04,BUFFRMFish2009Jun08,9,M,main,0,0,0,0,0,0,0,0,0,0,,12/3/2018
2009,BUFFRMFISHBM04,BUFFRMFish2009Jun08,9,R,main,0,0,0,0,0,0,1,1,0,0,,12/3/2018
2009,BUFFRMFISHBM04,BUFFRMFish2009Jun08,10,L,main,0,0,1,0,0,0,0,0,0,0,,12/3/2018
2009,BUFFRMFISHBM04,BUFFRMFish2009Jun08,10,M,main,0,0,0,0,0,0,0,0,0,0,,12/3/2018
2009,BUFFRMFISHBM04,BUFFRMFish2009Jun08,10,R,main,0,0,0,0,1,0,1,1,0,0,,12/3/2018
2009,BUFFRMFISHBM04,BUFFRMFish2009Jun08,11,L,main,0,1,0,0,0,0,1,0,0,0,,12/3/2018
2009,BUFFRMFISHBM04,BUFFRMFish2009Jun08,11,M,main,0,0,0,0,0,0,0,0,0,0,,12/3/2018
2009,BUFFRMFISHBM04,BUFFRMFish2009Jun08,11,R,main,0,0,0,0,0,0,0,0,0,0,,12/3/2018
2009,BUFFRMFISHBM05,BUFFRMFish2009Jun09,1,L,main,0,0,0,0,1,0,1,0,0,0,,12/3/2018
2009,BUFFRMFISHBM05,BUFFRMFish2009Jun09,1,M,main,0,0,0,0,0,0,0,0,0,0,,12/3/2018
2009,BUFFRMFISHBM05,BUFFRMFish2009Jun09,1,R,main,0,0,0,0,0,0,1,0,0,0,,12/3/2018
2009,BUFFRMFISHBM05,BUFFRMFish2009Jun09,2,L,main,0,0,0,0,1,1,0,0,0,0,,12/3/2018
2009,BUFFRMFISHBM05,BUFFRMFish2009Jun09,2,M,main,0,0,0,0,0,0,0,0,0,0,,12/3/2018
2009,BUFFRMFISHBM05,BUFFRMFish2009Jun09,2,R,main,0,0,0,0,1,0,0,0,0,0,,12/3/2018
2009,BUFFRMFISHBM05,BUFFRMFish2009Jun09,3,L,main,0,0,0,0,0,0,0,0,0,0,,12/3/2018
2009,BUFFRMFISHBM05,BUFFRMFish2009Jun09,3,M,main,0,0,0,0,0,0,0,0,0,0,,12/3/2018
2009,BUFFRMFISHBM05,BUFFRMFish2009Jun09,3,R,main,0,0,0,0,0,0,0,0,0,0,,12/3/2018
2009,BUFFRMFISHBM05,BUFFRMFish2009Jun09,4,L,main,0,0,0,0,1,0,1,0,0,0,,12/3/2018
2009,BUFFRMFISHBM05,BUFFRMFish2009Jun09,4,M,main,0,0,0,0,0,0,0,0,0,0,,12/3/2018
2009,BUFFRMFISHBM05,BUFFRMFish2009Jun09,4,R,main,0,0,0,0,0,0,0,0,0,0,,12/3/2018
2009,BUFFRMFISHBM05,BUFFRMFish2009Jun09,5,L,main,0,0,0,0,1,0,1,0,0,0,,12/3/2018
2009,BUFFRMFISHBM05,BUFFRMFish2009Jun09,5,M,main,0,0,0,0,0,0,0,0,0,0,,12/3/2018
2009,BUFFRMFISHBM05,BUFFRMFish2009Jun09,5,R,main,0,0,0,0,0,0,0,0,0,0,,12/3/2018
2009,BUFFRMFISHBM05,BUFFRMFish2009Jun09,6,L,main,0,0,0,0,1,0,1,1,0,0,,12/3/2018
2009,BUFFRMFISHBM05,BUFFRMFish2009Jun09,6,M,main,0,0,0,0,0,0,0,0,0,0,,12/3/2018
2009,BUFFRMFISHBM05,BUFFRMFish2009Jun09,6,R,main,0,0,0,0,0,0,0,1,0,0,,12/3/2018
2009,BUFFRMFISHBM05,BUFFRMFish2009Jun09,7,L,main,0,0,0,0,0,0,0,0,0,0,,12/3/2018
2009,BUFFRMFISHBM05,BUFFRMFish2009Jun09,7,M,main,0,0,0,0,0,0,0,0,0,0,,12/3/2018
2009,BUFFRMFISHBM05,BUFFRMFish2009Jun09,7,R,main,0,0,0,0,1,0,1,0,0,0,,12/3/2018
2009,BUFFRMFISHBM05,BUFFRMFish2009Jun09,8,L,main,0,0,0,0,0,0,0,0,0,0,,12/3/2018
2009,BUFFRMFISHBM05,BUFFRMFish2009Jun09,8,M,main,0,0,0,0,0,0,0,0,0,0,,12/3/2018
2009,BUFFRMFISHBM05,BUFFRMFish2009Jun09,8,R,main,0,0,1,0,0,0,0,1,0,0,,12/3/2018
2009,BUFFRMFISHBM05,BUFFRMFish2009Jun09,9,L,main,0,0,0,0,0,0,0,0,0,0,,12/3/2018
2009,BUFFRMFISHBM05,BUFFRMFish2009Jun09,9,M,main,0,0,0,0,0,0,0,0,0,0,,12/3/2018
2009,BUFFRMFISHBM05,BUFFRMFish2009Jun09,9,R,main,0,0,1,0,1,0,1,0,0,1,,12/3/2018
2009,BUFFRMFISHBM05,BUFFRMFish2009Jun09,10,L,main,0,0,0,0,0,0,0,0,0,0,,12/3/2018
2009,BUFFRMFISHBM05,BUFFRMFish2009Jun09,10,M,main,0,0,0,0,0,0,0,0,0,0,,12/3/2018
2009,BUFFRMFISHBM05,BUFFRMFish2009Jun09,10,R,main,0,0,1,0,1,0,0,0,0,0,,12/3/2018
2009,BUFFRMFISHBM05,BUFFRMFish2009Jun09,11,L,main,0,0,0,0,0,0,0,1,0,0,,12/3/2018
2009,BUFFRMFISHBM05,BUFFRMFish2009Jun09,11,M,main,0,0,0,0,0,0,0,0,0,0,,12/3/2018
2009,BUFFRMFISHBM05,BUFFRMFish2009Jun09,11,R,main,0,0,1,0,0,0,0,1,1,0,,12/3/2018
2009,BUFFRMFISHBM06,BUFFRMFish2009Jun10,1,L,main,0,0,0,0,1,0,0,0,0,0,,12/3/2018
2009,BUFFRMFISHBM06,BUFFRMFish2009Jun10,1,M,main,0,0,0,0,0,0,0,0,0,0,,12/3/2018
2009,BUFFRMFISHBM06,BUFFRMFish2009Jun10,1,R,main,0,0,0,0,1,0,1,0,0,0,,12/3/2018
2009,BUFFRMFISHBM06,BUFFRMFish2009Jun10,2,L,main,0,0,0,0,1,0,0,0,0,0,,12/3/2018
2009,BUFFRMFISHBM06,BUFFRMFish2009Jun10,2,M,main,0,0,0,0,0,0,0,0,0,0,,12/3/2018
2009,BUFFRMFISHBM06,BUFFRMFish2009Jun10,2,R,main,0,0,1,0,1,1,0,0,0,0,,12/3/2018
2009,BUFFRMFISHBM06,BUFFRMFish2009Jun10,3,L,main,0,0,0,0,0,0,0,0,0,0,,12/3/2018
2009,BUFFRMFISHBM06,BUFFRMFish2009Jun10,3,M,main,0,0,0,0,0,0,0,0,0,0,,12/3/2018
2009,BUFFRMFISHBM06,BUFFRMFish2009Jun10,3,R,main,0,0,1,0,0,0,0,0,0,0,,12/3/2018
2009,BUFFRMFISHBM06,BUFFRMFish2009Jun10,4,L,main,0,0,0,0,1,1,1,1,0,0,,12/3/2018
2009,BUFFRMFISHBM06,BUFFRMFish2009Jun10,4,M,main,0,0,0,0,0,0,0,0,0,0,,12/3/2018
2009,BUFFRMFISHBM06,BUFFRMFish2009Jun10,4,R,main,0,0,0,0,1,0,0,1,0,0,,12/3/2018
2009,BUFFRMFISHBM06,BUFFRMFish2009Jun10,5,L,main,0,0,0,0,0,0,0,0,0,0,,12/3/2018
2009,BUFFRMFISHBM06,BUFFRMFish2009Jun10,5,M,main,0,0,0,0,0,0,0,0,0,0,,12/3/2018
2009,BUFFRMFISHBM06,BUFFRMFish2009Jun10,5,R,main,0,1,1,0,0,0,0,0,0,0,,12/3/2018
2009,BUFFRMFISHBM06,BUFFRMFish2009Jun10,6,L,main,0,0,0,0,0,0,0,0,0,0,,12/3/2018
2009,BUFFRMFISHBM06,BUFFRMFish2009Jun10,6,M,main,0,0,0,0,0,0,0,0,0,0,,12/3/2018
2009,BUFFRMFISHBM06,BUFFRMFish2009Jun10,6,R,main,0,1,1,0,0,1,0,0,0,0,,12/3/2018
2009,BUFFRMFISHBM06,BUFFRMFish2009Jun10,7,L,main,0,0,0,0,0,0,0,0,0,0,,12/3/2018
2009,BUFFRMFISHBM06,BUFFRMFish2009Jun10,7,M,main,0,0,0,0,0,0,0,0,0,0,,12/3/2018
2009,BUFFRMFISHBM06,BUFFRMFish2009Jun10,7,R,main,0,0,1,0,1,0,0,0,0,0,,12/3/2018
2009,BUFFRMFISHBM06,BUFFRMFish2009Jun10,8,L,main,0,0,0,0,0,0,0,0,0,0,,12/3/2018
2009,BUFFRMFISHBM06,BUFFRMFish2009Jun10,8,M,main,0,0,0,0,0,0,0,0,0,0,,12/3/2018
2009,BUFFRMFISHBM06,BUFFRMFish2009Jun10,8,R,main,0,0,1,0,1,0,1,1,0,0,,12/3/2018
2009,BUFFRMFISHBM06,BUFFRMFish2009Jun10,9,L,main,0,0,0,0,1,1,0,0,0,0,,12/3/2018
2009,BUFFRMFISHBM06,BUFFRMFish2009Jun10,9,M,main,0,0,0,0,0,0,0,0,0,0,,12/3/2018
2009,BUFFRMFISHBM06,BUFFRMFish2009Jun10,9,R,main,0,0,1,0,1,0,0,0,0,0,,12/3/2018
2009,BUFFRMFISHBM06,BUFFRMFish2009Jun10,10,L,main,0,0,0,0,1,1,1,0,0,0,,12/3/2018
2009,BUFFRMFISHBM06,BUFFRMFish2009Jun10,10,M,main,0,0,0,0,0,0,0,0,0,0,,12/3/2018
2009,BUFFRMFISHBM06,BUFFRMFish2009Jun10,10,R,main,0,0,0,0,1,1,0,1,0,0,,12/3/2018
2009,BUFFRMFISHBM06,BUFFRMFish2009Jun10,11,L,main,0,0,0,0,0,0,0,0,0,0,,12/3/2018
2009,BUFFRMFISHBM06,BUFFRMFish2009Jun10,11,M,main,0,0,0,0,0,0,0,0,0,0,,12/3/2018
2009,BUFFRMFISHBM06,BUFFRMFish2009Jun10,11,R,main,0,1,1,0,1,0,1,0,0,0,,12/3/2018
2009,BUFFRMFISHBT01,BUFFRMFish2009May19,1,L,main,0,0,0,0,1,0,1,0,0,0,,12/3/2018
2009,BUFFRMFISHBT01,BUFFRMFish2009May19,1,M,main,0,0,1,0,0,0,0,0,0,0,,12/3/2018
2009,BUFFRMFISHBT01,BUFFRMFish2009May19,1,R,main,0,0,1,0,0,0,0,0,0,0,,12/3/2018
2009,BUFFRMFISHBT01,BUFFRMFish2009May19,2,L,main,0,0,0,0,1,0,1,0,0,0,,12/3/2018
2009,BUFFRMFISHBT01,BUFFRMFish2009May19,2,M,main,0,0,1,0,0,0,0,0,0,0,,12/3/2018
2009,BUFFRMFISHBT01,BUFFRMFish2009May19,2,R,main,0,0,1,0,1,0,1,0,0,0,,12/3/2018
2009,BUFFRMFISHBT01,BUFFRMFish2009May19,3,L,main,0,0,1,0,1,0,0,0,0,0,,12/3/2018
2009,BUFFRMFISHBT01,BUFFRMFish2009May19,3,M,main,0,0,0,0,0,0,0,0,0,0,,12/3/2018
2009,BUFFRMFISHBT01,BUFFRMFish2009May19,3,R,main,0,0,0,0,1,0,0,1,0,0,,12/3/2018
2009,BUFFRMFISHBT01,BUFFRMFish2009May19,4,L,main,0,0,0,0,0,0,0,0,0,0,,12/3/2018
2009,BUFFRMFISHBT01,BUFFRMFish2009May19,4,M,main,0,0,0,0,0,0,0,0,0,0,,12/3/2018
2009,BUFFRMFISHBT01,BUFFRMFish2009May19,4,R,main,0,0,1,0,1,0,1,1,0,0,,12/3/2018
2009,BUFFRMFISHBT01,BUFFRMFish2009May19,5,L,main,0,0,1,0,0,0,0,0,0,0,,12/3/2018
2009,BUFFRMFISHBT01,BUFFRMFish2009May19,5,M,main,0,0,0,0,0,0,0,0,0,0,,12/3/2018
2009,BUFFRMFISHBT01,BUFFRMFish2009May19,5,R,main,0,0,0,0,1,0,1,1,0,0,,12/3/2018
2009,BUFFRMFISHBT01,BUFFRMFish2009May19,6,L,main,0,0,1,0,1,0,0,0,0,0,,12/3/2018
2009,BUFFRMFISHBT01,BUFFRMFish2009May19,6,M,main,0,0,0,0,0,0,0,0,0,0,,12/3/2018
2009,BUFFRMFISHBT01,BUFFRMFish2009May19,6,R,main,0,0,0,0,0,0,0,1,0,0,,12/3/2018
2009,BUFFRMFISHBT01,BUFFRMFish2009May19,7,L,main,0,0,1,0,0,0,0,0,0,0,,12/3/2018
2009,BUFFRMFISHBT01,BUFFRMFish2009May19,7,M,main,0,0,1,0,0,0,0,0,0,0,,12/3/2018
2009,BUFFRMFISHBT01,BUFFRMFish2009May19,7,R,main,0,0,0,0,1,0,0,1,0,0,,12/3/2018
2009,BUFFRMFISHBT01,BUFFRMFish2009May19,8,L,main,0,0,0,0,1,0,1,0,0,0,,12/3/2018
2009,BUFFRMFISHBT01,BUFFRMFish2009May19,8,M,main,0,0,0,0,0,0,0,0,0,0,,12/3/2018
2009,BUFFRMFISHBT01,BUFFRMFish2009May19,8,R,main,0,0,0,0,1,0,0,0,0,0,,12/3/2018
2009,BUFFRMFISHBT01,BUFFRMFish2009May19,9,L,main,0,0,0,0,0,0,0,0,0,0,,12/3/2018
2009,BUFFRMFISHBT01,BUFFRMFish2009May19,9,M,main,0,0,0,0,0,0,0,0,0,0,,12/3/2018
2009,BUFFRMFISHBT01,BUFFRMFish2009May19,9,R,main,0,0,0,0,1,0,1,0,0,0,,12/3/2018
2009,BUFFRMFISHBT01,BUFFRMFish2009May19,10,L,main,0,0,0,0,0,0,0,0,0,1,,12/3/2018
2009,BUFFRMFISHBT01,BUFFRMFish2009May19,10,M,main,0,0,0,0,0,0,0,0,0,0,,12/3/2018
2009,BUFFRMFISHBT01,BUFFRMFish2009May19,10,R,main,0,0,0,0,0,0,1,1,1,0,,12/3/2018
2009,BUFFRMFISHBT01,BUFFRMFish2009May19,11,L,main,0,0,0,0,1,0,1,0,0,1,,12/3/2018
2009,BUFFRMFISHBT01,BUFFRMFish2009May19,11,M,main,0,0,0,0,0,0,0,0,0,0,,12/3/2018
2009,BUFFRMFISHBT01,BUFFRMFish2009May19,11,R,main,0,0,0,0,1,0,0,1,0,0,,12/3/2018
2009,BUFFRMFISHBT06,BUFFRMFish2009May19,1,L,main,0,0,0,0,1,0,0,0,0,0,,12/3/2018
2009,BUFFRMFISHBT06,BUFFRMFish2009May19,1,M,main,0,0,0,0,0,0,0,0,0,0,,12/3/2018
2009,BUFFRMFISHBT06,BUFFRMFish2009May19,1,R,main,0,0,0,0,1,0,0,0,0,1,Bluff,12/3/2018
2009,BUFFRMFISHBT06,BUFFRMFish2009May19,2,L,main,0,0,0,0,1,0,0,0,0,0,,12/3/2018
2009,BUFFRMFISHBT06,BUFFRMFish2009May19,2,M,main,0,0,0,0,0,0,0,0,0,0,,12/3/2018
2009,BUFFRMFISHBT06,BUFFRMFish2009May19,2,R,main,0,0,0,0,1,0,1,0,0,1,Bluff,12/3/2018
2009,BUFFRMFISHBT06,BUFFRMFish2009May19,3,L,main,0,0,0,0,1,0,1,0,0,0,,12/3/2018
2009,BUFFRMFISHBT06,BUFFRMFish2009May19,3,M,main,0,0,0,0,0,0,0,0,0,0,,12/3/2018
2009,BUFFRMFISHBT06,BUFFRMFish2009May19,3,R,main,0,0,0,0,1,0,1,0,0,0,,12/3/2018
2009,BUFFRMFISHBT06,BUFFRMFish2009May19,4,L,main,0,0,0,0,1,0,1,0,0,0,,12/3/2018
2009,BUFFRMFISHBT06,BUFFRMFish2009May19,4,M,main,0,0,0,0,0,0,0,0,0,0,,12/3/2018
2009,BUFFRMFISHBT06,BUFFRMFish2009May19,4,R,main,0,0,0,0,1,0,1,0,0,0,,12/3/2018
2009,BUFFRMFISHBT06,BUFFRMFish2009May19,5,L,main,0,0,1,0,1,0,1,0,0,0,,12/3/2018
2009,BUFFRMFISHBT06,BUFFRMFish2009May19,5,M,main,0,0,0,0,0,0,0,0,0,0,"island width 2.9 m, length 9 m",12/3/2018
2009,BUFFRMFISHBT06,BUFFRMFish2009May19,5,R,main,0,0,0,0,1,0,1,1,1,0,,12/3/2018
2009,BUFFRMFISHBT06,BUFFRMFish2009May19,6,L,main,0,0,0,0,1,0,1,0,0,0,,12/3/2018
2009,BUFFRMFISHBT06,BUFFRMFish2009May19,6,M,main,0,0,0,0,0,0,0,0,0,0,,12/3/2018
2009,BUFFRMFISHBT06,BUFFRMFish2009May19,6,R,main,0,0,0,0,1,0,1,0,0,0,,12/3/2018
2009,BUFFRMFISHBT06,BUFFRMFish2009May19,7,L,main,0,0,0,0,1,0,1,0,0,0,,12/3/2018
2009,BUFFRMFISHBT06,BUFFRMFish2009May19,7,M,main,0,0,0,0,0,0,0,0,0,0,,12/3/2018
2009,BUFFRMFISHBT06,BUFFRMFish2009May19,7,R,main,0,0,0,0,1,0,1,0,0,0,,12/3/2018
2009,BUFFRMFISHBT06,BUFFRMFish2009May19,8,L,main,0,0,0,0,1,0,1,0,0,0,,12/3/2018
2009,BUFFRMFISHBT06,BUFFRMFish2009May19,8,M,main,0,0,0,0,0,0,0,0,0,0,,12/3/2018
2009,BUFFRMFISHBT06,BUFFRMFish2009May19,8,R,main,0,0,0,0,0,0,1,1,0,0,,12/3/2018
2009,BUFFRMFISHBT06,BUFFRMFish2009May19,9,L,main,0,0,0,0,1,0,1,0,0,0,,12/3/2018
2009,BUFFRMFISHBT06,BUFFRMFish2009May19,9,M,main,0,0,0,0,0,0,0,0,0,0,,12/3/2018
2009,BUFFRMFISHBT06,BUFFRMFish2009May19,9,R,main,0,0,0,0,1,0,0,0,0,1,Bluff,12/3/2018
2009,BUFFRMFISHBT06,BUFFRMFish2009May19,10,L,main,0,0,0,0,1,0,1,0,0,0,,12/3/2018
2009,BUFFRMFISHBT06,BUFFRMFish2009May19,10,M,main,0,0,0,0,0,0,0,0,0,0,,12/3/2018
2009,BUFFRMFISHBT06,BUFFRMFish2009May19,10,R,main,0,0,0,0,0,0,1,1,0,1,Bluff,12/3/2018
2009,BUFFRMFISHBT06,BUFFRMFish2009May19,11,L,main,0,0,0,0,0,0,1,1,0,0,,12/3/2018
2009,BUFFRMFISHBT06,BUFFRMFish2009May19,11,M,main,0,0,0,0,0,0,0,0,0,0,,12/3/2018
2009,BUFFRMFISHBT06,BUFFRMFish2009May19,11,R,main,0,0,0,0,1,0,1,1,0,1,Bluff,12/3/2018
2009,BUFFRMFISHBT10,BUFFRMFish2009May20,1,L,main,0,0,0,0,1,0,0,0,0,1,,12/3/2018
2009,BUFFRMFISHBT10,BUFFRMFish2009May20,1,M,main,0,0,0,0,0,0,0,0,0,0,,12/3/2018
2009,BUFFRMFISHBT10,BUFFRMFish2009May20,1,R,main,0,0,0,0,1,0,0,0,0,0,,12/3/2018
2009,BUFFRMFISHBT10,BUFFRMFish2009May20,2,L,main,0,0,0,0,1,0,0,0,0,0,,12/3/2018
2009,BUFFRMFISHBT10,BUFFRMFish2009May20,2,M,main,0,0,0,0,0,0,0,0,0,0,,12/3/2018
2009,BUFFRMFISHBT10,BUFFRMFish2009May20,2,R,main,0,0,0,0,1,0,0,0,0,0,,12/3/2018
2009,BUFFRMFISHBT10,BUFFRMFish2009May20,3,L,main,0,0,0,0,1,0,0,0,0,0,,12/3/2018
2009,BUFFRMFISHBT10,BUFFRMFish2009May20,3,M,main,0,0,0,0,0,0,0,0,0,0,,12/3/2018
2009,BUFFRMFISHBT10,BUFFRMFish2009May20,3,R,main,0,0,0,0,1,1,0,0,0,0,,12/3/2018
2009,BUFFRMFISHBT10,BUFFRMFish2009May20,4,L,main,0,0,0,0,1,0,1,0,0,0,,12/3/2018
2009,BUFFRMFISHBT10,BUFFRMFish2009May20,4,M,main,0,0,0,0,0,0,0,0,0,0,,12/3/2018
2009,BUFFRMFISHBT10,BUFFRMFish2009May20,4,R,main,0,0,0,0,1,0,0,0,0,0,,12/3/2018
2009,BUFFRMFISHBT10,BUFFRMFish2009May20,5,L,main,0,0,0,0,1,0,1,0,0,0,,12/3/2018
2009,BUFFRMFISHBT10,BUFFRMFish2009May20,5,M,main,0,0,0,0,0,0,0,0,0,0,,12/3/2018
2009,BUFFRMFISHBT10,BUFFRMFish2009May20,5,R,main,0,0,0,0,0,0,0,0,0,0,,12/3/2018
2009,BUFFRMFISHBT10,BUFFRMFish2009May20,6,L,main,0,0,0,0,0,0,0,0,0,0,,12/3/2018
2009,BUFFRMFISHBT10,BUFFRMFish2009May20,6,M,main,0,0,0,0,0,0,0,0,0,0,,12/3/2018
2009,BUFFRMFISHBT10,BUFFRMFish2009May20,6,R,main,0,0,0,0,0,0,0,0,0,0,,12/3/2018
2009,BUFFRMFISHBT10,BUFFRMFish2009May20,7,L,main,0,0,0,0,1,0,0,0,0,0,,12/3/2018
2009,BUFFRMFISHBT10,BUFFRMFish2009May20,7,M,main,0,0,0,0,0,0,0,0,0,0,,12/3/2018
2009,BUFFRMFISHBT10,BUFFRMFish2009May20,7,R,main,0,0,0,0,0,0,0,0,0,1,,12/3/2018
2009,BUFFRMFISHBT10,BUFFRMFish2009May20,8,L,main,0,0,0,0,0,0,0,0,0,0,,12/3/2018
2009,BUFFRMFISHBT10,BUFFRMFish2009May20,8,M,main,0,0,0,0,0,0,0,0,0,0,,12/3/2018
2009,BUFFRMFISHBT10,BUFFRMFish2009May20,8,R,main,0,0,0,0,0,0,0,0,0,1,,12/3/2018
2009,BUFFRMFISHBT10,BUFFRMFish2009May20,9,L,main,0,0,0,0,0,0,0,0,0,0,,12/3/2018
2009,BUFFRMFISHBT10,BUFFRMFish2009May20,9,M,main,0,0,0,0,0,0,0,0,0,0,,12/3/2018
2009,BUFFRMFISHBT10,BUFFRMFish2009May20,9,R,main,0,0,0,0,1,1,0,0,0,0,,12/3/2018
2009,BUFFRMFISHBT10,BUFFRMFish2009May20,10,L,main,0,0,0,0,0,0,0,0,0,0,,12/3/2018
2009,BUFFRMFISHBT10,BUFFRMFish2009May20,10,M,main,0,0,0,0,0,0,0,0,0,0,,12/3/2018
2009,BUFFRMFISHBT10,BUFFRMFish2009May20,10,R,main,0,0,0,0,1,1,0,0,0,0,,12/3/2018
2009,BUFFRMFISHBT10,BUFFRMFish2009May20,11,L,main,0,0,0,0,1,1,1,0,0,0,,12/3/2018
2009,BUFFRMFISHBT10,BUFFRMFish2009May20,11,M,main,0,0,0,0,0,0,0,0,0,0,,12/3/2018
2009,BUFFRMFISHBT10,BUFFRMFish2009May20,11,R,main,0,0,0,0,1,0,0,0,0,0,,12/3/2018
2009,BUFFRMFISHBT11,BUFFRMFish2009May20,1,L,main,0,0,0,0,1,0,0,1,0,0,,12/3/2018
2009,BUFFRMFISHBT11,BUFFRMFish2009May20,1,M,main,0,0,0,0,0,0,0,0,0,0,,12/3/2018
2009,BUFFRMFISHBT11,BUFFRMFish2009May20,1,R,main,0,0,0,0,0,0,0,0,0,0,,12/3/2018
2009,BUFFRMFISHBT11,BUFFRMFish2009May20,2,L,main,0,0,1,0,1,0,0,0,0,0,,12/3/2018
2009,BUFFRMFISHBT11,BUFFRMFish2009May20,2,M,main,0,0,0,0,0,0,0,0,0,0,,12/3/2018
2009,BUFFRMFISHBT11,BUFFRMFish2009May20,2,R,main,0,0,0,0,1,0,1,0,0,0,,12/3/2018
2009,BUFFRMFISHBT11,BUFFRMFish2009May20,3,L,main,0,0,0,0,1,0,0,0,0,0,,12/3/2018
2009,BUFFRMFISHBT11,BUFFRMFish2009May20,3,M,main,0,0,0,0,0,0,0,0,0,0,,12/3/2018
2009,BUFFRMFISHBT11,BUFFRMFish2009May20,3,R,main,0,0,0,0,1,0,1,0,0,0,,12/3/2018
2009,BUFFRMFISHBT11,BUFFRMFish2009May20,4,L,main,0,0,0,0,1,0,0,0,0,0,,12/3/2018
2009,BUFFRMFISHBT11,BUFFRMFish2009May20,4,M,main,0,0,0,0,0,0,0,0,0,0,,12/3/2018
2009,BUFFRMFISHBT11,BUFFRMFish2009May20,4,R,main,0,0,0,0,1,0,0,0,0,0,,12/3/2018
2009,BUFFRMFISHBT11,BUFFRMFish2009May20,5,L,main,0,0,0,0,1,0,1,1,0,0,,12/3/2018
2009,BUFFRMFISHBT11,BUFFRMFish2009May20,5,M,main,0,0,0,0,0,0,0,0,0,0,,12/3/2018
2009,BUFFRMFISHBT11,BUFFRMFish2009May20,5,R,main,0,0,0,0,0,0,0,0,0,0,,12/3/2018
2009,BUFFRMFISHBT11,BUFFRMFish2009May20,6,L,main,0,1,0,0,0,0,0,0,0,0,,12/3/2018
2009,BUFFRMFISHBT11,BUFFRMFish2009May20,6,M,main,0,0,0,0,0,0,0,0,0,0,,12/3/2018
2009,BUFFRMFISHBT11,BUFFRMFish2009May20,6,R,main,0,0,0,0,1,0,0,0,0,0,,12/3/2018
2009,BUFFRMFISHBT11,BUFFRMFish2009May20,7,L,main,0,1,0,0,1,0,1,0,1,0,,12/3/2018
2009,BUFFRMFISHBT11,BUFFRMFish2009May20,7,M,main,0,0,0,0,0,0,0,0,0,0,,12/3/2018
2009,BUFFRMFISHBT11,BUFFRMFish2009May20,7,R,main,0,0,0,0,1,0,0,0,0,0,,12/3/2018
2009,BUFFRMFISHBT11,BUFFRMFish2009May20,8,L,main,0,0,0,0,1,0,0,1,0,0,,12/3/2018
2009,BUFFRMFISHBT11,BUFFRMFish2009May20,8,M,main,0,0,0,0,0,0,0,0,0,0,,12/3/2018
2009,BUFFRMFISHBT11,BUFFRMFish2009May20,8,R,main,0,0,0,0,1,0,0,0,0,0,,12/3/2018
2009,BUFFRMFISHBT11,BUFFRMFish2009May20,9,L,main,0,0,0,0,1,0,0,0,0,0,,12/3/2018
2009,BUFFRMFISHBT11,BUFFRMFish2009May20,9,M,main,0,0,0,0,0,0,0,0,0,0,,12/3/2018
2009,BUFFRMFISHBT11,BUFFRMFish2009May20,9,R,main,0,0,0,0,1,0,1,0,0,0,,12/3/2018
2009,BUFFRMFISHBT11,BUFFRMFish2009May20,10,L,main,0,0,0,0,1,1,0,1,0,0,,12/3/2018
2009,BUFFRMFISHBT11,BUFFRMFish2009May20,10,M,main,0,0,0,0,0,0,0,0,0,0,,12/3/2018
2009,BUFFRMFISHBT11,BUFFRMFish2009May20,10,R,main,0,0,0,0,1,0,1,0,0,0,,12/3/2018
2009,BUFFRMFISHBT11,BUFFRMFish2009May20,11,L,main,0,0,0,0,1,0,0,0,0,0,,12/3/2018
2009,BUFFRMFISHBT11,BUFFRMFish2009May20,11,M,main,0,0,0,0,0,0,0,0,0,0,,12/3/2018
2009,BUFFRMFISHBT11,BUFFRMFish2009May20,11,R,main,0,0,0,0,1,1,1,1,0,0,,12/3/2018
2009,BUFFRMFISHBT20,BUFFRMFish2009May21,1,L,main,0,0,0,0,1,1,0,0,0,0,,12/3/2018
2009,BUFFRMFISHBT20,BUFFRMFish2009May21,1,M,main,0,0,0,0,0,0,0,0,0,0,,12/3/2018
2009,BUFFRMFISHBT20,BUFFRMFish2009May21,1,R,main,0,0,0,0,1,0,0,0,0,0,,12/3/2018
2009,BUFFRMFISHBT20,BUFFRMFish2009May21,2,L,main,0,0,0,0,1,0,1,0,0,0,,12/3/2018
2009,BUFFRMFISHBT20,BUFFRMFish2009May21,2,M,main,0,0,0,0,0,0,0,0,0,0,,12/3/2018
2009,BUFFRMFISHBT20,BUFFRMFish2009May21,2,R,main,0,0,0,0,0,0,0,0,0,0,,12/3/2018
2009,BUFFRMFISHBT20,BUFFRMFish2009May21,3,L,main,0,0,0,0,1,0,1,0,0,0,,12/3/2018
2009,BUFFRMFISHBT20,BUFFRMFish2009May21,3,M,main,0,0,0,0,0,0,0,0,0,0,,12/3/2018
2009,BUFFRMFISHBT20,BUFFRMFish2009May21,3,R,main,0,0,0,0,0,0,0,0,0,0,,12/3/2018
2009,BUFFRMFISHBT20,BUFFRMFish2009May21,4,L,main,0,0,0,0,0,0,0,0,0,0,,12/3/2018
2009,BUFFRMFISHBT20,BUFFRMFish2009May21,4,M,main,0,0,0,0,0,0,0,0,0,0,,12/3/2018
2009,BUFFRMFISHBT20,BUFFRMFish2009May21,4,R,main,0,0,1,0,1,0,1,0,0,0,,12/3/2018
2009,BUFFRMFISHBT20,BUFFRMFish2009May21,5,L,main,0,0,0,0,1,0,1,0,0,0,,12/3/2018
2009,BUFFRMFISHBT20,BUFFRMFish2009May21,5,M,main,0,0,0,0,0,0,0,0,0,0,,12/3/2018
2009,BUFFRMFISHBT20,BUFFRMFish2009May21,5,R,main,0,0,1,0,0,0,0,0,0,0,,12/3/2018
2009,BUFFRMFISHBT20,BUFFRMFish2009May21,6,L,main,0,0,0,0,1,0,1,0,0,0,,12/3/2018
2009,BUFFRMFISHBT20,BUFFRMFish2009May21,6,M,main,0,0,0,0,0,0,0,0,0,0,,12/3/2018
2009,BUFFRMFISHBT20,BUFFRMFish2009May21,6,R,main,0,0,1,0,0,0,1,0,0,0,,12/3/2018
2009,BUFFRMFISHBT20,BUFFRMFish2009May21,7,L,main,0,0,0,0,0,0,0,0,0,0,,12/3/2018
2009,BUFFRMFISHBT20,BUFFRMFish2009May21,7,M,main,0,0,1,0,0,0,0,0,0,0,,12/3/2018
2009,BUFFRMFISHBT20,BUFFRMFish2009May21,7,R,main,0,0,1,0,1,0,0,0,0,0,,12/3/2018
2009,BUFFRMFISHBT20,BUFFRMFish2009May21,8,L,main,0,0,1,0,0,0,0,0,0,0,,12/3/2018
2009,BUFFRMFISHBT20,BUFFRMFish2009May21,8,M,main,0,0,1,0,0,0,0,0,0,0,,12/3/2018
2009,BUFFRMFISHBT20,BUFFRMFish2009May21,8,R,main,0,0,1,0,0,0,0,0,0,0,,12/3/2018
2009,BUFFRMFISHBT20,BUFFRMFish2009May21,9,L,main,0,0,0,0,0,0,0,0,0,0,,12/3/2018
2009,BUFFRMFISHBT20,BUFFRMFish2009May21,9,M,main,0,0,1,0,0,0,0,0,0,0,,12/3/2018
2009,BUFFRMFISHBT20,BUFFRMFish2009May21,9,R,main,0,0,1,0,0,0,0,0,0,0,,12/3/2018
2009,BUFFRMFISHBT20,BUFFRMFish2009May21,10,L,main,0,0,0,0,0,0,0,0,0,0,,12/3/2018
2009,BUFFRMFISHBT20,BUFFRMFish2009May21,10,M,main,0,0,0,0,0,0,0,0,0,0,,12/3/2018
2009,BUFFRMFISHBT20,BUFFRMFish2009May21,10,R,main,0,0,1,0,0,0,0,0,0,0,,12/3/2018
2009,BUFFRMFISHBT20,BUFFRMFish2009May21,11,L,main,0,0,0,0,0,0,0,0,0,0,,12/3/2018
2009,BUFFRMFISHBT20,BUFFRMFish2009May21,11,M,main,0,0,1,0,0,0,0,0,0,0,,12/3/2018
2009,BUFFRMFISHBT20,BUFFRMFish2009May21,11,R,main,0,0,1,0,1,0,0,0,0,0,,12/3/2018
2009,BUFFRMFISHBT23,BUFFRMFish2009May26,1,L,main,0,0,0,0,1,0,0,1,0,0,,12/3/2018
2009,BUFFRMFISHBT23,BUFFRMFish2009May26,1,M,main,0,0,0,0,0,0,0,0,0,0,,12/3/2018
2009,BUFFRMFISHBT23,BUFFRMFish2009May26,1,R,main,0,0,0,0,1,0,0,0,0,0,,12/3/2018
2009,BUFFRMFISHBT23,BUFFRMFish2009May26,2,L,main,0,0,0,0,1,0,0,0,1,1,,12/3/2018
2009,BUFFRMFISHBT23,BUFFRMFish2009May26,2,M,main,0,0,0,0,0,0,0,0,0,0,,12/3/2018
2009,BUFFRMFISHBT23,BUFFRMFish2009May26,2,R,main,0,0,0,0,1,0,0,0,0,0,,12/3/2018
2009,BUFFRMFISHBT23,BUFFRMFish2009May26,3,L,main,0,0,0,0,1,0,0,0,0,1,,12/3/2018
2009,BUFFRMFISHBT23,BUFFRMFish2009May26,3,M,main,0,0,0,0,0,0,0,0,0,0,,12/3/2018
2009,BUFFRMFISHBT23,BUFFRMFish2009May26,3,R,main,0,0,0,0,1,0,0,0,0,0,,12/3/2018
2009,BUFFRMFISHBT23,BUFFRMFish2009May26,4,L,main,0,1,0,0,0,0,1,1,1,1,,12/3/2018
2009,BUFFRMFISHBT23,BUFFRMFish2009May26,4,M,main,0,0,0,0,0,0,0,0,0,0,,12/3/2018
2009,BUFFRMFISHBT23,BUFFRMFish2009May26,4,R,main,0,0,0,0,1,0,0,0,0,0,,12/3/2018
2009,BUFFRMFISHBT23,BUFFRMFish2009May26,5,L,main,0,0,0,0,0,0,0,1,1,0,,12/3/2018
2009,BUFFRMFISHBT23,BUFFRMFish2009May26,5,M,main,0,0,0,0,0,0,0,0,0,0,,12/3/2018
2009,BUFFRMFISHBT23,BUFFRMFish2009May26,5,R,main,0,0,0,0,1,1,0,0,0,0,,12/3/2018
2009,BUFFRMFISHBT23,BUFFRMFish2009May26,6,L,main,0,0,0,0,0,0,0,0,1,1,,12/3/2018
2009,BUFFRMFISHBT23,BUFFRMFish2009May26,6,M,main,0,0,0,0,0,0,0,0,0,0,,12/3/2018
2009,BUFFRMFISHBT23,BUFFRMFish2009May26,6,R,main,0,0,0,0,0,0,0,0,0,0,,12/3/2018
2009,BUFFRMFISHBT23,BUFFRMFish2009May26,7,L,main,0,0,0,0,1,0,0,1,0,1,,12/3/2018
2009,BUFFRMFISHBT23,BUFFRMFish2009May26,7,M,main,0,0,0,0,0,0,0,0,0,0,island 2.1 m wide,12/3/2018
2009,BUFFRMFISHBT23,BUFFRMFish2009May26,7,R,main,0,0,0,0,0,0,0,1,0,0,,12/3/2018
2009,BUFFRMFISHBT23,BUFFRMFish2009May26,8,L,main,0,0,0,0,0,0,0,1,1,1,,12/3/2018
2009,BUFFRMFISHBT23,BUFFRMFish2009May26,8,M,main,0,0,0,0,0,0,0,0,0,0,island 10.1 m wide,12/3/2018
2009,BUFFRMFISHBT23,BUFFRMFish2009May26,8,R,main,0,0,0,0,0,0,1,1,0,0,,12/3/2018
2009,BUFFRMFISHBT23,BUFFRMFish2009May26,9,L,main,0,0,0,0,1,0,0,1,0,0,,12/3/2018
2009,BUFFRMFISHBT23,BUFFRMFish2009May26,9,M,main,0,0,0,0,0,0,0,0,0,0,island 16.5 m wide,12/3/2018
2009,BUFFRMFISHBT23,BUFFRMFish2009May26,9,R,main,0,0,0,0,0,0,0,1,1,1,,12/3/2018
2009,BUFFRMFISHBT23,BUFFRMFish2009May26,10,L,main,0,0,1,0,1,0,0,1,1,0,,12/3/2018
2009,BUFFRMFISHBT23,BUFFRMFish2009May26,10,M,main,0,0,0,0,0,0,0,0,0,0,island 19.2 m wide,12/3/2018
2009,BUFFRMFISHBT23,BUFFRMFish2009May26,10,R,main,0,0,0,0,0,0,1,0,0,0,,12/3/2018
2009,BUFFRMFISHBT23,BUFFRMFish2009May26,11,L,main,0,0,1,0,0,1,0,0,0,0,,12/3/2018
2009,BUFFRMFISHBT23,BUFFRMFish2009May26,11,M,main,0,0,0,0,0,0,0,0,0,0,island 15.8 m wide,12/3/2018
2009,BUFFRMFISHBT23,BUFFRMFish2009May26,11,R,main,0,0,0,0,0,0,1,1,0,0,,12/3/2018
2010,BUFFRMFISHBM01,BUFFRMFish2010May27,1,L,main,0,0,0,0,1,0,1,0,0,0,,12/3/2018
2010,BUFFRMFISHBM01,BUFFRMFish2010May27,1,L,side channel,0,0,0,0,1,0,0,0,0,0,,12/3/2018
2010,BUFFRMFISHBM01,BUFFRMFish2010May27,1,M,main,0,0,0,0,0,0,0,0,0,0,,12/3/2018
2010,BUFFRMFISHBM01,BUFFRMFish2010May27,1,M,side channel,0,0,0,0,0,0,0,0,0,0,,12/3/2018
2010,BUFFRMFISHBM01,BUFFRMFish2010May27,1,R,main,0,0,0,0,1,0,0,0,0,0,,12/3/2018
2010,BUFFRMFISHBM01,BUFFRMFish2010May27,1,R,side channel,0,0,0,0,0,0,0,0,0,0,,12/3/2018
2010,BUFFRMFISHBM01,BUFFRMFish2010May27,2,L,main,0,0,0,0,1,0,0,0,0,0,,12/3/2018
2010,BUFFRMFISHBM01,BUFFRMFish2010May27,2,L,side channel,0,0,0,0,1,0,0,0,0,0,,12/3/2018
2010,BUFFRMFISHBM01,BUFFRMFish2010May27,2,M,main,0,0,0,0,0,0,0,0,0,0,,12/3/2018
2010,BUFFRMFISHBM01,BUFFRMFish2010May27,2,M,side channel,0,0,0,0,0,0,0,0,0,0,,12/3/2018
2010,BUFFRMFISHBM01,BUFFRMFish2010May27,2,R,main,0,0,0,0,1,0,0,0,0,0,,12/3/2018
2010,BUFFRMFISHBM01,BUFFRMFish2010May27,2,R,side channel,0,0,0,0,1,0,0,0,0,0,,12/3/2018
2010,BUFFRMFISHBM01,BUFFRMFish2010May27,3,L,main,0,0,0,0,1,0,0,0,0,0,,12/3/2018
2010,BUFFRMFISHBM01,BUFFRMFish2010May27,3,L,side channel,0,0,0,0,1,0,0,1,0,0,,12/3/2018
2010,BUFFRMFISHBM01,BUFFRMFish2010May27,3,M,main,0,0,0,0,0,0,0,0,0,0,,12/3/2018
2010,BUFFRMFISHBM01,BUFFRMFish2010May27,3,M,side channel,0,0,0,0,0,0,0,0,0,0,,12/3/2018
2010,BUFFRMFISHBM01,BUFFRMFish2010May27,3,R,main,0,0,0,0,1,0,0,0,0,0,,12/3/2018
2010,BUFFRMFISHBM01,BUFFRMFish2010May27,3,R,side channel,0,0,0,0,1,0,0,1,0,0,,12/3/2018
2010,BUFFRMFISHBM01,BUFFRMFish2010May27,4,L,main,0,0,0,0,1,0,0,0,0,0,,12/3/2018
2010,BUFFRMFISHBM01,BUFFRMFish2010May27,4,L,side channel,0,0,0,0,1,0,1,0,0,0,,12/3/2018
2010,BUFFRMFISHBM01,BUFFRMFish2010May27,4,M,main,0,0,0,0,0,0,0,0,0,0,,12/3/2018
2010,BUFFRMFISHBM01,BUFFRMFish2010May27,4,M,side channel,0,0,0,0,0,0,0,0,0,0,,12/3/2018
2010,BUFFRMFISHBM01,BUFFRMFish2010May27,4,R,main,0,0,0,0,1,0,0,0,0,0,,12/3/2018
2010,BUFFRMFISHBM01,BUFFRMFish2010May27,4,R,side channel,0,0,0,0,0,0,0,0,0,0,,12/3/2018
2010,BUFFRMFISHBM01,BUFFRMFish2010May27,5,L,main,0,0,0,0,1,0,1,0,0,0,,12/3/2018
2010,BUFFRMFISHBM01,BUFFRMFish2010May27,5,L,side channel,0,0,0,0,1,1,1,1,0,0,,12/3/2018
2010,BUFFRMFISHBM01,BUFFRMFish2010May27,5,M,main,0,0,0,0,0,0,0,0,0,0,,12/3/2018
2010,BUFFRMFISHBM01,BUFFRMFish2010May27,5,M,side channel,0,0,0,0,0,0,0,0,0,0,,12/3/2018
2010,BUFFRMFISHBM01,BUFFRMFish2010May27,5,R,main,0,0,0,0,0,0,1,1,0,0,,12/3/2018
2010,BUFFRMFISHBM01,BUFFRMFish2010May27,5,R,side channel,0,0,0,0,1,0,1,0,0,0,,12/3/2018
2010,BUFFRMFISHBM01,BUFFRMFish2010May27,6,L,main,0,0,0,0,1,0,0,1,0,0,,12/3/2018
2010,BUFFRMFISHBM01,BUFFRMFish2010May27,6,M,main,0,0,1,0,0,0,0,0,0,0,,12/3/2018
2010,BUFFRMFISHBM01,BUFFRMFish2010May27,6,R,main,0,0,1,0,0,0,1,1,0,0,,12/3/2018
2010,BUFFRMFISHBM01,BUFFRMFish2010May27,7,L,main,0,0,0,0,1,0,1,1,0,0,,12/3/2018
2010,BUFFRMFISHBM01,BUFFRMFish2010May27,7,M,main,0,0,0,0,0,0,0,0,0,0,,12/3/2018
2010,BUFFRMFISHBM01,BUFFRMFish2010May27,7,R,main,0,0,0,0,0,0,1,1,0,0,,12/3/2018
2010,BUFFRMFISHBM01,BUFFRMFish2010May27,8,L,main,0,0,0,0,1,0,1,1,0,0,,12/3/2018
2010,BUFFRMFISHBM01,BUFFRMFish2010May27,8,M,main,0,0,0,0,0,0,0,0,0,0,,12/3/2018
2010,BUFFRMFISHBM01,BUFFRMFish2010May27,8,R,main,0,0,0,0,1,0,1,1,0,0,,12/3/2018
2010,BUFFRMFISHBM01,BUFFRMFish2010May27,9,L,main,0,0,0,0,0,0,0,1,0,0,,1/29/2019
2010,BUFFRMFISHBM01,BUFFRMFish2010May27,9,M,main,0,0,0,0,0,0,0,0,0,0,,12/3/2018
2010,BUFFRMFISHBM01,BUFFRMFish2010May27,9,R,main,0,0,0,0,0,0,1,1,0,0,,12/3/2018
2010,BUFFRMFISHBM01,BUFFRMFish2010May27,10,L,main,0,0,0,0,0,0,1,1,0,0,,12/3/2018
2010,BUFFRMFISHBM01,BUFFRMFish2010May27,10,M,main,0,0,0,0,0,0,0,0,0,0,,12/3/2018
2010,BUFFRMFISHBM01,BUFFRMFish2010May27,10,R,main,0,0,0,0,1,0,1,1,0,0,,12/3/2018
2010,BUFFRMFISHBM01,BUFFRMFish2010May27,11,L,main,0,0,0,0,0,0,0,1,0,0,,12/3/2018
2010,BUFFRMFISHBM01,BUFFRMFish2010May27,11,M,main,0,0,0,0,0,0,0,0,0,0,,12/3/2018
2010,BUFFRMFISHBM01,BUFFRMFish2010May27,11,R,main,0,0,1,0,1,1,1,0,0,0,,12/3/2018
2010,BUFFRMFISHBM02,BUFFRMFish2010May26,1,L,main,0,1,0,0,1,1,1,1,0,0,,12/3/2018
2010,BUFFRMFISHBM02,BUFFRMFish2010May26,1,M,main,0,0,0,0,0,0,0,0,0,0,,12/3/2018
2010,BUFFRMFISHBM02,BUFFRMFish2010May26,1,R,main,0,1,0,0,1,0,1,1,0,0,,12/3/2018
2010,BUFFRMFISHBM02,BUFFRMFish2010May26,2,L,main,0,0,0,0,1,0,1,1,0,0,,12/3/2018
2010,BUFFRMFISHBM02,BUFFRMFish2010May26,2,M,main,0,0,0,0,0,0,0,0,0,0,,12/3/2018
2010,BUFFRMFISHBM02,BUFFRMFish2010May26,2,R,main,0,0,0,0,1,1,1,1,0,0,,12/3/2018
2010,BUFFRMFISHBM02,BUFFRMFish2010May26,3,L,main,0,0,0,0,1,1,0,1,0,0,,12/3/2018
2010,BUFFRMFISHBM02,BUFFRMFish2010May26,3,M,main,0,0,0,0,0,0,0,0,0,0,,12/3/2018
2010,BUFFRMFISHBM02,BUFFRMFish2010May26,3,R,main,0,0,1,0,1,1,1,0,0,0,,12/3/2018
2010,BUFFRMFISHBM02,BUFFRMFish2010May26,4,L,main,0,0,0,0,0,0,0,1,0,0,,12/3/2018
2010,BUFFRMFISHBM02,BUFFRMFish2010May26,4,M,main,0,0,0,0,0,0,0,0,0,0,,12/3/2018
2010,BUFFRMFISHBM02,BUFFRMFish2010May26,4,R,main,0,0,0,0,1,1,0,0,0,0,,12/3/2018
2010,BUFFRMFISHBM02,BUFFRMFish2010May26,5,L,main,0,0,0,0,1,0,0,0,0,0,,12/3/2018
2010,BUFFRMFISHBM02,BUFFRMFish2010May26,5,M,main,0,0,1,0,0,0,0,0,0,0,,12/3/2018
2010,BUFFRMFISHBM02,BUFFRMFish2010May26,5,R,main,0,0,0,0,0,0,0,0,0,0,,12/3/2018
2010,BUFFRMFISHBM02,BUFFRMFish2010May26,6,L,main,0,0,0,0,1,1,0,0,0,0,,12/3/2018
2010,BUFFRMFISHBM02,BUFFRMFish2010May26,6,M,main,0,0,0,0,0,0,0,0,0,0,,12/3/2018
2010,BUFFRMFISHBM02,BUFFRMFish2010May26,6,R,main,0,0,0,0,0,0,1,1,0,0,,12/3/2018
2010,BUFFRMFISHBM02,BUFFRMFish2010May26,7,L,main,0,0,0,0,0,0,1,0,0,0,,12/3/2018
2010,BUFFRMFISHBM02,BUFFRMFish2010May26,7,M,main,0,0,0,0,0,0,0,0,0,0,,12/3/2018
2010,BUFFRMFISHBM02,BUFFRMFish2010May26,7,R,main,0,0,0,0,1,1,1,1,0,0,,12/3/2018
2010,BUFFRMFISHBM02,BUFFRMFish2010May26,8,L,main,0,0,0,0,1,0,1,0,0,1,,12/3/2018
2010,BUFFRMFISHBM02,BUFFRMFish2010May26,8,M,main,0,0,0,0,0,0,0,0,0,0,,12/3/2018
2010,BUFFRMFISHBM02,BUFFRMFish2010May26,8,R,main,0,0,0,0,1,0,1,1,0,0,,12/3/2018
2010,BUFFRMFISHBM02,BUFFRMFish2010May26,9,L,main,0,0,0,0,0,0,0,0,0,1,,12/3/2018
2010,BUFFRMFISHBM02,BUFFRMFish2010May26,9,M,main,0,0,1,0,0,0,0,0,0,0,,12/3/2018
2010,BUFFRMFISHBM02,BUFFRMFish2010May26,9,R,main,0,0,0,0,1,1,1,0,0,0,,12/3/2018
2010,BUFFRMFISHBM02,BUFFRMFish2010May26,10,L,main,0,0,0,0,0,0,0,0,1,1,,12/3/2018
2010,BUFFRMFISHBM02,BUFFRMFish2010May26,10,M,main,0,0,0,0,0,0,0,0,0,0,,12/3/2018
2010,BUFFRMFISHBM02,BUFFRMFish2010May26,10,R,main,0,0,0,0,1,0,0,1,0,0,,12/3/2018
2010,BUFFRMFISHBM02,BUFFRMFish2010May26,11,L,main,0,0,1,0,1,0,1,1,0,0,,12/3/2018
2010,BUFFRMFISHBM02,BUFFRMFish2010May26,11,M,main,0,0,1,0,0,0,0,0,0,0,,12/3/2018
2010,BUFFRMFISHBM02,BUFFRMFish2010May26,11,R,main,0,0,0,0,1,1,0,0,0,0,,12/3/2018
2010,BUFFRMFISHBM03,BUFFRMFish2010Jun01,1,L,main,0,0,0,0,0,0,0,1,0,0,,12/3/2018
2010,BUFFRMFISHBM03,BUFFRMFish2010Jun01,1,M,main,0,0,0,0,0,0,0,0,0,0,,12/3/2018
2010,BUFFRMFISHBM03,BUFFRMFish2010Jun01,1,R,main,0,0,0,0,1,0,0,1,0,0,,12/3/2018
2010,BUFFRMFISHBM03,BUFFRMFish2010Jun01,2,L,main,0,0,0,0,0,0,1,1,0,0,,12/3/2018
2010,BUFFRMFISHBM03,BUFFRMFish2010Jun01,2,M,main,0,0,0,0,0,0,0,0,0,0,,12/3/2018
2010,BUFFRMFISHBM03,BUFFRMFish2010Jun01,2,R,main,0,0,0,0,1,0,1,1,0,0,,12/3/2018
2010,BUFFRMFISHBM03,BUFFRMFish2010Jun01,3,L,main,0,0,0,0,1,0,1,0,0,0,,12/3/2018
2010,BUFFRMFISHBM03,BUFFRMFish2010Jun01,3,M,main,0,0,0,0,0,0,0,0,0,0,,12/3/2018
2010,BUFFRMFISHBM03,BUFFRMFish2010Jun01,3,R,main,0,0,0,0,1,0,1,1,0,0,,12/3/2018
2010,BUFFRMFISHBM03,BUFFRMFish2010Jun01,4,L,main,0,0,0,0,1,0,0,0,0,0,,12/3/2018
2010,BUFFRMFISHBM03,BUFFRMFish2010Jun01,4,M,main,0,0,1,0,0,0,0,0,0,0,,12/3/2018
2010,BUFFRMFISHBM03,BUFFRMFish2010Jun01,4,R,main,0,0,1,0,1,1,1,1,0,0,,12/3/2018
2010,BUFFRMFISHBM03,BUFFRMFish2010Jun01,5,L,main,0,0,0,0,0,0,0,1,0,0,Bluff @ 10 meters,12/3/2018
2010,BUFFRMFISHBM03,BUFFRMFish2010Jun01,5,M,main,0,0,0,0,0,0,0,0,0,0,,12/3/2018
2010,BUFFRMFISHBM03,BUFFRMFish2010Jun01,5,R,main,0,0,0,0,0,0,0,0,0,0,,12/3/2018
2010,BUFFRMFISHBM03,BUFFRMFish2010Jun01,6,L,main,0,0,0,0,1,0,1,1,0,1,,12/3/2018
2010,BUFFRMFISHBM03,BUFFRMFish2010Jun01,6,M,main,0,0,1,0,0,0,0,0,0,0,,12/3/2018
2010,BUFFRMFISHBM03,BUFFRMFish2010Jun01,6,R,main,0,0,0,0,0,0,0,0,0,0,,12/3/2018
2010,BUFFRMFISHBM03,BUFFRMFish2010Jun01,7,L,main,0,0,0,0,1,0,0,1,0,1,,12/3/2018
2010,BUFFRMFISHBM03,BUFFRMFish2010Jun01,7,M,main,0,0,0,0,0,0,0,0,0,0,,12/3/2018
2010,BUFFRMFISHBM03,BUFFRMFish2010Jun01,7,R,main,0,0,0,0,1,0,0,0,0,0,,12/3/2018
2010,BUFFRMFISHBM03,BUFFRMFish2010Jun01,8,L,main,0,0,0,0,1,0,0,0,0,1,,12/3/2018
2010,BUFFRMFISHBM03,BUFFRMFish2010Jun01,8,M,main,0,0,0,0,0,0,0,0,0,0,,12/3/2018
2010,BUFFRMFISHBM03,BUFFRMFish2010Jun01,8,R,main,0,0,0,0,0,0,0,0,0,0,,12/3/2018
2010,BUFFRMFISHBM03,BUFFRMFish2010Jun01,9,L,main,0,0,0,0,0,0,1,0,1,1,,12/3/2018
2010,BUFFRMFISHBM03,BUFFRMFish2010Jun01,9,M,main,0,0,0,0,0,0,0,0,0,0,,12/3/2018
2010,BUFFRMFISHBM03,BUFFRMFish2010Jun01,9,R,main,0,0,0,0,0,0,0,0,0,0,,12/3/2018
2010,BUFFRMFISHBM03,BUFFRMFish2010Jun01,10,L,main,0,0,0,0,1,1,1,1,0,0,,12/3/2018
2010,BUFFRMFISHBM03,BUFFRMFish2010Jun01,10,M,main,0,0,0,0,0,0,0,0,0,0,,12/3/2018
2010,BUFFRMFISHBM03,BUFFRMFish2010Jun01,10,R,main,0,0,0,0,1,0,0,0,0,0,,12/3/2018
2010,BUFFRMFISHBM03,BUFFRMFish2010Jun01,11,L,main,0,0,0,0,1,0,0,1,0,1,Last transect ~ 35 meters upstream of reach,12/3/2018
2010,BUFFRMFISHBM03,BUFFRMFish2010Jun01,11,M,main,0,0,0,0,0,0,0,0,0,0,,12/3/2018
2010,BUFFRMFISHBM03,BUFFRMFish2010Jun01,11,R,main,0,0,0,0,0,0,0,0,0,0,,12/3/2018
2010,BUFFRMFISHBM04,BUFFRMFish2010Jun03,1,L,main,0,0,0,0,1,0,0,0,0,0,,12/3/2018
2010,BUFFRMFISHBM04,BUFFRMFish2010Jun03,1,M,main,0,0,0,0,0,0,0,0,0,0,,12/3/2018
2010,BUFFRMFISHBM04,BUFFRMFish2010Jun03,1,R,main,0,0,0,0,0,0,0,1,0,0,,12/3/2018
2010,BUFFRMFISHBM04,BUFFRMFish2010Jun03,2,L,main,0,0,0,0,1,0,0,1,0,0,,12/3/2018
2010,BUFFRMFISHBM04,BUFFRMFish2010Jun03,2,M,main,0,0,0,0,0,0,0,0,0,0,,12/3/2018
2010,BUFFRMFISHBM04,BUFFRMFish2010Jun03,2,R,main,0,0,0,0,0,0,0,0,0,0,,12/3/2018
2010,BUFFRMFISHBM04,BUFFRMFish2010Jun03,3,L,main,0,0,0,0,0,0,0,1,0,0,,12/3/2018
2010,BUFFRMFISHBM04,BUFFRMFish2010Jun03,3,M,main,0,0,0,0,0,0,0,0,0,0,,12/3/2018
2010,BUFFRMFISHBM04,BUFFRMFish2010Jun03,3,R,main,0,0,0,0,0,0,1,1,0,0,,12/3/2018
2010,BUFFRMFISHBM04,BUFFRMFish2010Jun03,4,L,main,0,0,0,0,1,0,0,1,0,0,,12/3/2018
2010,BUFFRMFISHBM04,BUFFRMFish2010Jun03,4,M,main,0,0,0,0,0,0,0,0,0,0,,12/3/2018
2010,BUFFRMFISHBM04,BUFFRMFish2010Jun03,4,R,main,0,0,0,0,1,0,1,0,0,0,,12/3/2018
2010,BUFFRMFISHBM04,BUFFRMFish2010Jun03,5,L,main,0,0,0,0,1,0,0,1,0,0,,12/3/2018
2010,BUFFRMFISHBM04,BUFFRMFish2010Jun03,5,M,main,0,0,0,0,0,0,0,0,0,0,,12/3/2018
2010,BUFFRMFISHBM04,BUFFRMFish2010Jun03,5,R,main,0,0,0,0,1,0,0,0,0,0,,12/3/2018
2010,BUFFRMFISHBM04,BUFFRMFish2010Jun03,6,L,main,0,0,0,0,1,0,0,0,0,0,,12/3/2018
2010,BUFFRMFISHBM04,BUFFRMFish2010Jun03,6,M,main,0,0,0,0,0,0,0,0,0,0,,12/3/2018
2010,BUFFRMFISHBM04,BUFFRMFish2010Jun03,6,R,main,0,0,0,0,1,0,0,0,0,0,,12/3/2018
2010,BUFFRMFISHBM05,BUFFRMFish2010Jun02,1,L,main,0,0,0,0,1,1,0,0,0,0,,12/3/2018
2010,BUFFRMFISHBM05,BUFFRMFish2010Jun02,1,M,main,0,0,0,0,0,0,0,0,0,0,,12/3/2018
2010,BUFFRMFISHBM05,BUFFRMFish2010Jun02,1,R,main,0,0,0,0,1,0,1,0,0,0,,12/3/2018
2010,BUFFRMFISHBM05,BUFFRMFish2010Jun02,2,L,main,0,0,0,0,1,0,1,0,0,0,,12/3/2018
2010,BUFFRMFISHBM05,BUFFRMFish2010Jun02,2,M,main,0,0,0,0,0,0,0,0,0,0,,12/3/2018
2010,BUFFRMFISHBM05,BUFFRMFish2010Jun02,2,R,main,0,0,0,0,1,0,0,1,0,0,,12/3/2018
2010,BUFFRMFISHBM05,BUFFRMFish2010Jun02,3,L,main,0,0,0,0,0,0,0,0,0,0,,12/3/2018
2010,BUFFRMFISHBM05,BUFFRMFish2010Jun02,3,M,main,0,0,0,0,0,0,0,0,0,0,,12/3/2018
2010,BUFFRMFISHBM05,BUFFRMFish2010Jun02,3,R,main,0,0,0,0,1,0,0,0,0,0,,12/3/2018
2010,BUFFRMFISHBM05,BUFFRMFish2010Jun02,4,L,main,0,0,0,0,1,0,0,0,0,0,,12/3/2018
2010,BUFFRMFISHBM05,BUFFRMFish2010Jun02,4,M,main,0,0,0,0,0,0,0,0,0,0,,12/3/2018
2010,BUFFRMFISHBM05,BUFFRMFish2010Jun02,4,R,main,0,0,0,0,0,0,0,0,0,0,,12/3/2018
2010,BUFFRMFISHBM05,BUFFRMFish2010Jun02,5,L,main,0,0,0,0,1,0,1,0,0,0,,12/3/2018
2010,BUFFRMFISHBM05,BUFFRMFish2010Jun02,5,M,main,0,0,0,0,0,0,0,0,0,0,,12/3/2018
2010,BUFFRMFISHBM05,BUFFRMFish2010Jun02,5,R,main,0,0,0,0,1,0,0,1,0,0,,12/3/2018
2010,BUFFRMFISHBM05,BUFFRMFish2010Jun02,6,L,main,0,0,0,0,1,0,1,0,0,0,,12/3/2018
2010,BUFFRMFISHBM05,BUFFRMFish2010Jun02,6,M,main,0,0,1,0,0,0,0,0,0,0,,12/3/2018
2010,BUFFRMFISHBM05,BUFFRMFish2010Jun02,6,R,main,0,0,0,0,0,1,0,0,0,0,,12/3/2018
2010,BUFFRMFISHBM05,BUFFRMFish2010Jun02,7,L,main,0,0,0,0,0,0,0,0,0,0,,12/3/2018
2010,BUFFRMFISHBM05,BUFFRMFish2010Jun02,7,M,main,0,0,0,0,0,0,0,0,0,0,,12/3/2018
2010,BUFFRMFISHBM05,BUFFRMFish2010Jun02,7,R,main,0,0,0,0,1,1,1,0,0,0,,12/3/2018
2010,BUFFRMFISHBM05,BUFFRMFish2010Jun02,8,L,main,0,0,1,0,0,0,0,0,0,0,,12/3/2018
2010,BUFFRMFISHBM05,BUFFRMFish2010Jun02,8,M,main,0,0,0,0,0,0,0,0,0,0,,12/3/2018
2010,BUFFRMFISHBM05,BUFFRMFish2010Jun02,8,R,main,0,0,1,0,1,0,0,0,1,1,,12/3/2018
2010,BUFFRMFISHBM05,BUFFRMFish2010Jun02,9,L,main,0,0,0,0,0,0,0,0,0,0,,12/3/2018
2010,BUFFRMFISHBM05,BUFFRMFish2010Jun02,9,M,main,0,0,1,0,0,0,0,0,0,0,,12/3/2018
2010,BUFFRMFISHBM05,BUFFRMFish2010Jun02,9,R,main,0,0,0,0,0,0,0,0,0,1,,12/3/2018
2010,BUFFRMFISHBM05,BUFFRMFish2010Jun02,10,L,main,0,0,0,0,1,0,1,1,0,0,,12/3/2018
2010,BUFFRMFISHBM05,BUFFRMFish2010Jun02,10,M,main,0,0,0,0,0,0,0,0,0,0,,12/3/2018
2010,BUFFRMFISHBM05,BUFFRMFish2010Jun02,10,R,main,0,0,1,0,1,1,0,0,0,1,,12/3/2018
2010,BUFFRMFISHBM05,BUFFRMFish2010Jun02,11,L,main,0,0,0,0,1,0,0,0,0,0,,12/3/2018
2010,BUFFRMFISHBM05,BUFFRMFish2010Jun02,11,M,main,0,0,1,0,0,0,0,0,0,0,,12/3/2018
2010,BUFFRMFISHBM05,BUFFRMFish2010Jun02,11,R,main,0,0,0,0,0,0,0,0,0,1,,12/3/2018
2010,BUFFRMFISHBM06,BUFFRMFish2010Jun09,1,L,main,0,0,0,0,0,0,0,0,0,0,,12/3/2018
2010,BUFFRMFISHBM06,BUFFRMFish2010Jun09,1,M,main,0,0,0,0,0,0,0,0,0,0,,12/3/2018
2010,BUFFRMFISHBM06,BUFFRMFish2010Jun09,1,R,main,0,0,0,0,0,0,1,1,0,0,,12/3/2018
2010,BUFFRMFISHBM06,BUFFRMFish2010Jun09,2,L,main,1,0,0,0,0,0,0,1,0,0,,12/3/2018
2010,BUFFRMFISHBM06,BUFFRMFish2010Jun09,2,M,main,0,0,0,0,0,0,0,0,0,0,,12/3/2018
2010,BUFFRMFISHBM06,BUFFRMFish2010Jun09,2,R,main,0,0,0,0,1,0,0,1,0,0,,12/3/2018
2010,BUFFRMFISHBM06,BUFFRMFish2010Jun09,3,L,main,0,0,0,0,1,0,1,1,0,0,,12/3/2018
2010,BUFFRMFISHBM06,BUFFRMFish2010Jun09,3,M,main,0,0,0,0,0,0,0,0,0,0,,12/3/2018
2010,BUFFRMFISHBM06,BUFFRMFish2010Jun09,3,R,main,0,0,0,0,1,0,1,0,0,0,,12/3/2018
2010,BUFFRMFISHBM06,BUFFRMFish2010Jun09,4,L,main,0,0,0,0,0,0,1,1,0,0,,12/3/2018
2010,BUFFRMFISHBM06,BUFFRMFish2010Jun09,4,M,main,0,0,0,0,0,0,0,0,0,0,,12/3/2018
2010,BUFFRMFISHBM06,BUFFRMFish2010Jun09,4,R,main,0,0,0,0,1,0,1,0,0,0,,12/3/2018
2010,BUFFRMFISHBM06,BUFFRMFish2010Jun09,5,L,main,0,0,0,0,0,0,1,0,0,0,,12/3/2018
2010,BUFFRMFISHBM06,BUFFRMFish2010Jun09,5,M,main,0,0,0,0,0,0,0,0,0,0,,12/3/2018
2010,BUFFRMFISHBM06,BUFFRMFish2010Jun09,5,R,main,0,0,0,0,1,0,0,1,0,0,,12/3/2018
2010,BUFFRMFISHBM06,BUFFRMFish2010Jun09,6,L,main,0,0,0,0,0,0,0,0,0,0,,12/3/2018
2010,BUFFRMFISHBM06,BUFFRMFish2010Jun09,6,M,main,0,0,0,0,0,0,0,0,0,0,,12/3/2018
2010,BUFFRMFISHBM06,BUFFRMFish2010Jun09,6,R,main,0,0,0,0,1,0,0,0,0,0,,12/3/2018
2010,BUFFRMFISHBM06,BUFFRMFish2010Jun09,7,L,main,0,0,0,0,0,0,0,0,0,0,,12/3/2018
2010,BUFFRMFISHBM06,BUFFRMFish2010Jun09,7,M,main,0,0,0,0,0,0,0,0,0,0,,12/3/2018
2010,BUFFRMFISHBM06,BUFFRMFish2010Jun09,7,R,main,0,0,0,0,1,0,0,1,0,0,,12/3/2018
2010,BUFFRMFISHBM06,BUFFRMFish2010Jun09,8,L,main,0,0,0,0,0,0,0,0,0,0,,12/3/2018
2010,BUFFRMFISHBM06,BUFFRMFish2010Jun09,8,M,main,0,0,0,0,0,0,0,0,0,0,,12/3/2018
2010,BUFFRMFISHBM06,BUFFRMFish2010Jun09,8,R,main,0,0,0,0,1,0,0,0,0,0,,12/3/2018
2010,BUFFRMFISHBM06,BUFFRMFish2010Jun09,9,L,main,0,0,0,0,0,0,0,0,0,0,,12/3/2018
2010,BUFFRMFISHBM06,BUFFRMFish2010Jun09,9,M,main,0,0,0,0,0,0,0,0,0,0,,12/3/2018
2010,BUFFRMFISHBM06,BUFFRMFish2010Jun09,9,R,main,0,0,0,0,0,0,0,0,0,0,,12/3/2018
2010,BUFFRMFISHBM06,BUFFRMFish2010Jun09,10,L,main,0,0,0,0,0,0,0,0,0,0,,12/3/2018
2010,BUFFRMFISHBM06,BUFFRMFish2010Jun09,10,M,main,0,0,0,0,0,0,0,0,0,0,,12/3/2018
2010,BUFFRMFISHBM06,BUFFRMFish2010Jun09,10,R,main,0,0,0,0,1,0,1,0,0,0,,12/3/2018
2010,BUFFRMFISHBM06,BUFFRMFish2010Jun09,11,L,main,0,0,0,0,0,0,0,0,0,0,,12/3/2018
2010,BUFFRMFISHBM06,BUFFRMFish2010Jun09,11,M,main,0,0,0,0,0,0,0,0,0,0,,12/3/2018
2010,BUFFRMFISHBM06,BUFFRMFish2010Jun09,11,R,main,0,0,1,0,1,0,0,0,0,1,,12/3/2018
2010,BUFFRMFISHBT08,BUFFRMFish2010May17,1,L,main,0,0,0,0,0,0,1,0,0,0,,12/3/2018
2010,BUFFRMFISHBT08,BUFFRMFish2010May17,1,M,main,0,0,0,0,0,0,0,0,0,0,,12/3/2018
2010,BUFFRMFISHBT08,BUFFRMFish2010May17,1,R,main,0,0,0,0,0,1,0,0,0,0,,12/3/2018
2010,BUFFRMFISHBT08,BUFFRMFish2010May17,2,L,main,0,0,0,0,0,0,0,0,0,0,,12/3/2018
2010,BUFFRMFISHBT08,BUFFRMFish2010May17,2,M,main,0,0,0,0,0,0,0,0,0,0,,12/3/2018
2010,BUFFRMFISHBT08,BUFFRMFish2010May17,2,R,main,0,0,0,0,0,0,0,0,0,0,,12/3/2018
2010,BUFFRMFISHBT08,BUFFRMFish2010May17,3,L,main,0,0,0,0,0,0,1,0,0,0,,12/3/2018
2010,BUFFRMFISHBT08,BUFFRMFish2010May17,3,M,main,0,0,0,0,0,0,0,0,0,0,,12/3/2018
2010,BUFFRMFISHBT08,BUFFRMFish2010May17,3,R,main,0,0,0,0,0,0,0,0,0,0,,12/3/2018
2010,BUFFRMFISHBT08,BUFFRMFish2010May17,4,L,main,0,1,0,0,0,0,0,0,0,0,,12/3/2018
2010,BUFFRMFISHBT08,BUFFRMFish2010May17,4,M,main,0,0,0,0,0,0,0,0,0,0,,12/3/2018
2010,BUFFRMFISHBT08,BUFFRMFish2010May17,4,R,main,0,1,0,0,1,1,0,0,0,0,,12/3/2018
2010,BUFFRMFISHBT08,BUFFRMFish2010May17,5,L,main,0,1,0,0,1,0,0,0,0,0,,12/3/2018
2010,BUFFRMFISHBT08,BUFFRMFish2010May17,5,M,main,0,0,0,0,0,0,0,0,0,0,,12/3/2018
2010,BUFFRMFISHBT08,BUFFRMFish2010May17,5,R,main,0,1,0,0,0,0,0,0,0,0,,12/3/2018
2010,BUFFRMFISHBT08,BUFFRMFish2010May17,6,L,main,0,0,0,0,1,0,0,0,0,0,,12/3/2018
2010,BUFFRMFISHBT08,BUFFRMFish2010May17,6,M,main,0,0,0,0,0,0,0,0,0,0,,12/3/2018
2010,BUFFRMFISHBT08,BUFFRMFish2010May17,6,R,main,0,0,0,0,1,0,0,0,0,0,,12/3/2018
2010,BUFFRMFISHBT08,BUFFRMFish2010May17,7,L,main,0,1,0,0,1,0,0,0,0,0,,12/3/2018
2010,BUFFRMFISHBT08,BUFFRMFish2010May17,7,M,main,0,0,0,0,0,0,0,0,0,0,,12/3/2018
2010,BUFFRMFISHBT08,BUFFRMFish2010May17,7,R,main,0,0,0,0,1,0,0,1,0,0,,12/3/2018
2010,BUFFRMFISHBT08,BUFFRMFish2010May17,8,L,main,0,0,0,0,0,0,0,0,1,1,,12/3/2018
2010,BUFFRMFISHBT08,BUFFRMFish2010May17,8,M,main,0,0,0,0,0,0,0,0,0,0,,12/3/2018
2010,BUFFRMFISHBT08,BUFFRMFish2010May17,8,R,main,0,0,0,0,1,0,0,0,0,0,,12/3/2018
2010,BUFFRMFISHBT08,BUFFRMFish2010May17,9,L,main,0,0,0,0,1,0,0,0,0,0,,12/3/2018
2010,BUFFRMFISHBT08,BUFFRMFish2010May17,9,M,main,0,0,0,0,0,0,0,0,0,0,,12/3/2018
2010,BUFFRMFISHBT08,BUFFRMFish2010May17,9,R,main,0,0,0,0,1,0,0,0,0,0,,12/3/2018
2010,BUFFRMFISHBT08,BUFFRMFish2010May17,10,L,main,0,0,0,0,1,0,0,0,0,0,,12/3/2018
2010,BUFFRMFISHBT08,BUFFRMFish2010May17,10,M,main,0,0,0,0,0,0,0,0,0,0,,12/3/2018
2010,BUFFRMFISHBT08,BUFFRMFish2010May17,10,R,main,0,0,0,0,0,0,0,0,0,0,,12/3/2018
2010,BUFFRMFISHBT08,BUFFRMFish2010May17,11,L,main,0,0,0,0,0,0,0,0,0,0,,12/3/2018
2010,BUFFRMFISHBT08,BUFFRMFish2010May17,11,M,main,0,0,0,0,0,0,0,0,0,0,,12/3/2018
2010,BUFFRMFISHBT08,BUFFRMFish2010May17,11,R,main,0,0,0,0,0,0,0,1,1,0,,12/3/2018
2010,BUFFRMFISHBT14,BUFFRMFish2010May18,1,L,main,0,0,0,0,1,0,0,1,0,0,,12/3/2018
2010,BUFFRMFISHBT14,BUFFRMFish2010May18,1,M,main,0,0,0,0,0,0,0,0,0,0,,12/3/2018
2010,BUFFRMFISHBT14,BUFFRMFish2010May18,1,R,main,0,0,0,0,1,0,0,0,0,0,,12/3/2018
2010,BUFFRMFISHBT14,BUFFRMFish2010May18,2,L,main,0,0,0,0,0,0,0,0,0,0,,12/3/2018
2010,BUFFRMFISHBT14,BUFFRMFish2010May18,2,M,main,0,0,0,0,0,0,0,0,0,0,,12/3/2018
2010,BUFFRMFISHBT14,BUFFRMFish2010May18,2,R,main,0,0,0,0,1,0,1,0,0,0,,12/3/2018
2010,BUFFRMFISHBT14,BUFFRMFish2010May18,3,L,main,0,0,0,0,1,1,0,1,0,0,,12/3/2018
2010,BUFFRMFISHBT14,BUFFRMFish2010May18,3,M,main,0,0,0,0,0,0,0,0,0,0,,12/3/2018
2010,BUFFRMFISHBT14,BUFFRMFish2010May18,3,R,main,0,0,0,0,1,0,1,0,0,0,,12/3/2018
2010,BUFFRMFISHBT14,BUFFRMFish2010May18,4,L,main,0,0,0,0,0,0,0,0,0,0,,12/3/2018
2010,BUFFRMFISHBT14,BUFFRMFish2010May18,4,M,main,0,0,1,0,0,0,0,0,0,0,,12/3/2018
2010,BUFFRMFISHBT14,BUFFRMFish2010May18,4,R,main,0,0,0,0,1,0,1,1,0,0,,12/3/2018
2010,BUFFRMFISHBT14,BUFFRMFish2010May18,5,L,main,0,1,0,0,1,0,0,0,0,0,Moss,12/3/2018
2010,BUFFRMFISHBT14,BUFFRMFish2010May18,5,M,main,0,0,0,0,0,0,0,0,0,0,,12/3/2018
2010,BUFFRMFISHBT14,BUFFRMFish2010May18,5,R,main,0,0,0,0,1,0,0,0,0,0,,12/3/2018
2010,BUFFRMFISHBT14,BUFFRMFish2010May18,6,L,main,0,0,0,0,0,0,0,0,0,0,,12/3/2018
2010,BUFFRMFISHBT14,BUFFRMFish2010May18,6,M,main,0,0,0,0,0,0,0,0,0,0,,12/3/2018
2010,BUFFRMFISHBT14,BUFFRMFish2010May18,6,R,main,0,0,0,0,1,0,0,0,0,0,Gravel Bar = 2.8 meters,12/3/2018
2010,BUFFRMFISHBT14,BUFFRMFish2010May18,7,L,main,0,0,0,0,0,0,0,0,0,0,,12/3/2018
2010,BUFFRMFISHBT14,BUFFRMFish2010May18,7,M,main,0,0,0,0,0,0,0,0,0,0,,12/3/2018
2010,BUFFRMFISHBT14,BUFFRMFish2010May18,7,R,main,0,0,0,0,1,0,1,0,0,0,,12/3/2018
2010,BUFFRMFISHBT14,BUFFRMFish2010May18,8,L,main,0,0,0,0,0,1,0,1,0,0,,12/3/2018
2010,BUFFRMFISHBT14,BUFFRMFish2010May18,8,M,main,0,0,0,0,0,0,0,0,0,0,,12/3/2018
2010,BUFFRMFISHBT14,BUFFRMFish2010May18,8,R,main,0,0,0,0,1,0,0,0,0,0,Gravel Bar = 3.1 meters,12/3/2018
2010,BUFFRMFISHBT14,BUFFRMFish2010May18,9,L,main,0,0,0,0,0,0,0,0,0,1,Bluff (small),12/3/2018
2010,BUFFRMFISHBT14,BUFFRMFish2010May18,9,M,main,0,0,0,0,0,0,0,0,0,0,,12/3/2018
2010,BUFFRMFISHBT14,BUFFRMFish2010May18,9,R,main,0,0,0,0,1,0,0,0,0,0,Gravel Bar = 1 meter,12/3/2018
2010,BUFFRMFISHBT14,BUFFRMFish2010May18,10,L,main,0,0,0,0,1,0,0,0,0,0,,12/3/2018
2010,BUFFRMFISHBT14,BUFFRMFish2010May18,10,M,main,0,0,0,0,0,0,0,0,0,0,,12/3/2018
2010,BUFFRMFISHBT14,BUFFRMFish2010May18,10,R,main,0,0,0,0,0,0,1,0,0,0,Gravel Bar = 3.5 meters,12/3/2018
2010,BUFFRMFISHBT14,BUFFRMFish2010May18,11,L,main,0,0,0,0,1,0,0,0,0,0,,12/3/2018
2010,BUFFRMFISHBT14,BUFFRMFish2010May18,11,M,main,0,0,0,0,0,0,0,0,0,0,,12/3/2018
2010,BUFFRMFISHBT14,BUFFRMFish2010May18,11,R,main,0,0,0,0,1,0,1,0,0,0,Gravel Bar = 7.1 meters,12/3/2018
2010,BUFFRMFISHBT17,BUFFRMFish2010Jun23,1,L,main,0,0,0,0,1,0,0,0,0,0,,12/3/2018
2010,BUFFRMFISHBT17,BUFFRMFish2010Jun23,1,M,main,0,0,0,0,0,0,0,0,0,0,,12/3/2018
2010,BUFFRMFISHBT17,BUFFRMFish2010Jun23,1,R,main,0,0,0,0,1,0,0,1,0,0,,12/3/2018
2010,BUFFRMFISHBT17,BUFFRMFish2010Jun23,2,L,main,0,0,0,0,1,0,0,0,0,0,,12/3/2018
2010,BUFFRMFISHBT17,BUFFRMFish2010Jun23,2,M,main,0,0,0,0,0,0,0,0,0,0,,12/3/2018
2010,BUFFRMFISHBT17,BUFFRMFish2010Jun23,2,R,main,0,0,0,0,1,1,1,1,0,0,,12/3/2018
2010,BUFFRMFISHBT17,BUFFRMFish2010Jun23,3,L,main,0,0,0,0,1,0,0,1,0,0,,12/3/2018
2010,BUFFRMFISHBT17,BUFFRMFish2010Jun23,3,M,main,0,0,0,0,0,0,0,0,0,0,,12/3/2018
2010,BUFFRMFISHBT17,BUFFRMFish2010Jun23,3,R,main,0,0,0,0,1,0,1,1,0,0,,12/3/2018
2010,BUFFRMFISHBT17,BUFFRMFish2010Jun23,4,L,main,0,0,0,0,1,0,1,1,0,0,,12/3/2018
2010,BUFFRMFISHBT17,BUFFRMFish2010Jun23,4,M,main,0,0,0,0,0,0,0,0,0,0,,12/3/2018
2010,BUFFRMFISHBT17,BUFFRMFish2010Jun23,4,R,main,0,0,0,0,1,0,0,0,0,0,,12/3/2018
2010,BUFFRMFISHBT17,BUFFRMFish2010Jun23,5,L,main,0,0,0,0,1,0,0,0,0,0,,12/3/2018
2010,BUFFRMFISHBT17,BUFFRMFish2010Jun23,5,M,main,0,0,1,0,0,0,0,0,0,0,,12/3/2018
2010,BUFFRMFISHBT17,BUFFRMFish2010Jun23,5,R,main,0,0,0,0,1,0,0,0,0,0,,12/3/2018
2010,BUFFRMFISHBT17,BUFFRMFish2010Jun23,6,L,main,0,0,0,0,1,1,0,0,0,0,,12/3/2018
2010,BUFFRMFISHBT17,BUFFRMFish2010Jun23,6,M,main,0,0,0,0,0,0,0,0,0,0,,12/3/2018
2010,BUFFRMFISHBT17,BUFFRMFish2010Jun23,6,R,main,0,0,0,0,1,0,1,0,0,0,,12/3/2018
2010,BUFFRMFISHBT17,BUFFRMFish2010Jun23,7,L,main,0,0,0,0,0,0,0,0,0,1,,12/3/2018
2010,BUFFRMFISHBT17,BUFFRMFish2010Jun23,7,M,main,0,0,0,0,0,0,0,0,0,0,,12/3/2018
2010,BUFFRMFISHBT17,BUFFRMFish2010Jun23,7,R,main,0,0,0,0,1,0,0,0,0,0,,12/3/2018
2010,BUFFRMFISHBT17,BUFFRMFish2010Jun23,8,L,main,0,0,0,0,1,0,1,0,0,0,,12/3/2018
2010,BUFFRMFISHBT17,BUFFRMFish2010Jun23,8,M,main,0,0,0,0,0,0,0,0,0,0,,12/3/2018
2010,BUFFRMFISHBT17,BUFFRMFish2010Jun23,8,R,main,0,0,0,0,0,0,0,0,0,0,,12/3/2018
2010,BUFFRMFISHBT17,BUFFRMFish2010Jun23,9,L,main,0,0,0,0,1,0,0,0,0,0,,12/3/2018
2010,BUFFRMFISHBT17,BUFFRMFish2010Jun23,9,M,main,0,0,0,0,0,0,0,0,0,0,,12/3/2018
2010,BUFFRMFISHBT17,BUFFRMFish2010Jun23,9,R,main,0,0,0,0,0,0,0,0,0,0,,12/3/2018
2010,BUFFRMFISHBT17,BUFFRMFish2010Jun23,10,L,main,0,0,0,0,1,0,1,1,0,0,,12/3/2018
2010,BUFFRMFISHBT17,BUFFRMFish2010Jun23,10,M,main,0,0,0,0,0,0,0,0,0,0,,12/3/2018
2010,BUFFRMFISHBT17,BUFFRMFish2010Jun23,10,R,main,0,0,0,0,0,0,0,1,0,0,,12/3/2018
2010,BUFFRMFISHBT17,BUFFRMFish2010Jun23,11,L,main,0,0,0,0,1,0,1,1,0,0,,12/3/2018
2010,BUFFRMFISHBT17,BUFFRMFish2010Jun23,11,M,main,0,0,0,0,0,0,0,0,0,0,,12/3/2018
2010,BUFFRMFISHBT17,BUFFRMFish2010Jun23,11,R,main,0,0,0,0,0,0,0,1,0,0,,12/3/2018
2010,BUFFRMFISHBT27,BUFFRMFish2010Jun08,1,L,main,0,0,0,0,1,0,0,1,0,0,,12/3/2018
2010,BUFFRMFISHBT27,BUFFRMFish2010Jun08,1,M,main,0,0,0,0,0,0,0,0,0,0,,12/3/2018
2010,BUFFRMFISHBT27,BUFFRMFish2010Jun08,1,R,main,0,0,0,0,1,0,0,1,0,0,,12/3/2018
2010,BUFFRMFISHBT27,BUFFRMFish2010Jun08,2,L,main,0,0,0,0,1,0,0,0,0,0,,12/3/2018
2010,BUFFRMFISHBT27,BUFFRMFish2010Jun08,2,M,main,0,0,0,0,0,0,0,0,0,0,,12/3/2018
2010,BUFFRMFISHBT27,BUFFRMFish2010Jun08,2,R,main,0,0,0,0,1,0,0,0,0,0,,12/3/2018
2010,BUFFRMFISHBT27,BUFFRMFish2010Jun08,3,L,main,0,0,0,0,1,0,0,0,0,1,,12/3/2018
2010,BUFFRMFISHBT27,BUFFRMFish2010Jun08,3,M,main,0,0,0,0,0,0,0,0,0,0,,12/3/2018
2010,BUFFRMFISHBT27,BUFFRMFish2010Jun08,3,R,main,0,0,0,0,1,0,1,0,0,0,,12/3/2018
2010,BUFFRMFISHBT27,BUFFRMFish2010Jun08,4,L,main,0,0,0,0,1,0,0,1,0,1,,12/3/2018
2010,BUFFRMFISHBT27,BUFFRMFish2010Jun08,4,M,main,0,0,0,0,0,0,0,0,0,0,,12/3/2018
2010,BUFFRMFISHBT27,BUFFRMFish2010Jun08,4,R,main,0,0,0,0,1,0,1,1,1,0,,12/3/2018
2010,BUFFRMFISHBT27,BUFFRMFish2010Jun08,5,L,main,0,0,0,0,0,0,1,0,1,1,,12/3/2018
2010,BUFFRMFISHBT27,BUFFRMFish2010Jun08,5,M,main,0,0,0,0,0,0,0,0,0,0,,12/3/2018
2010,BUFFRMFISHBT27,BUFFRMFish2010Jun08,5,R,main,0,0,0,0,1,0,0,1,0,0,,12/3/2018
2010,BUFFRMFISHBT27,BUFFRMFish2010Jun08,6,L,main,0,0,0,0,1,0,1,1,0,0,,12/3/2018
2010,BUFFRMFISHBT27,BUFFRMFish2010Jun08,6,M,main,0,0,0,0,0,0,0,0,0,0,,12/3/2018
2010,BUFFRMFISHBT27,BUFFRMFish2010Jun08,6,R,main,0,0,0,0,1,0,1,0,0,0,,12/3/2018
2010,BUFFRMFISHBT27,BUFFRMFish2010Jun08,7,L,main,0,0,0,0,1,0,1,1,0,0,,12/3/2018
2010,BUFFRMFISHBT27,BUFFRMFish2010Jun08,7,M,main,0,0,0,0,0,0,0,0,0,0,,12/3/2018
2010,BUFFRMFISHBT27,BUFFRMFish2010Jun08,7,R,main,0,0,0,0,1,0,0,0,0,0,,12/3/2018
2010,BUFFRMFISHBT27,BUFFRMFish2010Jun08,8,L,main,0,0,0,0,1,0,0,0,0,0,,12/3/2018
2010,BUFFRMFISHBT27,BUFFRMFish2010Jun08,8,M,main,0,0,0,0,0,0,0,0,0,0,,12/3/2018
2010,BUFFRMFISHBT27,BUFFRMFish2010Jun08,8,R,main,0,0,0,0,1,0,1,0,0,0,,12/3/2018
2010,BUFFRMFISHBT27,BUFFRMFish2010Jun08,9,L,main,0,0,0,0,1,0,1,0,0,0,,12/3/2018
2010,BUFFRMFISHBT27,BUFFRMFish2010Jun08,9,M,main,0,0,0,0,0,0,0,0,0,0,,12/3/2018
2010,BUFFRMFISHBT27,BUFFRMFish2010Jun08,9,R,main,0,0,0,0,1,0,0,0,1,0,,12/3/2018
2010,BUFFRMFISHBT27,BUFFRMFish2010Jun08,10,L,main,0,0,0,0,1,0,1,1,0,0,,12/3/2018
2010,BUFFRMFISHBT27,BUFFRMFish2010Jun08,10,M,main,0,0,0,0,0,0,0,0,0,0,,12/3/2018
2010,BUFFRMFISHBT27,BUFFRMFish2010Jun08,10,R,main,0,0,0,0,0,0,1,1,1,0,,12/3/2018
2010,BUFFRMFISHBT27,BUFFRMFish2010Jun08,11,L,main,0,0,0,0,0,0,0,0,0,0,,12/3/2018
2010,BUFFRMFISHBT27,BUFFRMFish2010Jun08,11,M,main,0,0,0,0,0,0,0,0,0,0,,12/3/2018
2010,BUFFRMFISHBT27,BUFFRMFish2010Jun08,11,R,main,0,0,0,0,1,0,0,1,1,0,,12/3/2018
2010,BUFFRMFISHBT29,BUFFRMFish2010Jun10,1,L,main,0,0,0,0,0,0,0,0,0,0,,12/3/2018
2010,BUFFRMFISHBT29,BUFFRMFish2010Jun10,1,M,main,0,0,0,0,0,0,0,0,0,0,,12/3/2018
2010,BUFFRMFISHBT29,BUFFRMFish2010Jun10,1,R,main,0,0,0,0,0,0,0,0,0,0,,12/3/2018
2010,BUFFRMFISHBT29,BUFFRMFish2010Jun10,2,L,main,0,0,0,0,1,0,0,0,0,0,,12/3/2018
2010,BUFFRMFISHBT29,BUFFRMFish2010Jun10,2,M,main,0,0,0,0,0,0,0,0,0,0,,12/3/2018
2010,BUFFRMFISHBT29,BUFFRMFish2010Jun10,2,R,main,0,0,0,0,1,0,1,0,0,0,,12/3/2018
2010,BUFFRMFISHBT29,BUFFRMFish2010Jun10,3,L,main,0,0,0,0,0,0,1,1,0,0,,12/3/2018
2010,BUFFRMFISHBT29,BUFFRMFish2010Jun10,3,M,main,0,0,0,0,0,0,0,0,0,0,,12/3/2018
2010,BUFFRMFISHBT29,BUFFRMFish2010Jun10,3,R,main,0,0,0,0,1,0,1,0,0,0,,12/3/2018
2010,BUFFRMFISHBT29,BUFFRMFish2010Jun10,4,L,main,0,0,0,0,1,1,0,1,0,0,,12/3/2018
2010,BUFFRMFISHBT29,BUFFRMFish2010Jun10,4,M,main,0,0,0,0,0,0,0,0,0,0,,12/3/2018
2010,BUFFRMFISHBT29,BUFFRMFish2010Jun10,4,R,main,0,0,0,0,1,0,1,1,0,0,,12/3/2018
2010,BUFFRMFISHBT29,BUFFRMFish2010Jun10,5,L,main,0,0,0,0,1,1,1,1,0,0,,12/3/2018
2010,BUFFRMFISHBT29,BUFFRMFish2010Jun10,5,M,main,0,0,1,0,0,0,0,0,0,0,,12/3/2018
2010,BUFFRMFISHBT29,BUFFRMFish2010Jun10,5,R,main,0,0,0,0,1,0,0,0,0,0,,12/3/2018
2010,BUFFRMFISHBT29,BUFFRMFish2010Jun10,6,L,main,0,0,0,0,1,0,1,1,0,0,,12/3/2018
2010,BUFFRMFISHBT29,BUFFRMFish2010Jun10,6,M,main,0,0,0,0,0,0,0,0,0,0,,12/3/2018
2010,BUFFRMFISHBT29,BUFFRMFish2010Jun10,6,R,main,0,0,0,0,0,0,0,0,0,0,,12/3/2018
2010,BUFFRMFISHBT29,BUFFRMFish2010Jun10,7,L,main,0,0,0,0,1,0,0,0,0,0,,12/3/2018
2010,BUFFRMFISHBT29,BUFFRMFish2010Jun10,7,M,main,0,0,0,0,0,0,0,0,0,0,,12/3/2018
2010,BUFFRMFISHBT29,BUFFRMFish2010Jun10,7,R,main,0,0,0,0,1,0,0,0,0,0,,12/3/2018
2010,BUFFRMFISHBT29,BUFFRMFish2010Jun10,8,L,main,0,0,1,0,1,0,1,1,0,0,,12/3/2018
2010,BUFFRMFISHBT29,BUFFRMFish2010Jun10,8,M,main,0,0,0,0,0,0,0,0,0,0,,12/3/2018
2010,BUFFRMFISHBT29,BUFFRMFish2010Jun10,8,R,main,0,0,0,0,1,0,0,0,0,0,,12/3/2018
2010,BUFFRMFISHBT29,BUFFRMFish2010Jun10,9,L,main,0,0,1,0,1,0,0,1,0,0,,12/3/2018
2010,BUFFRMFISHBT29,BUFFRMFish2010Jun10,9,M,main,0,0,0,0,0,0,0,0,0,0,,12/3/2018
2010,BUFFRMFISHBT29,BUFFRMFish2010Jun10,9,R,main,0,0,0,0,1,0,0,0,0,0,,12/3/2018
2010,BUFFRMFISHBT29,BUFFRMFish2010Jun10,10,L,main,0,0,0,0,0,1,1,1,0,0,,12/3/2018
2010,BUFFRMFISHBT29,BUFFRMFish2010Jun10,10,M,main,0,0,0,0,0,0,0,0,0,0,,12/3/2018
2010,BUFFRMFISHBT29,BUFFRMFish2010Jun10,10,R,main,0,0,0,0,1,0,0,0,0,0,,12/3/2018
2010,BUFFRMFISHBT29,BUFFRMFish2010Jun10,11,L,main,0,0,0,0,0,0,0,0,0,0,,12/3/2018
2010,BUFFRMFISHBT29,BUFFRMFish2010Jun10,11,M,main,0,0,0,0,0,0,0,0,0,0,,12/3/2018
2010,BUFFRMFISHBT29,BUFFRMFish2010Jun10,11,R,main,0,0,0,0,1,0,0,0,0,0,,12/3/2018
2010,BUFFRMFISHBT32,BUFFRMFish2010Jun11,1,L,main,0,0,0,0,1,0,0,0,0,0,,12/3/2018
2010,BUFFRMFISHBT32,BUFFRMFish2010Jun11,1,M,main,0,0,0,0,0,0,0,0,0,0,,12/3/2018
2010,BUFFRMFISHBT32,BUFFRMFish2010Jun11,1,R,main,0,0,0,0,1,0,0,0,0,0,,12/3/2018
2010,BUFFRMFISHBT32,BUFFRMFish2010Jun11,2,L,main,0,0,0,0,1,0,1,1,1,0,,12/3/2018
2010,BUFFRMFISHBT32,BUFFRMFish2010Jun11,2,M,main,0,0,0,0,0,0,0,0,0,0,,12/3/2018
2010,BUFFRMFISHBT32,BUFFRMFish2010Jun11,2,R,main,0,0,0,0,1,0,0,0,0,0,,12/3/2018
2010,BUFFRMFISHBT32,BUFFRMFish2010Jun11,3,L,main,0,0,0,0,0,0,0,0,0,0,,12/3/2018
2010,BUFFRMFISHBT32,BUFFRMFish2010Jun11,3,M,main,0,0,0,0,0,0,0,0,0,0,,12/3/2018
2010,BUFFRMFISHBT32,BUFFRMFish2010Jun11,3,R,main,0,0,0,0,1,0,1,1,0,0,,12/3/2018
2010,BUFFRMFISHBT32,BUFFRMFish2010Jun11,4,L,main,0,0,0,0,1,0,0,0,0,0,,1/29/2019
2010,BUFFRMFISHBT32,BUFFRMFish2010Jun11,4,M,main,0,0,0,0,0,0,0,0,0,0,,12/3/2018
2010,BUFFRMFISHBT32,BUFFRMFish2010Jun11,4,R,main,0,0,0,0,0,0,0,0,0,0,,12/3/2018
2010,BUFFRMFISHBT32,BUFFRMFish2010Jun11,5,L,main,0,0,0,0,1,0,0,0,0,0,,12/3/2018
2010,BUFFRMFISHBT32,BUFFRMFish2010Jun11,5,M,main,0,0,0,0,0,0,0,0,0,0,,12/3/2018
2010,BUFFRMFISHBT32,BUFFRMFish2010Jun11,5,R,main,0,0,0,0,0,0,1,0,0,0,,12/3/2018
2010,BUFFRMFISHBT32,BUFFRMFish2010Jun11,6,L,main,0,0,0,0,0,0,0,0,0,0,,12/3/2018
2010,BUFFRMFISHBT32,BUFFRMFish2010Jun11,6,M,main,0,0,0,0,0,0,0,0,0,0,,12/3/2018
2010,BUFFRMFISHBT32,BUFFRMFish2010Jun11,6,R,main,0,0,0,0,1,0,0,0,0,0,,12/3/2018
2010,BUFFRMFISHBT32,BUFFRMFish2010Jun11,7,L,main,0,0,0,0,1,0,1,0,0,0,,12/3/2018
2010,BUFFRMFISHBT32,BUFFRMFish2010Jun11,7,M,main,0,0,0,0,0,0,0,0,0,0,,12/3/2018
2010,BUFFRMFISHBT32,BUFFRMFish2010Jun11,7,R,main,0,0,0,0,0,0,0,0,0,0,,12/3/2018
2010,BUFFRMFISHBT32,BUFFRMFish2010Jun11,8,L,main,0,0,0,0,1,1,0,0,0,0,,12/3/2018
2010,BUFFRMFISHBT32,BUFFRMFish2010Jun11,8,M,main,0,0,0,0,0,0,0,0,0,0,,12/3/2018
2010,BUFFRMFISHBT32,BUFFRMFish2010Jun11,8,R,main,0,0,0,0,0,0,0,0,0,0,,12/3/2018
2010,BUFFRMFISHBT32,BUFFRMFish2010Jun11,9,L,main,0,0,0,0,0,0,0,0,0,0,,12/3/2018
2010,BUFFRMFISHBT32,BUFFRMFish2010Jun11,9,M,main,0,0,0,0,0,0,0,0,0,0,,12/3/2018
2010,BUFFRMFISHBT32,BUFFRMFish2010Jun11,9,R,main,0,0,0,0,0,0,0,0,0,0,,12/3/2018
2010,BUFFRMFISHBT32,BUFFRMFish2010Jun11,10,L,main,0,0,0,0,0,0,0,0,0,0,,12/3/2018
2010,BUFFRMFISHBT32,BUFFRMFish2010Jun11,10,M,main,0,0,0,0,0,0,0,0,0,0,,12/3/2018
2010,BUFFRMFISHBT32,BUFFRMFish2010Jun11,10,R,main,0,0,0,0,1,0,1,1,0,0,,12/3/2018
2010,BUFFRMFISHBT32,BUFFRMFish2010Jun11,11,L,main,0,0,0,0,0,0,0,0,0,0,,12/3/2018
2010,BUFFRMFISHBT32,BUFFRMFish2010Jun11,11,M,main,0,0,0,0,0,0,0,0,0,0,,12/3/2018
2010,BUFFRMFISHBT32,BUFFRMFish2010Jun11,11,R,main,0,0,0,0,0,0,0,0,0,0,,12/3/2018
2012,BUFFRMFISHBT15,BUFFRMFish2012May22,1,L,main,0,0,0,0,1,0,0,0,1,0,,12/3/2018
2012,BUFFRMFISHBT15,BUFFRMFish2012May22,1,M,main,0,0,0,0,0,0,0,0,0,0,,12/3/2018
2012,BUFFRMFISHBT15,BUFFRMFish2012May22,1,R,main,0,0,0,0,0,0,0,0,0,0,5.3 gravel bar,12/3/2018
2012,BUFFRMFISHBT15,BUFFRMFish2012May22,2,L,main,0,0,0,0,0,0,1,0,1,0,,12/3/2018
2012,BUFFRMFISHBT15,BUFFRMFish2012May22,2,M,main,0,0,0,0,0,0,0,0,0,0,,12/3/2018
2012,BUFFRMFISHBT15,BUFFRMFish2012May22,2,R,main,0,0,0,0,0,0,0,0,0,0,6.3 gravel bar,12/3/2018
2012,BUFFRMFISHBT15,BUFFRMFish2012May22,3,L,main,0,0,0,0,0,0,1,0,1,0,,12/3/2018
2012,BUFFRMFISHBT15,BUFFRMFish2012May22,3,M,main,0,0,0,0,0,0,0,0,0,0,,12/3/2018
2012,BUFFRMFISHBT15,BUFFRMFish2012May22,3,R,main,0,0,0,0,0,0,0,0,0,0,8.6 gravel bar,12/3/2018
2012,BUFFRMFISHBT15,BUFFRMFish2012May22,4,L,main,0,0,0,0,1,0,0,0,0,0,4.1 gravel bar,12/3/2018
2012,BUFFRMFISHBT15,BUFFRMFish2012May22,4,M,main,0,0,0,0,0,0,0,0,0,0,,12/3/2018
2012,BUFFRMFISHBT15,BUFFRMFish2012May22,4,R,main,0,0,0,0,0,0,0,0,0,0,9 gravel bar,12/3/2018
2012,BUFFRMFISHBT15,BUFFRMFish2012May22,5,L,main,0,0,0,0,1,0,0,0,0,0,6.7 gravel bar,12/3/2018
2012,BUFFRMFISHBT15,BUFFRMFish2012May22,5,M,main,0,0,0,0,0,0,0,0,0,0,,12/3/2018
2012,BUFFRMFISHBT15,BUFFRMFish2012May22,5,R,main,0,0,0,0,0,0,0,0,0,0,2.6 gravel bar,12/3/2018
2012,BUFFRMFISHBT15,BUFFRMFish2012May22,6,L,main,0,0,0,0,0,0,0,0,0,0,8.5 gravel bar,12/3/2018
2012,BUFFRMFISHBT15,BUFFRMFish2012May22,6,M,main,0,0,0,0,0,0,0,0,0,0,,12/3/2018
2012,BUFFRMFISHBT15,BUFFRMFish2012May22,6,R,main,0,0,0,0,1,0,0,0,0,0,,12/3/2018
2012,BUFFRMFISHBT15,BUFFRMFish2012May22,7,L,main,0,0,0,0,1,0,0,0,1,0,7.1 gravel bar,12/3/2018
2012,BUFFRMFISHBT15,BUFFRMFish2012May22,7,M,main,0,0,0,0,0,0,0,0,0,0,,12/3/2018
2012,BUFFRMFISHBT15,BUFFRMFish2012May22,7,R,main,0,0,0,0,0,0,0,0,0,0,,12/3/2018
2012,BUFFRMFISHBT15,BUFFRMFish2012May22,8,L,main,0,0,0,0,0,0,0,0,0,0,9.6 gravel bar,12/3/2018
2012,BUFFRMFISHBT15,BUFFRMFish2012May22,8,M,main,0,0,0,0,0,0,0,0,0,0,,12/3/2018
2012,BUFFRMFISHBT15,BUFFRMFish2012May22,8,R,main,1,0,0,0,1,0,0,0,0,0,,12/3/2018
2012,BUFFRMFISHBT15,BUFFRMFish2012May22,9,L,main,1,0,0,0,1,0,0,0,0,0,,12/3/2018
2012,BUFFRMFISHBT15,BUFFRMFish2012May22,9,M,main,1,0,0,0,0,0,0,0,0,0,,12/3/2018
2012,BUFFRMFISHBT15,BUFFRMFish2012May22,9,R,main,0,0,0,0,1,0,0,0,0,0,,12/3/2018
2012,BUFFRMFISHBT15,BUFFRMFish2012May22,10,L,main,1,0,0,0,1,0,1,0,1,0,,12/3/2018
2012,BUFFRMFISHBT15,BUFFRMFish2012May22,10,M,main,1,0,0,0,0,0,0,0,0,0,,12/3/2018
2012,BUFFRMFISHBT15,BUFFRMFish2012May22,10,R,main,0,0,0,0,1,0,0,0,0,0,,12/3/2018
2012,BUFFRMFISHBT15,BUFFRMFish2012May22,11,L,main,0,0,0,0,1,0,0,0,0,0,,12/3/2018
2012,BUFFRMFISHBT15,BUFFRMFish2012May22,11,M,main,1,0,0,0,0,0,0,0,0,0,,12/3/2018
2012,BUFFRMFISHBT15,BUFFRMFish2012May22,11,R,main,0,0,0,0,1,0,0,0,1,0,,12/3/2018
2012,BUFFRMFISHBT20,BUFFRMFish2012May22,1,L,main,0,0,0,0,1,1,1,0,0,0,,12/3/2018
2012,BUFFRMFISHBT20,BUFFRMFish2012May22,1,M,main,0,0,0,0,0,0,0,0,0,0,,12/3/2018
2012,BUFFRMFISHBT20,BUFFRMFish2012May22,1,R,main,0,0,0,0,1,0,0,0,0,0,,12/3/2018
2012,BUFFRMFISHBT20,BUFFRMFish2012May22,2,L,main,0,0,0,0,1,1,1,0,1,0,,12/3/2018
2012,BUFFRMFISHBT20,BUFFRMFish2012May22,2,M,main,0,0,0,0,0,0,0,0,0,0,,12/3/2018
2012,BUFFRMFISHBT20,BUFFRMFish2012May22,2,R,main,0,0,0,0,1,0,0,0,0,0,,12/3/2018
2012,BUFFRMFISHBT20,BUFFRMFish2012May22,3,L,main,0,0,0,0,1,0,0,0,0,0,,12/3/2018
2012,BUFFRMFISHBT20,BUFFRMFish2012May22,3,M,main,0,0,0,0,0,0,0,0,0,0,,12/3/2018
2012,BUFFRMFISHBT20,BUFFRMFish2012May22,3,R,main,0,0,0,0,1,0,0,0,1,0,undercut bedrock,12/3/2018
2012,BUFFRMFISHBT20,BUFFRMFish2012May22,4,L,main,0,0,0,0,0,0,0,0,0,0,,12/3/2018
2012,BUFFRMFISHBT20,BUFFRMFish2012May22,4,M,main,0,0,0,0,0,0,0,0,0,0,,12/3/2018
2012,BUFFRMFISHBT20,BUFFRMFish2012May22,4,R,main,0,0,0,0,1,0,0,1,1,0,,12/3/2018
2012,BUFFRMFISHBT20,BUFFRMFish2012May22,5,L,main,0,0,0,0,1,0,0,0,0,0,5.3 gravel bar,12/3/2018
2012,BUFFRMFISHBT20,BUFFRMFish2012May22,5,M,main,0,0,0,0,0,0,0,0,0,0,,12/3/2018
2012,BUFFRMFISHBT20,BUFFRMFish2012May22,5,R,main,0,0,1,0,1,0,0,1,1,0,,12/3/2018
2012,BUFFRMFISHBT20,BUFFRMFish2012May22,6,L,main,0,0,0,0,1,0,1,1,1,0,,12/3/2018
2012,BUFFRMFISHBT20,BUFFRMFish2012May22,6,M,main,0,0,0,0,0,0,0,0,0,0,,12/3/2018
2012,BUFFRMFISHBT20,BUFFRMFish2012May22,6,R,main,0,0,1,0,1,0,0,0,1,0,,12/3/2018
2012,BUFFRMFISHBT20,BUFFRMFish2012May22,7,L,main,0,0,0,0,1,0,1,0,1,0,4m sand bar,12/3/2018
2012,BUFFRMFISHBT20,BUFFRMFish2012May22,7,M,main,0,0,0,0,0,0,0,0,0,0,,12/3/2018
2012,BUFFRMFISHBT20,BUFFRMFish2012May22,7,R,main,0,0,1,0,0,0,0,1,0,0,,12/3/2018
2012,BUFFRMFISHBT20,BUFFRMFish2012May22,8,L,main,0,0,0,0,0,0,0,0,0,0,17.5m gravel bar,12/3/2018
2012,BUFFRMFISHBT20,BUFFRMFish2012May22,8,M,main,0,0,0,0,0,0,0,0,0,0,,12/3/2018
2012,BUFFRMFISHBT20,BUFFRMFish2012May22,8,R,main,0,0,1,0,1,0,0,1,0,0,,12/3/2018
2012,BUFFRMFISHBT20,BUFFRMFish2012May22,9,L,main,0,0,0,0,0,0,0,0,0,0,10m gravel bar,12/3/2018
2012,BUFFRMFISHBT20,BUFFRMFish2012May22,9,M,main,0,0,1,0,0,0,0,0,0,0,,12/3/2018
2012,BUFFRMFISHBT20,BUFFRMFish2012May22,9,R,main,0,0,1,0,0,0,0,1,0,0,,12/3/2018
2012,BUFFRMFISHBT20,BUFFRMFish2012May22,10,L,main,0,0,0,0,0,0,0,1,0,0,22.2m gravel bar,12/3/2018
2012,BUFFRMFISHBT20,BUFFRMFish2012May22,10,M,main,0,0,0,0,0,0,0,0,0,0,,12/3/2018
2012,BUFFRMFISHBT20,BUFFRMFish2012May22,10,R,main,0,0,1,0,0,0,0,1,1,0,,12/3/2018
2012,BUFFRMFISHBT20,BUFFRMFish2012May22,11,L,main,0,0,0,0,1,0,0,0,0,0,16.3m gravel bar,12/3/2018
2012,BUFFRMFISHBT20,BUFFRMFish2012May22,11,M,main,0,0,0,0,0,0,0,0,0,0,,12/3/2018
2012,BUFFRMFISHBT20,BUFFRMFish2012May22,11,R,main,0,0,1,0,1,0,0,1,0,0,,12/3/2018
2012,BUFFRMFISHBT27,BUFFRMFish2012May21,1,L,main,0,0,0,0,1,0,0,0,0,0,7.5M gravel bar,12/3/2018
2012,BUFFRMFISHBT27,BUFFRMFish2012May21,1,M,main,0,0,0,0,0,0,0,0,0,0,,12/3/2018
2012,BUFFRMFISHBT27,BUFFRMFish2012May21,1,R,main,0,0,0,0,0,0,0,0,0,0,,12/3/2018
2012,BUFFRMFISHBT27,BUFFRMFish2012May21,2,L,main,0,0,0,0,1,1,0,0,1,1,,12/3/2018
2012,BUFFRMFISHBT27,BUFFRMFish2012May21,2,M,main,0,0,0,0,0,0,0,0,0,0,,12/3/2018
2012,BUFFRMFISHBT27,BUFFRMFish2012May21,2,R,main,0,0,0,0,1,0,0,0,1,0,,12/3/2018
2012,BUFFRMFISHBT27,BUFFRMFish2012May21,3,L,main,0,0,0,0,1,0,0,0,1,0,7.4M gravel bar,12/3/2018
2012,BUFFRMFISHBT27,BUFFRMFish2012May21,3,M,main,0,0,0,0,0,0,0,0,0,0,,12/3/2018
2012,BUFFRMFISHBT27,BUFFRMFish2012May21,3,R,main,0,0,0,0,1,0,1,0,0,0,,12/3/2018
2012,BUFFRMFISHBT27,BUFFRMFish2012May21,4,L,main,0,0,0,0,1,0,0,0,0,1,,12/3/2018
2012,BUFFRMFISHBT27,BUFFRMFish2012May21,4,M,main,0,0,0,0,0,0,0,0,0,0,,12/3/2018
2012,BUFFRMFISHBT27,BUFFRMFish2012May21,4,R,main,0,0,0,0,0,1,1,0,1,0,,12/3/2018
2012,BUFFRMFISHBT27,BUFFRMFish2012May21,5,L,main,0,0,0,0,1,0,0,0,1,1,,12/3/2018
2012,BUFFRMFISHBT27,BUFFRMFish2012May21,5,M,main,0,0,0,0,0,0,0,0,0,0,,12/3/2018
2012,BUFFRMFISHBT27,BUFFRMFish2012May21,5,R,main,0,0,0,0,1,0,0,0,0,0,,12/3/2018
2012,BUFFRMFISHBT27,BUFFRMFish2012May21,6,L,main,0,0,0,0,0,0,1,0,1,1,,12/3/2018
2012,BUFFRMFISHBT27,BUFFRMFish2012May21,6,M,main,0,0,0,0,0,0,0,0,0,0,,12/3/2018
2012,BUFFRMFISHBT27,BUFFRMFish2012May21,6,R,main,0,0,0,0,1,0,0,0,0,0,,12/3/2018
2012,BUFFRMFISHBT27,BUFFRMFish2012May21,7,L,main,0,0,0,0,1,0,0,0,0,0,,12/3/2018
2012,BUFFRMFISHBT27,BUFFRMFish2012May21,7,M,main,0,0,0,0,0,0,0,0,0,0,,12/3/2018
2012,BUFFRMFISHBT27,BUFFRMFish2012May21,7,R,main,0,0,0,0,0,0,0,0,0,0,9.0M gravel bar,12/3/2018
2012,BUFFRMFISHBT27,BUFFRMFish2012May21,8,L,main,0,0,0,0,0,0,0,0,0,0,,12/3/2018
2012,BUFFRMFISHBT27,BUFFRMFish2012May21,8,M,main,0,0,0,0,0,0,0,0,0,0,,12/3/2018
2012,BUFFRMFISHBT27,BUFFRMFish2012May21,8,R,main,0,0,0,0,0,0,0,0,0,0,,12/3/2018
2012,BUFFRMFISHBT27,BUFFRMFish2012May21,9,L,main,0,0,0,0,1,0,0,0,0,0,,12/3/2018
2012,BUFFRMFISHBT27,BUFFRMFish2012May21,9,M,main,0,0,0,0,0,0,0,0,0,0,,12/3/2018
2012,BUFFRMFISHBT27,BUFFRMFish2012May21,9,R,main,0,0,0,0,0,0,0,0,0,0,,12/3/2018
2012,BUFFRMFISHBT27,BUFFRMFish2012May21,10,L,main,0,0,0,0,1,0,0,0,0,0,,12/3/2018
2012,BUFFRMFISHBT27,BUFFRMFish2012May21,10,M,main,0,0,0,0,0,0,0,0,0,0,,12/3/2018
2012,BUFFRMFISHBT27,BUFFRMFish2012May21,10,R,main,0,0,0,0,1,0,0,0,0,0,,12/3/2018
2012,BUFFRMFISHBT27,BUFFRMFish2012May21,11,L,main,0,0,0,0,1,0,0,0,0,0,,12/3/2018
2012,BUFFRMFISHBT27,BUFFRMFish2012May21,11,M,main,0,0,0,0,0,0,0,0,0,0,,12/3/2018
2012,BUFFRMFISHBT27,BUFFRMFish2012May21,11,R,main,0,0,0,0,0,0,0,0,0,0,,12/3/2018
2013,BUFFRMFISHBM01,BUFFRMFish2013May29,1,L,main,0,0,0,0,0,0,0,1,0,0,,12/3/2018
2013,BUFFRMFISHBM01,BUFFRMFish2013May29,1,L,side channel,0,0,0,0,1,0,0,1,0,0,4m Gravel Bar,12/3/2018
2013,BUFFRMFISHBM01,BUFFRMFish2013May29,1,M,main,0,0,0,0,0,0,0,0,0,0,,12/3/2018
2013,BUFFRMFISHBM01,BUFFRMFish2013May29,1,M,side channel,0,0,0,0,0,0,0,0,0,0,,12/3/2018
2013,BUFFRMFISHBM01,BUFFRMFish2013May29,1,R,main,0,0,0,0,0,0,0,1,0,0,6.9m Gravel Bar,12/3/2018
2013,BUFFRMFISHBM01,BUFFRMFish2013May29,1,R,side channel,0,0,0,0,1,0,0,1,0,0,5m Gravel Bar,12/3/2018
2013,BUFFRMFISHBM01,BUFFRMFish2013May29,2,L,main,0,0,0,0,1,0,0,1,0,0,,12/3/2018
2013,BUFFRMFISHBM01,BUFFRMFish2013May29,2,L,side channel,0,0,0,0,1,0,0,1,0,0,,12/3/2018
2013,BUFFRMFISHBM01,BUFFRMFish2013May29,2,M,main,0,0,0,0,0,0,0,0,0,0,,12/3/2018
2013,BUFFRMFISHBM01,BUFFRMFish2013May29,2,M,side channel,0,0,0,0,0,0,0,0,0,0,,12/3/2018
2013,BUFFRMFISHBM01,BUFFRMFish2013May29,2,R,main,0,0,0,0,1,0,0,1,0,0,4.2 m Gravel Bar,12/3/2018
2013,BUFFRMFISHBM01,BUFFRMFish2013May29,2,R,side channel,0,0,0,0,1,0,0,1,0,0,4.5m Gravel Bar,12/3/2018
2013,BUFFRMFISHBM01,BUFFRMFish2013May29,3,L,main,0,0,0,0,1,0,0,1,0,0,,12/3/2018
2013,BUFFRMFISHBM01,BUFFRMFish2013May29,3,L,side channel,0,0,0,0,0,0,0,1,0,0,,12/3/2018
2013,BUFFRMFISHBM01,BUFFRMFish2013May29,3,M,main,0,0,0,0,0,0,0,0,0,0,,12/3/2018
2013,BUFFRMFISHBM01,BUFFRMFish2013May29,3,M,side channel,0,0,0,0,0,0,0,0,0,0,3m Island,12/3/2018
2013,BUFFRMFISHBM01,BUFFRMFish2013May29,3,R,main,0,0,0,0,1,0,0,1,0,0,2.9m Gravel Bar,12/3/2018
2013,BUFFRMFISHBM01,BUFFRMFish2013May29,3,R,side channel,0,0,0,0,1,0,0,0,0,0,,12/3/2018
2013,BUFFRMFISHBM01,BUFFRMFish2013May29,4,L,main,0,0,0,0,1,0,0,1,0,0,,12/3/2018
2013,BUFFRMFISHBM01,BUFFRMFish2013May29,4,L,side channel,0,0,0,0,1,0,1,0,0,0,,12/3/2018
2013,BUFFRMFISHBM01,BUFFRMFish2013May29,4,M,main,0,0,0,0,0,0,0,0,0,0,,12/3/2018
2013,BUFFRMFISHBM01,BUFFRMFish2013May29,4,M,side channel,0,0,0,0,0,0,0,0,0,0,15.5m Island,12/3/2018
2013,BUFFRMFISHBM01,BUFFRMFish2013May29,4,R,main,0,0,0,0,1,0,0,1,0,0,,12/3/2018
2013,BUFFRMFISHBM01,BUFFRMFish2013May29,4,R,side channel,0,0,0,0,1,0,1,0,0,0,,12/3/2018
2013,BUFFRMFISHBM01,BUFFRMFish2013May29,5,L,main,0,0,0,0,1,0,0,1,0,0,,12/3/2018
2013,BUFFRMFISHBM01,BUFFRMFish2013May29,5,L,side channel,0,0,0,0,1,0,1,0,0,0,,12/3/2018
2013,BUFFRMFISHBM01,BUFFRMFish2013May29,5,M,main,0,0,0,0,0,0,0,0,0,0,,12/3/2018
2013,BUFFRMFISHBM01,BUFFRMFish2013May29,5,M,side channel,0,0,0,0,0,0,0,0,0,0,5m Island,12/3/2018
2013,BUFFRMFISHBM01,BUFFRMFish2013May29,5,R,main,0,0,0,0,1,0,1,0,0,0,,12/3/2018
2013,BUFFRMFISHBM01,BUFFRMFish2013May29,5,R,side channel,0,0,0,0,1,0,1,0,0,0,,12/3/2018
2013,BUFFRMFISHBM01,BUFFRMFish2013May29,6,L,main,0,0,0,0,1,0,1,1,0,0,,12/3/2018
2013,BUFFRMFISHBM01,BUFFRMFish2013May29,6,M,main,0,0,0,0,0,0,0,0,0,0,,12/3/2018
2013,BUFFRMFISHBM01,BUFFRMFish2013May29,6,R,main,0,0,0,0,1,0,1,0,0,0,,12/3/2018
2013,BUFFRMFISHBM01,BUFFRMFish2013May29,7,L,main,0,0,0,0,1,0,0,1,0,0,,12/3/2018
2013,BUFFRMFISHBM01,BUFFRMFish2013May29,7,M,main,0,0,0,0,0,0,0,0,0,0,,12/3/2018
2013,BUFFRMFISHBM01,BUFFRMFish2013May29,7,R,main,0,0,0,0,1,1,1,1,0,0,,12/3/2018
2013,BUFFRMFISHBM01,BUFFRMFish2013May29,8,L,main,0,0,0,0,1,0,1,0,1,0,,12/3/2018
2013,BUFFRMFISHBM01,BUFFRMFish2013May29,8,M,main,0,0,0,0,0,0,0,0,0,0,,12/3/2018
2013,BUFFRMFISHBM01,BUFFRMFish2013May29,8,R,main,0,0,0,0,1,0,0,0,0,0,,12/3/2018
2013,BUFFRMFISHBM01,BUFFRMFish2013May29,9,L,main,0,0,0,0,1,0,0,1,1,0,,12/3/2018
2013,BUFFRMFISHBM01,BUFFRMFish2013May29,9,M,main,0,0,0,0,0,0,0,0,0,0,,12/3/2018
2013,BUFFRMFISHBM01,BUFFRMFish2013May29,9,R,main,0,0,0,0,1,0,1,1,0,0,,12/3/2018
2013,BUFFRMFISHBM01,BUFFRMFish2013May29,10,L,main,0,0,0,0,1,0,0,1,0,0,,12/3/2018
2013,BUFFRMFISHBM01,BUFFRMFish2013May29,10,M,main,0,0,0,0,0,0,0,0,0,0,,12/3/2018
2013,BUFFRMFISHBM01,BUFFRMFish2013May29,10,R,main,0,0,0,0,1,0,0,1,1,0,,12/3/2018
2013,BUFFRMFISHBM01,BUFFRMFish2013May29,11,L,main,0,0,0,0,1,0,0,1,0,0,,12/3/2018
2013,BUFFRMFISHBM01,BUFFRMFish2013May29,11,M,main,0,0,0,0,0,0,0,0,0,0,,12/3/2018
2013,BUFFRMFISHBM01,BUFFRMFish2013May29,11,R,main,0,0,0,0,1,0,0,1,0,0,,12/3/2018
2013,BUFFRMFISHBM02,BUFFRMFish2013May28,1,L,main,0,0,0,0,1,1,0,1,0,0,,12/3/2018
2013,BUFFRMFISHBM02,BUFFRMFish2013May28,1,M,main,0,0,0,0,0,0,0,0,0,0,,12/3/2018
2013,BUFFRMFISHBM02,BUFFRMFish2013May28,1,R,main,0,0,0,0,1,0,1,1,0,0,,12/3/2018
2013,BUFFRMFISHBM02,BUFFRMFish2013May28,2,L,main,0,0,0,0,1,0,0,1,0,0,,12/3/2018
2013,BUFFRMFISHBM02,BUFFRMFish2013May28,2,M,main,0,0,0,0,0,0,0,0,0,0,,12/3/2018
2013,BUFFRMFISHBM02,BUFFRMFish2013May28,2,R,main,0,0,0,0,1,0,0,1,0,0,,12/3/2018
2013,BUFFRMFISHBM02,BUFFRMFish2013May28,3,L,main,0,0,0,0,1,0,0,1,0,0,,12/3/2018
2013,BUFFRMFISHBM02,BUFFRMFish2013May28,3,M,main,0,0,0,0,0,0,0,0,0,0,,12/3/2018
2013,BUFFRMFISHBM02,BUFFRMFish2013May28,3,R,main,0,0,0,0,0,0,1,1,0,0,,12/3/2018
2013,BUFFRMFISHBM02,BUFFRMFish2013May28,4,L,main,0,0,0,0,1,1,0,1,0,0,,12/3/2018
2013,BUFFRMFISHBM02,BUFFRMFish2013May28,4,M,main,0,0,0,0,0,0,0,0,0,0,,12/3/2018
2013,BUFFRMFISHBM02,BUFFRMFish2013May28,4,R,main,0,0,0,0,0,0,1,1,1,0,,12/3/2018
2013,BUFFRMFISHBM02,BUFFRMFish2013May28,5,L,main,0,0,0,0,1,0,0,1,0,0,,12/3/2018
2013,BUFFRMFISHBM02,BUFFRMFish2013May28,5,M,main,0,0,0,0,0,0,0,0,0,0,,12/3/2018
2013,BUFFRMFISHBM02,BUFFRMFish2013May28,5,R,main,0,0,0,0,1,0,0,1,1,0,,12/3/2018
2013,BUFFRMFISHBM02,BUFFRMFish2013May28,6,L,main,0,0,0,0,1,0,0,1,0,0,,12/3/2018
2013,BUFFRMFISHBM02,BUFFRMFish2013May28,6,M,main,0,1,0,0,0,0,0,0,0,0,13 meters island,12/3/2018
2013,BUFFRMFISHBM02,BUFFRMFish2013May28,6,R,main,0,0,0,0,0,1,1,0,0,0,,12/3/2018
2013,BUFFRMFISHBM02,BUFFRMFish2013May28,7,L,main,0,0,0,0,1,0,0,1,0,0,,12/3/2018
2013,BUFFRMFISHBM02,BUFFRMFish2013May28,7,M,main,0,0,0,0,0,0,0,0,0,0,,12/3/2018
2013,BUFFRMFISHBM02,BUFFRMFish2013May28,7,R,main,0,0,0,0,1,1,1,0,0,0,,12/3/2018
2013,BUFFRMFISHBM02,BUFFRMFish2013May28,8,L,main,0,0,0,0,0,0,0,1,0,0,,12/3/2018
2013,BUFFRMFISHBM02,BUFFRMFish2013May28,8,M,main,0,0,0,0,0,0,0,0,0,0,,12/3/2018
2013,BUFFRMFISHBM02,BUFFRMFish2013May28,8,R,main,0,0,0,0,1,1,0,1,0,0,,12/3/2018
2013,BUFFRMFISHBM02,BUFFRMFish2013May28,9,L,main,0,0,0,0,0,0,0,0,1,1,,12/3/2018
2013,BUFFRMFISHBM02,BUFFRMFish2013May28,9,M,main,0,0,0,0,0,0,0,0,0,0,,12/3/2018
2013,BUFFRMFISHBM02,BUFFRMFish2013May28,9,R,main,0,0,0,0,1,0,0,1,0,0,,12/3/2018
2013,BUFFRMFISHBM02,BUFFRMFish2013May28,10,L,main,0,0,1,0,1,0,0,0,1,0,,12/3/2018
2013,BUFFRMFISHBM02,BUFFRMFish2013May28,10,M,main,0,0,1,0,0,0,0,0,0,0,,12/3/2018
2013,BUFFRMFISHBM02,BUFFRMFish2013May28,10,R,main,0,0,0,0,1,0,0,1,0,0,,12/3/2018
2013,BUFFRMFISHBM02,BUFFRMFish2013May28,11,L,main,0,0,0,0,1,0,0,1,0,0,,12/3/2018
2013,BUFFRMFISHBM02,BUFFRMFish2013May28,11,M,main,0,0,0,0,0,0,0,0,0,0,,12/3/2018
2013,BUFFRMFISHBM02,BUFFRMFish2013May28,11,R,main,0,0,0,0,1,1,0,0,0,0,,12/3/2018
2013,BUFFRMFISHBM03,BUFFRMFish2013Jun19,1,L,main,0,0,0,0,0,0,0,1,0,0,,12/3/2018
2013,BUFFRMFISHBM03,BUFFRMFish2013Jun19,1,M,main,0,0,0,0,0,0,0,0,0,0,,12/3/2018
2013,BUFFRMFISHBM03,BUFFRMFish2013Jun19,1,R,main,0,0,0,0,0,0,0,1,0,0,,12/3/2018
2013,BUFFRMFISHBM03,BUFFRMFish2013Jun19,2,L,main,0,0,0,0,1,0,1,1,0,0,,12/3/2018
2013,BUFFRMFISHBM03,BUFFRMFish2013Jun19,2,M,main,0,0,0,0,0,0,0,0,0,0,,12/3/2018
2013,BUFFRMFISHBM03,BUFFRMFish2013Jun19,2,R,main,0,0,0,0,1,0,0,1,0,0,,12/3/2018
2013,BUFFRMFISHBM03,BUFFRMFish2013Jun19,3,L,main,0,0,0,0,1,1,1,1,0,0,,12/3/2018
2013,BUFFRMFISHBM03,BUFFRMFish2013Jun19,3,M,main,0,0,0,0,0,0,0,0,0,0,,12/3/2018
2013,BUFFRMFISHBM03,BUFFRMFish2013Jun19,3,R,main,0,0,0,0,1,1,1,0,0,0,,12/3/2018
2013,BUFFRMFISHBM03,BUFFRMFish2013Jun19,4,L,main,0,0,1,0,1,0,1,1,0,0,,12/3/2018
2013,BUFFRMFISHBM03,BUFFRMFish2013Jun19,4,M,main,0,0,0,0,0,0,0,0,0,0,,12/3/2018
2013,BUFFRMFISHBM03,BUFFRMFish2013Jun19,4,R,main,0,0,0,0,1,0,0,1,0,0,,12/3/2018
2013,BUFFRMFISHBM03,BUFFRMFish2013Jun19,5,L,main,0,0,0,0,1,1,0,1,1,0,,12/3/2018
2013,BUFFRMFISHBM03,BUFFRMFish2013Jun19,5,M,main,0,0,0,0,0,0,0,0,0,0,,12/3/2018
2013,BUFFRMFISHBM03,BUFFRMFish2013Jun19,5,R,main,0,0,0,0,0,0,0,1,0,0,,12/3/2018
2013,BUFFRMFISHBM03,BUFFRMFish2013Jun19,6,L,main,0,0,1,0,1,0,0,1,0,0,,12/3/2018
2013,BUFFRMFISHBM03,BUFFRMFish2013Jun19,6,M,main,0,0,1,0,0,0,0,0,0,0,,12/3/2018
2013,BUFFRMFISHBM03,BUFFRMFish2013Jun19,6,R,main,0,0,0,0,0,0,0,1,0,0,,12/3/2018
2013,BUFFRMFISHBM03,BUFFRMFish2013Jun19,7,L,main,0,0,1,0,1,0,0,1,0,0,,12/3/2018
2013,BUFFRMFISHBM03,BUFFRMFish2013Jun19,7,M,main,0,0,0,0,0,0,0,0,0,0,,12/3/2018
2013,BUFFRMFISHBM03,BUFFRMFish2013Jun19,7,R,main,0,0,0,0,1,0,0,0,0,0,,12/3/2018
2013,BUFFRMFISHBM03,BUFFRMFish2013Jun19,8,L,main,0,0,0,0,1,0,0,1,0,1,,12/3/2018
2013,BUFFRMFISHBM03,BUFFRMFish2013Jun19,8,M,main,0,0,0,0,0,0,0,0,0,0,,12/3/2018
2013,BUFFRMFISHBM03,BUFFRMFish2013Jun19,8,R,main,0,0,0,0,1,0,0,1,0,0,,12/3/2018
2013,BUFFRMFISHBM03,BUFFRMFish2013Jun19,9,L,main,0,0,0,0,0,0,0,0,0,1,,12/3/2018
2013,BUFFRMFISHBM03,BUFFRMFish2013Jun19,9,M,main,0,0,0,0,0,0,0,0,0,0,,12/3/2018
2013,BUFFRMFISHBM03,BUFFRMFish2013Jun19,9,R,main,0,0,0,0,0,0,0,1,0,0,,12/3/2018
2013,BUFFRMFISHBM03,BUFFRMFish2013Jun19,10,L,main,0,0,0,0,1,1,1,1,0,0,,12/3/2018
2013,BUFFRMFISHBM03,BUFFRMFish2013Jun19,10,M,main,0,0,0,0,0,0,0,0,0,0,,12/3/2018
2013,BUFFRMFISHBM03,BUFFRMFish2013Jun19,10,R,main,0,0,0,0,1,0,0,1,0,0,,12/3/2018
2013,BUFFRMFISHBM03,BUFFRMFish2013Jun19,11,L,main,0,0,1,0,1,0,0,1,0,0,,12/3/2018
2013,BUFFRMFISHBM03,BUFFRMFish2013Jun19,11,M,main,0,0,0,0,0,0,0,0,0,0,,12/3/2018
2013,BUFFRMFISHBM03,BUFFRMFish2013Jun19,11,R,main,0,0,0,0,1,0,0,1,0,0,,12/3/2018
2013,BUFFRMFISHBM04,BUFFRMFish2013Jun17,1,L,main,0,1,0,0,1,0,0,1,0,0,Only 10 transects within reach,12/3/2018
2013,BUFFRMFISHBM04,BUFFRMFish2013Jun17,1,M,main,0,0,0,0,0,0,0,0,0,0,,12/3/2018
2013,BUFFRMFISHBM04,BUFFRMFish2013Jun17,1,R,main,0,0,0,0,0,0,0,1,0,0,,12/3/2018
2013,BUFFRMFISHBM04,BUFFRMFish2013Jun17,2,L,main,0,0,0,0,1,0,0,1,0,0,,12/3/2018
2013,BUFFRMFISHBM04,BUFFRMFish2013Jun17,2,M,main,0,0,0,0,0,0,0,0,0,0,,12/3/2018
2013,BUFFRMFISHBM04,BUFFRMFish2013Jun17,2,R,main,0,0,0,0,1,0,0,1,0,0,,12/3/2018
2013,BUFFRMFISHBM04,BUFFRMFish2013Jun17,3,L,main,0,0,0,0,1,0,0,1,0,0,,12/3/2018
2013,BUFFRMFISHBM04,BUFFRMFish2013Jun17,3,M,main,0,0,0,0,0,0,0,0,0,0,,12/3/2018
2013,BUFFRMFISHBM04,BUFFRMFish2013Jun17,3,R,main,0,0,0,0,1,0,1,1,0,0,,12/3/2018
2013,BUFFRMFISHBM04,BUFFRMFish2013Jun17,4,L,main,0,0,0,0,1,0,1,1,0,0,,12/3/2018
2013,BUFFRMFISHBM04,BUFFRMFish2013Jun17,4,M,main,0,0,0,0,0,0,0,0,0,0,,12/3/2018
2013,BUFFRMFISHBM04,BUFFRMFish2013Jun17,4,R,main,0,0,0,0,1,0,1,1,0,0,,12/3/2018
2013,BUFFRMFISHBM04,BUFFRMFish2013Jun17,5,L,main,0,0,0,0,1,0,0,1,0,0,,12/3/2018
2013,BUFFRMFISHBM04,BUFFRMFish2013Jun17,5,M,main,0,0,0,0,0,0,0,0,0,0,,12/3/2018
2013,BUFFRMFISHBM04,BUFFRMFish2013Jun17,5,R,main,0,0,0,0,1,0,0,1,0,0,,12/3/2018
2013,BUFFRMFISHBM04,BUFFRMFish2013Jun17,6,L,main,0,0,0,0,1,0,0,1,0,0,,12/3/2018
2013,BUFFRMFISHBM04,BUFFRMFish2013Jun17,6,M,main,0,0,0,0,0,0,0,0,0,0,,12/3/2018
2013,BUFFRMFISHBM04,BUFFRMFish2013Jun17,6,R,main,0,0,0,0,1,0,1,1,0,0,,12/3/2018
2013,BUFFRMFISHBM04,BUFFRMFish2013Jun17,7,L,main,0,0,0,0,1,0,0,1,0,0,,12/3/2018
2013,BUFFRMFISHBM04,BUFFRMFish2013Jun17,7,M,main,0,0,0,0,0,0,0,0,0,0,,12/3/2018
2013,BUFFRMFISHBM04,BUFFRMFish2013Jun17,7,R,main,0,0,0,0,1,0,1,1,0,0,,12/3/2018
2013,BUFFRMFISHBM04,BUFFRMFish2013Jun17,8,L,main,0,0,0,0,1,0,1,1,0,0,,12/3/2018
2013,BUFFRMFISHBM04,BUFFRMFish2013Jun17,8,M,main,0,0,0,0,0,0,0,0,0,0,,12/3/2018
2013,BUFFRMFISHBM04,BUFFRMFish2013Jun17,8,R,main,0,0,0,0,1,0,1,1,0,0,,12/3/2018
2013,BUFFRMFISHBM04,BUFFRMFish2013Jun17,9,L,main,0,0,0,0,0,0,0,1,0,0,,12/3/2018
2013,BUFFRMFISHBM04,BUFFRMFish2013Jun17,9,M,main,0,0,0,0,0,0,0,0,0,0,,12/3/2018
2013,BUFFRMFISHBM04,BUFFRMFish2013Jun17,9,R,main,0,0,0,0,1,0,0,1,0,0,,12/3/2018
2013,BUFFRMFISHBM04,BUFFRMFish2013Jun17,10,L,main,0,0,0,0,0,0,0,1,0,0,,12/3/2018
2013,BUFFRMFISHBM04,BUFFRMFish2013Jun17,10,M,main,0,0,0,0,0,0,0,0,0,0,,12/3/2018
2013,BUFFRMFISHBM04,BUFFRMFish2013Jun17,10,R,main,0,0,0,0,1,0,0,1,0,0,,12/3/2018
2013,BUFFRMFISHBM05,BUFFRMFish2013Jun18,1,L,main,0,0,0,0,1,0,0,1,0,0,,12/3/2018
2013,BUFFRMFISHBM05,BUFFRMFish2013Jun18,1,M,main,0,0,0,0,0,0,0,0,0,0,,12/3/2018
2013,BUFFRMFISHBM05,BUFFRMFish2013Jun18,1,R,main,0,0,0,0,1,1,1,1,0,0,,12/3/2018
2013,BUFFRMFISHBM05,BUFFRMFish2013Jun18,2,L,main,0,0,0,0,0,1,0,1,0,0,,12/3/2018
2013,BUFFRMFISHBM05,BUFFRMFish2013Jun18,2,M,main,0,0,0,0,0,0,0,0,0,0,,12/3/2018
2013,BUFFRMFISHBM05,BUFFRMFish2013Jun18,2,R,main,0,0,0,0,1,0,0,1,0,0,,12/3/2018
2013,BUFFRMFISHBM05,BUFFRMFish2013Jun18,3,L,main,0,0,0,0,0,0,0,1,0,0,,12/3/2018
2013,BUFFRMFISHBM05,BUFFRMFish2013Jun18,3,M,main,0,0,0,0,0,0,0,0,0,0,,12/3/2018
2013,BUFFRMFISHBM05,BUFFRMFish2013Jun18,3,R,main,0,0,0,0,0,0,0,0,0,0,,12/3/2018
2013,BUFFRMFISHBM05,BUFFRMFish2013Jun18,4,L,main,0,1,0,0,0,0,0,1,0,0,,12/3/2018
2013,BUFFRMFISHBM05,BUFFRMFish2013Jun18,4,M,main,0,0,0,0,0,0,0,0,0,0,,12/3/2018
2013,BUFFRMFISHBM05,BUFFRMFish2013Jun18,4,R,main,0,0,0,0,0,0,0,0,0,0,,12/3/2018
2013,BUFFRMFISHBM05,BUFFRMFish2013Jun18,5,L,main,0,0,0,0,1,0,1,1,0,0,,12/3/2018
2013,BUFFRMFISHBM05,BUFFRMFish2013Jun18,5,M,main,0,0,0,0,0,0,0,0,0,0,,12/3/2018
2013,BUFFRMFISHBM05,BUFFRMFish2013Jun18,5,R,main,0,0,1,0,0,0,0,0,0,0,,12/3/2018
2013,BUFFRMFISHBM05,BUFFRMFish2013Jun18,6,L,main,0,0,0,0,1,0,0,1,0,0,,12/3/2018
2013,BUFFRMFISHBM05,BUFFRMFish2013Jun18,6,M,main,0,0,0,0,0,0,0,0,0,0,,12/3/2018
2013,BUFFRMFISHBM05,BUFFRMFish2013Jun18,6,R,main,0,0,0,0,0,0,0,1,0,0,,12/3/2018
2013,BUFFRMFISHBM05,BUFFRMFish2013Jun18,7,L,main,0,0,0,0,1,0,0,1,0,0,,12/3/2018
2013,BUFFRMFISHBM05,BUFFRMFish2013Jun18,7,M,main,0,0,0,0,0,0,0,0,0,0,,12/3/2018
2013,BUFFRMFISHBM05,BUFFRMFish2013Jun18,7,R,main,0,0,0,0,0,0,1,1,0,0,,12/3/2018
2013,BUFFRMFISHBM05,BUFFRMFish2013Jun18,8,L,main,0,0,0,0,1,0,0,0,0,0,,12/3/2018
2013,BUFFRMFISHBM05,BUFFRMFish2013Jun18,8,M,main,0,0,0,0,0,0,0,0,0,0,,12/3/2018
2013,BUFFRMFISHBM05,BUFFRMFish2013Jun18,8,R,main,0,0,0,0,0,0,0,1,0,1,,12/3/2018
2013,BUFFRMFISHBM05,BUFFRMFish2013Jun18,9,L,main,0,0,0,0,0,0,0,0,0,0,,12/3/2018
2013,BUFFRMFISHBM05,BUFFRMFish2013Jun18,9,M,main,0,0,0,0,0,0,0,0,0,0,,12/3/2018
2013,BUFFRMFISHBM05,BUFFRMFish2013Jun18,9,R,main,0,0,0,0,1,0,0,1,0,1,,12/3/2018
2013,BUFFRMFISHBM05,BUFFRMFish2013Jun18,10,L,main,0,0,0,0,0,0,0,0,0,0,,12/3/2018
2013,BUFFRMFISHBM05,BUFFRMFish2013Jun18,10,M,main,0,0,0,0,0,0,0,0,0,0,,12/3/2018
2013,BUFFRMFISHBM05,BUFFRMFish2013Jun18,10,R,main,0,0,0,0,1,0,0,0,0,1,,12/3/2018
2013,BUFFRMFISHBM05,BUFFRMFish2013Jun18,11,L,main,0,0,0,0,1,0,0,1,0,0,,12/3/2018
2013,BUFFRMFISHBM05,BUFFRMFish2013Jun18,11,M,main,0,0,0,0,0,0,0,0,0,0,,12/3/2018
2013,BUFFRMFISHBM05,BUFFRMFish2013Jun18,11,R,main,0,0,0,0,1,0,0,1,0,0,,12/3/2018
2013,BUFFRMFISHBM06,BUFFRMFish2013Jun11,1,L,main,0,0,0,0,1,0,0,1,0,0,,12/3/2018
2013,BUFFRMFISHBM06,BUFFRMFish2013Jun11,1,M,main,0,0,0,0,0,0,0,0,0,0,,12/3/2018
2013,BUFFRMFISHBM06,BUFFRMFish2013Jun11,1,R,main,0,0,0,0,0,0,1,1,0,0,,12/3/2018
2013,BUFFRMFISHBM06,BUFFRMFish2013Jun11,2,L,main,0,0,0,0,1,0,0,0,0,0,,12/3/2018
2013,BUFFRMFISHBM06,BUFFRMFish2013Jun11,2,M,main,0,0,0,0,0,0,0,0,0,0,,12/3/2018
2013,BUFFRMFISHBM06,BUFFRMFish2013Jun11,2,R,main,0,1,0,0,1,0,1,0,0,0,,12/3/2018
2013,BUFFRMFISHBM06,BUFFRMFish2013Jun11,3,L,main,0,0,0,0,0,0,0,1,0,0,,12/3/2018
2013,BUFFRMFISHBM06,BUFFRMFish2013Jun11,3,M,main,0,0,0,0,0,0,0,0,0,0,,12/3/2018
2013,BUFFRMFISHBM06,BUFFRMFish2013Jun11,3,R,main,0,0,0,0,1,0,0,1,0,0,,12/3/2018
2013,BUFFRMFISHBM06,BUFFRMFish2013Jun11,4,L,main,0,0,0,0,1,0,0,1,0,0,,12/3/2018
2013,BUFFRMFISHBM06,BUFFRMFish2013Jun11,4,M,main,0,0,0,0,0,0,0,0,0,0,,12/3/2018
2013,BUFFRMFISHBM06,BUFFRMFish2013Jun11,4,R,main,0,1,0,0,1,0,1,1,0,0,,12/3/2018
2013,BUFFRMFISHBM06,BUFFRMFish2013Jun11,5,L,main,0,0,0,0,1,0,0,0,0,0,,12/3/2018
2013,BUFFRMFISHBM06,BUFFRMFish2013Jun11,5,M,main,0,0,0,0,0,0,0,0,0,0,,12/3/2018
2013,BUFFRMFISHBM06,BUFFRMFish2013Jun11,5,R,main,0,0,0,0,1,0,0,1,0,0,,12/3/2018
2013,BUFFRMFISHBM06,BUFFRMFish2013Jun11,6,L,main,0,0,0,0,1,0,0,1,0,0,,12/3/2018
2013,BUFFRMFISHBM06,BUFFRMFish2013Jun11,6,M,main,0,0,0,0,0,0,0,0,0,0,,12/3/2018
2013,BUFFRMFISHBM06,BUFFRMFish2013Jun11,6,R,main,0,0,0,0,1,1,0,1,0,0,,12/3/2018
2013,BUFFRMFISHBM06,BUFFRMFish2013Jun11,7,L,main,0,0,0,0,0,0,0,0,0,0,,12/3/2018
2013,BUFFRMFISHBM06,BUFFRMFish2013Jun11,7,M,main,0,0,0,0,0,0,0,0,0,0,,12/3/2018
2013,BUFFRMFISHBM06,BUFFRMFish2013Jun11,7,R,main,0,0,0,0,0,0,0,1,0,0,,12/3/2018
2013,BUFFRMFISHBM06,BUFFRMFish2013Jun11,8,L,main,0,0,0,0,0,0,0,0,0,0,,12/3/2018
2013,BUFFRMFISHBM06,BUFFRMFish2013Jun11,8,M,main,0,0,0,0,0,0,0,0,0,0,,12/3/2018
2013,BUFFRMFISHBM06,BUFFRMFish2013Jun11,8,R,main,0,0,0,0,1,0,0,1,0,0,,12/3/2018
2013,BUFFRMFISHBM06,BUFFRMFish2013Jun11,9,L,main,0,0,0,0,1,0,0,0,0,0,,12/3/2018
2013,BUFFRMFISHBM06,BUFFRMFish2013Jun11,9,M,main,0,0,0,0,0,0,0,0,0,0,,12/3/2018
2013,BUFFRMFISHBM06,BUFFRMFish2013Jun11,9,R,main,0,0,0,0,1,0,0,1,0,1,,12/3/2018
2013,BUFFRMFISHBM06,BUFFRMFish2013Jun11,10,L,main,0,0,0,0,1,0,0,1,0,0,,12/3/2018
2013,BUFFRMFISHBM06,BUFFRMFish2013Jun11,10,M,main,0,0,0,0,0,0,0,0,0,0,,12/3/2018
2013,BUFFRMFISHBM06,BUFFRMFish2013Jun11,10,R,main,0,0,0,0,1,0,0,0,0,0,,12/3/2018
2013,BUFFRMFISHBM06,BUFFRMFish2013Jun11,11,L,main,0,0,0,0,1,0,0,0,0,0,,12/3/2018
2013,BUFFRMFISHBM06,BUFFRMFish2013Jun11,11,M,main,0,0,0,0,0,0,0,0,0,0,,12/3/2018
2013,BUFFRMFISHBM06,BUFFRMFish2013Jun11,11,R,main,0,0,0,0,1,1,0,1,0,0,,12/3/2018
2013,BUFFRMFISHBT07,BUFFRMFish2013May21,1,L,main,0,0,0,0,1,0,0,1,0,0,,12/3/2018
2013,BUFFRMFISHBT07,BUFFRMFish2013May21,1,M,main,0,0,0,0,0,0,0,0,0,0,,12/3/2018
2013,BUFFRMFISHBT07,BUFFRMFish2013May21,1,R,main,0,0,0,0,1,0,0,1,0,0,,12/3/2018
2013,BUFFRMFISHBT07,BUFFRMFish2013May21,2,L,main,0,0,0,0,1,0,1,1,0,0,,12/3/2018
2013,BUFFRMFISHBT07,BUFFRMFish2013May21,2,M,main,0,0,0,0,0,0,0,0,0,0,,12/3/2018
2013,BUFFRMFISHBT07,BUFFRMFish2013May21,2,R,main,0,0,0,0,1,0,0,1,0,0,,12/3/2018
2013,BUFFRMFISHBT07,BUFFRMFish2013May21,3,L,main,0,0,0,0,1,1,1,1,0,0,,12/3/2018
2013,BUFFRMFISHBT07,BUFFRMFish2013May21,3,M,main,0,0,0,0,0,0,0,0,0,0,,12/3/2018
2013,BUFFRMFISHBT07,BUFFRMFish2013May21,3,R,main,0,0,0,0,1,0,0,1,0,0,,12/3/2018
2013,BUFFRMFISHBT07,BUFFRMFish2013May21,4,L,main,0,0,0,0,1,0,0,1,0,0,,12/3/2018
2013,BUFFRMFISHBT07,BUFFRMFish2013May21,4,M,main,0,0,0,0,0,0,0,0,0,0,,12/3/2018
2013,BUFFRMFISHBT07,BUFFRMFish2013May21,4,R,main,0,0,0,0,1,1,1,1,1,0,,12/3/2018
2013,BUFFRMFISHBT07,BUFFRMFish2013May21,5,L,main,0,0,0,0,1,0,0,1,0,0,,12/3/2018
2013,BUFFRMFISHBT07,BUFFRMFish2013May21,5,M,main,0,0,0,0,0,0,0,0,0,0,,12/3/2018
2013,BUFFRMFISHBT07,BUFFRMFish2013May21,5,R,main,0,0,0,0,1,1,0,1,0,0,,12/3/2018
2013,BUFFRMFISHBT07,BUFFRMFish2013May21,6,L,main,0,0,0,0,1,0,0,1,1,0,,12/3/2018
2013,BUFFRMFISHBT07,BUFFRMFish2013May21,6,M,main,0,0,0,0,0,0,0,0,0,0,,12/3/2018
2013,BUFFRMFISHBT07,BUFFRMFish2013May21,6,R,main,0,0,0,0,0,0,0,1,0,0,,12/3/2018
2013,BUFFRMFISHBT07,BUFFRMFish2013May21,7,L,main,0,0,0,0,1,0,0,1,0,0,,12/3/2018
2013,BUFFRMFISHBT07,BUFFRMFish2013May21,7,M,main,0,0,0,0,0,0,0,0,0,0,,12/3/2018
2013,BUFFRMFISHBT07,BUFFRMFish2013May21,7,R,main,0,0,0,0,1,0,0,1,0,0,,12/3/2018
2013,BUFFRMFISHBT07,BUFFRMFish2013May21,8,L,main,0,0,0,0,0,0,0,1,1,0,,12/3/2018
2013,BUFFRMFISHBT07,BUFFRMFish2013May21,8,M,main,0,0,0,0,0,0,0,0,0,0,,12/3/2018
2013,BUFFRMFISHBT07,BUFFRMFish2013May21,8,R,main,0,0,0,0,1,0,0,1,0,0,,12/3/2018
2013,BUFFRMFISHBT07,BUFFRMFish2013May21,9,L,main,0,0,0,0,1,0,0,1,0,0,,12/3/2018
2013,BUFFRMFISHBT07,BUFFRMFish2013May21,9,M,main,0,0,0,0,0,0,0,0,0,0,,12/3/2018
2013,BUFFRMFISHBT07,BUFFRMFish2013May21,9,R,main,0,0,0,0,1,0,1,1,0,0,,12/3/2018
2013,BUFFRMFISHBT07,BUFFRMFish2013May21,10,L,main,0,0,0,0,1,0,1,1,1,0,,12/3/2018
2013,BUFFRMFISHBT07,BUFFRMFish2013May21,10,M,main,0,0,0,0,0,0,0,0,0,0,,12/3/2018
2013,BUFFRMFISHBT07,BUFFRMFish2013May21,10,R,main,0,0,0,0,0,0,0,1,0,0,,12/3/2018
2013,BUFFRMFISHBT07,BUFFRMFish2013May21,11,L,main,0,0,0,0,1,1,1,1,1,0,,12/3/2018
2013,BUFFRMFISHBT07,BUFFRMFish2013May21,11,M,main,0,0,0,0,0,0,0,0,0,0,,12/3/2018
2013,BUFFRMFISHBT07,BUFFRMFish2013May21,11,R,main,0,0,0,0,1,0,0,1,0,0,,12/3/2018
2013,BUFFRMFISHBT15,BUFFRMFish2013May20,1,L,main,0,0,0,0,1,0,1,0,0,0,,12/3/2018
2013,BUFFRMFISHBT15,BUFFRMFish2013May20,1,M,main,0,0,0,0,0,0,0,0,0,0,,12/3/2018
2013,BUFFRMFISHBT15,BUFFRMFish2013May20,1,R,main,0,0,0,0,1,0,0,0,0,0,,12/3/2018
2013,BUFFRMFISHBT15,BUFFRMFish2013May20,2,L,main,0,0,0,0,1,0,0,0,0,0,,12/3/2018
2013,BUFFRMFISHBT15,BUFFRMFish2013May20,2,M,main,0,0,0,0,0,0,0,0,0,0,,12/3/2018
2013,BUFFRMFISHBT15,BUFFRMFish2013May20,2,R,main,1,0,0,0,1,0,0,0,0,0,,12/3/2018
2013,BUFFRMFISHBT15,BUFFRMFish2013May20,3,L,main,0,0,0,0,1,0,1,1,1,0,,12/3/2018
2013,BUFFRMFISHBT15,BUFFRMFish2013May20,3,M,main,0,0,0,0,0,0,0,0,0,0,,12/3/2018
2013,BUFFRMFISHBT15,BUFFRMFish2013May20,3,R,main,0,0,0,0,0,0,0,0,0,0,,12/3/2018
2013,BUFFRMFISHBT15,BUFFRMFish2013May20,4,L,main,0,0,0,0,1,0,0,0,0,0,,12/3/2018
2013,BUFFRMFISHBT15,BUFFRMFish2013May20,4,M,main,0,0,0,0,0,0,0,0,0,0,,12/3/2018
2013,BUFFRMFISHBT15,BUFFRMFish2013May20,4,R,main,0,0,0,0,1,0,0,0,0,0,,12/3/2018
2013,BUFFRMFISHBT15,BUFFRMFish2013May20,5,L,main,1,0,0,0,1,0,0,0,0,0,,12/3/2018
2013,BUFFRMFISHBT15,BUFFRMFish2013May20,5,M,main,0,0,0,0,0,0,0,0,0,0,,12/3/2018
2013,BUFFRMFISHBT15,BUFFRMFish2013May20,5,R,main,0,0,0,0,1,1,1,1,0,0,,12/3/2018
2013,BUFFRMFISHBT15,BUFFRMFish2013May20,6,L,main,0,0,0,0,1,0,0,0,0,0,,12/3/2018
2013,BUFFRMFISHBT15,BUFFRMFish2013May20,6,M,main,0,0,0,0,0,0,0,0,0,0,,12/3/2018
2013,BUFFRMFISHBT15,BUFFRMFish2013May20,6,R,main,0,0,0,0,1,0,1,1,1,0,,12/3/2018
2013,BUFFRMFISHBT15,BUFFRMFish2013May20,7,L,main,0,0,0,0,1,0,0,0,0,0,,12/3/2018
2013,BUFFRMFISHBT15,BUFFRMFish2013May20,7,M,main,0,0,0,0,0,0,0,0,0,0,,12/3/2018
2013,BUFFRMFISHBT15,BUFFRMFish2013May20,7,R,main,0,0,0,0,1,0,1,1,0,0,,12/3/2018
2013,BUFFRMFISHBT15,BUFFRMFish2013May20,8,L,main,0,0,0,0,1,0,1,1,0,0,3.5m Island,12/3/2018
2013,BUFFRMFISHBT15,BUFFRMFish2013May20,8,M,main,0,0,0,0,0,0,0,0,0,0,,12/3/2018
2013,BUFFRMFISHBT15,BUFFRMFish2013May20,8,R,main,0,0,0,0,1,0,1,1,1,0,,12/3/2018
2013,BUFFRMFISHBT15,BUFFRMFish2013May20,9,L,main,0,0,0,0,1,0,1,1,1,0,,12/3/2018
2013,BUFFRMFISHBT15,BUFFRMFish2013May20,9,M,main,0,0,0,0,0,0,0,0,0,0,,12/3/2018
2013,BUFFRMFISHBT15,BUFFRMFish2013May20,9,R,main,0,0,0,0,1,0,1,1,0,0,,12/3/2018
2013,BUFFRMFISHBT15,BUFFRMFish2013May20,10,L,main,0,0,0,0,1,0,0,1,0,0,,12/3/2018
2013,BUFFRMFISHBT15,BUFFRMFish2013May20,10,M,main,0,0,0,0,0,0,0,0,0,0,1m Island,12/3/2018
2013,BUFFRMFISHBT15,BUFFRMFish2013May20,10,R,main,0,0,0,0,1,0,1,0,0,0,,12/3/2018
2013,BUFFRMFISHBT15,BUFFRMFish2013May20,11,L,main,0,0,0,0,1,0,1,1,0,0,,12/3/2018
2013,BUFFRMFISHBT15,BUFFRMFish2013May20,11,M,main,0,0,0,0,0,0,0,0,0,0,,12/3/2018
2013,BUFFRMFISHBT15,BUFFRMFish2013May20,11,R,main,0,0,0,0,1,0,1,1,1,0,,12/3/2018
2013,BUFFRMFISHBT19,BUFFRMFish2013Jun06,1,L,main,0,0,0,0,0,0,0,1,1,0,,12/3/2018
2013,BUFFRMFISHBT19,BUFFRMFish2013Jun06,1,M,main,0,0,0,0,0,0,0,0,0,0,,12/3/2018
2013,BUFFRMFISHBT19,BUFFRMFish2013Jun06,1,R,main,0,0,0,0,1,0,0,0,0,0,,12/3/2018
2013,BUFFRMFISHBT19,BUFFRMFish2013Jun06,2,L,main,1,0,0,0,1,0,0,0,1,0,,12/3/2018
2013,BUFFRMFISHBT19,BUFFRMFish2013Jun06,2,M,main,0,0,0,0,0,0,0,0,0,0,,12/3/2018
2013,BUFFRMFISHBT19,BUFFRMFish2013Jun06,2,R,main,0,0,0,0,1,0,0,0,0,0,,12/3/2018
2013,BUFFRMFISHBT19,BUFFRMFish2013Jun06,3,L,main,1,0,0,0,1,0,0,1,0,0,,12/3/2018
2013,BUFFRMFISHBT19,BUFFRMFish2013Jun06,3,M,main,0,0,0,0,0,0,0,0,0,0,,12/3/2018
2013,BUFFRMFISHBT19,BUFFRMFish2013Jun06,3,R,main,0,0,0,0,1,0,0,0,0,0,,12/3/2018
2013,BUFFRMFISHBT19,BUFFRMFish2013Jun06,4,L,main,0,0,0,0,1,0,0,1,0,0,,12/3/2018
2013,BUFFRMFISHBT19,BUFFRMFish2013Jun06,4,M,main,0,0,0,0,0,0,0,0,0,0,,12/3/2018
2013,BUFFRMFISHBT19,BUFFRMFish2013Jun06,4,R,main,0,0,0,0,1,0,0,0,0,0,,12/3/2018
2013,BUFFRMFISHBT19,BUFFRMFish2013Jun06,5,L,main,0,0,0,0,1,0,1,1,0,0,,12/3/2018
2013,BUFFRMFISHBT19,BUFFRMFish2013Jun06,5,M,main,0,0,0,0,0,0,0,0,0,0,,12/3/2018
2013,BUFFRMFISHBT19,BUFFRMFish2013Jun06,5,R,main,0,0,0,0,0,0,0,0,0,0,,12/3/2018
2013,BUFFRMFISHBT19,BUFFRMFish2013Jun06,6,L,main,0,0,0,0,1,1,1,1,0,0,,12/3/2018
2013,BUFFRMFISHBT19,BUFFRMFish2013Jun06,6,M,main,0,0,0,0,0,0,0,0,0,0,,12/3/2018
2013,BUFFRMFISHBT19,BUFFRMFish2013Jun06,6,R,main,0,0,0,0,1,0,0,0,0,0,,12/3/2018
2013,BUFFRMFISHBT19,BUFFRMFish2013Jun06,7,L,main,0,0,0,0,1,0,0,0,0,0,,12/3/2018
2013,BUFFRMFISHBT19,BUFFRMFish2013Jun06,7,M,main,0,0,0,0,0,0,0,0,0,0,,12/3/2018
2013,BUFFRMFISHBT19,BUFFRMFish2013Jun06,7,R,main,0,0,0,0,1,0,0,1,0,0,,12/3/2018
2013,BUFFRMFISHBT19,BUFFRMFish2013Jun06,8,L,main,0,0,0,0,1,0,1,1,0,0,,12/3/2018
2013,BUFFRMFISHBT19,BUFFRMFish2013Jun06,8,M,main,0,0,0,0,0,0,0,0,0,0,,12/3/2018
2013,BUFFRMFISHBT19,BUFFRMFish2013Jun06,8,R,main,0,0,0,0,1,0,0,0,0,0,,12/3/2018
2013,BUFFRMFISHBT19,BUFFRMFish2013Jun06,9,L,main,0,0,0,0,1,0,1,1,0,0,,12/3/2018
2013,BUFFRMFISHBT19,BUFFRMFish2013Jun06,9,M,main,0,0,0,0,0,0,0,0,0,0,2.5m Island,12/3/2018
2013,BUFFRMFISHBT19,BUFFRMFish2013Jun06,9,R,main,0,0,0,0,1,0,0,0,0,0,,12/3/2018
2013,BUFFRMFISHBT19,BUFFRMFish2013Jun06,10,L,main,0,0,0,0,0,0,0,0,0,0,,12/3/2018
2013,BUFFRMFISHBT19,BUFFRMFish2013Jun06,10,M,main,0,0,0,0,0,0,0,0,0,0,,12/3/2018
2013,BUFFRMFISHBT19,BUFFRMFish2013Jun06,10,R,main,0,0,0,0,0,0,1,1,0,0,,12/3/2018
2013,BUFFRMFISHBT19,BUFFRMFish2013Jun06,11,L,main,0,0,0,0,1,1,0,1,0,0,,12/3/2018
2013,BUFFRMFISHBT19,BUFFRMFish2013Jun06,11,M,main,0,0,0,0,0,0,0,0,0,0,,12/3/2018
2013,BUFFRMFISHBT19,BUFFRMFish2013Jun06,11,R,main,0,0,0,0,1,0,0,1,0,0,,12/3/2018
2013,BUFFRMFISHBT20,BUFFRMFish2013Jun10,1,L,main,0,0,0,0,0,0,0,0,0,0,,12/3/2018
2013,BUFFRMFISHBT20,BUFFRMFish2013Jun10,1,M,main,0,0,0,0,0,0,0,0,0,0,,12/3/2018
2013,BUFFRMFISHBT20,BUFFRMFish2013Jun10,1,R,main,0,0,0,0,0,0,1,0,0,0,,12/3/2018
2013,BUFFRMFISHBT20,BUFFRMFish2013Jun10,2,L,main,0,0,0,0,1,0,1,0,0,0,,12/3/2018
2013,BUFFRMFISHBT20,BUFFRMFish2013Jun10,2,M,main,0,0,0,0,0,0,0,0,0,0,,12/3/2018
2013,BUFFRMFISHBT20,BUFFRMFish2013Jun10,2,R,main,0,0,0,0,1,0,0,0,0,0,,12/3/2018
2013,BUFFRMFISHBT20,BUFFRMFish2013Jun10,3,L,main,0,0,0,0,1,0,0,0,0,0,,12/3/2018
2013,BUFFRMFISHBT20,BUFFRMFish2013Jun10,3,M,main,0,0,0,0,0,0,0,0,0,0,,12/3/2018
2013,BUFFRMFISHBT20,BUFFRMFish2013Jun10,3,R,main,0,0,0,0,0,0,0,1,1,0,,12/3/2018
2013,BUFFRMFISHBT20,BUFFRMFish2013Jun10,4,L,main,0,0,0,0,1,0,0,0,0,0,,12/3/2018
2013,BUFFRMFISHBT20,BUFFRMFish2013Jun10,4,M,main,0,0,0,0,0,0,0,0,0,0,,12/3/2018
2013,BUFFRMFISHBT20,BUFFRMFish2013Jun10,4,R,main,0,0,0,0,1,0,0,1,0,0,,12/3/2018
2013,BUFFRMFISHBT20,BUFFRMFish2013Jun10,5,L,main,0,0,0,0,1,0,0,0,0,0,,12/3/2018
2013,BUFFRMFISHBT20,BUFFRMFish2013Jun10,5,M,main,0,0,0,0,0,0,0,0,0,0,,12/3/2018
2013,BUFFRMFISHBT20,BUFFRMFish2013Jun10,5,R,main,0,0,0,0,1,0,0,1,0,0,,12/3/2018
2013,BUFFRMFISHBT20,BUFFRMFish2013Jun10,6,L,main,0,0,0,0,1,0,0,1,0,0,,12/3/2018
2013,BUFFRMFISHBT20,BUFFRMFish2013Jun10,6,M,main,0,0,0,0,0,0,0,0,0,0,,12/3/2018
2013,BUFFRMFISHBT20,BUFFRMFish2013Jun10,6,R,main,0,0,0,0,0,0,0,1,1,0,,12/3/2018
2013,BUFFRMFISHBT20,BUFFRMFish2013Jun10,7,L,main,0,0,0,0,1,0,1,0,1,0,,12/3/2018
2013,BUFFRMFISHBT20,BUFFRMFish2013Jun10,7,M,main,0,0,0,0,0,0,0,0,0,0,,12/3/2018
2013,BUFFRMFISHBT20,BUFFRMFish2013Jun10,7,R,main,0,0,0,0,1,0,1,0,1,0,,12/3/2018
2013,BUFFRMFISHBT20,BUFFRMFish2013Jun10,8,L,main,0,0,0,0,1,0,0,0,0,0,,12/3/2018
2013,BUFFRMFISHBT20,BUFFRMFish2013Jun10,8,M,main,0,0,0,0,0,0,0,0,0,0,,12/3/2018
2013,BUFFRMFISHBT20,BUFFRMFish2013Jun10,8,R,main,0,0,0,0,0,0,0,1,0,0,,12/3/2018
2013,BUFFRMFISHBT20,BUFFRMFish2013Jun10,9,L,main,0,0,0,0,1,0,0,1,0,0,,12/3/2018
2013,BUFFRMFISHBT20,BUFFRMFish2013Jun10,9,M,main,0,0,1,0,0,0,0,0,0,0,,12/3/2018
2013,BUFFRMFISHBT20,BUFFRMFish2013Jun10,9,R,main,0,0,1,0,0,1,0,1,0,0,,12/3/2018
2013,BUFFRMFISHBT20,BUFFRMFish2013Jun10,10,L,main,0,0,0,0,1,0,0,0,0,0,,12/3/2018
2013,BUFFRMFISHBT20,BUFFRMFish2013Jun10,10,M,main,0,0,0,0,0,0,0,0,0,0,,12/3/2018
2013,BUFFRMFISHBT20,BUFFRMFish2013Jun10,10,R,main,0,0,0,0,1,0,0,1,0,0,,12/3/2018
2013,BUFFRMFISHBT20,BUFFRMFish2013Jun10,11,L,main,0,0,0,0,1,0,0,0,0,0,,12/3/2018
2013,BUFFRMFISHBT20,BUFFRMFish2013Jun10,11,M,main,0,1,0,0,0,0,0,0,0,0,,12/3/2018
2013,BUFFRMFISHBT20,BUFFRMFish2013Jun10,11,R,main,0,0,0,0,1,0,0,1,0,0,,12/3/2018
2013,BUFFRMFISHBT27,BUFFRMFish2013May20,1,L,main,0,0,0,0,1,0,0,1,0,0,,12/3/2018
2013,BUFFRMFISHBT27,BUFFRMFish2013May20,1,M,main,0,0,0,0,0,0,0,0,0,0,,12/3/2018
2013,BUFFRMFISHBT27,BUFFRMFish2013May20,1,R,main,0,0,0,0,1,0,0,1,0,0,,12/3/2018
2013,BUFFRMFISHBT27,BUFFRMFish2013May20,2,L,main,0,0,0,0,1,0,1,0,1,1,,12/3/2018
2013,BUFFRMFISHBT27,BUFFRMFish2013May20,2,M,main,0,0,0,0,0,0,0,0,0,0,,12/3/2018
2013,BUFFRMFISHBT27,BUFFRMFish2013May20,2,R,main,0,0,0,0,1,0,0,1,0,0,,12/3/2018
2013,BUFFRMFISHBT27,BUFFRMFish2013May20,3,L,main,0,0,0,0,1,0,0,0,1,0,,12/3/2018
2013,BUFFRMFISHBT27,BUFFRMFish2013May20,3,M,main,0,0,0,0,0,0,0,0,0,0,,12/3/2018
2013,BUFFRMFISHBT27,BUFFRMFish2013May20,3,R,main,0,0,0,0,1,0,0,1,1,0,,12/3/2018
2013,BUFFRMFISHBT27,BUFFRMFish2013May20,4,L,main,0,0,0,0,0,0,0,0,0,1,,12/3/2018
2013,BUFFRMFISHBT27,BUFFRMFish2013May20,4,M,main,0,0,0,0,0,0,0,0,0,0,,12/3/2018
2013,BUFFRMFISHBT27,BUFFRMFish2013May20,4,R,main,0,1,0,0,1,1,0,0,1,0,,12/3/2018
2013,BUFFRMFISHBT27,BUFFRMFish2013May20,5,L,main,0,0,0,0,0,0,0,0,1,1,,12/3/2018
2013,BUFFRMFISHBT27,BUFFRMFish2013May20,5,M,main,0,0,0,0,0,0,0,0,0,0,,12/3/2018
2013,BUFFRMFISHBT27,BUFFRMFish2013May20,5,R,main,0,1,0,0,1,0,0,1,0,0,,12/3/2018
2013,BUFFRMFISHBT27,BUFFRMFish2013May20,6,L,main,0,0,0,0,1,0,1,1,1,1,,12/3/2018
2013,BUFFRMFISHBT27,BUFFRMFish2013May20,6,M,main,0,0,0,0,0,0,0,0,0,0,,12/3/2018
2013,BUFFRMFISHBT27,BUFFRMFish2013May20,6,R,main,0,1,0,0,1,1,0,0,0,0,,12/3/2018
2013,BUFFRMFISHBT27,BUFFRMFish2013May20,7,L,main,0,0,0,0,1,0,0,0,1,1,,12/3/2018
2013,BUFFRMFISHBT27,BUFFRMFish2013May20,7,M,main,0,0,0,0,0,0,0,0,0,0,,12/3/2018
2013,BUFFRMFISHBT27,BUFFRMFish2013May20,7,R,main,0,0,0,0,1,0,0,0,0,0,,12/3/2018
2013,BUFFRMFISHBT27,BUFFRMFish2013May20,8,L,main,0,0,1,0,1,0,0,1,0,0,,12/3/2018
2013,BUFFRMFISHBT27,BUFFRMFish2013May20,8,M,main,0,0,0,0,0,0,0,0,0,0,,12/3/2018
2013,BUFFRMFISHBT27,BUFFRMFish2013May20,8,R,main,0,0,0,0,1,0,1,0,0,0,,12/3/2018
2013,BUFFRMFISHBT27,BUFFRMFish2013May20,9,L,main,0,0,0,0,1,0,0,1,0,0,,12/3/2018
2013,BUFFRMFISHBT27,BUFFRMFish2013May20,9,M,main,0,0,0,0,0,0,0,0,0,0,,12/3/2018
2013,BUFFRMFISHBT27,BUFFRMFish2013May20,9,R,main,0,0,1,0,1,0,1,1,0,0,,12/3/2018
2013,BUFFRMFISHBT27,BUFFRMFish2013May20,10,L,main,0,0,0,0,1,0,1,1,0,0,,12/3/2018
2013,BUFFRMFISHBT27,BUFFRMFish2013May20,10,M,main,0,0,0,0,0,0,0,0,0,0,,12/3/2018
2013,BUFFRMFISHBT27,BUFFRMFish2013May20,10,R,main,0,0,0,0,0,0,0,0,1,0,,12/3/2018
2013,BUFFRMFISHBT27,BUFFRMFish2013May20,11,L,main,0,0,0,0,1,0,0,0,0,0,,12/3/2018
2013,BUFFRMFISHBT27,BUFFRMFish2013May20,11,M,main,0,0,0,0,0,0,0,0,0,0,,12/3/2018
2013,BUFFRMFISHBT27,BUFFRMFish2013May20,11,R,main,0,0,0,0,0,0,0,0,1,0,,12/3/2018
2013,BUFFRMFISHBT30,BUFFRMFish2013Jun12,1,L,main,0,0,0,0,0,0,0,0,0,0,,12/3/2018
2013,BUFFRMFISHBT30,BUFFRMFish2013Jun12,1,M,main,0,0,0,0,0,0,0,0,0,0,,12/3/2018
2013,BUFFRMFISHBT30,BUFFRMFish2013Jun12,1,R,main,0,0,0,0,1,0,0,1,1,0,,12/3/2018
2013,BUFFRMFISHBT30,BUFFRMFish2013Jun12,2,L,main,0,0,0,0,1,0,1,1,0,0,,12/3/2018
2013,BUFFRMFISHBT30,BUFFRMFish2013Jun12,2,M,main,0,0,0,0,0,0,0,0,0,0,,12/3/2018
2013,BUFFRMFISHBT30,BUFFRMFish2013Jun12,2,R,main,0,0,0,0,1,0,0,1,0,0,,12/3/2018
2013,BUFFRMFISHBT30,BUFFRMFish2013Jun12,3,L,main,0,0,0,0,1,0,0,0,0,0,,12/3/2018
2013,BUFFRMFISHBT30,BUFFRMFish2013Jun12,3,M,main,0,0,0,0,0,0,0,0,0,0,,12/3/2018
2013,BUFFRMFISHBT30,BUFFRMFish2013Jun12,3,R,main,0,0,1,0,1,0,1,1,1,0,,12/3/2018
2013,BUFFRMFISHBT30,BUFFRMFish2013Jun12,4,L,main,0,0,0,0,0,0,0,0,0,0,,12/3/2018
2013,BUFFRMFISHBT30,BUFFRMFish2013Jun12,4,M,main,0,0,0,0,0,0,0,0,0,0,,12/3/2018
2013,BUFFRMFISHBT30,BUFFRMFish2013Jun12,4,R,main,0,0,0,0,1,0,1,1,0,0,,12/3/2018
2013,BUFFRMFISHBT30,BUFFRMFish2013Jun12,5,L,main,0,0,0,0,1,1,1,1,1,0,,12/3/2018
2013,BUFFRMFISHBT30,BUFFRMFish2013Jun12,5,M,main,0,0,0,0,0,0,0,0,0,0,,12/3/2018
2013,BUFFRMFISHBT30,BUFFRMFish2013Jun12,5,R,main,0,0,0,0,1,0,0,0,0,1,,12/3/2018
2013,BUFFRMFISHBT30,BUFFRMFish2013Jun12,6,L,main,0,0,0,0,1,0,0,0,0,0,,12/3/2018
2013,BUFFRMFISHBT30,BUFFRMFish2013Jun12,6,M,main,0,0,0,0,0,0,0,0,0,0,,12/3/2018
2013,BUFFRMFISHBT30,BUFFRMFish2013Jun12,6,R,main,0,0,0,0,1,0,0,0,0,1,,12/3/2018
2013,BUFFRMFISHBT30,BUFFRMFish2013Jun12,7,L,main,0,0,0,0,1,0,1,1,0,0,,12/3/2018
2013,BUFFRMFISHBT30,BUFFRMFish2013Jun12,7,M,main,0,0,0,0,0,0,0,0,0,0,,12/3/2018
2013,BUFFRMFISHBT30,BUFFRMFish2013Jun12,7,R,main,0,0,0,0,0,0,0,0,0,1,,12/3/2018
2013,BUFFRMFISHBT30,BUFFRMFish2013Jun12,8,L,main,0,0,0,0,1,0,0,0,0,0,,12/3/2018
2013,BUFFRMFISHBT30,BUFFRMFish2013Jun12,8,M,main,0,0,0,0,0,0,0,0,0,0,,12/3/2018
2013,BUFFRMFISHBT30,BUFFRMFish2013Jun12,8,R,main,0,0,0,0,1,0,0,0,1,1,,12/3/2018
2013,BUFFRMFISHBT30,BUFFRMFish2013Jun12,9,L,main,0,0,0,0,1,0,0,0,0,0,,12/3/2018
2013,BUFFRMFISHBT30,BUFFRMFish2013Jun12,9,M,main,0,0,0,0,0,0,0,0,0,0,,12/3/2018
2013,BUFFRMFISHBT30,BUFFRMFish2013Jun12,9,R,main,0,0,1,0,0,0,0,0,1,1,,12/3/2018
2013,BUFFRMFISHBT30,BUFFRMFish2013Jun12,10,L,main,1,0,0,0,1,0,0,0,0,0,,12/3/2018
2013,BUFFRMFISHBT30,BUFFRMFish2013Jun12,10,M,main,0,0,0,0,0,0,0,0,0,0,,12/3/2018
2013,BUFFRMFISHBT30,BUFFRMFish2013Jun12,10,R,main,1,0,0,0,0,0,0,1,0,1,,12/3/2018
2013,BUFFRMFISHBT30,BUFFRMFish2013Jun12,11,L,main,1,0,0,0,0,1,0,1,0,0,,12/3/2018
2013,BUFFRMFISHBT30,BUFFRMFish2013Jun12,11,M,main,0,0,0,0,0,0,0,0,0,0,,12/3/2018
2013,BUFFRMFISHBT30,BUFFRMFish2013Jun12,11,R,main,1,0,0,0,1,0,0,1,0,0,,12/3/2018
2013,BUFFRMFISHBT31,BUFFRMFish2013Jun12,1,L,main,0,0,0,0,1,0,0,1,0,0,,12/3/2018
2013,BUFFRMFISHBT31,BUFFRMFish2013Jun12,1,M,main,0,0,0,0,0,0,0,0,0,0,,12/3/2018
2013,BUFFRMFISHBT31,BUFFRMFish2013Jun12,1,R,main,0,0,0,0,1,0,0,1,0,0,,12/3/2018
2013,BUFFRMFISHBT31,BUFFRMFish2013Jun12,2,L,main,0,0,0,0,1,0,0,0,0,0,,12/3/2018
2013,BUFFRMFISHBT31,BUFFRMFish2013Jun12,2,M,main,0,0,0,0,0,0,0,0,0,0,,12/3/2018
2013,BUFFRMFISHBT31,BUFFRMFish2013Jun12,2,R,main,0,0,0,0,1,0,0,1,0,0,,12/3/2018
2013,BUFFRMFISHBT31,BUFFRMFish2013Jun12,3,L,main,0,0,0,0,1,0,0,0,0,0,,12/3/2018
2013,BUFFRMFISHBT31,BUFFRMFish2013Jun12,3,M,main,0,0,0,0,0,0,0,0,0,0,,12/3/2018
2013,BUFFRMFISHBT31,BUFFRMFish2013Jun12,3,R,main,0,0,0,0,1,1,0,0,0,0,,12/3/2018
2013,BUFFRMFISHBT31,BUFFRMFish2013Jun12,4,L,main,0,0,0,0,1,0,0,1,0,0,,12/3/2018
2013,BUFFRMFISHBT31,BUFFRMFish2013Jun12,4,M,main,0,0,0,0,0,0,0,0,0,0,,12/3/2018
2013,BUFFRMFISHBT31,BUFFRMFish2013Jun12,4,R,main,0,0,0,0,1,1,1,0,0,0,,12/3/2018
2013,BUFFRMFISHBT31,BUFFRMFish2013Jun12,5,L,main,0,0,0,0,1,0,0,0,0,0,,12/3/2018
2013,BUFFRMFISHBT31,BUFFRMFish2013Jun12,5,M,main,0,0,0,0,0,0,0,0,0,0,,12/3/2018
2013,BUFFRMFISHBT31,BUFFRMFish2013Jun12,5,R,main,0,0,0,0,1,0,0,0,0,0,,12/3/2018
2013,BUFFRMFISHBT31,BUFFRMFish2013Jun12,6,L,main,0,0,0,0,1,0,0,1,0,0,,12/3/2018
2013,BUFFRMFISHBT31,BUFFRMFish2013Jun12,6,M,main,0,0,0,0,0,0,0,0,0,0,,12/3/2018
2013,BUFFRMFISHBT31,BUFFRMFish2013Jun12,6,R,main,0,0,0,0,1,0,0,1,0,0,,12/3/2018
2013,BUFFRMFISHBT31,BUFFRMFish2013Jun12,7,L,main,0,0,0,0,1,0,1,1,0,0,,12/3/2018
2013,BUFFRMFISHBT31,BUFFRMFish2013Jun12,7,M,main,0,0,0,0,0,0,0,0,0,0,,12/3/2018
2013,BUFFRMFISHBT31,BUFFRMFish2013Jun12,7,R,main,0,0,0,0,1,0,0,0,0,0,,12/3/2018
2013,BUFFRMFISHBT31,BUFFRMFish2013Jun12,8,L,main,0,0,0,0,1,0,1,1,0,0,,12/3/2018
2013,BUFFRMFISHBT31,BUFFRMFish2013Jun12,8,M,main,0,0,0,0,0,0,0,0,0,0,5.6m Island Gravel,12/3/2018
2013,BUFFRMFISHBT31,BUFFRMFish2013Jun12,8,R,main,0,0,0,0,1,0,0,1,0,0,,12/3/2018
2013,BUFFRMFISHBT31,BUFFRMFish2013Jun12,9,L,main,0,0,0,0,1,0,0,1,0,0,,12/3/2018
2013,BUFFRMFISHBT31,BUFFRMFish2013Jun12,9,M,main,0,0,0,0,0,0,0,0,0,0,3.8m Gravel Island,12/3/2018
2013,BUFFRMFISHBT31,BUFFRMFish2013Jun12,9,R,main,0,0,0,0,1,0,0,1,0,0,,12/3/2018
2013,BUFFRMFISHBT31,BUFFRMFish2013Jun12,10,L,main,0,0,0,0,1,0,0,1,0,0,,12/3/2018
2013,BUFFRMFISHBT31,BUFFRMFish2013Jun12,10,M,main,0,0,0,0,0,0,0,0,0,0,,12/3/2018
2013,BUFFRMFISHBT31,BUFFRMFish2013Jun12,10,R,main,0,0,0,0,1,0,0,1,0,0,,12/3/2018
2013,BUFFRMFISHBT31,BUFFRMFish2013Jun12,11,L,main,0,0,0,0,1,0,1,0,0,0,,12/3/2018
2013,BUFFRMFISHBT31,BUFFRMFish2013Jun12,11,M,main,0,0,0,0,0,0,0,0,0,0,,12/3/2018
2013,BUFFRMFISHBT31,BUFFRMFish2013Jun12,11,R,main,0,0,0,0,0,0,0,0,0,0,10.4m Gravel Bar,12/3/2018
2015,BUFFRMFISHBM01,BUFFrmfish2015Jun05,1,L,Main,0,0,0,0,1,0,1,1,0,0,,12/3/2018
2015,BUFFRMFISHBM01,BUFFrmfish2015Jun05,1,L,Side channel,0,0,0,0,1,0,0,1,0,0,,12/3/2018
2015,BUFFRMFISHBM01,BUFFrmfish2015Jun05,1,M,Main,0,0,0,0,0,0,0,0,0,0,,12/3/2018
2015,BUFFRMFISHBM01,BUFFrmfish2015Jun05,1,M,Side channel,0,1,0,0,0,0,0,0,0,0,,12/3/2018
2015,BUFFRMFISHBM01,BUFFrmfish2015Jun05,1,R,Main,0,0,0,0,1,1,1,1,0,0,,12/3/2018
2015,BUFFRMFISHBM01,BUFFrmfish2015Jun05,1,R,Side channel,0,0,0,0,1,0,0,0,0,0,,12/3/2018
2015,BUFFRMFISHBM01,BUFFrmfish2015Jun05,2,L,Main,0,0,0,0,1,0,1,1,0,0,,12/3/2018
2015,BUFFRMFISHBM01,BUFFrmfish2015Jun05,2,L,Side channel,0,0,0,0,1,0,0,1,0,0,,12/3/2018
2015,BUFFRMFISHBM01,BUFFrmfish2015Jun05,2,M,Main,0,0,0,0,0,0,0,0,0,0,,12/3/2018
2015,BUFFRMFISHBM01,BUFFrmfish2015Jun05,2,M,Side channel,0,0,0,0,0,0,0,0,0,0,,12/3/2018
2015,BUFFRMFISHBM01,BUFFrmfish2015Jun05,2,R,Main,0,1,0,0,1,0,0,1,0,0,,12/3/2018
2015,BUFFRMFISHBM01,BUFFrmfish2015Jun05,2,R,Side channel,0,0,0,0,1,0,0,1,0,0,,12/3/2018
2015,BUFFRMFISHBM01,BUFFrmfish2015Jun05,3,L,Main,0,1,0,0,1,0,0,1,0,0,,12/3/2018
2015,BUFFRMFISHBM01,BUFFrmfish2015Jun05,3,L,Side channel,0,1,0,0,1,0,0,0,0,0,,12/3/2018
2015,BUFFRMFISHBM01,BUFFrmfish2015Jun05,3,M,Main,0,0,0,0,0,0,0,0,0,0,,12/3/2018
2015,BUFFRMFISHBM01,BUFFrmfish2015Jun05,3,M,Side channel,0,0,0,0,0,0,0,0,0,0,,12/3/2018
2015,BUFFRMFISHBM01,BUFFrmfish2015Jun05,3,R,Main,0,1,0,0,1,0,0,1,0,0,,12/3/2018
2015,BUFFRMFISHBM01,BUFFrmfish2015Jun05,3,R,Side channel,0,0,0,0,1,1,0,1,0,0,,12/3/2018
2015,BUFFRMFISHBM01,BUFFrmfish2015Jun05,4,L,Main,0,1,0,0,1,0,0,1,0,0,,12/3/2018
2015,BUFFRMFISHBM01,BUFFrmfish2015Jun05,4,L,Side channel,0,0,0,0,1,0,0,1,0,0,,12/3/2018
2015,BUFFRMFISHBM01,BUFFrmfish2015Jun05,4,M,Main,0,0,0,0,0,0,0,0,0,0,,12/3/2018
2015,BUFFRMFISHBM01,BUFFrmfish2015Jun05,4,M,Side channel,0,0,0,0,0,0,0,0,0,0,,12/3/2018
2015,BUFFRMFISHBM01,BUFFrmfish2015Jun05,4,R,Main,0,0,0,0,1,1,0,1,0,0,,12/3/2018
2015,BUFFRMFISHBM01,BUFFrmfish2015Jun05,4,R,Side channel,0,0,0,0,1,0,1,1,0,0,,12/3/2018
2015,BUFFRMFISHBM01,BUFFrmfish2015Jun05,5,L,Main,0,0,0,0,1,1,0,1,0,0,,12/3/2018
2015,BUFFRMFISHBM01,BUFFrmfish2015Jun05,5,L,Side channel,0,0,0,0,1,0,1,0,0,0,,12/3/2018
2015,BUFFRMFISHBM01,BUFFrmfish2015Jun05,5,M,Main,0,0,0,0,0,0,0,0,0,0,,12/3/2018
2015,BUFFRMFISHBM01,BUFFrmfish2015Jun05,5,M,Side channel,0,0,0,0,0,0,0,0,0,0,,12/3/2018
2015,BUFFRMFISHBM01,BUFFrmfish2015Jun05,5,R,Main,0,0,0,0,1,1,0,1,0,0,,12/3/2018
2015,BUFFRMFISHBM01,BUFFrmfish2015Jun05,5,R,Side channel,0,0,0,0,1,1,1,0,0,0,,12/3/2018
2015,BUFFRMFISHBM01,BUFFrmfish2015Jun05,6,L,Main,0,0,0,0,1,0,0,1,0,0,,12/3/2018
2015,BUFFRMFISHBM01,BUFFrmfish2015Jun05,6,M,Main,0,0,0,0,0,0,0,0,0,0,,12/3/2018
2015,BUFFRMFISHBM01,BUFFrmfish2015Jun05,6,R,Main,0,0,0,0,1,0,1,1,0,0,,12/3/2018
2015,BUFFRMFISHBM01,BUFFrmfish2015Jun05,7,L,Main,0,0,0,0,1,1,0,1,0,0,,12/3/2018
2015,BUFFRMFISHBM01,BUFFrmfish2015Jun05,7,M,Main,0,0,0,0,0,0,0,0,0,0,,12/3/2018
2015,BUFFRMFISHBM01,BUFFrmfish2015Jun05,7,R,Main,0,0,0,0,1,0,1,1,0,0,,12/3/2018
2015,BUFFRMFISHBM01,BUFFrmfish2015Jun05,8,L,Main,0,0,0,0,1,0,0,1,0,0,,12/3/2018
2015,BUFFRMFISHBM01,BUFFrmfish2015Jun05,8,M,Main,0,0,0,0,0,0,0,0,0,0,,12/3/2018
2015,BUFFRMFISHBM01,BUFFrmfish2015Jun05,8,R,Main,0,0,0,0,1,0,1,0,0,0,,12/3/2018
2015,BUFFRMFISHBM01,BUFFrmfish2015Jun05,9,L,Main,0,0,0,0,1,0,1,1,0,0,,12/3/2018
2015,BUFFRMFISHBM01,BUFFrmfish2015Jun05,9,M,Main,0,0,0,0,0,0,0,0,0,0,,12/3/2018
2015,BUFFRMFISHBM01,BUFFrmfish2015Jun05,9,R,Main,0,0,1,0,1,0,0,1,0,0,,12/3/2018
2015,BUFFRMFISHBM01,BUFFrmfish2015Jun05,10,L,Main,0,0,0,0,1,0,1,0,1,0,,12/3/2018
2015,BUFFRMFISHBM01,BUFFrmfish2015Jun05,10,M,Main,0,0,0,0,0,0,0,0,0,0,,12/3/2018
2015,BUFFRMFISHBM01,BUFFrmfish2015Jun05,10,R,Main,0,0,0,0,1,1,1,1,0,0,,12/3/2018
2015,BUFFRMFISHBM01,BUFFrmfish2015Jun05,11,L,Main,0,0,0,0,1,0,1,1,0,0,,12/3/2018
2015,BUFFRMFISHBM01,BUFFrmfish2015Jun05,11,M,Main,0,0,0,0,0,0,0,0,0,0,,12/3/2018
2015,BUFFRMFISHBM01,BUFFrmfish2015Jun05,11,R,Main,0,0,0,0,1,1,1,0,1,0,,12/3/2018
2015,BUFFRMFISHBM02,BUFFrmfish2015Jun09,1,L,Main,0,1,0,0,1,1,0,1,0,0,,12/3/2018
2015,BUFFRMFISHBM02,BUFFrmfish2015Jun09,1,M,Main,0,0,0,0,0,0,0,0,0,0,,12/3/2018
2015,BUFFRMFISHBM02,BUFFrmfish2015Jun09,1,R,Main,0,0,0,0,1,0,1,1,0,0,,12/3/2018
2015,BUFFRMFISHBM02,BUFFrmfish2015Jun09,2,L,Main,0,0,0,0,1,0,0,1,0,0,,12/3/2018
2015,BUFFRMFISHBM02,BUFFrmfish2015Jun09,2,M,Main,0,0,0,0,0,0,0,0,0,0,,12/3/2018
2015,BUFFRMFISHBM02,BUFFrmfish2015Jun09,2,R,Main,0,0,0,0,1,0,0,1,0,0,,12/3/2018
2015,BUFFRMFISHBM02,BUFFrmfish2015Jun09,3,L,Main,0,0,0,0,1,1,0,1,0,0,,12/3/2018
2015,BUFFRMFISHBM02,BUFFrmfish2015Jun09,3,M,Main,0,0,0,0,0,0,0,0,0,0,,12/3/2018
2015,BUFFRMFISHBM02,BUFFrmfish2015Jun09,3,R,Main,0,0,0,0,1,0,1,1,0,0,,12/3/2018
2015,BUFFRMFISHBM02,BUFFrmfish2015Jun09,4,L,Main,0,0,0,0,1,0,0,1,0,0,,12/3/2018
2015,BUFFRMFISHBM02,BUFFrmfish2015Jun09,4,M,Main,0,0,0,0,0,0,0,0,0,0,,12/3/2018
2015,BUFFRMFISHBM02,BUFFrmfish2015Jun09,4,R,Main,0,0,0,0,1,0,0,1,0,0,,12/3/2018
2015,BUFFRMFISHBM02,BUFFrmfish2015Jun09,5,L,Main,0,0,0,0,1,1,0,1,0,0,,12/3/2018
2015,BUFFRMFISHBM02,BUFFrmfish2015Jun09,5,M,Main,0,0,0,0,0,0,0,0,0,0,,12/3/2018
2015,BUFFRMFISHBM02,BUFFrmfish2015Jun09,5,R,Main,0,0,0,0,1,1,0,1,0,0,,12/3/2018
2015,BUFFRMFISHBM02,BUFFrmfish2015Jun09,6,L,Main,0,0,0,0,1,0,0,1,0,0,,12/3/2018
2015,BUFFRMFISHBM02,BUFFrmfish2015Jun09,6,M,Main,0,0,0,0,0,0,0,0,0,0,,12/3/2018
2015,BUFFRMFISHBM02,BUFFrmfish2015Jun09,6,R,Main,0,0,1,0,1,0,0,1,0,0,,12/3/2018
2015,BUFFRMFISHBM02,BUFFrmfish2015Jun09,7,L,Main,0,0,0,0,1,0,1,1,0,0,,12/3/2018
2015,BUFFRMFISHBM02,BUFFrmfish2015Jun09,7,M,Main,0,0,0,0,0,0,0,0,0,0,,12/3/2018
2015,BUFFRMFISHBM02,BUFFrmfish2015Jun09,7,R,Main,0,0,0,0,1,1,1,1,0,0,,12/3/2018
2015,BUFFRMFISHBM02,BUFFrmfish2015Jun09,8,L,Main,0,0,0,0,1,0,1,1,0,0,,12/3/2018
2015,BUFFRMFISHBM02,BUFFrmfish2015Jun09,8,M,Main,0,0,0,0,0,0,0,0,0,0,,12/3/2018
2015,BUFFRMFISHBM02,BUFFrmfish2015Jun09,8,R,Main,0,0,0,0,1,1,1,1,0,0,,12/3/2018
2015,BUFFRMFISHBM02,BUFFrmfish2015Jun09,9,L,Main,0,0,0,0,1,0,0,1,0,1,,12/3/2018
2015,BUFFRMFISHBM02,BUFFrmfish2015Jun09,9,M,Main,0,0,0,0,0,0,0,0,0,0,,12/3/2018
2015,BUFFRMFISHBM02,BUFFrmfish2015Jun09,9,R,Main,0,0,0,0,1,0,0,0,0,0,,12/3/2018
2015,BUFFRMFISHBM02,BUFFrmfish2015Jun09,10,L,Main,0,0,0,0,1,0,0,0,1,1,,12/3/2018
2015,BUFFRMFISHBM02,BUFFrmfish2015Jun09,10,M,Main,0,0,0,0,0,0,0,0,0,0,,12/3/2018
2015,BUFFRMFISHBM02,BUFFrmfish2015Jun09,10,R,Main,0,0,0,0,1,0,1,0,0,0,,12/3/2018
2015,BUFFRMFISHBM02,BUFFrmfish2015Jun09,11,L,Main,0,0,0,0,1,0,1,0,0,0,,12/3/2018
2015,BUFFRMFISHBM02,BUFFrmfish2015Jun09,11,M,Main,0,0,0,0,0,0,0,0,0,0,,12/3/2018
2015,BUFFRMFISHBM02,BUFFrmfish2015Jun09,11,R,Main,0,0,0,0,1,0,0,1,0,0,,12/3/2018
2015,BUFFRMFISHBM03,BUFFrmfish2015Jun30,1,L,backwater_main,0,0,0,0,1,0,0,0,0,0,,12/3/2018
2015,BUFFRMFISHBM03,BUFFrmfish2015Jun30,1,L,Main,0,0,0,0,1,0,0,0,0,0,38m gravel bar,12/3/2018
2015,BUFFRMFISHBM03,BUFFrmfish2015Jun30,1,M,backwater_main,0,0,0,0,0,0,0,0,0,0,,12/3/2018
2015,BUFFRMFISHBM03,BUFFrmfish2015Jun30,1,M,Main,0,0,0,0,0,0,0,0,0,0,,12/3/2018
2015,BUFFRMFISHBM03,BUFFrmfish2015Jun30,1,R,backwater_main,0,0,0,0,1,0,1,1,0,0,,12/3/2018
2015,BUFFRMFISHBM03,BUFFrmfish2015Jun30,1,R,Main,0,0,0,0,1,0,1,0,0,0,,12/3/2018
2015,BUFFRMFISHBM03,BUFFrmfish2015Jun30,2,L,backwater_main,0,0,0,0,1,0,0,0,0,0,,12/3/2018
2015,BUFFRMFISHBM03,BUFFrmfish2015Jun30,2,L,Main,0,0,0,0,1,1,0,0,0,0,,12/3/2018
2015,BUFFRMFISHBM03,BUFFrmfish2015Jun30,2,M,backwater_main,0,0,0,0,0,0,0,0,0,0,,12/3/2018
2015,BUFFRMFISHBM03,BUFFrmfish2015Jun30,2,M,Main,0,0,0,0,0,0,0,0,0,0,,12/3/2018
2015,BUFFRMFISHBM03,BUFFrmfish2015Jun30,2,R,backwater_main,0,1,0,0,1,0,0,1,0,0,,12/3/2018
2015,BUFFRMFISHBM03,BUFFrmfish2015Jun30,2,R,Main,0,0,0,0,1,0,1,1,0,0,,12/3/2018
2015,BUFFRMFISHBM03,BUFFrmfish2015Jun30,3,L,backwater_main,0,0,0,0,1,0,0,0,0,0,,12/3/2018
2015,BUFFRMFISHBM03,BUFFrmfish2015Jun30,3,L,Main,0,0,0,0,1,0,1,0,0,0,,12/3/2018
2015,BUFFRMFISHBM03,BUFFrmfish2015Jun30,3,M,backwater_main,0,0,0,0,0,0,0,0,0,0,,12/3/2018
2015,BUFFRMFISHBM03,BUFFrmfish2015Jun30,3,M,Main,0,0,0,0,0,0,0,0,0,0,,12/3/2018
2015,BUFFRMFISHBM03,BUFFrmfish2015Jun30,3,R,backwater_main,0,1,0,0,1,0,0,0,0,0,,12/3/2018
2015,BUFFRMFISHBM03,BUFFrmfish2015Jun30,3,R,Main,0,0,0,0,1,0,1,1,0,0,,12/3/2018
2015,BUFFRMFISHBM03,BUFFrmfish2015Jun30,4,L,Main,0,0,1,0,1,0,1,1,0,0,,12/3/2018
2015,BUFFRMFISHBM03,BUFFrmfish2015Jun30,4,M,Main,0,0,0,0,0,0,0,0,0,0,,12/3/2018
2015,BUFFRMFISHBM03,BUFFrmfish2015Jun30,4,R,Main,0,0,0,0,1,0,1,1,0,0,,12/3/2018
2015,BUFFRMFISHBM03,BUFFrmfish2015Jun30,5,L,Main,0,0,0,0,1,0,0,0,0,0,,12/3/2018
2015,BUFFRMFISHBM03,BUFFrmfish2015Jun30,5,M,Main,0,0,0,0,0,0,0,0,0,0,,12/3/2018
2015,BUFFRMFISHBM03,BUFFrmfish2015Jun30,5,R,Main,0,0,0,0,1,0,1,1,0,0,18m gravel bar,12/3/2018
2015,BUFFRMFISHBM03,BUFFrmfish2015Jun30,6,L,Main,0,0,1,0,1,0,1,1,0,0,,12/3/2018
2015,BUFFRMFISHBM03,BUFFrmfish2015Jun30,6,M,Main,0,0,0,0,0,0,0,0,0,0,,12/3/2018
2015,BUFFRMFISHBM03,BUFFrmfish2015Jun30,6,R,Main,0,0,0,0,1,0,0,0,0,0,20m gravel bar,12/3/2018
2015,BUFFRMFISHBM03,BUFFrmfish2015Jun30,7,L,Main,0,0,0,0,1,0,0,0,0,0,,12/3/2018
2015,BUFFRMFISHBM03,BUFFrmfish2015Jun30,7,M,Main,0,0,0,0,0,0,0,0,0,0,,12/3/2018
2015,BUFFRMFISHBM03,BUFFrmfish2015Jun30,7,R,Main,0,0,0,0,1,0,1,1,0,0,18m gravel bar,12/3/2018
2015,BUFFRMFISHBM03,BUFFrmfish2015Jun30,8,L,Main,0,0,1,0,1,0,0,1,0,1,,12/3/2018
2015,BUFFRMFISHBM03,BUFFrmfish2015Jun30,8,M,Main,0,0,0,0,0,0,0,0,0,0,,12/3/2018
2015,BUFFRMFISHBM03,BUFFrmfish2015Jun30,8,R,Main,0,0,0,0,1,0,0,0,0,0,22m gravel bar,12/3/2018
2015,BUFFRMFISHBM03,BUFFrmfish2015Jun30,9,L,Main,0,0,1,0,1,0,0,0,0,1,,12/3/2018
2015,BUFFRMFISHBM03,BUFFrmfish2015Jun30,9,M,Main,0,0,0,0,0,0,0,0,0,0,,12/3/2018
2015,BUFFRMFISHBM03,BUFFrmfish2015Jun30,9,R,Main,0,0,0,0,1,0,0,0,0,0,14m gravel bar,12/3/2018
2015,BUFFRMFISHBM03,BUFFrmfish2015Jun30,10,L,Main,0,0,0,0,1,0,1,1,0,1,,12/3/2018
2015,BUFFRMFISHBM03,BUFFrmfish2015Jun30,10,M,Main,0,0,0,0,0,0,0,0,0,0,,12/3/2018
2015,BUFFRMFISHBM03,BUFFrmfish2015Jun30,10,R,Main,0,0,0,0,1,0,0,0,0,1,13m gravel  bar,12/3/2018
2015,BUFFRMFISHBM03,BUFFrmfish2015Jun30,11,L,Main,0,0,0,0,1,0,0,1,0,0,,12/3/2018
2015,BUFFRMFISHBM03,BUFFrmfish2015Jun30,11,M,Main,0,0,0,0,0,0,0,0,0,0,,12/3/2018
2015,BUFFRMFISHBM03,BUFFrmfish2015Jun30,11,R,Main,0,0,0,0,1,0,0,1,0,0,,12/3/2018
2015,BUFFRMFISHBM04,BUFFrmfish2015Jul01,1,L,Main,0,1,0,0,1,0,0,0,0,0,12m gravel bar,12/3/2018
2015,BUFFRMFISHBM04,BUFFrmfish2015Jul01,1,M,Main,0,0,0,0,0,0,0,0,0,0,,12/3/2018
2015,BUFFRMFISHBM04,BUFFrmfish2015Jul01,1,R,Main,0,0,0,0,1,0,0,1,0,0,,12/3/2018
2015,BUFFRMFISHBM04,BUFFrmfish2015Jul01,2,L,Main,0,0,0,0,1,0,0,1,0,0,,12/3/2018
2015,BUFFRMFISHBM04,BUFFrmfish2015Jul01,2,M,Main,0,0,0,0,0,0,0,0,0,0,,12/3/2018
2015,BUFFRMFISHBM04,BUFFrmfish2015Jul01,2,R,Main,0,0,0,0,1,1,0,1,0,0,,12/3/2018
2015,BUFFRMFISHBM04,BUFFrmfish2015Jul01,3,L,Main,0,0,0,0,1,0,0,1,0,0,,12/3/2018
2015,BUFFRMFISHBM04,BUFFrmfish2015Jul01,3,M,Main,0,0,0,0,0,0,0,0,0,0,,12/3/2018
2015,BUFFRMFISHBM04,BUFFrmfish2015Jul01,3,R,Main,0,0,0,0,1,0,1,1,0,0,,12/3/2018
2015,BUFFRMFISHBM04,BUFFrmfish2015Jul01,4,L,Main,0,0,0,0,1,0,0,1,0,0,,12/3/2018
2015,BUFFRMFISHBM04,BUFFrmfish2015Jul01,4,M,Main,0,0,0,0,0,0,0,0,0,0,,12/3/2018
2015,BUFFRMFISHBM04,BUFFrmfish2015Jul01,4,R,Main,0,0,0,0,1,0,0,1,0,0,,12/3/2018
2015,BUFFRMFISHBM04,BUFFrmfish2015Jul01,5,L,Main,0,0,0,0,1,0,0,1,0,0,,12/3/2018
2015,BUFFRMFISHBM04,BUFFrmfish2015Jul01,5,M,Main,0,0,0,0,0,0,0,0,0,0,,12/3/2018
2015,BUFFRMFISHBM04,BUFFrmfish2015Jul01,5,R,Main,0,0,0,0,1,0,0,1,0,0,,12/3/2018
2015,BUFFRMFISHBM04,BUFFrmfish2015Jul01,6,L,Main,0,0,0,0,1,0,1,0,0,0,,12/3/2018
2015,BUFFRMFISHBM04,BUFFrmfish2015Jul01,6,M,Main,0,0,0,0,0,0,0,0,0,0,,12/3/2018
2015,BUFFRMFISHBM04,BUFFrmfish2015Jul01,6,R,Main,0,0,0,0,1,0,0,1,0,0,,12/3/2018
2015,BUFFRMFISHBM04,BUFFrmfish2015Jul01,7,L,Main,0,0,0,0,1,0,1,1,0,0,,12/3/2018
2015,BUFFRMFISHBM04,BUFFrmfish2015Jul01,7,M,Main,0,0,0,0,0,0,0,0,0,0,,12/3/2018
2015,BUFFRMFISHBM04,BUFFrmfish2015Jul01,7,R,Main,0,0,0,0,1,0,1,0,0,0,,12/3/2018
2015,BUFFRMFISHBM04,BUFFrmfish2015Jul01,8,L,Main,0,0,0,0,1,0,0,1,0,0,,12/3/2018
2015,BUFFRMFISHBM04,BUFFrmfish2015Jul01,8,M,Main,0,0,0,0,0,0,0,0,0,0,,12/3/2018
2015,BUFFRMFISHBM04,BUFFrmfish2015Jul01,8,R,Main,0,0,0,0,1,0,1,1,0,0,,12/3/2018
2015,BUFFRMFISHBM04,BUFFrmfish2015Jul01,9,L,Main,0,0,0,0,1,0,1,1,0,0,,12/3/2018
2015,BUFFRMFISHBM04,BUFFrmfish2015Jul01,9,M,Main,0,0,0,0,0,0,0,0,0,0,,12/3/2018
2015,BUFFRMFISHBM04,BUFFrmfish2015Jul01,9,R,Main,0,0,0,0,1,1,0,0,0,0,,12/3/2018
2015,BUFFRMFISHBM04,BUFFrmfish2015Jul01,10,L,Main,0,0,0,0,1,0,0,1,0,0,,12/3/2018
2015,BUFFRMFISHBM04,BUFFrmfish2015Jul01,10,M,Main,0,0,0,0,0,0,0,0,0,0,,12/3/2018
2015,BUFFRMFISHBM04,BUFFrmfish2015Jul01,10,R,Main,0,0,0,0,1,0,0,0,0,0,,12/3/2018
2015,BUFFRMFISHBM04,BUFFrmfish2015Jul01,11,L,Main,0,0,0,0,1,0,1,1,0,0,,12/3/2018
2015,BUFFRMFISHBM04,BUFFrmfish2015Jul01,11,M,Main,0,0,0,0,0,0,0,0,0,0,,12/3/2018
2015,BUFFRMFISHBM04,BUFFrmfish2015Jul01,11,R,Main,0,0,0,0,1,1,1,1,0,0,,12/3/2018
2015,BUFFRMFISHBT05,BUFFrmfish2015Jun03,1,L,Main,0,0,0,0,1,0,0,1,0,0,,12/3/2018
2015,BUFFRMFISHBT05,BUFFrmfish2015Jun03,1,M,Main,0,0,0,0,0,0,0,0,0,0,,12/3/2018
2015,BUFFRMFISHBT05,BUFFrmfish2015Jun03,1,R,Main,0,0,0,0,1,0,0,0,0,0,,12/3/2018
2015,BUFFRMFISHBT05,BUFFrmfish2015Jun03,2,L,Main,0,0,0,0,1,0,0,1,0,0,,12/3/2018
2015,BUFFRMFISHBT05,BUFFrmfish2015Jun03,2,M,Main,0,0,0,0,0,0,0,0,0,0,,12/3/2018
2015,BUFFRMFISHBT05,BUFFrmfish2015Jun03,2,R,Main,0,0,0,0,1,0,0,1,0,0,,12/3/2018
2015,BUFFRMFISHBT05,BUFFrmfish2015Jun03,3,L,Main,0,0,0,0,1,0,0,0,0,0,,12/3/2018
2015,BUFFRMFISHBT05,BUFFrmfish2015Jun03,3,M,Main,0,0,0,0,0,0,0,0,0,0,,12/3/2018
2015,BUFFRMFISHBT05,BUFFrmfish2015Jun03,3,R,Main,0,0,0,0,1,0,1,1,0,0,,12/3/2018
2015,BUFFRMFISHBT05,BUFFrmfish2015Jun03,4,L,Main,0,1,0,0,1,0,1,1,0,0,,12/3/2018
2015,BUFFRMFISHBT05,BUFFrmfish2015Jun03,4,M,Main,0,0,0,0,0,0,0,0,0,0,,12/3/2018
2015,BUFFRMFISHBT05,BUFFrmfish2015Jun03,4,R,Main,0,0,0,0,1,0,0,1,0,0,,12/3/2018
2015,BUFFRMFISHBT05,BUFFrmfish2015Jun03,5,L,Main,0,0,0,0,1,0,0,1,0,0,,12/3/2018
2015,BUFFRMFISHBT05,BUFFrmfish2015Jun03,5,M,Main,0,0,0,0,0,0,0,0,0,0,,12/3/2018
2015,BUFFRMFISHBT05,BUFFrmfish2015Jun03,5,R,Main,0,0,0,0,1,0,1,1,1,0,,12/3/2018
2015,BUFFRMFISHBT05,BUFFrmfish2015Jun03,6,L,Main,0,0,0,0,1,0,1,1,0,0,,12/3/2018
2015,BUFFRMFISHBT05,BUFFrmfish2015Jun03,6,M,Main,0,0,0,0,0,0,0,0,0,0,,12/3/2018
2015,BUFFRMFISHBT05,BUFFrmfish2015Jun03,6,R,Main,0,0,0,0,1,0,0,1,0,0,,12/3/2018
2015,BUFFRMFISHBT05,BUFFrmfish2015Jun03,7,L,Main,0,0,0,0,1,0,0,0,0,0,,12/3/2018
2015,BUFFRMFISHBT05,BUFFrmfish2015Jun03,7,M,Main,0,0,0,0,0,0,0,0,0,0,,12/3/2018
2015,BUFFRMFISHBT05,BUFFrmfish2015Jun03,7,R,Main,0,0,0,0,1,0,1,0,0,0,,12/3/2018
2015,BUFFRMFISHBT05,BUFFrmfish2015Jun03,8,L,Main,0,0,0,0,1,0,1,0,0,0,,12/3/2018
2015,BUFFRMFISHBT05,BUFFrmfish2015Jun03,8,M,Main,0,0,0,0,0,0,0,0,0,0,,12/3/2018
2015,BUFFRMFISHBT05,BUFFrmfish2015Jun03,8,R,Main,0,0,0,0,1,0,1,1,0,0,,12/3/2018
2015,BUFFRMFISHBT05,BUFFrmfish2015Jun03,9,L,Main,0,0,0,0,1,0,1,1,0,0,,12/3/2018
2015,BUFFRMFISHBT05,BUFFrmfish2015Jun03,9,M,Main,0,1,0,0,0,0,0,0,0,0,,12/3/2018
2015,BUFFRMFISHBT05,BUFFrmfish2015Jun03,9,R,Main,0,1,0,0,1,0,1,0,0,0,,12/3/2018
2015,BUFFRMFISHBT05,BUFFrmfish2015Jun03,10,L,Main,0,0,1,0,1,0,1,0,0,0,,12/3/2018
2015,BUFFRMFISHBT05,BUFFrmfish2015Jun03,10,M,Main,0,0,0,0,0,0,0,0,0,0,,12/3/2018
2015,BUFFRMFISHBT05,BUFFrmfish2015Jun03,10,R,Main,0,0,0,0,1,0,0,0,0,0,,12/3/2018
2015,BUFFRMFISHBT05,BUFFrmfish2015Jun03,11,L,Main,0,0,0,0,1,0,1,0,0,1,,12/3/2018
2015,BUFFRMFISHBT05,BUFFrmfish2015Jun03,11,M,Main,0,0,0,0,0,0,0,0,0,0,,12/3/2018
2015,BUFFRMFISHBT05,BUFFrmfish2015Jun03,11,R,Main,0,0,0,0,1,0,1,1,1,0,,12/3/2018
2015,BUFFRMFISHBT07,BUFFrmfish2015May22,1,L,Main,0,0,0,0,1,1,1,1,0,0,,12/3/2018
2015,BUFFRMFISHBT07,BUFFrmfish2015May22,1,M,Main,0,0,0,0,0,0,0,0,0,0,,12/3/2018
2015,BUFFRMFISHBT07,BUFFrmfish2015May22,1,R,Main,0,1,0,0,1,1,1,1,0,0,,12/3/2018
2015,BUFFRMFISHBT07,BUFFrmfish2015May22,2,L,Main,0,0,0,0,1,0,1,1,1,0,,12/3/2018
2015,BUFFRMFISHBT07,BUFFrmfish2015May22,2,M,Main,0,0,0,0,0,0,0,0,0,0,,12/3/2018
2015,BUFFRMFISHBT07,BUFFrmfish2015May22,2,R,Main,0,0,0,0,1,1,1,1,0,0,,12/3/2018
2015,BUFFRMFISHBT07,BUFFrmfish2015May22,3,L,Main,0,0,0,0,1,0,0,1,0,0,,12/3/2018
2015,BUFFRMFISHBT07,BUFFrmfish2015May22,3,M,Main,0,0,0,0,0,0,0,0,0,0,,12/3/2018
2015,BUFFRMFISHBT07,BUFFrmfish2015May22,3,R,Main,0,0,0,0,1,0,1,1,1,0,,12/3/2018
2015,BUFFRMFISHBT07,BUFFrmfish2015May22,4,L,Main,0,0,0,0,1,0,0,1,0,0,,12/3/2018
2015,BUFFRMFISHBT07,BUFFrmfish2015May22,4,M,Main,0,0,0,0,0,0,0,0,0,0,,12/3/2018
2015,BUFFRMFISHBT07,BUFFrmfish2015May22,4,R,Main,0,0,0,0,1,1,1,1,0,0,,12/3/2018
2015,BUFFRMFISHBT07,BUFFrmfish2015May22,5,L,Main,0,0,0,0,0,0,0,0,1,0,,12/3/2018
2015,BUFFRMFISHBT07,BUFFrmfish2015May22,5,M,Main,0,0,0,0,0,0,0,0,0,0,,12/3/2018
2015,BUFFRMFISHBT07,BUFFrmfish2015May22,5,R,Main,0,0,0,0,1,1,0,1,0,0,,12/3/2018
2015,BUFFRMFISHBT07,BUFFrmfish2015May22,6,L,Main,0,0,0,0,1,1,0,1,1,0,,12/3/2018
2015,BUFFRMFISHBT07,BUFFrmfish2015May22,6,M,Main,0,0,0,0,0,0,0,0,0,0,,12/3/2018
2015,BUFFRMFISHBT07,BUFFrmfish2015May22,6,R,Main,0,0,0,0,1,0,1,1,0,0,,12/3/2018
2015,BUFFRMFISHBT07,BUFFrmfish2015May22,7,L,Main,0,0,0,0,0,0,0,1,0,0,,12/3/2018
2015,BUFFRMFISHBT07,BUFFrmfish2015May22,7,M,Main,0,0,0,0,0,0,0,0,0,0,,12/3/2018
2015,BUFFRMFISHBT07,BUFFrmfish2015May22,7,R,Main,0,0,0,0,1,0,1,1,0,0,,12/3/2018
2015,BUFFRMFISHBT07,BUFFrmfish2015May22,8,L,Main,0,0,0,0,1,1,1,1,1,0,,12/3/2018
2015,BUFFRMFISHBT07,BUFFrmfish2015May22,8,M,Main,0,0,0,0,0,0,0,0,0,0,,12/3/2018
2015,BUFFRMFISHBT07,BUFFrmfish2015May22,8,R,Main,0,0,0,0,1,0,1,1,0,0,,12/3/2018
2015,BUFFRMFISHBT07,BUFFrmfish2015May22,9,L,Main,0,0,0,0,1,1,0,0,1,0,,12/3/2018
2015,BUFFRMFISHBT07,BUFFrmfish2015May22,9,M,Main,0,0,0,0,0,0,0,0,0,0,,12/3/2018
2015,BUFFRMFISHBT07,BUFFrmfish2015May22,9,R,Main,0,0,0,0,0,0,1,1,0,0,,12/3/2018
2015,BUFFRMFISHBT07,BUFFrmfish2015May22,10,L,Main,0,0,0,0,0,0,1,1,0,0,,12/3/2018
2015,BUFFRMFISHBT07,BUFFrmfish2015May22,10,M,Main,0,0,0,0,0,0,0,0,0,0,,12/3/2018
2015,BUFFRMFISHBT07,BUFFrmfish2015May22,10,R,Main,0,0,0,0,1,0,0,1,0,0,,12/3/2018
2015,BUFFRMFISHBT07,BUFFrmfish2015May22,11,L,Main,0,0,0,0,1,0,0,1,1,0,,12/3/2018
2015,BUFFRMFISHBT07,BUFFrmfish2015May22,11,M,Main,0,0,0,0,0,0,0,0,0,0,,12/3/2018
2015,BUFFRMFISHBT07,BUFFrmfish2015May22,11,R,Main,0,0,0,0,1,0,0,1,0,0,,12/3/2018
2015,BUFFRMFISHBT09,BUFFrmfish2015Jun10,1,L,Main,0,0,1,0,1,0,0,0,1,1,,12/3/2018
2015,BUFFRMFISHBT09,BUFFrmfish2015Jun10,1,M,Main,0,0,0,0,0,0,0,0,0,0,,12/3/2018
2015,BUFFRMFISHBT09,BUFFrmfish2015Jun10,1,R,Main,0,0,0,0,1,0,0,1,0,0,,12/3/2018
2015,BUFFRMFISHBT09,BUFFrmfish2015Jun10,2,L,Main,0,0,1,0,1,0,0,0,0,1,,12/3/2018
2015,BUFFRMFISHBT09,BUFFrmfish2015Jun10,2,M,Main,0,0,1,0,0,0,0,0,0,0,,12/3/2018
2015,BUFFRMFISHBT09,BUFFrmfish2015Jun10,2,R,Main,0,0,0,0,1,0,1,0,0,0,,12/3/2018
2015,BUFFRMFISHBT09,BUFFrmfish2015Jun10,3,L,Main,0,0,1,0,1,1,0,0,1,1,,12/3/2018
2015,BUFFRMFISHBT09,BUFFrmfish2015Jun10,3,M,Main,0,0,0,0,0,0,0,0,0,0,,12/3/2018
2015,BUFFRMFISHBT09,BUFFrmfish2015Jun10,3,R,Main,0,0,0,0,1,0,0,0,0,0,,12/3/2018
2015,BUFFRMFISHBT09,BUFFrmfish2015Jun10,4,L,Main,0,0,0,0,1,0,0,1,0,0,,12/3/2018
2015,BUFFRMFISHBT09,BUFFrmfish2015Jun10,4,M,Main,0,0,0,0,0,0,0,0,0,0,,12/3/2018
2015,BUFFRMFISHBT09,BUFFrmfish2015Jun10,4,R,Main,0,0,0,0,0,0,0,1,0,0,,12/3/2018
2015,BUFFRMFISHBT09,BUFFrmfish2015Jun10,5,L,Main,0,0,0,0,1,0,0,0,0,0,,12/3/2018
2015,BUFFRMFISHBT09,BUFFrmfish2015Jun10,5,M,Main,0,0,0,0,0,0,0,0,0,0,,12/3/2018
2015,BUFFRMFISHBT09,BUFFrmfish2015Jun10,5,R,Main,0,0,0,0,1,1,1,1,0,0,,12/3/2018
2015,BUFFRMFISHBT09,BUFFrmfish2015Jun10,6,L,Main,0,0,0,0,1,1,1,0,0,0,,12/3/2018
2015,BUFFRMFISHBT09,BUFFrmfish2015Jun10,6,M,Main,0,0,0,0,0,0,0,0,0,0,,12/3/2018
2015,BUFFRMFISHBT09,BUFFrmfish2015Jun10,6,R,Main,0,0,0,0,1,0,0,0,0,0,,12/3/2018
2015,BUFFRMFISHBT09,BUFFrmfish2015Jun10,7,L,Main,0,0,0,0,1,0,1,1,0,0,,12/3/2018
2015,BUFFRMFISHBT09,BUFFrmfish2015Jun10,7,M,Main,0,0,0,0,0,0,0,0,0,0,,12/3/2018
2015,BUFFRMFISHBT09,BUFFrmfish2015Jun10,7,R,Main,0,0,0,0,1,0,0,0,0,0,,12/3/2018
2015,BUFFRMFISHBT09,BUFFrmfish2015Jun10,8,L,Main,0,0,0,0,1,0,0,1,0,0,,12/3/2018
2015,BUFFRMFISHBT09,BUFFrmfish2015Jun10,8,M,Main,0,0,0,0,0,0,0,0,0,0,,12/3/2018
2015,BUFFRMFISHBT09,BUFFrmfish2015Jun10,8,R,Main,0,0,0,0,0,0,0,1,0,0,,12/3/2018
2015,BUFFRMFISHBT09,BUFFrmfish2015Jun10,9,L,Main,0,0,0,0,1,1,0,1,0,0,,12/3/2018
2015,BUFFRMFISHBT09,BUFFrmfish2015Jun10,9,M,Main,0,0,0,0,0,0,0,0,0,0,,12/3/2018
2015,BUFFRMFISHBT09,BUFFrmfish2015Jun10,9,R,Main,0,0,0,0,1,0,0,1,0,0,,12/3/2018
2015,BUFFRMFISHBT09,BUFFrmfish2015Jun10,10,L,Main,0,0,0,0,1,1,0,1,0,0,,12/3/2018
2015,BUFFRMFISHBT09,BUFFrmfish2015Jun10,10,M,Main,0,0,0,0,0,0,0,0,0,0,,12/3/2018
2015,BUFFRMFISHBT09,BUFFrmfish2015Jun10,10,R,Main,0,0,0,0,1,0,0,0,0,0,,12/3/2018
2015,BUFFRMFISHBT09,BUFFrmfish2015Jun10,11,L,Main,0,0,0,0,1,0,0,0,0,0,,12/3/2018
2015,BUFFRMFISHBT09,BUFFrmfish2015Jun10,11,M,Main,0,0,0,0,0,0,0,0,0,0,,12/3/2018
2015,BUFFRMFISHBT09,BUFFrmfish2015Jun10,11,R,Main,0,0,0,0,1,0,0,1,0,0,,12/3/2018
2015,BUFFRMFISHBT15,BUFFrmfish2015May28,1,L,Main,0,0,0,0,1,0,1,1,0,0,,12/3/2018
2015,BUFFRMFISHBT15,BUFFrmfish2015May28,1,M,Main,0,0,0,0,0,0,0,0,0,0,,12/3/2018
2015,BUFFRMFISHBT15,BUFFrmfish2015May28,1,R,Main,0,0,0,0,1,0,0,0,0,0,,12/3/2018
2015,BUFFRMFISHBT15,BUFFrmfish2015May28,2,L,Main,0,0,0,0,1,0,1,0,1,0,,12/3/2018
2015,BUFFRMFISHBT15,BUFFrmfish2015May28,2,M,Main,0,0,0,0,0,0,0,0,0,0,,12/3/2018
2015,BUFFRMFISHBT15,BUFFrmfish2015May28,2,R,Main,0,0,0,0,1,0,0,0,0,0,,12/3/2018
2015,BUFFRMFISHBT15,BUFFrmfish2015May28,3,L,Main,0,0,0,0,1,1,1,1,1,0,,12/3/2018
2015,BUFFRMFISHBT15,BUFFrmfish2015May28,3,M,Main,0,0,0,0,0,0,0,0,0,0,,12/3/2018
2015,BUFFRMFISHBT15,BUFFrmfish2015May28,3,R,Main,0,0,0,0,1,0,0,0,0,0,,12/3/2018
2015,BUFFRMFISHBT15,BUFFrmfish2015May28,4,L,Main,0,0,0,0,1,0,0,1,0,0,,12/3/2018
2015,BUFFRMFISHBT15,BUFFrmfish2015May28,4,M,Main,0,0,0,0,0,0,0,0,0,0,,12/3/2018
2015,BUFFRMFISHBT15,BUFFrmfish2015May28,4,R,Main,0,0,0,0,1,1,0,0,0,0,,12/3/2018
2015,BUFFRMFISHBT15,BUFFrmfish2015May28,5,L,Main,0,0,0,0,1,0,0,0,0,0,,12/3/2018
2015,BUFFRMFISHBT15,BUFFrmfish2015May28,5,M,Main,0,0,0,0,0,0,0,0,0,0,,12/3/2018
2015,BUFFRMFISHBT15,BUFFrmfish2015May28,5,R,Main,0,0,0,0,1,0,1,1,1,0,,12/3/2018
2015,BUFFRMFISHBT15,BUFFrmfish2015May28,6,L,Main,0,0,0,0,1,0,0,1,0,0,,12/3/2018
2015,BUFFRMFISHBT15,BUFFrmfish2015May28,6,M,Main,0,0,0,0,0,0,0,0,0,0,,12/3/2018
2015,BUFFRMFISHBT15,BUFFrmfish2015May28,6,R,Main,0,0,0,0,1,0,1,1,1,0,,12/3/2018
2015,BUFFRMFISHBT15,BUFFrmfish2015May28,7,L,Main,0,0,0,0,1,0,1,1,0,0,,12/3/2018
2015,BUFFRMFISHBT15,BUFFrmfish2015May28,7,M,Main,0,0,0,0,0,0,0,0,0,0,,12/3/2018
2015,BUFFRMFISHBT15,BUFFrmfish2015May28,7,R,Main,0,0,0,0,1,1,1,1,1,0,,12/3/2018
2015,BUFFRMFISHBT15,BUFFrmfish2015May28,8,L,Main,0,0,0,0,1,0,1,1,0,0,,12/3/2018
2015,BUFFRMFISHBT15,BUFFrmfish2015May28,8,M,Main,0,0,0,0,0,0,0,0,0,0,,12/3/2018
2015,BUFFRMFISHBT15,BUFFrmfish2015May28,8,R,Main,0,0,0,0,1,0,1,1,0,0,,12/3/2018
2015,BUFFRMFISHBT15,BUFFrmfish2015May28,9,L,Main,0,0,0,0,1,0,1,1,0,0,,12/3/2018
2015,BUFFRMFISHBT15,BUFFrmfish2015May28,9,M,Main,0,0,0,0,0,0,0,0,0,0,,12/3/2018
2015,BUFFRMFISHBT15,BUFFrmfish2015May28,9,R,Main,0,0,0,0,1,1,1,1,0,0,,12/3/2018
2015,BUFFRMFISHBT15,BUFFrmfish2015May28,10,L,Main,0,0,0,0,1,0,1,0,0,0,,12/3/2018
2015,BUFFRMFISHBT15,BUFFrmfish2015May28,10,M,Main,0,0,0,0,0,0,0,0,0,0,,12/3/2018
2015,BUFFRMFISHBT15,BUFFrmfish2015May28,10,R,Main,0,0,0,0,1,0,1,0,0,0,,12/3/2018
2015,BUFFRMFISHBT15,BUFFrmfish2015May28,11,L,Main,0,0,0,0,1,0,1,1,0,0,,12/3/2018
2015,BUFFRMFISHBT15,BUFFrmfish2015May28,11,M,Main,0,0,0,0,0,0,0,0,0,0,,12/3/2018
2015,BUFFRMFISHBT15,BUFFrmfish2015May28,11,R,Main,0,0,0,0,1,0,0,0,0,0,,12/3/2018
2015,BUFFRMFISHBT19,BUFFrmfish2015May29,1,L,Main,0,0,0,0,1,0,1,1,0,0,,12/3/2018
2015,BUFFRMFISHBT19,BUFFrmfish2015May29,1,M,Main,0,0,0,0,0,0,0,0,0,0,,12/3/2018
2015,BUFFRMFISHBT19,BUFFrmfish2015May29,1,R,Main,0,0,0,0,1,0,0,0,0,0,,12/3/2018
2015,BUFFRMFISHBT19,BUFFrmfish2015May29,2,L,Main,0,0,0,0,1,0,1,1,0,1,,12/3/2018
2015,BUFFRMFISHBT19,BUFFrmfish2015May29,2,M,Main,0,0,0,0,0,0,0,0,0,0,,12/3/2018
2015,BUFFRMFISHBT19,BUFFrmfish2015May29,2,R,Main,0,0,0,0,1,0,0,0,0,0,,12/3/2018
2015,BUFFRMFISHBT19,BUFFrmfish2015May29,3,L,Main,0,0,0,0,1,0,0,1,0,0,,12/3/2018
2015,BUFFRMFISHBT19,BUFFrmfish2015May29,3,M,Main,0,0,0,0,0,0,0,0,0,0,,12/3/2018
2015,BUFFRMFISHBT19,BUFFrmfish2015May29,3,R,Main,0,0,0,0,1,0,0,0,0,0,,12/3/2018
2015,BUFFRMFISHBT19,BUFFrmfish2015May29,4,L,Main,0,0,0,0,1,0,1,1,0,0,,12/3/2018
2015,BUFFRMFISHBT19,BUFFrmfish2015May29,4,M,Main,0,0,0,0,0,0,0,0,0,0,,12/3/2018
2015,BUFFRMFISHBT19,BUFFrmfish2015May29,4,R,Main,0,0,0,0,1,0,0,0,0,0,,12/3/2018
2015,BUFFRMFISHBT19,BUFFrmfish2015May29,5,L,Main,0,0,0,0,1,0,1,0,0,0,,12/3/2018
2015,BUFFRMFISHBT19,BUFFrmfish2015May29,5,M,Main,0,0,0,0,0,0,0,0,0,0,,12/3/2018
2015,BUFFRMFISHBT19,BUFFrmfish2015May29,5,R,Main,0,0,0,0,1,0,0,0,0,0,,12/3/2018
2015,BUFFRMFISHBT19,BUFFrmfish2015May29,6,L,Main,0,0,0,0,1,0,0,0,0,0,,12/3/2018
2015,BUFFRMFISHBT19,BUFFrmfish2015May29,6,M,Main,0,0,0,0,0,0,0,0,0,0,,12/3/2018
2015,BUFFRMFISHBT19,BUFFrmfish2015May29,6,R,Main,0,0,0,0,1,0,0,0,0,0,,12/3/2018
2015,BUFFRMFISHBT19,BUFFrmfish2015May29,7,L,Main,0,0,0,0,1,0,1,1,0,0,,12/3/2018
2015,BUFFRMFISHBT19,BUFFrmfish2015May29,7,M,Main,0,0,0,0,0,0,0,0,0,0,,12/3/2018
2015,BUFFRMFISHBT19,BUFFrmfish2015May29,7,R,Main,0,0,0,0,1,0,0,0,0,0,,12/3/2018
2015,BUFFRMFISHBT19,BUFFrmfish2015May29,8,L,Main,0,0,0,0,1,0,1,1,0,0,,12/3/2018
2015,BUFFRMFISHBT19,BUFFrmfish2015May29,8,M,Main,0,0,0,0,0,0,0,0,0,0,,12/3/2018
2015,BUFFRMFISHBT19,BUFFrmfish2015May29,8,R,Main,0,0,0,0,1,0,0,0,0,0,,12/3/2018
2015,BUFFRMFISHBT19,BUFFrmfish2015May29,9,L,Main,0,0,0,0,1,0,1,1,0,0,,12/3/2018
2015,BUFFRMFISHBT19,BUFFrmfish2015May29,9,M,Main,0,0,0,0,0,0,0,0,0,0,,12/3/2018
2015,BUFFRMFISHBT19,BUFFrmfish2015May29,9,R,Main,0,0,0,0,1,0,0,0,0,0,,12/3/2018
2015,BUFFRMFISHBT19,BUFFrmfish2015May29,10,L,Main,0,0,0,0,1,1,0,0,0,0,,12/3/2018
2015,BUFFRMFISHBT19,BUFFrmfish2015May29,10,M,Main,0,0,0,0,0,0,0,0,0,0,,12/3/2018
2015,BUFFRMFISHBT19,BUFFrmfish2015May29,10,R,Main,0,0,0,0,1,0,0,0,0,0,,12/3/2018
2015,BUFFRMFISHBT19,BUFFrmfish2015May29,11,L,Main,0,0,0,0,1,0,0,0,0,0,,12/3/2018
2015,BUFFRMFISHBT19,BUFFrmfish2015May29,11,M,Main,0,0,0,0,0,0,0,0,0,0,,12/3/2018
2015,BUFFRMFISHBT19,BUFFrmfish2015May29,11,R,Main,0,0,0,0,1,0,0,0,0,0,,12/3/2018
2015,BUFFRMFISHBT20,BUFFrmfish2015Jun15,1,L,Main,0,0,0,0,1,1,0,0,0,0,,12/3/2018
2015,BUFFRMFISHBT20,BUFFrmfish2015Jun15,1,M,Main,0,0,0,0,0,0,0,0,0,0,,12/3/2018
2015,BUFFRMFISHBT20,BUFFrmfish2015Jun15,1,R,Main,0,0,0,0,1,0,1,0,0,0,,12/3/2018
2015,BUFFRMFISHBT20,BUFFrmfish2015Jun15,2,L,Main,0,0,0,0,1,0,0,0,0,0,1m gravel bar,12/3/2018
2015,BUFFRMFISHBT20,BUFFrmfish2015Jun15,2,M,Main,0,0,0,0,0,0,0,0,0,0,,12/3/2018
2015,BUFFRMFISHBT20,BUFFrmfish2015Jun15,2,R,Main,0,0,0,0,1,0,0,0,0,0,3.5m gravel bar,12/3/2018
2015,BUFFRMFISHBT20,BUFFrmfish2015Jun15,3,L,Main,0,0,0,0,1,0,0,0,0,0,,12/3/2018
2015,BUFFRMFISHBT20,BUFFrmfish2015Jun15,3,M,Main,0,0,0,0,0,0,0,0,0,0,,12/3/2018
2015,BUFFRMFISHBT20,BUFFrmfish2015Jun15,3,R,Main,0,0,0,0,1,0,0,0,0,0,,12/3/2018
2015,BUFFRMFISHBT20,BUFFrmfish2015Jun15,4,L,Main,0,0,0,0,1,1,0,0,0,0,,12/3/2018
2015,BUFFRMFISHBT20,BUFFrmfish2015Jun15,4,M,Main,0,0,0,0,0,0,0,0,0,0,,12/3/2018
2015,BUFFRMFISHBT20,BUFFrmfish2015Jun15,4,R,Main,0,0,0,0,1,0,0,0,0,0,,12/3/2018
2015,BUFFRMFISHBT20,BUFFrmfish2015Jun15,5,L,Main,0,0,0,0,1,0,0,0,0,0,2.5m gravel bar,12/3/2018
2015,BUFFRMFISHBT20,BUFFrmfish2015Jun15,5,M,Main,0,0,0,0,0,0,0,0,0,0,,12/3/2018
2015,BUFFRMFISHBT20,BUFFrmfish2015Jun15,5,R,Main,0,0,0,0,1,0,0,1,0,0,,12/3/2018
2015,BUFFRMFISHBT20,BUFFrmfish2015Jun15,6,L,Main,0,0,0,0,1,1,1,0,0,0,,12/3/2018
2015,BUFFRMFISHBT20,BUFFrmfish2015Jun15,6,M,Main,0,0,0,0,0,0,0,0,0,0,,12/3/2018
2015,BUFFRMFISHBT20,BUFFrmfish2015Jun15,6,R,Main,0,0,0,0,1,0,1,1,0,0,,12/3/2018
2015,BUFFRMFISHBT20,BUFFrmfish2015Jun15,7,L,Main,0,0,0,0,1,0,0,1,0,0,6m gravel bar,12/3/2018
2015,BUFFRMFISHBT20,BUFFrmfish2015Jun15,7,M,Main,0,0,0,0,0,0,0,0,0,0,,12/3/2018
2015,BUFFRMFISHBT20,BUFFrmfish2015Jun15,7,R,Main,0,0,0,0,1,0,1,1,0,0,,12/3/2018
2015,BUFFRMFISHBT20,BUFFrmfish2015Jun15,8,L,Main,0,0,0,0,1,0,0,0,0,0,21m gravel bar,12/3/2018
2015,BUFFRMFISHBT20,BUFFrmfish2015Jun15,8,M,Main,0,0,0,0,0,0,0,0,0,0,,12/3/2018
2015,BUFFRMFISHBT20,BUFFrmfish2015Jun15,8,R,Main,0,0,0,0,1,0,0,1,0,0,,12/3/2018
2015,BUFFRMFISHBT20,BUFFrmfish2015Jun15,9,L,Main,0,0,0,0,1,0,0,1,0,0,5m gravel bar,12/3/2018
2015,BUFFRMFISHBT20,BUFFrmfish2015Jun15,9,M,Main,0,0,0,0,0,0,0,0,0,0,,12/3/2018
2015,BUFFRMFISHBT20,BUFFrmfish2015Jun15,9,R,Main,0,0,0,0,1,0,0,1,0,0,,12/3/2018
2015,BUFFRMFISHBT20,BUFFrmfish2015Jun15,10,L,Main,0,0,0,0,1,0,0,1,0,0,19.5m gravel bar,12/3/2018
2015,BUFFRMFISHBT20,BUFFrmfish2015Jun15,10,M,Main,0,0,1,0,0,0,0,0,0,0,,12/3/2018
2015,BUFFRMFISHBT20,BUFFrmfish2015Jun15,10,R,Main,0,0,1,0,1,0,0,1,0,0,,12/3/2018
2015,BUFFRMFISHBT20,BUFFrmfish2015Jun15,11,L,Main,0,0,0,0,1,1,0,1,0,0,10m gravel bar,12/3/2018
2015,BUFFRMFISHBT20,BUFFrmfish2015Jun15,11,M,Main,0,0,0,0,0,0,0,0,0,0,,12/3/2018
2015,BUFFRMFISHBT20,BUFFrmfish2015Jun15,11,R,Main,0,0,0,0,1,0,0,1,0,1,,12/3/2018
2015,BUFFRMFISHBT23,BUFFrmfish2015Jun04,1,L,Main,0,0,0,0,1,0,1,1,1,1,,12/3/2018
2015,BUFFRMFISHBT23,BUFFrmfish2015Jun04,1,M,Main,0,0,0,0,0,0,0,0,0,0,,12/3/2018
2015,BUFFRMFISHBT23,BUFFrmfish2015Jun04,1,R,Main,0,0,0,0,1,0,0,0,0,0,,12/3/2018
2015,BUFFRMFISHBT23,BUFFrmfish2015Jun04,2,L,Main,0,0,0,0,0,0,0,0,0,1,,12/3/2018
2015,BUFFRMFISHBT23,BUFFrmfish2015Jun04,2,M,Main,0,0,0,0,0,0,0,0,0,0,,12/3/2018
2015,BUFFRMFISHBT23,BUFFrmfish2015Jun04,2,R,Main,0,0,0,0,1,0,0,0,0,0,,12/3/2018
2015,BUFFRMFISHBT23,BUFFrmfish2015Jun04,3,L,Main,0,0,0,0,1,0,1,1,0,1,,12/3/2018
2015,BUFFRMFISHBT23,BUFFrmfish2015Jun04,3,M,Main,0,0,0,0,0,0,0,0,0,0,,12/3/2018
2015,BUFFRMFISHBT23,BUFFrmfish2015Jun04,3,R,Main,0,0,0,0,1,0,0,0,0,0,,12/3/2018
2015,BUFFRMFISHBT23,BUFFrmfish2015Jun04,4,L,Main,0,0,0,0,1,0,0,1,0,0,,12/3/2018
2015,BUFFRMFISHBT23,BUFFrmfish2015Jun04,4,M,Main,0,0,0,0,0,0,0,0,0,0,,12/3/2018
2015,BUFFRMFISHBT23,BUFFrmfish2015Jun04,4,R,Main,0,0,0,0,1,0,0,0,0,0,,12/3/2018
2015,BUFFRMFISHBT23,BUFFrmfish2015Jun04,5,L,Main,0,0,0,0,1,0,0,0,0,1,,12/3/2018
2015,BUFFRMFISHBT23,BUFFrmfish2015Jun04,5,M,Main,0,0,0,0,0,0,0,0,0,0,,12/3/2018
2015,BUFFRMFISHBT23,BUFFrmfish2015Jun04,5,R,Main,0,0,0,0,1,0,0,0,0,0,,12/3/2018
2015,BUFFRMFISHBT23,BUFFrmfish2015Jun04,6,L,Main,0,0,0,0,1,1,0,0,0,0,,12/3/2018
2015,BUFFRMFISHBT23,BUFFrmfish2015Jun04,6,M,Main,0,0,0,0,0,0,0,0,0,0,,12/3/2018
2015,BUFFRMFISHBT23,BUFFrmfish2015Jun04,6,R,Main,0,0,0,0,1,0,0,0,0,0,,12/3/2018
2015,BUFFRMFISHBT23,BUFFrmfish2015Jun04,7,L,Main,0,0,0,0,1,0,0,0,0,0,,12/3/2018
2015,BUFFRMFISHBT23,BUFFrmfish2015Jun04,7,M,Main,0,0,0,0,0,0,0,0,0,0,,12/3/2018
2015,BUFFRMFISHBT23,BUFFrmfish2015Jun04,7,R,Main,0,0,0,0,1,0,1,0,0,0,,12/3/2018
2015,BUFFRMFISHBT23,BUFFrmfish2015Jun04,8,L,Main,0,0,0,0,1,0,0,1,0,0,,12/3/2018
2015,BUFFRMFISHBT23,BUFFrmfish2015Jun04,8,M,Main,0,0,1,0,0,0,0,0,0,0,,12/3/2018
2015,BUFFRMFISHBT23,BUFFrmfish2015Jun04,8,R,Main,0,0,0,0,1,0,0,0,0,0,,12/3/2018
2015,BUFFRMFISHBT23,BUFFrmfish2015Jun04,9,L,Main,0,0,0,0,1,0,0,0,0,0,,12/3/2018
2015,BUFFRMFISHBT23,BUFFrmfish2015Jun04,9,M,Main,0,0,1,0,0,0,0,0,0,0,,12/3/2018
2015,BUFFRMFISHBT23,BUFFrmfish2015Jun04,9,R,Main,0,0,0,0,1,0,1,1,1,0,,12/3/2018
2015,BUFFRMFISHBT23,BUFFrmfish2015Jun04,10,L,Main,0,0,0,0,1,0,0,0,0,0,,12/3/2018
2015,BUFFRMFISHBT23,BUFFrmfish2015Jun04,10,M,Main,0,0,0,0,0,0,0,0,0,0,,12/3/2018
2015,BUFFRMFISHBT23,BUFFrmfish2015Jun04,10,R,Main,0,0,0,0,1,0,1,1,0,0,,12/3/2018
2015,BUFFRMFISHBT23,BUFFrmfish2015Jun04,11,L,Main,0,0,0,0,1,0,0,0,0,0,,12/3/2018
2015,BUFFRMFISHBT23,BUFFrmfish2015Jun04,11,M,Main,0,0,0,0,0,0,0,0,0,0,,12/3/2018
2015,BUFFRMFISHBT23,BUFFrmfish2015Jun04,11,R,Main,0,0,0,0,1,1,1,0,1,0,,12/3/2018
2017,BUFFRMFISHBM01,BUFFRMFISH2017May31,1,L,Main,0,0,0,0,1,1,1,1,0,0,,12/3/2018
2017,BUFFRMFISHBM01,BUFFRMFISH2017May31,1,L,Side channel,0,0,0,0,1,0,0,1,0,0,,12/3/2018
2017,BUFFRMFISHBM01,BUFFRMFISH2017May31,1,M,Main,0,0,0,0,0,0,0,0,0,0,,12/3/2018
2017,BUFFRMFISHBM01,BUFFRMFISH2017May31,1,M,Side channel,0,0,0,0,0,0,0,0,0,0,,12/3/2018
2017,BUFFRMFISHBM01,BUFFRMFISH2017May31,1,R,Main,0,0,0,0,1,1,0,0,0,0,,12/3/2018
2017,BUFFRMFISHBM01,BUFFRMFISH2017May31,1,R,Side channel,0,0,0,0,1,0,0,0,0,0,,12/3/2018
2017,BUFFRMFISHBM01,BUFFRMFISH2017May31,2,L,Main,0,0,0,0,1,0,0,1,0,0,,12/3/2018
2017,BUFFRMFISHBM01,BUFFRMFISH2017May31,2,L,Side channel,0,0,1,0,1,0,0,1,0,0,,12/3/2018
2017,BUFFRMFISHBM01,BUFFRMFISH2017May31,2,M,Main,0,0,0,0,0,0,0,0,0,0,,12/3/2018
2017,BUFFRMFISHBM01,BUFFRMFISH2017May31,2,M,Side channel,0,0,0,0,0,0,0,0,0,0,,12/3/2018
2017,BUFFRMFISHBM01,BUFFRMFISH2017May31,2,R,Main,0,0,0,0,1,0,1,1,0,0,,12/3/2018
2017,BUFFRMFISHBM01,BUFFRMFISH2017May31,2,R,Side channel,0,0,0,0,0,0,0,0,0,0,,12/3/2018
2017,BUFFRMFISHBM01,BUFFRMFISH2017May31,3,L,Main,0,0,0,0,1,0,1,0,0,0,,12/3/2018
2017,BUFFRMFISHBM01,BUFFRMFISH2017May31,3,L,Side channel,0,0,0,0,1,0,0,0,0,0,,12/3/2018
2017,BUFFRMFISHBM01,BUFFRMFISH2017May31,3,M,Main,0,0,0,0,0,0,0,0,0,0,,12/3/2018
2017,BUFFRMFISHBM01,BUFFRMFISH2017May31,3,M,Side channel,0,0,0,0,0,0,0,0,0,0,,12/3/2018
2017,BUFFRMFISHBM01,BUFFRMFISH2017May31,3,R,Main,0,1,0,0,1,0,0,1,0,0,,12/3/2018
2017,BUFFRMFISHBM01,BUFFRMFISH2017May31,3,R,Side channel,0,0,0,0,1,0,1,0,0,0,,12/3/2018
2017,BUFFRMFISHBM01,BUFFRMFISH2017May31,4,L,Main,0,0,0,0,1,0,0,0,0,0,,12/3/2018
2017,BUFFRMFISHBM01,BUFFRMFISH2017May31,4,L,Side channel,0,0,1,0,1,0,1,0,0,0,,12/3/2018
2017,BUFFRMFISHBM01,BUFFRMFISH2017May31,4,M,Main,0,0,0,0,0,0,0,0,0,0,,12/3/2018
2017,BUFFRMFISHBM01,BUFFRMFISH2017May31,4,M,Side channel,0,0,0,0,0,0,0,0,0,0,,12/3/2018
2017,BUFFRMFISHBM01,BUFFRMFISH2017May31,4,R,Main,0,1,0,0,1,0,0,0,0,0,,12/3/2018
2017,BUFFRMFISHBM01,BUFFRMFISH2017May31,4,R,Side channel,0,0,0,0,1,0,0,0,0,0,,12/3/2018
2017,BUFFRMFISHBM01,BUFFRMFISH2017May31,5,L,Main,0,0,0,0,1,0,1,1,0,0,,12/3/2018
2017,BUFFRMFISHBM01,BUFFRMFISH2017May31,5,L,Side channel,0,0,0,0,1,1,1,0,0,0,,12/3/2018
2017,BUFFRMFISHBM01,BUFFRMFISH2017May31,5,M,Main,0,0,0,0,0,0,0,0,0,0,,12/3/2018
2017,BUFFRMFISHBM01,BUFFRMFISH2017May31,5,M,Side channel,0,0,0,0,0,0,0,0,0,0,,12/3/2018
2017,BUFFRMFISHBM01,BUFFRMFISH2017May31,5,R,Main,0,0,0,0,1,1,1,0,0,0,,12/3/2018
2017,BUFFRMFISHBM01,BUFFRMFISH2017May31,5,R,Side channel,0,0,0,0,1,1,0,1,0,0,,12/3/2018
2017,BUFFRMFISHBM01,BUFFRMFISH2017May31,6,L,Main,0,0,0,0,1,0,1,1,0,0,,12/3/2018
2017,BUFFRMFISHBM01,BUFFRMFISH2017May31,6,M,Main,0,0,0,0,0,0,0,0,0,0,,12/3/2018
2017,BUFFRMFISHBM01,BUFFRMFISH2017May31,6,R,Main,0,0,0,0,1,0,1,1,0,0,,12/3/2018
2017,BUFFRMFISHBM01,BUFFRMFISH2017May31,7,L,Main,0,0,0,0,1,0,0,1,0,0,,12/3/2018
2017,BUFFRMFISHBM01,BUFFRMFISH2017May31,7,M,Main,0,0,0,0,0,0,0,0,0,0,,12/3/2018
2017,BUFFRMFISHBM01,BUFFRMFISH2017May31,7,R,Main,0,0,0,0,1,1,0,1,0,0,,12/3/2018
2017,BUFFRMFISHBM01,BUFFRMFISH2017May31,8,L,Main,0,0,0,0,1,0,0,1,1,0,,12/3/2018
2017,BUFFRMFISHBM01,BUFFRMFISH2017May31,8,M,Main,0,0,0,0,0,0,0,0,0,0,,12/3/2018
2017,BUFFRMFISHBM01,BUFFRMFISH2017May31,8,R,Main,0,0,0,0,1,0,1,1,0,0,,12/3/2018
2017,BUFFRMFISHBM01,BUFFRMFISH2017May31,9,L,Main,0,0,0,0,1,0,1,1,1,0,,12/3/2018
2017,BUFFRMFISHBM01,BUFFRMFISH2017May31,9,M,Main,0,0,0,0,0,0,0,0,0,0,,12/3/2018
2017,BUFFRMFISHBM01,BUFFRMFISH2017May31,9,R,Main,0,0,0,0,1,0,1,1,0,0,,12/3/2018
2017,BUFFRMFISHBM01,BUFFRMFISH2017May31,10,L,Main,0,0,0,0,1,0,1,1,0,0,,12/3/2018
2017,BUFFRMFISHBM01,BUFFRMFISH2017May31,10,M,Main,0,0,0,0,0,0,0,0,0,0,,12/3/2018
2017,BUFFRMFISHBM01,BUFFRMFISH2017May31,10,R,Main,0,0,0,0,1,0,1,0,0,0,,12/3/2018
2017,BUFFRMFISHBM01,BUFFRMFISH2017May31,11,L,Main,0,0,0,0,1,0,1,1,0,0,,12/3/2018
2017,BUFFRMFISHBM01,BUFFRMFISH2017May31,11,M,Main,0,0,0,0,0,0,0,0,0,0,,12/3/2018
2017,BUFFRMFISHBM01,BUFFRMFISH2017May31,11,R,Main,0,0,0,0,1,0,1,1,0,0,,12/3/2018
2017,BUFFRMFISHBM02,BUFFRMFISH2017Jun01,1,L,Main,0,0,0,0,1,0,0,0,0,0,,12/3/2018
2017,BUFFRMFISHBM02,BUFFRMFISH2017Jun01,1,M,Main,0,0,0,0,0,0,0,0,0,0,,12/3/2018
2017,BUFFRMFISHBM02,BUFFRMFISH2017Jun01,1,R,Main,0,0,0,0,1,0,1,1,0,0,,12/3/2018
2017,BUFFRMFISHBM02,BUFFRMFISH2017Jun01,2,L,Main,0,0,0,0,1,0,0,0,0,0,,12/3/2018
2017,BUFFRMFISHBM02,BUFFRMFISH2017Jun01,2,M,Main,0,0,0,0,0,0,0,0,0,0,,12/3/2018
2017,BUFFRMFISHBM02,BUFFRMFISH2017Jun01,2,R,Main,0,0,0,0,1,0,1,1,0,0,,12/3/2018
2017,BUFFRMFISHBM02,BUFFRMFISH2017Jun01,3,L,Main,0,0,0,0,1,0,0,0,0,0,,12/3/2018
2017,BUFFRMFISHBM02,BUFFRMFISH2017Jun01,3,M,Main,0,0,0,0,0,0,0,0,0,0,,12/3/2018
2017,BUFFRMFISHBM02,BUFFRMFISH2017Jun01,3,R,Main,0,0,0,0,1,0,1,1,0,0,,12/3/2018
2017,BUFFRMFISHBM02,BUFFRMFISH2017Jun01,4,L,Main,0,0,0,0,1,0,0,0,0,0,,12/3/2018
2017,BUFFRMFISHBM02,BUFFRMFISH2017Jun01,4,M,Main,0,0,0,0,0,0,0,0,0,0,,12/3/2018
2017,BUFFRMFISHBM02,BUFFRMFISH2017Jun01,4,R,Main,0,0,0,0,1,0,1,1,0,0,,12/3/2018
2017,BUFFRMFISHBM02,BUFFRMFISH2017Jun01,5,L,Main,0,0,0,0,1,0,0,0,0,0,,12/3/2018
2017,BUFFRMFISHBM02,BUFFRMFISH2017Jun01,5,M,Main,0,0,0,0,0,0,0,0,0,0,,12/3/2018
2017,BUFFRMFISHBM02,BUFFRMFISH2017Jun01,5,R,Main,0,0,0,0,1,0,0,1,0,0,,12/3/2018
2017,BUFFRMFISHBM02,BUFFRMFISH2017Jun01,6,L,Main,0,0,0,0,1,0,0,0,0,0,,12/3/2018
2017,BUFFRMFISHBM02,BUFFRMFISH2017Jun01,6,M,Main,0,0,0,0,0,0,0,0,0,0,,12/3/2018
2017,BUFFRMFISHBM02,BUFFRMFISH2017Jun01,6,R,Main,0,0,0,0,1,1,1,1,0,0,,12/3/2018
2017,BUFFRMFISHBM02,BUFFRMFISH2017Jun01,7,L,Main,0,0,0,0,1,0,1,0,0,1,,12/3/2018
2017,BUFFRMFISHBM02,BUFFRMFISH2017Jun01,7,M,Main,0,0,0,0,0,0,0,0,0,0,,12/3/2018
2017,BUFFRMFISHBM02,BUFFRMFISH2017Jun01,7,R,Main,0,0,0,0,1,1,1,1,0,0,,12/3/2018
2017,BUFFRMFISHBM02,BUFFRMFISH2017Jun01,8,L,Main,0,0,0,0,1,0,0,1,0,1,,12/3/2018
2017,BUFFRMFISHBM02,BUFFRMFISH2017Jun01,8,M,Main,0,0,0,0,0,0,0,0,0,0,,12/3/2018
2017,BUFFRMFISHBM02,BUFFRMFISH2017Jun01,8,R,Main,0,0,0,0,0,0,0,0,0,0,,12/3/2018
2017,BUFFRMFISHBM02,BUFFRMFISH2017Jun01,9,L,Main,0,0,0,0,0,0,0,0,0,1,,12/3/2018
2017,BUFFRMFISHBM02,BUFFRMFISH2017Jun01,9,M,Main,0,0,0,0,0,0,0,0,0,0,,12/3/2018
2017,BUFFRMFISHBM02,BUFFRMFISH2017Jun01,9,R,Main,0,0,0,0,1,0,0,0,0,0,,12/3/2018
2017,BUFFRMFISHBM02,BUFFRMFISH2017Jun01,10,L,Main,0,0,0,0,1,0,0,1,0,1,,12/3/2018
2017,BUFFRMFISHBM02,BUFFRMFISH2017Jun01,10,M,Main,0,0,0,0,0,0,0,0,0,0,,12/3/2018
2017,BUFFRMFISHBM02,BUFFRMFISH2017Jun01,10,R,Main,0,0,0,0,0,0,0,0,0,0,,12/3/2018
2017,BUFFRMFISHBM02,BUFFRMFISH2017Jun01,11,L,Main,0,0,0,0,1,1,0,1,1,1,,12/3/2018
2017,BUFFRMFISHBM02,BUFFRMFISH2017Jun01,11,M,Main,0,0,0,0,0,0,0,0,0,0,8m island,12/3/2018
2017,BUFFRMFISHBM02,BUFFRMFISH2017Jun01,11,R,Main,0,0,0,0,0,1,0,0,0,0,,12/3/2018
2017,BUFFRMFISHBM03,BUFFRMFISH2017Jun02,1,L,Main,0,0,0,0,1,0,0,1,0,0,,12/3/2018
2017,BUFFRMFISHBM03,BUFFRMFISH2017Jun02,1,M,Main,0,0,0,0,0,0,0,0,0,0,,12/3/2018
2017,BUFFRMFISHBM03,BUFFRMFISH2017Jun02,1,R,Main,0,0,0,0,0,0,0,0,0,0,,12/3/2018
2017,BUFFRMFISHBM03,BUFFRMFISH2017Jun02,2,L,Main,0,0,0,0,1,0,1,1,0,0,,12/3/2018
2017,BUFFRMFISHBM03,BUFFRMFISH2017Jun02,2,M,Main,0,0,0,0,0,0,0,0,0,0,,12/3/2018
2017,BUFFRMFISHBM03,BUFFRMFISH2017Jun02,2,R,Main,0,0,0,0,1,0,1,0,0,0,,12/3/2018
2017,BUFFRMFISHBM03,BUFFRMFISH2017Jun02,3,L,Main,0,0,0,0,1,1,1,1,1,0,,12/3/2018
2017,BUFFRMFISHBM03,BUFFRMFISH2017Jun02,3,M,Main,0,0,0,0,0,0,0,0,0,0,,12/3/2018
2017,BUFFRMFISHBM03,BUFFRMFISH2017Jun02,3,R,Main,0,0,0,0,1,1,0,1,0,0,,12/3/2018
2017,BUFFRMFISHBM03,BUFFRMFISH2017Jun02,4,L,Main,0,0,0,0,1,0,1,1,0,0,,12/3/2018
2017,BUFFRMFISHBM03,BUFFRMFISH2017Jun02,4,M,Main,0,0,0,0,0,0,0,0,0,0,,12/3/2018
2017,BUFFRMFISHBM03,BUFFRMFISH2017Jun02,4,R,Main,0,0,0,0,1,0,0,1,0,0,,12/3/2018
2017,BUFFRMFISHBM03,BUFFRMFISH2017Jun02,5,L,Main,0,0,0,0,1,0,0,1,0,1,,12/3/2018
2017,BUFFRMFISHBM03,BUFFRMFISH2017Jun02,5,M,Main,0,0,0,0,0,0,0,0,0,0,,12/3/2018
2017,BUFFRMFISHBM03,BUFFRMFISH2017Jun02,5,R,Main,0,0,0,0,1,1,0,0,0,0,,12/3/2018
2017,BUFFRMFISHBM03,BUFFRMFISH2017Jun02,6,L,Main,0,0,0,0,1,0,0,1,0,1,,12/3/2018
2017,BUFFRMFISHBM03,BUFFRMFISH2017Jun02,6,M,Main,0,0,0,0,0,0,0,0,0,0,,12/3/2018
2017,BUFFRMFISHBM03,BUFFRMFISH2017Jun02,6,R,Main,0,0,0,0,1,0,0,0,0,0,,12/3/2018
2017,BUFFRMFISHBM03,BUFFRMFISH2017Jun02,7,L,Main,0,0,0,0,1,1,0,1,0,1,,12/3/2018
2017,BUFFRMFISHBM03,BUFFRMFISH2017Jun02,7,M,Main,0,0,0,0,0,0,0,0,0,0,,12/3/2018
2017,BUFFRMFISHBM03,BUFFRMFISH2017Jun02,7,R,Main,0,0,0,0,1,0,1,1,0,0,,12/3/2018
2017,BUFFRMFISHBM03,BUFFRMFISH2017Jun02,8,L,Main,0,0,0,0,1,0,0,1,0,1,,12/3/2018
2017,BUFFRMFISHBM03,BUFFRMFISH2017Jun02,8,M,Main,0,0,1,0,0,0,0,0,0,0,,12/3/2018
2017,BUFFRMFISHBM03,BUFFRMFISH2017Jun02,8,R,Main,0,0,0,0,1,0,0,0,0,0,,12/3/2018
2017,BUFFRMFISHBM03,BUFFRMFISH2017Jun02,9,L,Main,0,0,0,0,1,0,1,1,0,0,,12/3/2018
2017,BUFFRMFISHBM03,BUFFRMFISH2017Jun02,9,M,Main,0,0,0,0,0,0,0,0,0,0,,12/3/2018
2017,BUFFRMFISHBM03,BUFFRMFISH2017Jun02,9,R,Main,0,0,0,0,1,0,0,0,0,0,,12/3/2018
2017,BUFFRMFISHBM03,BUFFRMFISH2017Jun02,10,L,Main,0,0,0,0,1,0,0,1,0,0,,12/3/2018
2017,BUFFRMFISHBM03,BUFFRMFISH2017Jun02,10,M,Main,0,0,0,0,0,0,0,0,0,0,,12/3/2018
2017,BUFFRMFISHBM03,BUFFRMFISH2017Jun02,10,R,Main,0,0,0,0,1,0,0,0,0,0,,12/3/2018
2017,BUFFRMFISHBM03,BUFFRMFISH2017Jun02,11,L,Main,0,0,0,0,1,0,1,1,0,0,,12/3/2018
2017,BUFFRMFISHBM03,BUFFRMFISH2017Jun02,11,M,Main,0,0,0,0,0,0,0,0,0,0,,12/3/2018
2017,BUFFRMFISHBM03,BUFFRMFISH2017Jun02,11,R,Main,0,0,0,0,1,0,0,1,0,0,,12/3/2018
2017,BUFFRMFISHBM04,BUFFRMFISH2017Jun15,1,L,Main,0,1,0,0,1,0,0,0,0,0,,12/3/2018
2017,BUFFRMFISHBM04,BUFFRMFISH2017Jun15,1,M,Main,0,0,0,0,0,0,0,0,0,0,,12/3/2018
2017,BUFFRMFISHBM04,BUFFRMFISH2017Jun15,1,R,Main,0,0,0,0,1,0,0,1,0,0,,12/3/2018
2017,BUFFRMFISHBM04,BUFFRMFISH2017Jun15,2,L,Main,0,0,0,0,1,0,0,1,0,0,,12/3/2018
2017,BUFFRMFISHBM04,BUFFRMFISH2017Jun15,2,M,Main,0,0,0,0,0,0,0,0,0,0,,12/3/2018
2017,BUFFRMFISHBM04,BUFFRMFISH2017Jun15,2,R,Main,0,0,0,0,1,0,1,1,0,0,,12/3/2018
2017,BUFFRMFISHBM04,BUFFRMFISH2017Jun15,3,L,Main,0,0,0,0,1,0,1,1,0,0,,12/3/2018
2017,BUFFRMFISHBM04,BUFFRMFISH2017Jun15,3,M,Main,0,0,0,0,0,0,0,0,0,0,,12/3/2018
2017,BUFFRMFISHBM04,BUFFRMFISH2017Jun15,3,R,Main,0,0,0,0,1,0,1,1,0,0,,12/3/2018
2017,BUFFRMFISHBM04,BUFFRMFISH2017Jun15,4,L,Main,0,0,0,0,1,0,1,1,0,0,,12/3/2018
2017,BUFFRMFISHBM04,BUFFRMFISH2017Jun15,4,M,Main,0,0,0,0,0,0,0,0,0,0,,12/3/2018
2017,BUFFRMFISHBM04,BUFFRMFISH2017Jun15,4,R,Main,0,0,0,0,1,0,0,1,0,0,,12/3/2018
2017,BUFFRMFISHBM04,BUFFRMFISH2017Jun15,5,L,Main,0,0,0,0,1,0,0,1,0,0,,12/3/2018
2017,BUFFRMFISHBM04,BUFFRMFISH2017Jun15,5,M,Main,0,0,0,0,0,0,0,0,0,0,,12/3/2018
2017,BUFFRMFISHBM04,BUFFRMFISH2017Jun15,5,R,Main,0,0,0,0,1,0,0,1,0,0,,12/3/2018
2017,BUFFRMFISHBM04,BUFFRMFISH2017Jun15,6,L,Main,0,0,0,0,1,0,1,1,0,0,,12/3/2018
2017,BUFFRMFISHBM04,BUFFRMFISH2017Jun15,6,M,Main,0,0,0,0,0,0,0,0,0,0,,12/3/2018
2017,BUFFRMFISHBM04,BUFFRMFISH2017Jun15,6,R,Main,0,0,0,0,1,0,1,1,0,0,,12/3/2018
2017,BUFFRMFISHBM04,BUFFRMFISH2017Jun15,7,L,Main,0,0,0,0,1,0,1,1,0,0,,12/3/2018
2017,BUFFRMFISHBM04,BUFFRMFISH2017Jun15,7,M,Main,0,0,0,0,0,0,0,0,0,0,,12/3/2018
2017,BUFFRMFISHBM04,BUFFRMFISH2017Jun15,7,R,Main,0,0,0,0,1,1,1,1,0,0,,12/3/2018
2017,BUFFRMFISHBM04,BUFFRMFISH2017Jun15,8,L,Main,0,0,0,0,1,0,0,1,0,0,,12/3/2018
2017,BUFFRMFISHBM04,BUFFRMFISH2017Jun15,8,M,Main,0,0,0,0,0,0,0,0,0,0,,12/3/2018
2017,BUFFRMFISHBM04,BUFFRMFISH2017Jun15,8,R,Main,0,0,1,0,1,0,1,1,0,0,,12/3/2018
2017,BUFFRMFISHBM04,BUFFRMFISH2017Jun15,9,L,Main,0,0,1,0,1,0,0,1,0,0,,12/3/2018
2017,BUFFRMFISHBM04,BUFFRMFISH2017Jun15,9,M,Main,0,0,0,0,0,0,0,0,0,0,,12/3/2018
2017,BUFFRMFISHBM04,BUFFRMFISH2017Jun15,9,R,Main,0,0,0,0,1,0,1,1,0,0,,12/3/2018
2017,BUFFRMFISHBM04,BUFFRMFISH2017Jun15,10,L,Main,0,0,0,0,1,0,0,0,0,0,,12/3/2018
2017,BUFFRMFISHBM04,BUFFRMFISH2017Jun15,10,M,Main,0,0,0,0,0,0,0,0,0,0,,12/3/2018
2017,BUFFRMFISHBM04,BUFFRMFISH2017Jun15,10,R,Main,0,0,0,0,1,0,0,1,0,0,,12/3/2018
2017,BUFFRMFISHBM04,BUFFRMFISH2017Jun15,11,L,Main,0,0,0,0,1,0,0,1,0,0,,12/3/2018
2017,BUFFRMFISHBM04,BUFFRMFISH2017Jun15,11,M,Main,0,0,0,0,0,0,0,0,0,0,,12/3/2018
2017,BUFFRMFISHBM04,BUFFRMFISH2017Jun15,11,R,Main,0,0,0,0,1,0,0,0,0,0,,12/3/2018
2017,BUFFRMFISHBM05,BUFFRMFISH2017Jun14,1,L,Backwater_main,0,0,0,0,1,0,0,0,0,0,,12/3/2018
2017,BUFFRMFISHBM05,BUFFRMFISH2017Jun14,1,L,Main,0,0,0,0,1,0,0,1,0,0,,12/3/2018
2017,BUFFRMFISHBM05,BUFFRMFISH2017Jun14,1,M,Backwater_main,0,0,0,0,0,0,0,0,0,0,,12/3/2018
2017,BUFFRMFISHBM05,BUFFRMFISH2017Jun14,1,M,Main,0,0,0,0,0,0,0,0,0,0,,12/3/2018
2017,BUFFRMFISHBM05,BUFFRMFISH2017Jun14,1,R,Backwater_main,0,0,0,0,1,0,0,0,0,0,,12/3/2018
2017,BUFFRMFISHBM05,BUFFRMFISH2017Jun14,1,R,Main,0,0,0,0,1,0,1,1,0,0,,12/3/2018
2017,BUFFRMFISHBM05,BUFFRMFISH2017Jun14,2,L,Backwater_main,0,0,0,0,1,0,0,0,0,0,,12/3/2018
2017,BUFFRMFISHBM05,BUFFRMFISH2017Jun14,2,L,Main,0,0,0,0,1,1,0,1,0,0,,12/3/2018
2017,BUFFRMFISHBM05,BUFFRMFISH2017Jun14,2,M,Backwater_main,0,0,0,0,0,0,0,0,0,0,,12/3/2018
2017,BUFFRMFISHBM05,BUFFRMFISH2017Jun14,2,M,Main,0,0,0,0,0,0,0,0,0,0,,12/3/2018
2017,BUFFRMFISHBM05,BUFFRMFISH2017Jun14,2,R,Backwater_main,0,0,0,0,1,0,0,0,0,0,,12/3/2018
2017,BUFFRMFISHBM05,BUFFRMFISH2017Jun14,2,R,Main,0,0,0,0,1,0,1,1,0,0,,12/3/2018
2017,BUFFRMFISHBM05,BUFFRMFISH2017Jun14,3,L,Backwater_main,0,0,0,0,1,0,0,0,0,0,,12/3/2018
2017,BUFFRMFISHBM05,BUFFRMFISH2017Jun14,3,L,Main,0,0,0,0,1,0,0,0,0,0,,12/3/2018
2017,BUFFRMFISHBM05,BUFFRMFISH2017Jun14,3,M,Backwater_main,0,0,0,0,0,0,0,0,0,0,,12/3/2018
2017,BUFFRMFISHBM05,BUFFRMFISH2017Jun14,3,M,Main,0,0,0,0,0,0,0,0,0,0,,12/3/2018
2017,BUFFRMFISHBM05,BUFFRMFISH2017Jun14,3,R,Backwater_main,0,0,0,0,1,0,0,0,0,0,,12/3/2018
2017,BUFFRMFISHBM05,BUFFRMFISH2017Jun14,3,R,Main,0,0,0,0,1,0,0,1,0,0,,12/3/2018
2017,BUFFRMFISHBM05,BUFFRMFISH2017Jun14,4,L,Main,0,0,0,0,1,0,0,0,0,0,,12/3/2018
2017,BUFFRMFISHBM05,BUFFRMFISH2017Jun14,4,M,Main,0,0,0,0,0,0,0,0,0,0,,12/3/2018
2017,BUFFRMFISHBM05,BUFFRMFISH2017Jun14,4,R,Main,0,0,0,0,1,0,0,0,0,0,,12/3/2018
2017,BUFFRMFISHBM05,BUFFRMFISH2017Jun14,5,L,Main,0,0,0,0,1,0,0,1,0,0,,12/3/2018
2017,BUFFRMFISHBM05,BUFFRMFISH2017Jun14,5,M,Main,0,0,0,0,0,0,0,0,0,0,,12/3/2018
2017,BUFFRMFISHBM05,BUFFRMFISH2017Jun14,5,R,Main,0,0,1,0,1,0,0,1,0,0,,12/3/2018
2017,BUFFRMFISHBM05,BUFFRMFISH2017Jun14,6,L,Main,0,0,0,0,1,0,0,0,0,0,,12/3/2018
2017,BUFFRMFISHBM05,BUFFRMFISH2017Jun14,6,M,Main,0,0,0,0,0,0,0,0,0,0,,12/3/2018
2017,BUFFRMFISHBM05,BUFFRMFISH2017Jun14,6,R,Main,0,0,0,0,1,0,1,1,0,0,,12/3/2018
2017,BUFFRMFISHBM05,BUFFRMFISH2017Jun14,7,L,Main,0,0,0,0,1,0,0,0,0,0,,12/3/2018
2017,BUFFRMFISHBM05,BUFFRMFISH2017Jun14,7,M,Main,0,0,0,0,0,0,0,0,0,0,,12/3/2018
2017,BUFFRMFISHBM05,BUFFRMFISH2017Jun14,7,R,Main,0,0,0,0,1,0,0,0,0,1,,12/3/2018
2017,BUFFRMFISHBM05,BUFFRMFISH2017Jun14,8,L,Main,0,0,0,0,1,0,0,0,0,0,,12/3/2018
2017,BUFFRMFISHBM05,BUFFRMFISH2017Jun14,8,M,Main,0,0,0,0,0,0,0,0,0,0,,12/3/2018
2017,BUFFRMFISHBM05,BUFFRMFISH2017Jun14,8,R,Main,0,0,0,0,1,0,1,1,0,0,,12/3/2018
2017,BUFFRMFISHBM05,BUFFRMFISH2017Jun14,9,L,Main,0,0,0,0,1,0,0,0,0,0,,12/3/2018
2017,BUFFRMFISHBM05,BUFFRMFISH2017Jun14,9,M,Main,0,0,0,0,0,0,0,0,0,0,,12/3/2018
2017,BUFFRMFISHBM05,BUFFRMFISH2017Jun14,9,R,Main,0,0,1,0,1,0,0,1,0,1,,12/3/2018
2017,BUFFRMFISHBM05,BUFFRMFISH2017Jun14,10,L,Main,0,0,0,0,1,0,1,1,0,0,,12/3/2018
2017,BUFFRMFISHBM05,BUFFRMFISH2017Jun14,10,M,Main,0,0,0,0,0,0,0,0,0,0,,12/3/2018
2017,BUFFRMFISHBM05,BUFFRMFISH2017Jun14,10,R,Main,0,0,1,0,0,1,0,1,0,0,,12/3/2018
2017,BUFFRMFISHBM05,BUFFRMFISH2017Jun14,11,L,Main,0,0,0,0,1,0,0,0,0,0,,12/3/2018
2017,BUFFRMFISHBM05,BUFFRMFISH2017Jun14,11,M,Main,0,0,0,0,0,0,0,0,0,0,,12/3/2018
2017,BUFFRMFISHBM05,BUFFRMFISH2017Jun14,11,R,Main,0,0,1,0,1,0,0,1,0,0,,12/3/2018
2017,BUFFRMFISHBM06,BUFFRMFISH2017Jun21,1,L,Main,0,0,0,0,1,1,0,1,0,0,,12/3/2018
2017,BUFFRMFISHBM06,BUFFRMFISH2017Jun21,1,M,Main,0,0,0,0,0,0,0,0,0,0,,12/3/2018
2017,BUFFRMFISHBM06,BUFFRMFISH2017Jun21,1,R,Main,0,0,0,0,1,0,1,1,0,0,,12/3/2018
2017,BUFFRMFISHBM06,BUFFRMFISH2017Jun21,2,L,Main,0,0,0,0,1,0,1,1,0,0,,12/3/2018
2017,BUFFRMFISHBM06,BUFFRMFISH2017Jun21,2,M,Main,0,0,0,0,0,0,0,0,0,0,,12/3/2018
2017,BUFFRMFISHBM06,BUFFRMFISH2017Jun21,2,R,Main,0,0,0,0,1,0,1,1,0,0,,12/3/2018
2017,BUFFRMFISHBM06,BUFFRMFISH2017Jun21,3,L,Main,0,0,0,0,1,0,0,0,0,0,,12/3/2018
2017,BUFFRMFISHBM06,BUFFRMFISH2017Jun21,3,M,Main,0,0,0,0,0,0,0,0,0,0,,12/3/2018
2017,BUFFRMFISHBM06,BUFFRMFISH2017Jun21,3,R,Main,0,0,0,0,1,1,1,1,0,0,,12/3/2018
2017,BUFFRMFISHBM06,BUFFRMFISH2017Jun21,4,L,Main,0,0,0,0,1,0,0,1,0,1,,12/3/2018
2017,BUFFRMFISHBM06,BUFFRMFISH2017Jun21,4,M,Main,0,0,0,0,0,0,0,0,0,0,,12/3/2018
2017,BUFFRMFISHBM06,BUFFRMFISH2017Jun21,4,R,Main,0,0,0,0,1,0,1,1,0,0,,12/3/2018
2017,BUFFRMFISHBM06,BUFFRMFISH2017Jun21,5,L,Main,0,0,0,0,1,0,0,0,0,0,,12/3/2018
2017,BUFFRMFISHBM06,BUFFRMFISH2017Jun21,5,M,Main,0,0,0,0,0,0,0,0,0,0,,12/3/2018
2017,BUFFRMFISHBM06,BUFFRMFISH2017Jun21,5,R,Main,0,0,0,0,1,0,1,1,0,0,,12/3/2018
2017,BUFFRMFISHBM06,BUFFRMFISH2017Jun21,6,L,Main,0,0,0,0,1,0,0,0,0,0,,12/3/2018
2017,BUFFRMFISHBM06,BUFFRMFISH2017Jun21,6,M,Main,0,0,0,0,0,0,0,0,0,0,,12/3/2018
2017,BUFFRMFISHBM06,BUFFRMFISH2017Jun21,6,R,Main,0,0,0,0,1,0,0,1,0,0,,12/3/2018
2017,BUFFRMFISHBM06,BUFFRMFISH2017Jun21,7,L,Main,0,0,0,0,1,0,0,0,0,0,,12/3/2018
2017,BUFFRMFISHBM06,BUFFRMFISH2017Jun21,7,M,Main,0,0,0,0,0,0,0,0,0,0,,12/3/2018
2017,BUFFRMFISHBM06,BUFFRMFISH2017Jun21,7,R,Main,0,0,0,0,1,1,1,1,0,0,,12/3/2018
2017,BUFFRMFISHBM06,BUFFRMFISH2017Jun21,8,L,Main,0,0,0,0,1,0,0,0,0,0,,12/3/2018
2017,BUFFRMFISHBM06,BUFFRMFISH2017Jun21,8,M,Main,0,0,0,0,0,0,0,0,0,0,,12/3/2018
2017,BUFFRMFISHBM06,BUFFRMFISH2017Jun21,8,R,Main,0,0,0,0,1,1,0,1,0,0,,12/3/2018
2017,BUFFRMFISHBM06,BUFFRMFISH2017Jun21,9,L,Main,0,0,0,0,1,0,0,0,0,0,,12/3/2018
2017,BUFFRMFISHBM06,BUFFRMFISH2017Jun21,9,M,Main,0,0,0,0,0,0,0,0,0,0,,12/3/2018
2017,BUFFRMFISHBM06,BUFFRMFISH2017Jun21,9,R,Main,0,0,0,0,0,0,1,1,0,0,,12/3/2018
2017,BUFFRMFISHBM06,BUFFRMFISH2017Jun21,10,L,Main,0,0,0,0,1,0,0,0,0,0,,12/3/2018
2017,BUFFRMFISHBM06,BUFFRMFISH2017Jun21,10,M,Main,0,0,0,0,0,0,0,0,0,0,,12/3/2018
2017,BUFFRMFISHBM06,BUFFRMFISH2017Jun21,10,R,Main,0,0,0,0,1,0,0,1,0,1,,12/3/2018
2017,BUFFRMFISHBM06,BUFFRMFISH2017Jun21,11,L,Main,0,0,0,0,1,0,0,0,0,0,,12/3/2018
2017,BUFFRMFISHBM06,BUFFRMFISH2017Jun21,11,M,Main,0,0,0,0,0,0,0,0,0,0,,12/3/2018
2017,BUFFRMFISHBM06,BUFFRMFISH2017Jun21,11,R,Main,0,0,0,0,1,0,1,1,0,0,,12/3/2018
2017,BUFFRMFISHBT07,BUFFRMFISH2017May24,1,L,Main,0,0,0,0,1,0,1,1,1,0,,12/3/2018
2017,BUFFRMFISHBT07,BUFFRMFISH2017May24,1,M,Main,0,0,0,0,0,0,0,0,0,0,,12/3/2018
2017,BUFFRMFISHBT07,BUFFRMFISH2017May24,1,R,Main,0,0,0,0,1,0,1,1,0,0,,12/3/2018
2017,BUFFRMFISHBT07,BUFFRMFISH2017May24,2,L,Main,0,0,0,0,1,1,1,1,0,0,,12/3/2018
2017,BUFFRMFISHBT07,BUFFRMFISH2017May24,2,M,Main,0,0,0,0,0,0,0,0,0,0,,12/3/2018
2017,BUFFRMFISHBT07,BUFFRMFISH2017May24,2,R,Main,0,0,0,0,1,0,1,1,1,0,,12/3/2018
2017,BUFFRMFISHBT07,BUFFRMFISH2017May24,3,L,Main,0,0,0,0,1,0,1,0,0,0,,12/3/2018
2017,BUFFRMFISHBT07,BUFFRMFISH2017May24,3,M,Main,0,0,0,0,0,0,0,0,0,0,,12/3/2018
2017,BUFFRMFISHBT07,BUFFRMFISH2017May24,3,R,Main,0,0,0,0,1,1,1,1,0,0,,12/3/2018
2017,BUFFRMFISHBT07,BUFFRMFISH2017May24,4,L,Main,0,0,0,0,1,0,1,1,1,0,,12/3/2018
2017,BUFFRMFISHBT07,BUFFRMFISH2017May24,4,M,Main,0,0,0,0,0,0,0,0,0,0,,12/3/2018
2017,BUFFRMFISHBT07,BUFFRMFISH2017May24,4,R,Main,0,0,0,0,1,0,1,1,1,0,,12/3/2018
2017,BUFFRMFISHBT07,BUFFRMFISH2017May24,5,L,Main,0,0,0,0,1,0,1,1,1,0,,12/3/2018
2017,BUFFRMFISHBT07,BUFFRMFISH2017May24,5,M,Main,0,0,0,0,0,0,0,0,0,0,,12/3/2018
2017,BUFFRMFISHBT07,BUFFRMFISH2017May24,5,R,Main,0,0,0,0,1,0,1,1,0,0,,12/3/2018
2017,BUFFRMFISHBT07,BUFFRMFISH2017May24,6,L,Main,0,0,0,0,1,0,0,1,1,0,,12/3/2018
2017,BUFFRMFISHBT07,BUFFRMFISH2017May24,6,M,Main,0,0,0,0,0,0,0,0,0,0,,12/3/2018
2017,BUFFRMFISHBT07,BUFFRMFISH2017May24,6,R,Main,0,0,0,0,1,0,0,1,0,0,,12/3/2018
2017,BUFFRMFISHBT07,BUFFRMFISH2017May24,7,L,Main,0,0,0,0,1,0,0,0,0,0,,12/3/2018
2017,BUFFRMFISHBT07,BUFFRMFISH2017May24,7,M,Main,0,0,0,0,0,0,0,0,0,0,,12/3/2018
2017,BUFFRMFISHBT07,BUFFRMFISH2017May24,7,R,Main,0,0,0,0,1,0,0,0,0,0,,12/3/2018
2017,BUFFRMFISHBT07,BUFFRMFISH2017May24,8,L,Main,0,0,0,0,1,0,1,1,1,0,,12/3/2018
2017,BUFFRMFISHBT07,BUFFRMFISH2017May24,8,M,Main,0,0,0,0,0,0,0,0,0,0,,12/3/2018
2017,BUFFRMFISHBT07,BUFFRMFISH2017May24,8,R,Main,0,0,0,0,1,0,0,0,0,0,,12/3/2018
2017,BUFFRMFISHBT07,BUFFRMFISH2017May24,9,L,Main,0,0,0,0,1,1,1,1,1,0,,12/3/2018
2017,BUFFRMFISHBT07,BUFFRMFISH2017May24,9,M,Main,0,0,0,0,0,0,0,0,0,0,,12/3/2018
2017,BUFFRMFISHBT07,BUFFRMFISH2017May24,9,R,Main,0,0,0,0,1,0,0,0,0,0,,12/3/2018
2017,BUFFRMFISHBT07,BUFFRMFISH2017May24,10,L,Main,0,0,0,0,1,0,1,1,0,0,,12/3/2018
2017,BUFFRMFISHBT07,BUFFRMFISH2017May24,10,M,Main,0,0,0,0,0,0,0,0,0,0,,12/3/2018
2017,BUFFRMFISHBT07,BUFFRMFISH2017May24,10,R,Main,0,0,0,0,1,0,0,0,0,0,,12/3/2018
2017,BUFFRMFISHBT07,BUFFRMFISH2017May24,11,L,Main,0,0,0,0,1,0,1,1,0,0,,12/3/2018
2017,BUFFRMFISHBT07,BUFFRMFISH2017May24,11,M,Main,0,0,0,0,0,0,0,0,0,0,,12/3/2018
2017,BUFFRMFISHBT07,BUFFRMFISH2017May24,11,R,Main,0,0,0,0,1,0,0,0,0,0,,12/3/2018
2017,BUFFRMFISHBT15,BUFFRMFISH2017May24,1,L,Main,0,0,0,0,0,0,1,1,1,0,,12/3/2018
2017,BUFFRMFISHBT15,BUFFRMFISH2017May24,1,M,Main,0,0,0,0,0,0,0,0,0,0,,12/3/2018
2017,BUFFRMFISHBT15,BUFFRMFISH2017May24,1,R,Main,0,0,0,0,0,0,0,0,0,0,,12/3/2018
2017,BUFFRMFISHBT15,BUFFRMFISH2017May24,2,L,Main,0,0,0,0,1,1,1,0,1,0,,12/3/2018
2017,BUFFRMFISHBT15,BUFFRMFISH2017May24,2,M,Main,0,0,0,0,0,0,0,0,0,0,,12/3/2018
2017,BUFFRMFISHBT15,BUFFRMFISH2017May24,2,R,Main,0,0,0,0,1,0,0,0,0,0,,12/3/2018
2017,BUFFRMFISHBT15,BUFFRMFISH2017May24,3,L,Main,0,0,0,0,1,1,1,0,1,0,,12/3/2018
2017,BUFFRMFISHBT15,BUFFRMFISH2017May24,3,M,Main,0,0,0,0,0,0,0,0,0,0,,12/3/2018
2017,BUFFRMFISHBT15,BUFFRMFISH2017May24,3,R,Main,0,0,0,0,1,0,0,0,0,0,,12/3/2018
2017,BUFFRMFISHBT15,BUFFRMFISH2017May24,4,L,Main,0,0,0,0,1,0,1,0,1,0,,12/3/2018
2017,BUFFRMFISHBT15,BUFFRMFISH2017May24,4,M,Main,0,0,0,0,0,0,0,0,0,0,,12/3/2018
2017,BUFFRMFISHBT15,BUFFRMFISH2017May24,4,R,Main,0,0,0,0,1,0,0,0,0,0,,12/3/2018
2017,BUFFRMFISHBT15,BUFFRMFISH2017May24,5,L,Main,0,0,0,0,1,0,1,0,1,0,,12/3/2018
2017,BUFFRMFISHBT15,BUFFRMFISH2017May24,5,M,Main,0,0,0,0,0,0,0,0,0,0,,12/3/2018
2017,BUFFRMFISHBT15,BUFFRMFISH2017May24,5,R,Main,0,0,0,0,1,0,1,1,1,0,,12/3/2018
2017,BUFFRMFISHBT15,BUFFRMFISH2017May24,6,L,Main,0,0,0,0,1,0,1,1,1,0,,12/3/2018
2017,BUFFRMFISHBT15,BUFFRMFISH2017May24,6,M,Main,0,0,0,0,0,0,0,0,0,0,,12/3/2018
2017,BUFFRMFISHBT15,BUFFRMFISH2017May24,6,R,Main,0,0,0,0,1,0,1,0,0,0,,12/3/2018
2017,BUFFRMFISHBT15,BUFFRMFISH2017May24,7,L,Main,0,0,0,0,1,0,1,1,0,0,,12/3/2018
2017,BUFFRMFISHBT15,BUFFRMFISH2017May24,7,M,Main,0,0,0,0,0,0,0,0,0,0,,12/3/2018
2017,BUFFRMFISHBT15,BUFFRMFISH2017May24,7,R,Main,0,0,0,0,1,0,1,1,1,0,,12/3/2018
2017,BUFFRMFISHBT15,BUFFRMFISH2017May24,8,L,Main,0,0,0,0,0,0,1,1,1,0,,12/3/2018
2017,BUFFRMFISHBT15,BUFFRMFISH2017May24,8,M,Main,0,0,0,0,0,0,0,0,0,0,,12/3/2018
2017,BUFFRMFISHBT15,BUFFRMFISH2017May24,8,R,Main,0,0,0,0,1,0,0,0,0,0,,12/3/2018
2017,BUFFRMFISHBT15,BUFFRMFISH2017May24,9,L,Main,0,0,0,0,1,0,1,0,1,0,,12/3/2018
2017,BUFFRMFISHBT15,BUFFRMFISH2017May24,9,M,Main,0,0,0,0,0,0,0,0,0,0,,12/3/2018
2017,BUFFRMFISHBT15,BUFFRMFISH2017May24,9,R,Main,0,0,0,0,1,1,1,1,0,0,,12/3/2018
2017,BUFFRMFISHBT15,BUFFRMFISH2017May24,10,L,Main,0,0,0,0,1,0,1,1,0,0,,12/3/2018
2017,BUFFRMFISHBT15,BUFFRMFISH2017May24,10,M,Main,0,0,0,0,0,0,0,0,0,0,,12/3/2018
2017,BUFFRMFISHBT15,BUFFRMFISH2017May24,10,R,Main,0,0,0,0,1,1,1,0,0,0,,12/3/2018
2017,BUFFRMFISHBT15,BUFFRMFISH2017May24,11,L,Main,0,0,0,0,1,0,1,1,1,0,,12/3/2018
2017,BUFFRMFISHBT15,BUFFRMFISH2017May24,11,M,Main,0,0,0,0,0,0,0,0,0,0,,12/3/2018
2017,BUFFRMFISHBT15,BUFFRMFISH2017May24,11,R,Main,0,0,0,0,1,0,1,0,1,0,,12/3/2018
2017,BUFFRMFISHBT19,BUFFRMFISH2017May25,1,L,Main,0,0,0,0,1,0,1,1,0,1,,12/3/2018
2017,BUFFRMFISHBT19,BUFFRMFISH2017May25,1,M,Main,0,0,0,0,0,0,0,0,0,0,,12/3/2018
2017,BUFFRMFISHBT19,BUFFRMFISH2017May25,1,R,Main,0,0,0,0,1,0,0,0,0,0,,12/3/2018
2017,BUFFRMFISHBT19,BUFFRMFISH2017May25,2,L,Main,0,0,0,0,0,0,1,1,0,1,,12/3/2018
2017,BUFFRMFISHBT19,BUFFRMFISH2017May25,2,M,Main,0,0,0,0,0,0,0,0,0,0,,12/3/2018
2017,BUFFRMFISHBT19,BUFFRMFISH2017May25,2,R,Main,0,0,0,0,1,0,0,0,0,0,,12/3/2018
2017,BUFFRMFISHBT19,BUFFRMFISH2017May25,3,L,Main,0,0,0,0,0,0,1,1,0,1,,12/3/2018
2017,BUFFRMFISHBT19,BUFFRMFISH2017May25,3,M,Main,0,0,0,0,0,0,0,0,0,0,,12/3/2018
2017,BUFFRMFISHBT19,BUFFRMFISH2017May25,3,R,Main,0,0,0,0,1,0,0,0,0,0,,12/3/2018
2017,BUFFRMFISHBT19,BUFFRMFISH2017May25,4,L,Main,0,0,0,0,1,0,1,1,0,0,,12/3/2018
2017,BUFFRMFISHBT19,BUFFRMFISH2017May25,4,M,Main,0,0,0,0,0,0,0,0,0,0,,12/3/2018
2017,BUFFRMFISHBT19,BUFFRMFISH2017May25,4,R,Main,0,0,0,0,1,0,0,0,0,0,,12/3/2018
2017,BUFFRMFISHBT19,BUFFRMFISH2017May25,5,L,Main,0,0,0,0,1,0,1,1,0,0,,12/3/2018
2017,BUFFRMFISHBT19,BUFFRMFISH2017May25,5,M,Main,0,0,0,0,0,0,0,0,0,0,,12/3/2018
2017,BUFFRMFISHBT19,BUFFRMFISH2017May25,5,R,Main,0,0,0,0,1,0,0,0,0,0,,12/3/2018
2017,BUFFRMFISHBT19,BUFFRMFISH2017May25,6,L,Main,0,0,0,0,1,0,0,0,0,0,,12/3/2018
2017,BUFFRMFISHBT19,BUFFRMFISH2017May25,6,M,Main,0,0,0,0,0,0,0,0,0,0,,12/3/2018
2017,BUFFRMFISHBT19,BUFFRMFISH2017May25,6,R,Main,0,0,0,0,1,0,0,0,0,0,,12/3/2018
2017,BUFFRMFISHBT19,BUFFRMFISH2017May25,7,L,Main,0,0,0,0,0,0,1,1,0,0,,12/3/2018
2017,BUFFRMFISHBT19,BUFFRMFISH2017May25,7,M,Main,0,0,0,0,0,0,0,0,0,0,,12/3/2018
2017,BUFFRMFISHBT19,BUFFRMFISH2017May25,7,R,Main,0,0,0,0,0,0,0,0,0,0,,12/3/2018
2017,BUFFRMFISHBT19,BUFFRMFISH2017May25,8,L,Main,0,0,0,0,1,1,1,1,0,0,,12/3/2018
2017,BUFFRMFISHBT19,BUFFRMFISH2017May25,8,M,Main,0,0,0,0,0,0,0,0,0,0,,12/3/2018
2017,BUFFRMFISHBT19,BUFFRMFISH2017May25,8,R,Main,0,0,0,0,1,0,0,1,0,0,,12/3/2018
2017,BUFFRMFISHBT19,BUFFRMFISH2017May25,9,L,Main,0,0,0,0,1,0,0,0,0,0,,12/3/2018
2017,BUFFRMFISHBT19,BUFFRMFISH2017May25,9,M,Main,0,0,0,0,0,0,0,0,0,0,,12/3/2018
2017,BUFFRMFISHBT19,BUFFRMFISH2017May25,9,R,Main,0,0,0,0,1,0,1,1,0,0,,12/3/2018
2017,BUFFRMFISHBT19,BUFFRMFISH2017May25,10,L,Main,0,0,0,0,1,0,0,0,0,0,,12/3/2018
2017,BUFFRMFISHBT19,BUFFRMFISH2017May25,10,M,Main,0,0,0,0,0,0,0,0,0,0,,12/3/2018
2017,BUFFRMFISHBT19,BUFFRMFISH2017May25,10,R,Main,0,0,0,0,1,0,1,1,0,0,,12/3/2018
2017,BUFFRMFISHBT19,BUFFRMFISH2017May25,11,L,Main,0,0,0,0,1,0,0,0,0,0,,12/3/2018
2017,BUFFRMFISHBT19,BUFFRMFISH2017May25,11,M,Main,0,0,0,0,0,0,0,0,0,0,,12/3/2018
2017,BUFFRMFISHBT19,BUFFRMFISH2017May25,11,R,Main,0,0,0,0,1,0,1,1,0,0,,12/3/2018
2017,BUFFRMFISHBT20,BUFFRMFISH2017May30,1,L,Main,0,0,0,0,1,1,0,0,0,0,,12/3/2018
2017,BUFFRMFISHBT20,BUFFRMFISH2017May30,1,M,Main,0,0,0,0,0,0,0,0,0,0,,12/3/2018
2017,BUFFRMFISHBT20,BUFFRMFISH2017May30,1,R,Main,0,0,0,0,1,1,0,0,0,0,,12/3/2018
2017,BUFFRMFISHBT20,BUFFRMFISH2017May30,2,L,Main,0,0,0,0,1,0,1,1,0,0,,12/3/2018
2017,BUFFRMFISHBT20,BUFFRMFISH2017May30,2,M,Main,0,0,0,0,0,0,0,0,0,0,,12/3/2018
2017,BUFFRMFISHBT20,BUFFRMFISH2017May30,2,R,Main,0,0,0,0,1,0,0,0,0,0,,12/3/2018
2017,BUFFRMFISHBT20,BUFFRMFISH2017May30,3,L,Main,0,0,0,0,1,0,1,1,0,0,,12/3/2018
2017,BUFFRMFISHBT20,BUFFRMFISH2017May30,3,M,Main,0,0,0,0,0,0,0,0,0,0,,12/3/2018
2017,BUFFRMFISHBT20,BUFFRMFISH2017May30,3,R,Main,0,0,0,0,1,0,1,1,1,0,,12/3/2018
2017,BUFFRMFISHBT20,BUFFRMFISH2017May30,4,L,Main,0,0,0,0,1,0,0,0,0,0,,12/3/2018
2017,BUFFRMFISHBT20,BUFFRMFISH2017May30,4,M,Main,0,0,0,0,0,0,0,0,0,0,,12/3/2018
2017,BUFFRMFISHBT20,BUFFRMFISH2017May30,4,R,Main,0,0,1,0,1,0,0,1,0,0,,12/3/2018
2017,BUFFRMFISHBT20,BUFFRMFISH2017May30,5,L,Main,0,0,0,0,1,0,1,0,0,0,,12/3/2018
2017,BUFFRMFISHBT20,BUFFRMFISH2017May30,5,M,Main,0,0,0,0,0,0,0,0,0,0,,12/3/2018
2017,BUFFRMFISHBT20,BUFFRMFISH2017May30,5,R,Main,0,0,0,0,1,0,0,1,0,0,,12/3/2018
2017,BUFFRMFISHBT20,BUFFRMFISH2017May30,6,L,Main,0,0,0,0,1,0,0,1,0,0,,12/3/2018
2017,BUFFRMFISHBT20,BUFFRMFISH2017May30,6,M,Main,0,0,0,0,0,0,0,0,0,0,,12/3/2018
2017,BUFFRMFISHBT20,BUFFRMFISH2017May30,6,R,Main,0,0,0,0,1,0,1,1,0,0,,12/3/2018
2017,BUFFRMFISHBT20,BUFFRMFISH2017May30,7,L,Main,0,0,0,0,1,0,1,1,0,0,,12/3/2018
2017,BUFFRMFISHBT20,BUFFRMFISH2017May30,7,M,Main,0,0,0,0,0,0,0,0,0,0,,12/3/2018
2017,BUFFRMFISHBT20,BUFFRMFISH2017May30,7,R,Main,0,0,0,0,1,0,1,1,1,0,,12/3/2018
2017,BUFFRMFISHBT20,BUFFRMFISH2017May30,8,L,Main,0,0,0,0,1,1,0,0,0,0,,12/3/2018
2017,BUFFRMFISHBT20,BUFFRMFISH2017May30,8,M,Main,1,0,1,0,0,0,0,0,0,0,,12/3/2018
2017,BUFFRMFISHBT20,BUFFRMFISH2017May30,8,R,Main,1,0,0,0,1,0,1,1,1,0,,12/3/2018
2017,BUFFRMFISHBT20,BUFFRMFISH2017May30,9,L,Main,0,0,0,0,1,0,0,0,0,0,,12/3/2018
2017,BUFFRMFISHBT20,BUFFRMFISH2017May30,9,M,Main,0,0,0,0,0,0,0,0,0,0,,12/3/2018
2017,BUFFRMFISHBT20,BUFFRMFISH2017May30,9,R,Main,1,0,1,0,1,0,1,1,0,0,,12/3/2018
2017,BUFFRMFISHBT20,BUFFRMFISH2017May30,10,L,Main,0,0,0,0,1,0,0,0,0,0,,12/3/2018
2017,BUFFRMFISHBT20,BUFFRMFISH2017May30,10,M,Main,0,0,0,0,0,0,0,0,0,0,,12/3/2018
2017,BUFFRMFISHBT20,BUFFRMFISH2017May30,10,R,Main,0,0,0,0,1,0,0,1,0,1,,12/3/2018
2017,BUFFRMFISHBT20,BUFFRMFISH2017May30,11,L,Main,0,0,0,0,1,0,0,0,0,0,,12/3/2018
2017,BUFFRMFISHBT20,BUFFRMFISH2017May30,11,M,Main,0,0,0,0,0,0,0,0,0,0,,12/3/2018
2017,BUFFRMFISHBT20,BUFFRMFISH2017May30,11,R,Main,0,0,0,0,1,0,0,1,0,0,,12/3/2018
2017,BUFFRMFISHBT27,BUFFRMFISH2017Jun13,1,L,Main,0,0,0,0,1,0,0,1,0,1,,12/3/2018
2017,BUFFRMFISHBT27,BUFFRMFISH2017Jun13,1,M,Main,0,0,0,0,0,0,0,0,0,0,,12/3/2018
2017,BUFFRMFISHBT27,BUFFRMFISH2017Jun13,1,R,Main,0,0,0,0,1,0,0,1,0,0,,12/3/2018
2017,BUFFRMFISHBT27,BUFFRMFISH2017Jun13,2,L,Main,0,0,0,0,1,0,0,0,1,1,,12/3/2018
2017,BUFFRMFISHBT27,BUFFRMFISH2017Jun13,2,M,Main,0,0,0,0,0,0,0,0,0,0,,12/3/2018
2017,BUFFRMFISHBT27,BUFFRMFISH2017Jun13,2,R,Main,0,0,0,0,1,0,0,1,0,0,,12/3/2018
2017,BUFFRMFISHBT27,BUFFRMFISH2017Jun13,3,L,Main,0,0,0,0,1,0,0,0,0,1,,12/3/2018
2017,BUFFRMFISHBT27,BUFFRMFISH2017Jun13,3,M,Main,0,0,0,0,0,0,0,0,0,0,,12/3/2018
2017,BUFFRMFISHBT27,BUFFRMFISH2017Jun13,3,R,Main,0,0,0,0,1,0,0,1,1,0,,12/3/2018
2017,BUFFRMFISHBT27,BUFFRMFISH2017Jun13,4,L,Main,0,0,0,0,1,0,0,1,0,1,,12/3/2018
2017,BUFFRMFISHBT27,BUFFRMFISH2017Jun13,4,M,Main,0,0,0,0,0,0,0,0,0,0,,12/3/2018
2017,BUFFRMFISHBT27,BUFFRMFISH2017Jun13,4,R,Main,0,0,0,0,1,0,0,1,0,0,,12/3/2018
2017,BUFFRMFISHBT27,BUFFRMFISH2017Jun13,5,L,Main,0,0,0,0,1,0,0,1,0,1,,12/3/2018
2017,BUFFRMFISHBT27,BUFFRMFISH2017Jun13,5,M,Main,0,0,1,0,0,0,0,0,0,0,,12/3/2018
2017,BUFFRMFISHBT27,BUFFRMFISH2017Jun13,5,R,Main,0,0,0,0,1,0,0,1,0,0,,12/3/2018
2017,BUFFRMFISHBT27,BUFFRMFISH2017Jun13,6,L,Main,0,0,0,0,1,0,1,1,0,1,,12/3/2018
2017,BUFFRMFISHBT27,BUFFRMFISH2017Jun13,6,M,Main,0,0,0,0,0,0,0,0,0,0,,12/3/2018
2017,BUFFRMFISHBT27,BUFFRMFISH2017Jun13,6,R,Main,0,0,1,0,1,0,1,1,0,0,,12/3/2018
2017,BUFFRMFISHBT27,BUFFRMFISH2017Jun13,7,L,Main,0,0,0,0,1,0,1,1,0,1,,12/3/2018
2017,BUFFRMFISHBT27,BUFFRMFISH2017Jun13,7,M,Main,0,0,0,0,0,0,0,0,0,0,,12/3/2018
2017,BUFFRMFISHBT27,BUFFRMFISH2017Jun13,7,R,Main,0,0,0,0,1,0,1,1,0,0,,12/3/2018
2017,BUFFRMFISHBT27,BUFFRMFISH2017Jun13,8,L,Main,0,0,0,0,1,0,1,1,0,0,small spring coming in,12/3/2018
2017,BUFFRMFISHBT27,BUFFRMFISH2017Jun13,8,M,Main,0,0,0,0,0,0,0,0,0,0,,12/3/2018
2017,BUFFRMFISHBT27,BUFFRMFISH2017Jun13,8,R,Main,0,0,0,0,1,0,1,1,0,0,,12/3/2018
2017,BUFFRMFISHBT27,BUFFRMFISH2017Jun13,9,L,Main,0,0,0,0,1,0,1,1,0,1,,12/3/2018
2017,BUFFRMFISHBT27,BUFFRMFISH2017Jun13,9,M,Main,0,0,0,0,0,0,0,0,0,0,,12/3/2018
2017,BUFFRMFISHBT27,BUFFRMFISH2017Jun13,9,R,Main,0,0,0,0,1,0,0,1,0,0,,12/3/2018
2017,BUFFRMFISHBT27,BUFFRMFISH2017Jun13,10,L,Main,0,0,0,0,1,0,1,1,0,1,,12/3/2018
2017,BUFFRMFISHBT27,BUFFRMFISH2017Jun13,10,M,Main,0,0,0,0,0,0,0,0,0,0,,12/3/2018
2017,BUFFRMFISHBT27,BUFFRMFISH2017Jun13,10,R,Main,0,0,0,0,1,0,0,1,1,0,,12/3/2018
2017,BUFFRMFISHBT27,BUFFRMFISH2017Jun13,11,L,Main,0,0,0,0,1,0,0,0,0,1,,12/3/2018
2017,BUFFRMFISHBT27,BUFFRMFISH2017Jun13,11,M,Main,0,0,0,0,0,0,0,0,0,0,,12/3/2018
2017,BUFFRMFISHBT27,BUFFRMFISH2017Jun13,11,R,Main,0,0,0,0,1,0,0,1,0,0,,12/3/2018
2017,BUFFRMFISHBT30,BUFFRMFISH2017Jun22,1,L,Main,0,0,0,0,1,0,0,0,0,0,,12/3/2018
2017,BUFFRMFISHBT30,BUFFRMFISH2017Jun22,1,M,Main,0,0,0,0,0,0,0,0,0,0,,12/3/2018
2017,BUFFRMFISHBT30,BUFFRMFISH2017Jun22,1,R,Main,0,0,0,0,1,0,1,1,0,0,,12/3/2018
2017,BUFFRMFISHBT30,BUFFRMFISH2017Jun22,2,L,Main,0,0,0,0,1,0,0,0,0,0,,12/3/2018
2017,BUFFRMFISHBT30,BUFFRMFISH2017Jun22,2,M,Main,0,0,0,0,0,0,0,0,0,0,,12/3/2018
2017,BUFFRMFISHBT30,BUFFRMFISH2017Jun22,2,R,Main,0,0,0,0,1,0,1,1,0,0,,12/3/2018
2017,BUFFRMFISHBT30,BUFFRMFISH2017Jun22,3,L,Main,0,0,0,0,1,0,0,0,0,0,,12/3/2018
2017,BUFFRMFISHBT30,BUFFRMFISH2017Jun22,3,M,Main,0,0,0,0,0,0,0,0,0,0,,12/3/2018
2017,BUFFRMFISHBT30,BUFFRMFISH2017Jun22,3,R,Main,0,0,0,0,1,0,0,1,0,0,,12/3/2018
2017,BUFFRMFISHBT30,BUFFRMFISH2017Jun22,4,L,Main,0,0,0,0,1,0,0,0,0,0,,12/3/2018
2017,BUFFRMFISHBT30,BUFFRMFISH2017Jun22,4,M,Main,0,0,0,0,0,0,0,0,0,0,,12/3/2018
2017,BUFFRMFISHBT30,BUFFRMFISH2017Jun22,4,R,Main,0,0,0,0,1,0,0,0,0,1,,12/3/2018
2017,BUFFRMFISHBT30,BUFFRMFISH2017Jun22,5,L,Main,0,0,0,0,1,0,0,1,0,0,,12/3/2018
2017,BUFFRMFISHBT30,BUFFRMFISH2017Jun22,5,M,Main,0,0,0,0,0,0,0,0,0,0,,12/3/2018
2017,BUFFRMFISHBT30,BUFFRMFISH2017Jun22,5,R,Main,0,0,0,0,1,0,0,0,0,1,,12/3/2018
2017,BUFFRMFISHBT30,BUFFRMFISH2017Jun22,6,L,Main,0,0,0,0,1,0,0,1,0,0,,12/3/2018
2017,BUFFRMFISHBT30,BUFFRMFISH2017Jun22,6,M,Main,0,0,0,0,0,0,0,0,0,0,,12/3/2018
2017,BUFFRMFISHBT30,BUFFRMFISH2017Jun22,6,R,Main,0,0,0,0,1,0,0,0,0,1,,12/3/2018
2017,BUFFRMFISHBT30,BUFFRMFISH2017Jun22,7,L,Main,0,0,0,0,1,0,1,1,0,0,,12/3/2018
2017,BUFFRMFISHBT30,BUFFRMFISH2017Jun22,7,M,Main,0,0,0,0,0,0,0,0,0,0,,12/3/2018
2017,BUFFRMFISHBT30,BUFFRMFISH2017Jun22,7,R,Main,0,0,0,0,1,0,0,0,0,1,,12/3/2018
2017,BUFFRMFISHBT30,BUFFRMFISH2017Jun22,8,L,Main,0,0,0,0,1,0,0,0,0,0,,12/3/2018
2017,BUFFRMFISHBT30,BUFFRMFISH2017Jun22,8,M,Main,0,0,0,0,0,0,0,0,0,0,,12/3/2018
2017,BUFFRMFISHBT30,BUFFRMFISH2017Jun22,8,R,Main,0,0,0,0,1,0,0,0,0,1,,12/3/2018
2017,BUFFRMFISHBT30,BUFFRMFISH2017Jun22,9,L,Main,0,0,0,0,1,0,1,1,0,0,,12/3/2018
2017,BUFFRMFISHBT30,BUFFRMFISH2017Jun22,9,M,Main,0,0,0,0,0,0,0,0,0,0,,12/3/2018
2017,BUFFRMFISHBT30,BUFFRMFISH2017Jun22,9,R,Main,0,0,0,0,1,0,0,0,0,1,,12/3/2018
2017,BUFFRMFISHBT30,BUFFRMFISH2017Jun22,10,L,Main,0,0,0,0,1,1,0,1,0,0,,12/3/2018
2017,BUFFRMFISHBT30,BUFFRMFISH2017Jun22,10,M,Main,0,0,0,0,0,0,0,0,0,0,,12/3/2018
2017,BUFFRMFISHBT30,BUFFRMFISH2017Jun22,10,R,Main,0,0,0,0,1,0,0,1,0,0,,12/3/2018
2017,BUFFRMFISHBT30,BUFFRMFISH2017Jun22,11,L,Main,0,0,0,0,1,0,0,0,0,0,,12/3/2018
2017,BUFFRMFISHBT30,BUFFRMFISH2017Jun22,11,M,Main,0,0,0,0,0,0,0,0,0,0,,12/3/2018
2017,BUFFRMFISHBT30,BUFFRMFISH2017Jun22,11,R,Main,0,0,0,0,1,0,0,0,0,0,,12/3/2018
2017,BUFFRMFISHBT31,BUFFRMFISH2017Jun22,1,L,Main,0,0,0,0,1,0,0,1,0,0,,12/3/2018
2017,BUFFRMFISHBT31,BUFFRMFISH2017Jun22,1,M,Main,0,0,0,0,0,0,0,0,0,0,,12/3/2018
2017,BUFFRMFISHBT31,BUFFRMFISH2017Jun22,1,R,Main,0,0,0,0,1,0,0,0,0,0,,12/3/2018
2017,BUFFRMFISHBT31,BUFFRMFISH2017Jun22,2,L,Main,0,0,0,0,1,0,0,0,0,0,,12/3/2018
2017,BUFFRMFISHBT31,BUFFRMFISH2017Jun22,2,M,Main,0,0,0,0,0,0,0,0,0,0,,12/3/2018
2017,BUFFRMFISHBT31,BUFFRMFISH2017Jun22,2,R,Main,0,0,0,0,1,0,0,0,0,0,,12/3/2018
2017,BUFFRMFISHBT31,BUFFRMFISH2017Jun22,3,L,Main,0,0,0,0,1,0,0,0,0,0,,12/3/2018
2017,BUFFRMFISHBT31,BUFFRMFISH2017Jun22,3,M,Main,0,0,0,0,0,0,0,0,0,0,,12/3/2018
2017,BUFFRMFISHBT31,BUFFRMFISH2017Jun22,3,R,Main,0,0,0,0,1,1,1,1,1,0,,12/3/2018
2017,BUFFRMFISHBT31,BUFFRMFISH2017Jun22,4,L,Main,0,0,0,0,1,1,1,0,0,0,,12/3/2018
2017,BUFFRMFISHBT31,BUFFRMFISH2017Jun22,4,M,Main,0,0,0,0,0,0,0,0,0,0,,12/3/2018
2017,BUFFRMFISHBT31,BUFFRMFISH2017Jun22,4,R,Main,0,0,0,0,1,0,1,1,1,0,,12/3/2018
2017,BUFFRMFISHBT31,BUFFRMFISH2017Jun22,5,L,Main,0,0,0,0,1,0,0,0,0,0,,12/3/2018
2017,BUFFRMFISHBT31,BUFFRMFISH2017Jun22,5,M,Main,0,0,0,0,0,0,0,0,0,0,,12/3/2018
2017,BUFFRMFISHBT31,BUFFRMFISH2017Jun22,5,R,Main,0,0,0,0,1,0,1,0,0,0,,12/3/2018
2017,BUFFRMFISHBT31,BUFFRMFISH2017Jun22,6,L,Main,0,0,0,0,1,0,0,0,0,0,,12/3/2018
2017,BUFFRMFISHBT31,BUFFRMFISH2017Jun22,6,M,Main,0,0,0,0,0,0,0,0,0,0,,12/3/2018
2017,BUFFRMFISHBT31,BUFFRMFISH2017Jun22,6,R,Main,0,0,0,0,1,0,0,0,0,0,,12/3/2018
2017,BUFFRMFISHBT31,BUFFRMFISH2017Jun22,7,L,Main,0,0,0,0,1,0,0,0,0,0,,12/3/2018
2017,BUFFRMFISHBT31,BUFFRMFISH2017Jun22,7,M,Main,0,0,0,0,0,0,0,0,0,0,,12/3/2018
2017,BUFFRMFISHBT31,BUFFRMFISH2017Jun22,7,R,Main,0,0,0,0,1,0,0,0,0,0,,12/3/2018
2017,BUFFRMFISHBT31,BUFFRMFISH2017Jun22,8,L,Main,0,0,0,0,1,0,1,1,0,0,,12/3/2018
2017,BUFFRMFISHBT31,BUFFRMFISH2017Jun22,8,M,Main,0,0,0,0,0,0,0,0,0,0,,12/3/2018
2017,BUFFRMFISHBT31,BUFFRMFISH2017Jun22,8,R,Main,0,0,0,0,1,0,0,0,0,0,,12/3/2018
2017,BUFFRMFISHBT31,BUFFRMFISH2017Jun22,9,L,Main,0,0,0,0,1,0,0,1,0,0,,12/3/2018
2017,BUFFRMFISHBT31,BUFFRMFISH2017Jun22,9,M,Main,0,0,0,0,0,0,0,0,0,0,,12/3/2018
2017,BUFFRMFISHBT31,BUFFRMFISH2017Jun22,9,R,Main,0,0,0,0,1,1,0,0,0,0,,12/3/2018
2017,BUFFRMFISHBT31,BUFFRMFISH2017Jun22,10,L,Main,0,0,0,0,1,0,0,1,0,0,,12/3/2018
2017,BUFFRMFISHBT31,BUFFRMFISH2017Jun22,10,M,Main,0,0,0,0,0,0,0,0,0,0,,12/3/2018
2017,BUFFRMFISHBT31,BUFFRMFISH2017Jun22,10,R,Main,0,0,0,0,1,0,0,0,0,0,,12/3/2018
2017,BUFFRMFISHBT31,BUFFRMFISH2017Jun22,11,L,Main,0,0,0,0,1,0,0,0,0,0,,12/3/2018
2017,BUFFRMFISHBT31,BUFFRMFISH2017Jun22,11,M,Main,0,0,0,0,0,0,0,0,0,0,,12/3/2018
2017,BUFFRMFISHBT31,BUFFRMFISH2017Jun22,11,R,Main,0,0,0,0,1,0,1,1,0,0,,12/3/2018
2019,BUFFRMFISHBM01,BUFFRMFISH2019May23,1,L,main,0,0,1,0,1,0,0,1,0,0,,3/27/2020
2019,BUFFRMFISHBM01,BUFFRMFISH2019May23,1,L,side channel,0,0,0,0,1,0,0,0,0,0,,3/27/2020
2019,BUFFRMFISHBM01,BUFFRMFISH2019May23,1,M,main,0,0,1,0,0,0,0,0,0,0,,3/27/2020
2019,BUFFRMFISHBM01,BUFFRMFISH2019May23,1,M,side channel,0,0,0,0,0,0,0,0,0,0,,3/27/2020
2019,BUFFRMFISHBM01,BUFFRMFISH2019May23,1,R,main,0,0,0,0,1,0,0,1,0,0,,3/27/2020
2019,BUFFRMFISHBM01,BUFFRMFISH2019May23,1,R,side channel,0,0,0,0,1,0,0,1,0,0,,3/27/2020
2019,BUFFRMFISHBM01,BUFFRMFISH2019May23,2,L,main,0,0,0,0,1,0,1,1,0,0,,3/27/2020
2019,BUFFRMFISHBM01,BUFFRMFISH2019May23,2,L,side channel,0,0,0,0,1,0,0,1,0,0,,3/27/2020
2019,BUFFRMFISHBM01,BUFFRMFISH2019May23,2,M,main,0,0,1,0,0,0,0,0,0,0,,3/27/2020
2019,BUFFRMFISHBM01,BUFFRMFISH2019May23,2,M,side channel,0,0,0,0,0,0,0,0,0,0,,3/27/2020
2019,BUFFRMFISHBM01,BUFFRMFISH2019May23,2,R,main,0,0,0,0,1,0,0,1,0,0,,3/27/2020
2019,BUFFRMFISHBM01,BUFFRMFISH2019May23,2,R,side channel,0,0,0,0,1,0,0,0,0,0,,3/27/2020
2019,BUFFRMFISHBM01,BUFFRMFISH2019May23,3,L,main,0,1,0,0,1,0,0,1,0,0,,3/27/2020
2019,BUFFRMFISHBM01,BUFFRMFISH2019May23,3,L,side channel,0,0,0,0,1,0,0,1,0,0,,3/27/2020
2019,BUFFRMFISHBM01,BUFFRMFISH2019May23,3,M,main,0,1,0,0,0,0,0,0,0,0,,3/27/2020
2019,BUFFRMFISHBM01,BUFFRMFISH2019May23,3,M,side channel,0,0,0,0,0,0,0,0,0,0,,3/27/2020
2019,BUFFRMFISHBM01,BUFFRMFISH2019May23,3,R,main,0,1,1,0,1,0,0,1,0,0,,3/27/2020
2019,BUFFRMFISHBM01,BUFFRMFISH2019May23,3,R,side channel,0,0,0,0,1,0,0,0,0,0,,3/27/2020
2019,BUFFRMFISHBM01,BUFFRMFISH2019May23,4,L,main,0,1,0,0,1,0,0,0,0,0,,3/27/2020
2019,BUFFRMFISHBM01,BUFFRMFISH2019May23,4,L,side channel,0,0,0,0,1,0,1,0,0,0,,3/27/2020
2019,BUFFRMFISHBM01,BUFFRMFISH2019May23,4,M,main,0,0,0,0,0,0,0,0,0,0,,3/27/2020
2019,BUFFRMFISHBM01,BUFFRMFISH2019May23,4,M,side channel,0,0,0,0,0,0,0,0,0,0,,3/27/2020
2019,BUFFRMFISHBM01,BUFFRMFISH2019May23,4,R,main,0,1,0,0,1,0,0,1,0,0,,3/27/2020
2019,BUFFRMFISHBM01,BUFFRMFISH2019May23,4,R,side channel,0,0,0,0,1,0,1,0,0,0,,3/27/2020
2019,BUFFRMFISHBM01,BUFFRMFISH2019May23,5,L,main,0,0,0,0,1,0,0,0,0,0,,3/27/2020
2019,BUFFRMFISHBM01,BUFFRMFISH2019May23,5,L,side channel,0,0,0,0,1,0,1,1,0,0,,3/27/2020
2019,BUFFRMFISHBM01,BUFFRMFISH2019May23,5,M,main,0,0,1,0,0,0,0,0,0,0,,3/27/2020
2019,BUFFRMFISHBM01,BUFFRMFISH2019May23,5,M,side channel,0,0,1,0,0,0,0,0,0,0,,3/27/2020
2019,BUFFRMFISHBM01,BUFFRMFISH2019May23,5,R,main,0,0,0,0,1,1,1,1,1,0,,3/27/2020
2019,BUFFRMFISHBM01,BUFFRMFISH2019May23,5,R,side channel,0,0,0,0,1,1,1,0,0,0,,3/27/2020
2019,BUFFRMFISHBM01,BUFFRMFISH2019May23,6,L,main,0,1,0,0,1,1,1,0,0,0,,3/27/2020
2019,BUFFRMFISHBM01,BUFFRMFISH2019May23,6,M,main,0,0,0,0,0,0,0,0,0,0,,3/27/2020
2019,BUFFRMFISHBM01,BUFFRMFISH2019May23,6,R,main,0,0,0,0,1,0,0,1,1,0,,3/27/2020
2019,BUFFRMFISHBM01,BUFFRMFISH2019May23,7,L,main,0,0,1,0,1,0,0,1,0,0,,3/27/2020
2019,BUFFRMFISHBM01,BUFFRMFISH2019May23,7,M,main,0,0,0,0,0,0,0,0,0,0,,3/27/2020
2019,BUFFRMFISHBM01,BUFFRMFISH2019May23,7,R,main,0,0,1,0,1,1,1,0,0,0,,3/27/2020
2019,BUFFRMFISHBM01,BUFFRMFISH2019May23,8,L,main,0,0,0,0,1,1,0,1,0,0,,3/27/2020
2019,BUFFRMFISHBM01,BUFFRMFISH2019May23,8,M,main,0,0,0,0,0,0,0,0,0,0,,3/27/2020
2019,BUFFRMFISHBM01,BUFFRMFISH2019May23,8,R,main,0,0,0,0,1,1,0,1,0,0,,3/27/2020
2019,BUFFRMFISHBM01,BUFFRMFISH2019May23,9,L,main,0,0,0,0,1,0,0,1,0,0,,3/27/2020
2019,BUFFRMFISHBM01,BUFFRMFISH2019May23,9,M,main,0,0,0,0,0,0,0,0,0,0,,3/27/2020
2019,BUFFRMFISHBM01,BUFFRMFISH2019May23,9,R,main,0,0,0,0,1,0,1,1,0,0,,3/27/2020
2019,BUFFRMFISHBM01,BUFFRMFISH2019May23,10,L,main,0,0,0,0,1,0,0,1,0,0,,3/27/2020
2019,BUFFRMFISHBM01,BUFFRMFISH2019May23,10,M,main,0,0,0,0,0,0,0,0,0,0,,3/27/2020
2019,BUFFRMFISHBM01,BUFFRMFISH2019May23,10,R,main,0,0,0,0,1,0,1,1,0,0,,3/27/2020
2019,BUFFRMFISHBM01,BUFFRMFISH2019May23,11,L,main,0,0,0,0,1,0,1,1,0,0,,3/27/2020
2019,BUFFRMFISHBM01,BUFFRMFISH2019May23,11,M,main,0,0,0,0,0,0,0,0,0,0,,3/27/2020
2019,BUFFRMFISHBM01,BUFFRMFISH2019May23,11,R,main,0,0,1,0,1,0,1,1,0,0,,3/27/2020
2019,BUFFRMFISHBM02,BUFFRMFISH2019Jun12,1,L,main,0,0,0,0,1,0,0,0,0,0,,3/27/2020
2019,BUFFRMFISHBM02,BUFFRMFISH2019Jun12,1,M,main,0,0,0,0,0,0,0,0,0,0,,3/27/2020
2019,BUFFRMFISHBM02,BUFFRMFISH2019Jun12,1,R,main,0,0,0,0,0,0,1,1,0,0,,3/27/2020
2019,BUFFRMFISHBM02,BUFFRMFISH2019Jun12,2,L,main,0,0,0,0,1,0,0,1,0,0,,3/27/2020
2019,BUFFRMFISHBM02,BUFFRMFISH2019Jun12,2,M,main,0,0,0,0,0,0,0,0,0,0,,3/27/2020
2019,BUFFRMFISHBM02,BUFFRMFISH2019Jun12,2,R,main,0,0,0,0,0,0,1,1,0,0,,3/27/2020
2019,BUFFRMFISHBM02,BUFFRMFISH2019Jun12,3,L,main,0,0,0,0,0,0,0,0,0,0,,3/27/2020
2019,BUFFRMFISHBM02,BUFFRMFISH2019Jun12,3,M,main,0,0,0,0,0,0,0,0,0,0,,3/27/2020
2019,BUFFRMFISHBM02,BUFFRMFISH2019Jun12,3,R,main,0,0,0,0,0,0,1,1,0,0,,3/27/2020
2019,BUFFRMFISHBM02,BUFFRMFISH2019Jun12,4,L,main,0,0,0,0,0,0,0,0,0,0,,3/27/2020
2019,BUFFRMFISHBM02,BUFFRMFISH2019Jun12,4,M,main,0,0,0,0,0,0,0,0,0,0,,3/27/2020
2019,BUFFRMFISHBM02,BUFFRMFISH2019Jun12,4,R,main,0,0,0,0,1,0,1,0,0,0,,3/27/2020
2019,BUFFRMFISHBM02,BUFFRMFISH2019Jun12,5,L,main,0,0,0,0,0,0,0,0,0,0,,3/27/2020
2019,BUFFRMFISHBM02,BUFFRMFISH2019Jun12,5,M,main,0,0,0,0,0,0,0,0,0,0,,3/27/2020
2019,BUFFRMFISHBM02,BUFFRMFISH2019Jun12,5,R,main,0,0,0,0,1,0,1,1,0,0,,3/27/2020
2019,BUFFRMFISHBM02,BUFFRMFISH2019Jun12,6,L,main,0,0,0,0,0,0,0,0,0,0,,3/27/2020
2019,BUFFRMFISHBM02,BUFFRMFISH2019Jun12,6,M,main,0,0,0,0,0,0,0,0,0,0,,3/27/2020
2019,BUFFRMFISHBM02,BUFFRMFISH2019Jun12,6,R,main,0,0,0,0,1,0,0,0,1,0,,3/27/2020
2019,BUFFRMFISHBM02,BUFFRMFISH2019Jun12,7,L,main,0,0,0,0,1,0,0,1,0,0,,3/27/2020
2019,BUFFRMFISHBM02,BUFFRMFISH2019Jun12,7,M,main,0,0,0,0,0,0,0,0,0,0,,3/27/2020
2019,BUFFRMFISHBM02,BUFFRMFISH2019Jun12,7,R,main,0,0,0,0,1,1,0,1,0,0,,3/27/2020
2019,BUFFRMFISHBM02,BUFFRMFISH2019Jun12,8,L,main,0,0,0,0,0,0,0,1,1,1,,3/27/2020
2019,BUFFRMFISHBM02,BUFFRMFISH2019Jun12,8,M,main,0,0,0,0,0,0,0,0,0,0,,3/27/2020
2019,BUFFRMFISHBM02,BUFFRMFISH2019Jun12,8,R,main,0,0,0,0,1,0,1,0,0,0,,3/27/2020
2019,BUFFRMFISHBM02,BUFFRMFISH2019Jun12,9,L,main,0,0,0,0,1,0,1,1,1,1,,3/27/2020
2019,BUFFRMFISHBM02,BUFFRMFISH2019Jun12,9,M,main,0,0,0,0,0,0,0,0,0,0,,3/27/2020
2019,BUFFRMFISHBM02,BUFFRMFISH2019Jun12,9,R,main,0,0,0,0,1,0,0,0,0,0,,3/27/2020
2019,BUFFRMFISHBM02,BUFFRMFISH2019Jun12,10,L,main,0,0,0,0,0,0,0,1,1,1,,3/27/2020
2019,BUFFRMFISHBM02,BUFFRMFISH2019Jun12,10,M,main,0,0,0,0,0,0,0,0,0,0,,3/27/2020
2019,BUFFRMFISHBM02,BUFFRMFISH2019Jun12,10,R,main,0,0,0,0,0,0,0,0,0,0,,3/27/2020
2019,BUFFRMFISHBM02,BUFFRMFISH2019Jun12,11,L,main,0,0,0,0,1,1,1,1,0,1,,3/27/2020
2019,BUFFRMFISHBM02,BUFFRMFISH2019Jun12,11,M,main,0,0,0,0,0,0,0,0,0,0,,3/27/2020
2019,BUFFRMFISHBM02,BUFFRMFISH2019Jun12,11,R,main,0,0,0,0,1,0,0,0,0,0,,3/27/2020
2019,BUFFRMFISHBM03,BUFFRMFISH2019Jun14,1,L,main,0,0,0,0,1,0,0,0,0,0,,3/31/2020
2019,BUFFRMFISHBM03,BUFFRMFISH2019Jun14,1,M,main,0,0,0,0,0,0,0,0,0,0,,3/31/2020
2019,BUFFRMFISHBM03,BUFFRMFISH2019Jun14,1,R,main,0,0,0,0,1,0,0,0,0,0,,3/31/2020
2019,BUFFRMFISHBM03,BUFFRMFISH2019Jun14,2,L,main,0,0,0,0,1,0,1,0,0,0,,3/31/2020
2019,BUFFRMFISHBM03,BUFFRMFISH2019Jun14,2,M,main,0,0,0,0,0,0,0,0,0,0,,3/31/2020
2019,BUFFRMFISHBM03,BUFFRMFISH2019Jun14,2,R,main,0,0,0,0,1,0,1,0,0,0,,3/31/2020
2019,BUFFRMFISHBM03,BUFFRMFISH2019Jun14,3,L,main,0,0,0,0,1,0,0,1,0,0,,3/31/2020
2019,BUFFRMFISHBM03,BUFFRMFISH2019Jun14,3,M,main,0,0,0,0,0,0,0,0,0,0,,3/31/2020
2019,BUFFRMFISHBM03,BUFFRMFISH2019Jun14,3,R,main,0,0,0,0,1,0,1,1,0,0,,3/31/2020
2019,BUFFRMFISHBM03,BUFFRMFISH2019Jun14,4,L,main,0,0,1,0,1,0,1,1,0,0,,3/31/2020
2019,BUFFRMFISHBM03,BUFFRMFISH2019Jun14,4,M,main,0,0,0,0,0,0,0,0,0,0,,3/31/2020
2019,BUFFRMFISHBM03,BUFFRMFISH2019Jun14,4,R,main,0,0,0,0,1,0,1,1,0,0,,3/31/2020
2019,BUFFRMFISHBM03,BUFFRMFISH2019Jun14,5,L,main,0,0,0,0,1,0,0,1,0,1,,3/31/2020
2019,BUFFRMFISHBM03,BUFFRMFISH2019Jun14,5,M,main,0,0,0,0,0,0,0,0,0,0,,3/31/2020
2019,BUFFRMFISHBM03,BUFFRMFISH2019Jun14,5,R,main,0,0,0,0,1,0,0,0,0,0,,3/31/2020
2019,BUFFRMFISHBM03,BUFFRMFISH2019Jun14,6,L,main,0,0,1,0,1,0,1,1,0,1,,3/31/2020
2019,BUFFRMFISHBM03,BUFFRMFISH2019Jun14,6,M,main,0,0,0,0,0,0,0,0,0,0,,3/31/2020
2019,BUFFRMFISHBM03,BUFFRMFISH2019Jun14,6,R,main,0,0,0,0,1,0,0,0,0,0,,3/31/2020
2019,BUFFRMFISHBM03,BUFFRMFISH2019Jun14,7,L,main,0,0,1,0,1,0,0,1,0,1,,3/31/2020
2019,BUFFRMFISHBM03,BUFFRMFISH2019Jun14,7,M,main,0,0,1,0,0,0,0,0,0,0,,3/31/2020
2019,BUFFRMFISHBM03,BUFFRMFISH2019Jun14,7,R,main,0,0,0,0,1,0,0,0,0,0,,3/31/2020
2019,BUFFRMFISHBM03,BUFFRMFISH2019Jun14,8,L,main,0,0,1,0,1,0,0,0,0,1,,3/31/2020
2019,BUFFRMFISHBM03,BUFFRMFISH2019Jun14,8,M,main,0,0,0,0,0,0,0,0,0,0,,3/31/2020
2019,BUFFRMFISHBM03,BUFFRMFISH2019Jun14,8,R,main,0,0,0,0,1,0,0,0,0,0,,3/31/2020
2019,BUFFRMFISHBM03,BUFFRMFISH2019Jun14,9,L,main,0,0,1,0,1,0,0,0,1,1,,3/31/2020
2019,BUFFRMFISHBM03,BUFFRMFISH2019Jun14,9,M,main,0,0,0,0,0,0,0,0,0,0,,3/31/2020
2019,BUFFRMFISHBM03,BUFFRMFISH2019Jun14,9,R,main,0,0,0,0,1,0,0,0,0,0,,3/31/2020
2019,BUFFRMFISHBM03,BUFFRMFISH2019Jun14,10,L,main,0,0,0,0,1,0,1,1,1,0,,3/31/2020
2019,BUFFRMFISHBM03,BUFFRMFISH2019Jun14,10,M,main,0,0,0,0,0,0,0,0,0,0,,3/31/2020
2019,BUFFRMFISHBM03,BUFFRMFISH2019Jun14,10,R,main,0,0,0,0,1,1,0,1,0,0,,3/31/2020
2019,BUFFRMFISHBM03,BUFFRMFISH2019Jun14,11,L,main,0,0,0,0,1,0,0,1,0,1,,3/31/2020
2019,BUFFRMFISHBM03,BUFFRMFISH2019Jun14,11,M,main,0,0,0,0,0,0,0,0,0,0,,3/31/2020
2019,BUFFRMFISHBM03,BUFFRMFISH2019Jun14,11,R,main,0,0,0,0,0,0,0,0,0,0,,3/31/2020
2019,BUFFRMFISHBM04,BUFFRMFISH2019Jun19,1,L,main,0,1,0,0,1,0,0,0,0,0,,4/6/2020
2019,BUFFRMFISHBM04,BUFFRMFISH2019Jun19,1,M,main,0,0,0,0,0,0,0,0,0,0,,4/6/2020
2019,BUFFRMFISHBM04,BUFFRMFISH2019Jun19,1,R,main,0,0,0,0,1,0,0,1,0,0,,4/6/2020
2019,BUFFRMFISHBM04,BUFFRMFISH2019Jun19,2,L,main,0,0,0,0,1,0,0,1,0,0,,4/6/2020
2019,BUFFRMFISHBM04,BUFFRMFISH2019Jun19,2,M,main,0,0,0,0,0,0,0,0,0,0,,4/6/2020
2019,BUFFRMFISHBM04,BUFFRMFISH2019Jun19,2,R,main,0,0,0,0,1,0,0,1,0,0,,4/6/2020
2019,BUFFRMFISHBM04,BUFFRMFISH2019Jun19,3,L,main,0,0,0,0,1,0,1,1,0,0,,4/6/2020
2019,BUFFRMFISHBM04,BUFFRMFISH2019Jun19,3,M,main,0,0,0,0,0,0,0,0,0,0,,4/6/2020
2019,BUFFRMFISHBM04,BUFFRMFISH2019Jun19,3,R,main,0,0,0,0,1,0,1,0,0,0,,4/6/2020
2019,BUFFRMFISHBM04,BUFFRMFISH2019Jun19,4,L,main,0,0,0,0,1,0,0,1,0,0,,4/6/2020
2019,BUFFRMFISHBM04,BUFFRMFISH2019Jun19,4,M,main,0,0,0,0,0,0,0,0,0,0,,4/6/2020
2019,BUFFRMFISHBM04,BUFFRMFISH2019Jun19,4,R,main,0,0,0,0,0,1,0,1,0,0,,4/6/2020
2019,BUFFRMFISHBM04,BUFFRMFISH2019Jun19,5,L,main,0,0,0,0,1,0,0,1,0,0,,4/6/2020
2019,BUFFRMFISHBM04,BUFFRMFISH2019Jun19,5,M,main,0,0,0,0,0,0,0,0,0,0,,4/6/2020
2019,BUFFRMFISHBM04,BUFFRMFISH2019Jun19,5,R,main,0,0,0,0,1,0,0,0,0,0,,4/6/2020
2019,BUFFRMFISHBM04,BUFFRMFISH2019Jun19,6,L,main,0,0,0,0,0,0,0,1,0,0,,4/6/2020
2019,BUFFRMFISHBM04,BUFFRMFISH2019Jun19,6,M,main,0,0,0,0,0,0,0,0,0,0,,4/6/2020
2019,BUFFRMFISHBM04,BUFFRMFISH2019Jun19,6,R,main,0,0,0,0,1,0,0,1,0,0,,4/6/2020
2019,BUFFRMFISHBM04,BUFFRMFISH2019Jun19,7,L,main,0,0,1,0,1,0,0,1,0,0,,4/6/2020
2019,BUFFRMFISHBM04,BUFFRMFISH2019Jun19,7,M,main,0,0,1,0,0,0,0,0,0,0,,4/6/2020
2019,BUFFRMFISHBM04,BUFFRMFISH2019Jun19,7,R,main,0,0,0,0,0,0,0,0,0,0,,4/6/2020
2019,BUFFRMFISHBM04,BUFFRMFISH2019Jun19,8,L,main,0,0,1,0,1,0,1,1,0,0,,4/6/2020
2019,BUFFRMFISHBM04,BUFFRMFISH2019Jun19,8,M,main,0,0,0,0,0,0,0,0,0,0,,4/6/2020
2019,BUFFRMFISHBM04,BUFFRMFISH2019Jun19,8,R,main,0,0,0,0,1,0,0,0,0,0,,4/6/2020
2019,BUFFRMFISHBM04,BUFFRMFISH2019Jun19,9,L,main,0,0,0,0,1,0,0,1,0,1,,4/6/2020
2019,BUFFRMFISHBM04,BUFFRMFISH2019Jun19,9,M,main,0,0,0,0,0,0,0,0,0,0,,4/6/2020
2019,BUFFRMFISHBM04,BUFFRMFISH2019Jun19,9,R,main,0,0,0,0,1,0,0,0,0,0,,4/6/2020
2019,BUFFRMFISHBM05,BUFFRMFISH2019Jun18,1,L,main,0,0,0,0,1,0,0,1,0,0,,4/6/2020
2019,BUFFRMFISHBM05,BUFFRMFISH2019Jun18,1,M,main,0,0,0,0,0,0,0,0,0,0,,4/6/2020
2019,BUFFRMFISHBM05,BUFFRMFISH2019Jun18,1,R,main,0,0,0,0,1,0,1,1,0,0,,4/6/2020
2019,BUFFRMFISHBM05,BUFFRMFISH2019Jun18,2,L,main,0,0,0,0,1,0,0,1,0,0,,4/6/2020
2019,BUFFRMFISHBM05,BUFFRMFISH2019Jun18,2,M,main,0,0,1,0,0,0,0,0,0,0,,4/6/2020
2019,BUFFRMFISHBM05,BUFFRMFISH2019Jun18,2,R,main,0,0,0,0,1,0,0,1,0,0,,4/6/2020
2019,BUFFRMFISHBM05,BUFFRMFISH2019Jun18,3,L,main,0,0,0,0,1,0,0,1,0,0,,4/6/2020
2019,BUFFRMFISHBM05,BUFFRMFISH2019Jun18,3,M,main,0,0,0,0,0,0,0,0,0,0,,4/6/2020
2019,BUFFRMFISHBM05,BUFFRMFISH2019Jun18,3,R,main,0,0,0,0,1,0,0,0,0,0,,4/6/2020
2019,BUFFRMFISHBM05,BUFFRMFISH2019Jun18,4,L,main,0,0,0,0,1,0,0,1,0,0,,4/6/2020
2019,BUFFRMFISHBM05,BUFFRMFISH2019Jun18,4,M,main,0,0,0,0,0,0,0,0,0,0,,4/6/2020
2019,BUFFRMFISHBM05,BUFFRMFISH2019Jun18,4,R,main,0,0,0,0,0,0,0,0,0,0,,4/6/2020
2019,BUFFRMFISHBM05,BUFFRMFISH2019Jun18,5,L,main,0,0,0,0,1,0,0,1,0,0,,4/6/2020
2019,BUFFRMFISHBM05,BUFFRMFISH2019Jun18,5,M,main,0,0,0,0,0,0,0,0,0,0,,4/6/2020
2019,BUFFRMFISHBM05,BUFFRMFISH2019Jun18,5,R,main,0,0,1,0,1,0,0,0,0,0,,4/6/2020
2019,BUFFRMFISHBM05,BUFFRMFISH2019Jun18,6,L,main,0,0,0,0,1,0,0,1,0,0,,4/6/2020
2019,BUFFRMFISHBM05,BUFFRMFISH2019Jun18,6,M,main,0,0,1,0,0,0,0,0,0,0,,4/6/2020
2019,BUFFRMFISHBM05,BUFFRMFISH2019Jun18,6,R,main,0,0,1,0,1,0,0,1,0,0,,4/6/2020
2019,BUFFRMFISHBM05,BUFFRMFISH2019Jun18,7,L,main,0,0,1,0,1,0,0,0,0,0,,4/6/2020
2019,BUFFRMFISHBM05,BUFFRMFISH2019Jun18,7,M,main,0,0,0,0,0,0,0,0,0,0,,4/6/2020
2019,BUFFRMFISHBM05,BUFFRMFISH2019Jun18,7,R,main,0,0,0,0,1,0,0,0,0,1,,4/6/2020
2019,BUFFRMFISHBM05,BUFFRMFISH2019Jun18,8,L,main,0,0,0,0,1,0,0,0,0,0,,4/6/2020
2019,BUFFRMFISHBM05,BUFFRMFISH2019Jun18,8,M,main,0,0,0,0,0,0,0,0,0,0,,4/6/2020
2019,BUFFRMFISHBM05,BUFFRMFISH2019Jun18,8,R,main,0,0,0,0,1,0,0,1,0,1,,4/6/2020
2019,BUFFRMFISHBM05,BUFFRMFISH2019Jun18,9,L,main,0,0,0,0,1,0,0,0,0,0,,4/6/2020
2019,BUFFRMFISHBM05,BUFFRMFISH2019Jun18,9,M,main,0,0,0,0,0,0,0,0,0,0,,4/6/2020
2019,BUFFRMFISHBM05,BUFFRMFISH2019Jun18,9,R,main,0,0,1,0,1,0,0,0,0,1,,4/6/2020
2019,BUFFRMFISHBM05,BUFFRMFISH2019Jun18,10,L,main,0,0,0,0,1,0,1,1,0,0,,4/6/2020
2019,BUFFRMFISHBM05,BUFFRMFISH2019Jun18,10,M,main,0,0,0,0,0,0,0,0,0,0,,4/6/2020
2019,BUFFRMFISHBM05,BUFFRMFISH2019Jun18,10,R,main,0,0,0,0,1,0,0,0,1,1,,4/6/2020
2019,BUFFRMFISHBM05,BUFFRMFISH2019Jun18,11,L,main,0,0,0,0,1,1,0,0,0,1,,4/6/2020
2019,BUFFRMFISHBM05,BUFFRMFISH2019Jun18,11,M,main,0,0,0,0,0,0,0,0,0,0,,4/6/2020
2019,BUFFRMFISHBM05,BUFFRMFISH2019Jun18,11,R,main,0,0,0,0,1,0,0,1,0,0,,4/6/2020
2019,BUFFRMFISHBM06,BUFFRMFISH2019Jun20,1,L,main,0,0,0,0,1,1,1,1,0,0,,4/6/2020
2019,BUFFRMFISHBM06,BUFFRMFISH2019Jun20,1,M,main,0,0,0,0,0,0,0,0,0,0,,4/6/2020
2019,BUFFRMFISHBM06,BUFFRMFISH2019Jun20,1,R,main,0,0,0,0,1,0,1,1,0,0,,4/6/2020
2019,BUFFRMFISHBM06,BUFFRMFISH2019Jun20,2,L,main,0,0,0,0,1,0,1,1,0,0,,4/6/2020
2019,BUFFRMFISHBM06,BUFFRMFISH2019Jun20,2,M,main,0,0,0,0,0,0,0,0,0,0,,4/6/2020
2019,BUFFRMFISHBM06,BUFFRMFISH2019Jun20,2,R,main,0,0,0,0,1,0,1,0,0,0,,4/6/2020
2019,BUFFRMFISHBM06,BUFFRMFISH2019Jun20,3,L,main,0,0,0,0,1,1,0,1,0,0,,4/6/2020
2019,BUFFRMFISHBM06,BUFFRMFISH2019Jun20,3,M,main,0,0,0,0,0,0,0,0,0,0,,4/6/2020
2019,BUFFRMFISHBM06,BUFFRMFISH2019Jun20,3,R,main,0,0,0,0,1,0,1,0,0,0,,4/6/2020
2019,BUFFRMFISHBM06,BUFFRMFISH2019Jun20,4,L,main,0,0,0,0,1,0,0,0,0,0,,4/6/2020
2019,BUFFRMFISHBM06,BUFFRMFISH2019Jun20,4,M,main,0,0,0,0,0,0,0,0,0,0,,4/6/2020
2019,BUFFRMFISHBM06,BUFFRMFISH2019Jun20,4,R,main,0,0,0,0,1,0,0,0,0,0,,4/6/2020
2019,BUFFRMFISHBM06,BUFFRMFISH2019Jun20,5,L,main,0,0,0,0,1,1,0,1,0,0,,4/6/2020
2019,BUFFRMFISHBM06,BUFFRMFISH2019Jun20,5,M,main,0,0,0,0,0,0,0,0,0,0,,4/6/2020
2019,BUFFRMFISHBM06,BUFFRMFISH2019Jun20,5,R,main,0,1,0,0,1,1,1,1,0,0,,4/6/2020
2019,BUFFRMFISHBM06,BUFFRMFISH2019Jun20,6,L,main,0,0,0,0,1,0,1,1,0,0,,4/6/2020
2019,BUFFRMFISHBM06,BUFFRMFISH2019Jun20,6,M,main,0,0,0,0,0,0,0,0,0,0,,4/6/2020
2019,BUFFRMFISHBM06,BUFFRMFISH2019Jun20,6,R,main,0,0,0,0,1,0,0,1,0,0,,4/6/2020
2019,BUFFRMFISHBM06,BUFFRMFISH2019Jun20,7,L,main,0,0,0,0,1,0,0,1,0,0,,4/6/2020
2019,BUFFRMFISHBM06,BUFFRMFISH2019Jun20,7,M,main,0,0,0,0,0,0,0,0,0,0,,4/6/2020
2019,BUFFRMFISHBM06,BUFFRMFISH2019Jun20,7,R,main,0,0,0,0,1,0,0,1,0,0,,4/6/2020
2019,BUFFRMFISHBM06,BUFFRMFISH2019Jun20,8,L,main,0,0,0,0,1,0,0,0,0,0,,4/6/2020
2019,BUFFRMFISHBM06,BUFFRMFISH2019Jun20,8,M,main,0,0,0,0,0,0,0,0,0,0,,4/6/2020
2019,BUFFRMFISHBM06,BUFFRMFISH2019Jun20,8,R,main,0,0,1,0,1,0,1,1,0,0,,4/6/2020
2019,BUFFRMFISHBM06,BUFFRMFISH2019Jun20,9,L,main,0,0,0,0,1,0,0,0,0,0,,4/6/2020
2019,BUFFRMFISHBM06,BUFFRMFISH2019Jun20,9,M,main,0,0,0,0,0,0,0,0,0,0,,4/6/2020
2019,BUFFRMFISHBM06,BUFFRMFISH2019Jun20,9,R,main,0,0,1,0,1,0,1,1,0,1,,4/6/2020
2019,BUFFRMFISHBM06,BUFFRMFISH2019Jun20,10,L,main,0,0,0,0,1,0,0,0,0,0,,4/6/2020
2019,BUFFRMFISHBM06,BUFFRMFISH2019Jun20,10,M,main,0,0,0,0,0,0,0,0,0,0,,4/6/2020
2019,BUFFRMFISHBM06,BUFFRMFISH2019Jun20,10,R,main,0,0,0,0,1,0,0,1,0,1,,4/6/2020
2019,BUFFRMFISHBM06,BUFFRMFISH2019Jun20,11,L,main,0,0,0,0,1,0,0,1,0,0,,4/6/2020
2019,BUFFRMFISHBM06,BUFFRMFISH2019Jun20,11,M,main,0,0,0,0,0,0,0,0,0,0,,4/6/2020
2019,BUFFRMFISHBM06,BUFFRMFISH2019Jun20,11,R,main,0,0,0,0,1,0,0,0,0,1,,4/6/2020
2019,BUFFRMFISHBT05,BUFFRMFISH2019Jun05,1,L,main,0,0,0,0,1,0,0,0,0,0,,4/9/2020
2019,BUFFRMFISHBT05,BUFFRMFISH2019Jun05,1,M,main,0,0,0,0,0,0,0,0,0,0,,4/9/2020
2019,BUFFRMFISHBT05,BUFFRMFISH2019Jun05,1,R,main,0,0,0,0,1,0,0,1,0,0,,4/9/2020
2019,BUFFRMFISHBT05,BUFFRMFISH2019Jun05,2,L,main,0,0,0,0,1,0,0,1,0,0,,4/9/2020
2019,BUFFRMFISHBT05,BUFFRMFISH2019Jun05,2,M,main,0,0,0,0,0,0,0,0,0,0,,4/9/2020
2019,BUFFRMFISHBT05,BUFFRMFISH2019Jun05,2,R,main,0,0,0,0,1,0,1,0,0,0,,4/9/2020
2019,BUFFRMFISHBT05,BUFFRMFISH2019Jun05,3,L,main,0,0,0,0,1,0,0,1,0,0,,4/9/2020
2019,BUFFRMFISHBT05,BUFFRMFISH2019Jun05,3,M,main,0,0,0,0,0,0,0,0,0,0,,4/9/2020
2019,BUFFRMFISHBT05,BUFFRMFISH2019Jun05,3,R,main,0,0,0,0,1,0,1,1,0,0,,4/9/2020
2019,BUFFRMFISHBT05,BUFFRMFISH2019Jun05,4,L,main,0,0,0,0,1,0,0,0,0,0,,4/9/2020
2019,BUFFRMFISHBT05,BUFFRMFISH2019Jun05,4,M,main,0,0,0,0,0,0,0,0,0,0,,4/9/2020
2019,BUFFRMFISHBT05,BUFFRMFISH2019Jun05,4,R,main,0,0,0,0,1,0,0,1,0,0,,4/9/2020
2019,BUFFRMFISHBT05,BUFFRMFISH2019Jun05,5,L,main,0,0,0,0,1,0,0,0,0,0,,4/9/2020
2019,BUFFRMFISHBT05,BUFFRMFISH2019Jun05,5,M,main,0,0,0,0,0,0,0,0,0,0,,4/9/2020
2019,BUFFRMFISHBT05,BUFFRMFISH2019Jun05,5,R,main,0,0,0,0,1,0,1,1,1,0,,4/9/2020
2019,BUFFRMFISHBT05,BUFFRMFISH2019Jun05,6,L,main,0,0,0,0,1,0,1,1,0,0,,4/9/2020
2019,BUFFRMFISHBT05,BUFFRMFISH2019Jun05,6,M,main,0,0,0,0,0,0,0,0,0,0,,4/9/2020
2019,BUFFRMFISHBT05,BUFFRMFISH2019Jun05,6,R,main,0,0,0,0,1,0,1,1,0,0,,4/9/2020
2019,BUFFRMFISHBT05,BUFFRMFISH2019Jun05,7,L,main,0,0,0,0,1,0,1,1,0,0,,4/9/2020
2019,BUFFRMFISHBT05,BUFFRMFISH2019Jun05,7,M,main,0,0,0,0,0,0,0,0,0,0,,4/9/2020
2019,BUFFRMFISHBT05,BUFFRMFISH2019Jun05,7,R,main,0,0,0,0,1,0,0,0,0,0,,4/9/2020
2019,BUFFRMFISHBT05,BUFFRMFISH2019Jun05,8,L,main,0,0,0,0,1,0,0,0,0,0,,4/9/2020
2019,BUFFRMFISHBT05,BUFFRMFISH2019Jun05,8,M,main,0,0,0,0,0,0,0,0,0,0,,4/9/2020
2019,BUFFRMFISHBT05,BUFFRMFISH2019Jun05,8,R,main,0,0,0,0,1,0,0,1,0,0,,4/9/2020
2019,BUFFRMFISHBT05,BUFFRMFISH2019Jun05,9,L,main,0,0,0,0,1,0,1,1,0,0,,4/9/2020
2019,BUFFRMFISHBT05,BUFFRMFISH2019Jun05,9,M,main,0,0,0,0,0,0,0,0,0,0,,4/9/2020
2019,BUFFRMFISHBT05,BUFFRMFISH2019Jun05,9,R,main,0,0,0,0,1,0,0,1,0,0,,4/9/2020
2019,BUFFRMFISHBT05,BUFFRMFISH2019Jun05,10,L,main,0,0,0,0,1,0,0,0,0,0,,4/9/2020
2019,BUFFRMFISHBT05,BUFFRMFISH2019Jun05,10,M,main,0,0,0,0,0,0,0,0,0,0,,4/9/2020
2019,BUFFRMFISHBT05,BUFFRMFISH2019Jun05,10,R,main,0,0,1,0,1,0,1,1,0,0,,4/9/2020
2019,BUFFRMFISHBT07,BUFFRMFISH2019May22,1,L,main,0,0,0,0,1,0,1,1,1,0,,4/6/2020
2019,BUFFRMFISHBT07,BUFFRMFISH2019May22,1,M,main,0,0,0,0,0,0,0,0,0,0,,4/6/2020
2019,BUFFRMFISHBT07,BUFFRMFISH2019May22,1,R,main,0,0,0,0,1,0,1,1,0,0,,4/6/2020
2019,BUFFRMFISHBT07,BUFFRMFISH2019May22,2,L,main,0,0,0,0,1,0,1,1,0,0,,4/6/2020
2019,BUFFRMFISHBT07,BUFFRMFISH2019May22,2,M,main,0,0,0,0,0,0,0,0,0,0,,4/6/2020
2019,BUFFRMFISHBT07,BUFFRMFISH2019May22,2,R,main,0,0,0,0,1,0,1,0,1,0,,4/6/2020
2019,BUFFRMFISHBT07,BUFFRMFISH2019May22,3,L,main,0,0,0,0,1,1,1,1,1,0,,4/6/2020
2019,BUFFRMFISHBT07,BUFFRMFISH2019May22,3,M,main,0,0,0,0,0,0,0,0,0,0,,4/6/2020
2019,BUFFRMFISHBT07,BUFFRMFISH2019May22,3,R,main,0,0,0,0,1,0,1,1,1,0,,4/6/2020
2019,BUFFRMFISHBT07,BUFFRMFISH2019May22,4,L,main,0,0,0,0,1,0,0,1,0,0,,4/6/2020
2019,BUFFRMFISHBT07,BUFFRMFISH2019May22,4,M,main,0,0,0,0,0,0,0,0,0,0,,4/6/2020
2019,BUFFRMFISHBT07,BUFFRMFISH2019May22,4,R,main,0,0,0,0,1,0,0,1,0,0,,4/6/2020
2019,BUFFRMFISHBT07,BUFFRMFISH2019May22,5,L,main,0,0,0,0,1,0,0,1,1,0,,4/6/2020
2019,BUFFRMFISHBT07,BUFFRMFISH2019May22,5,M,main,0,0,0,0,0,0,0,0,0,0,,4/6/2020
2019,BUFFRMFISHBT07,BUFFRMFISH2019May22,5,R,main,0,0,0,0,1,0,0,0,0,0,,4/6/2020
2019,BUFFRMFISHBT07,BUFFRMFISH2019May22,6,L,main,0,0,0,0,1,0,0,1,1,0,,4/6/2020
2019,BUFFRMFISHBT07,BUFFRMFISH2019May22,6,M,main,0,0,0,0,0,0,0,0,0,0,,4/6/2020
2019,BUFFRMFISHBT07,BUFFRMFISH2019May22,6,R,main,0,0,0,0,1,0,0,1,0,0,,4/6/2020
2019,BUFFRMFISHBT07,BUFFRMFISH2019May22,7,L,main,0,0,0,0,1,0,0,1,1,0,,4/6/2020
2019,BUFFRMFISHBT07,BUFFRMFISH2019May22,7,M,main,0,0,0,0,0,0,0,0,0,0,,4/6/2020
2019,BUFFRMFISHBT07,BUFFRMFISH2019May22,7,R,main,0,0,0,0,1,0,0,0,0,0,,4/6/2020
2019,BUFFRMFISHBT07,BUFFRMFISH2019May22,8,L,main,0,0,0,0,1,0,1,0,1,0,,4/6/2020
2019,BUFFRMFISHBT07,BUFFRMFISH2019May22,8,M,main,0,0,0,0,0,0,0,0,0,0,,4/6/2020
2019,BUFFRMFISHBT07,BUFFRMFISH2019May22,8,R,main,0,0,0,0,1,0,0,0,0,0,,4/6/2020
2019,BUFFRMFISHBT07,BUFFRMFISH2019May22,9,L,main,0,0,0,0,1,0,1,1,1,0,,4/6/2020
2019,BUFFRMFISHBT07,BUFFRMFISH2019May22,9,M,main,0,0,0,0,0,0,0,0,0,0,,4/6/2020
2019,BUFFRMFISHBT07,BUFFRMFISH2019May22,9,R,main,0,0,0,0,1,0,0,0,0,0,,4/6/2020
2019,BUFFRMFISHBT07,BUFFRMFISH2019May22,10,L,main,0,0,0,0,1,1,1,1,1,0,,4/6/2020
2019,BUFFRMFISHBT07,BUFFRMFISH2019May22,10,M,main,0,0,0,0,0,0,0,0,0,0,,4/6/2020
2019,BUFFRMFISHBT07,BUFFRMFISH2019May22,10,R,main,0,0,0,0,1,0,0,0,0,0,,4/6/2020
2019,BUFFRMFISHBT07,BUFFRMFISH2019May22,11,L,main,0,0,0,0,1,0,0,0,0,0,,4/6/2020
2019,BUFFRMFISHBT07,BUFFRMFISH2019May22,11,M,main,0,0,0,0,0,0,0,0,0,0,,4/6/2020
2019,BUFFRMFISHBT07,BUFFRMFISH2019May22,11,R,main,0,0,0,0,1,0,0,0,0,0,,4/6/2020
2019,BUFFRMFISHBT09,BUFFRMFISH2019Jun12,1,L,main,0,0,0,0,1,0,0,1,1,1,,4/7/2020
2019,BUFFRMFISHBT09,BUFFRMFISH2019Jun12,1,M,main,0,0,0,0,0,0,0,0,0,0,,4/7/2020
2019,BUFFRMFISHBT09,BUFFRMFISH2019Jun12,1,R,main,0,0,0,0,1,1,1,1,0,0,,4/7/2020
2019,BUFFRMFISHBT09,BUFFRMFISH2019Jun12,2,L,main,0,0,1,0,1,0,0,1,0,1,,4/7/2020
2019,BUFFRMFISHBT09,BUFFRMFISH2019Jun12,2,M,main,0,0,0,0,0,0,0,0,0,0,,4/7/2020
2019,BUFFRMFISHBT09,BUFFRMFISH2019Jun12,2,R,main,0,0,0,0,1,0,0,0,0,0,,4/7/2020
2019,BUFFRMFISHBT09,BUFFRMFISH2019Jun12,3,L,main,0,0,0,0,1,0,0,1,0,1,,4/7/2020
2019,BUFFRMFISHBT09,BUFFRMFISH2019Jun12,3,M,main,0,0,0,0,0,0,0,0,0,0,,4/7/2020
2019,BUFFRMFISHBT09,BUFFRMFISH2019Jun12,3,R,main,0,0,0,0,1,0,1,1,0,0,,4/7/2020
2019,BUFFRMFISHBT09,BUFFRMFISH2019Jun12,4,L,main,0,0,1,0,1,0,0,1,0,1,,4/7/2020
2019,BUFFRMFISHBT09,BUFFRMFISH2019Jun12,4,M,main,0,0,0,0,0,0,0,0,0,0,,4/7/2020
2019,BUFFRMFISHBT09,BUFFRMFISH2019Jun12,4,R,main,0,0,0,0,1,0,0,1,0,0,,4/7/2020
2019,BUFFRMFISHBT09,BUFFRMFISH2019Jun12,5,L,main,0,0,0,0,1,0,0,1,0,0,,4/7/2020
2019,BUFFRMFISHBT09,BUFFRMFISH2019Jun12,5,M,main,0,1,0,0,0,0,0,0,0,0,,4/7/2020
2019,BUFFRMFISHBT09,BUFFRMFISH2019Jun12,5,R,main,0,0,0,0,1,0,0,1,0,0,,4/7/2020
2019,BUFFRMFISHBT09,BUFFRMFISH2019Jun12,6,L,main,0,0,0,0,1,0,0,1,0,0,,4/7/2020
2019,BUFFRMFISHBT09,BUFFRMFISH2019Jun12,6,M,main,0,0,0,0,0,0,0,0,0,0,,4/7/2020
2019,BUFFRMFISHBT09,BUFFRMFISH2019Jun12,6,R,main,0,0,0,0,1,0,0,1,0,0,,4/7/2020
2019,BUFFRMFISHBT09,BUFFRMFISH2019Jun12,7,L,main,0,0,0,0,1,1,1,1,0,0,,4/7/2020
2019,BUFFRMFISHBT09,BUFFRMFISH2019Jun12,7,M,main,0,0,0,0,0,0,0,0,0,0,,4/7/2020
2019,BUFFRMFISHBT09,BUFFRMFISH2019Jun12,7,R,main,0,0,0,0,1,0,0,1,0,0,,4/7/2020
2019,BUFFRMFISHBT09,BUFFRMFISH2019Jun12,8,L,main,0,0,0,0,1,0,1,1,0,0,,4/7/2020
2019,BUFFRMFISHBT09,BUFFRMFISH2019Jun12,8,M,main,0,0,0,0,0,0,0,0,0,0,,4/7/2020
2019,BUFFRMFISHBT09,BUFFRMFISH2019Jun12,8,R,main,0,0,0,0,1,0,0,1,0,0,,4/7/2020
2019,BUFFRMFISHBT09,BUFFRMFISH2019Jun12,9,L,main,0,0,1,0,1,0,0,1,1,0,,4/7/2020
2019,BUFFRMFISHBT09,BUFFRMFISH2019Jun12,9,M,main,0,0,0,0,0,0,0,0,0,0,,4/7/2020
2019,BUFFRMFISHBT09,BUFFRMFISH2019Jun12,9,R,main,0,0,0,0,1,0,0,1,0,0,,4/7/2020
2019,BUFFRMFISHBT09,BUFFRMFISH2019Jun12,10,L,main,0,0,0,0,1,0,0,1,0,0,,4/7/2020
2019,BUFFRMFISHBT09,BUFFRMFISH2019Jun12,10,M,main,0,0,0,0,0,0,0,0,0,0,,4/7/2020
2019,BUFFRMFISHBT09,BUFFRMFISH2019Jun12,10,R,main,0,0,0,0,1,0,0,1,0,0,,4/7/2020
2019,BUFFRMFISHBT09,BUFFRMFISH2019Jun12,11,L,main,0,0,0,0,1,1,1,1,0,0,,4/7/2020
2019,BUFFRMFISHBT09,BUFFRMFISH2019Jun12,11,M,main,0,0,0,0,0,0,0,0,0,0,,4/7/2020
2019,BUFFRMFISHBT09,BUFFRMFISH2019Jun12,11,R,main,0,0,0,0,1,0,0,0,0,0,,4/7/2020
2019,BUFFRMFISHBT15,BUFFRMFISH2019Jun06,1,L,main,0,0,0,0,1,0,0,1,0,0,,4/8/2020
2019,BUFFRMFISHBT15,BUFFRMFISH2019Jun06,1,M,main,0,0,0,0,0,0,0,0,0,0,,4/8/2020
2019,BUFFRMFISHBT15,BUFFRMFISH2019Jun06,1,R,main,0,0,0,0,1,0,0,0,0,0,,4/8/2020
2019,BUFFRMFISHBT15,BUFFRMFISH2019Jun06,2,L,main,0,0,0,0,1,1,1,1,1,0,,4/8/2020
2019,BUFFRMFISHBT15,BUFFRMFISH2019Jun06,2,M,main,0,0,0,0,0,0,0,0,0,0,,4/8/2020
2019,BUFFRMFISHBT15,BUFFRMFISH2019Jun06,2,R,main,0,0,0,0,1,0,0,0,0,0,,4/8/2020
2019,BUFFRMFISHBT15,BUFFRMFISH2019Jun06,3,L,main,0,0,0,0,1,1,1,1,1,0,,4/8/2020
2019,BUFFRMFISHBT15,BUFFRMFISH2019Jun06,3,M,main,0,0,0,0,0,0,0,0,0,0,,4/8/2020
2019,BUFFRMFISHBT15,BUFFRMFISH2019Jun06,3,R,main,0,0,0,0,1,0,0,0,0,0,,4/8/2020
2019,BUFFRMFISHBT15,BUFFRMFISH2019Jun06,4,L,main,0,0,0,0,1,0,0,1,0,0,,4/8/2020
2019,BUFFRMFISHBT15,BUFFRMFISH2019Jun06,4,M,main,0,0,0,0,0,0,0,0,0,0,,4/8/2020
2019,BUFFRMFISHBT15,BUFFRMFISH2019Jun06,4,R,main,0,0,0,0,1,0,0,1,0,0,,4/8/2020
2019,BUFFRMFISHBT15,BUFFRMFISH2019Jun06,5,L,main,0,0,0,0,1,0,0,0,0,0,,4/8/2020
2019,BUFFRMFISHBT15,BUFFRMFISH2019Jun06,5,M,main,0,0,0,0,0,0,0,0,0,0,,4/8/2020
2019,BUFFRMFISHBT15,BUFFRMFISH2019Jun06,5,R,main,0,0,0,0,1,0,1,1,1,0,,4/8/2020
2019,BUFFRMFISHBT15,BUFFRMFISH2019Jun06,6,L,main,0,0,0,0,1,0,0,1,0,0,,4/8/2020
2019,BUFFRMFISHBT15,BUFFRMFISH2019Jun06,6,M,main,0,0,0,0,0,0,0,0,0,0,,4/8/2020
2019,BUFFRMFISHBT15,BUFFRMFISH2019Jun06,6,R,main,0,0,0,0,1,0,1,1,1,0,,4/8/2020
2019,BUFFRMFISHBT15,BUFFRMFISH2019Jun06,7,L,main,0,0,0,0,1,0,1,1,1,0,,4/8/2020
2019,BUFFRMFISHBT15,BUFFRMFISH2019Jun06,7,M,main,0,0,0,0,0,0,0,0,0,0,,4/8/2020
2019,BUFFRMFISHBT15,BUFFRMFISH2019Jun06,7,R,main,0,0,0,0,1,0,1,1,1,0,,4/8/2020
2019,BUFFRMFISHBT15,BUFFRMFISH2019Jun06,8,L,main,0,0,0,0,1,0,0,1,0,0,,4/8/2020
2019,BUFFRMFISHBT15,BUFFRMFISH2019Jun06,8,M,main,0,0,0,0,0,0,0,0,0,0,,4/8/2020
2019,BUFFRMFISHBT15,BUFFRMFISH2019Jun06,8,R,main,0,0,0,0,1,0,1,1,1,0,,4/8/2020
2019,BUFFRMFISHBT15,BUFFRMFISH2019Jun06,9,L,main,0,0,0,0,1,0,0,1,0,0,,4/8/2020
2019,BUFFRMFISHBT15,BUFFRMFISH2019Jun06,9,M,main,0,0,0,0,0,0,0,0,0,0,,4/8/2020
2019,BUFFRMFISHBT15,BUFFRMFISH2019Jun06,9,R,main,0,0,0,0,1,0,0,0,0,0,,4/8/2020
2019,BUFFRMFISHBT15,BUFFRMFISH2019Jun06,10,L,main,0,0,0,0,1,1,1,1,0,0,,4/8/2020
2019,BUFFRMFISHBT15,BUFFRMFISH2019Jun06,10,M,main,0,0,0,0,0,0,0,0,0,0,,4/8/2020
2019,BUFFRMFISHBT15,BUFFRMFISH2019Jun06,10,R,main,0,0,0,0,1,0,1,1,1,0,,4/8/2020
2019,BUFFRMFISHBT15,BUFFRMFISH2019Jun06,11,L,main,0,0,0,0,1,1,1,1,0,0,,4/8/2020
2019,BUFFRMFISHBT15,BUFFRMFISH2019Jun06,11,M,main,0,0,0,0,0,0,0,0,0,0,,4/8/2020
2019,BUFFRMFISHBT15,BUFFRMFISH2019Jun06,11,R,main,0,0,0,0,1,0,0,1,0,0,,4/8/2020
2019,BUFFRMFISHBT19,BUFFRMFISH2019May24,1,L,main,0,0,0,0,1,0,0,0,0,0,,4/8/2020
2019,BUFFRMFISHBT19,BUFFRMFISH2019May24,1,M,main,0,0,0,0,0,0,0,0,0,0,,4/8/2020
2019,BUFFRMFISHBT19,BUFFRMFISH2019May24,1,R,main,0,0,0,0,1,1,1,1,0,0,,4/8/2020
2019,BUFFRMFISHBT19,BUFFRMFISH2019May24,2,L,main,0,0,0,0,1,0,0,1,1,0,,4/8/2020
2019,BUFFRMFISHBT19,BUFFRMFISH2019May24,2,M,main,0,0,0,0,0,0,0,0,0,0,,4/8/2020
2019,BUFFRMFISHBT19,BUFFRMFISH2019May24,2,R,main,0,0,0,0,1,0,0,0,0,0,,4/8/2020
2019,BUFFRMFISHBT19,BUFFRMFISH2019May24,3,L,main,0,0,0,0,1,0,0,1,1,0,,4/8/2020
2019,BUFFRMFISHBT19,BUFFRMFISH2019May24,3,M,main,0,0,0,0,0,0,0,0,0,0,,4/8/2020
2019,BUFFRMFISHBT19,BUFFRMFISH2019May24,3,R,main,0,0,0,0,1,0,0,0,0,0,,4/8/2020
2019,BUFFRMFISHBT19,BUFFRMFISH2019May24,4,L,main,0,0,1,0,1,1,1,1,0,0,,4/8/2020
2019,BUFFRMFISHBT19,BUFFRMFISH2019May24,4,M,main,0,0,0,0,0,0,0,0,0,0,,4/8/2020
2019,BUFFRMFISHBT19,BUFFRMFISH2019May24,4,R,main,0,0,0,0,1,0,0,0,0,0,,4/8/2020
2019,BUFFRMFISHBT19,BUFFRMFISH2019May24,5,L,main,0,0,1,0,1,0,0,1,0,0,,4/8/2020
2019,BUFFRMFISHBT19,BUFFRMFISH2019May24,5,M,main,0,0,0,0,0,0,0,0,0,0,,4/8/2020
2019,BUFFRMFISHBT19,BUFFRMFISH2019May24,5,R,main,0,0,0,0,1,0,0,0,0,0,,4/8/2020
2019,BUFFRMFISHBT19,BUFFRMFISH2019May24,6,L,main,0,0,0,0,1,0,0,0,0,0,,4/8/2020
2019,BUFFRMFISHBT19,BUFFRMFISH2019May24,6,M,main,0,0,0,0,0,0,0,0,0,0,,4/8/2020
2019,BUFFRMFISHBT19,BUFFRMFISH2019May24,6,R,main,0,0,0,0,1,0,0,0,0,0,,4/8/2020
2019,BUFFRMFISHBT19,BUFFRMFISH2019May24,7,L,main,0,0,0,0,1,0,0,1,0,0,,4/8/2020
2019,BUFFRMFISHBT19,BUFFRMFISH2019May24,7,M,main,0,0,0,0,0,0,0,0,0,0,,4/8/2020
2019,BUFFRMFISHBT19,BUFFRMFISH2019May24,7,R,main,0,0,0,0,1,0,0,0,0,0,,4/8/2020
2019,BUFFRMFISHBT19,BUFFRMFISH2019May24,8,L,main,0,0,0,0,1,0,0,0,0,0,,4/8/2020
2019,BUFFRMFISHBT19,BUFFRMFISH2019May24,8,M,main,0,0,0,0,0,0,0,0,0,0,,4/8/2020
2019,BUFFRMFISHBT19,BUFFRMFISH2019May24,8,R,main,0,0,0,0,1,0,0,0,0,0,,4/8/2020
2019,BUFFRMFISHBT19,BUFFRMFISH2019May24,9,L,main,0,0,0,0,1,0,0,0,0,0,,4/8/2020
2019,BUFFRMFISHBT19,BUFFRMFISH2019May24,9,M,main,0,0,0,0,0,0,0,0,0,0,,4/8/2020
2019,BUFFRMFISHBT19,BUFFRMFISH2019May24,9,R,main,0,0,0,0,1,1,1,1,1,0,,4/8/2020
2019,BUFFRMFISHBT19,BUFFRMFISH2019May24,10,L,main,1,0,0,0,1,0,0,1,0,0,,4/8/2020
2019,BUFFRMFISHBT19,BUFFRMFISH2019May24,10,M,main,0,0,0,0,0,0,0,0,0,0,,4/8/2020
2019,BUFFRMFISHBT19,BUFFRMFISH2019May24,10,R,main,0,0,0,0,1,0,0,1,1,0,,4/8/2020
2019,BUFFRMFISHBT19,BUFFRMFISH2019May24,11,L,main,1,0,0,0,1,0,0,0,0,0,,4/8/2020
2019,BUFFRMFISHBT19,BUFFRMFISH2019May24,11,M,main,0,0,0,0,0,0,0,0,0,0,,4/8/2020
2019,BUFFRMFISHBT19,BUFFRMFISH2019May24,11,R,main,0,0,0,0,1,0,0,0,1,0,,4/8/2020
2019,BUFFRMFISHBT20,BUFFRMFISH2019May28,1,L,main,0,0,0,0,0,0,0,0,0,0,,4/9/2020
2019,BUFFRMFISHBT20,BUFFRMFISH2019May28,1,M,main,0,0,0,0,0,0,0,0,0,0,,4/9/2020
2019,BUFFRMFISHBT20,BUFFRMFISH2019May28,1,R,main,0,0,0,0,1,0,0,0,0,0,,4/9/2020
2019,BUFFRMFISHBT20,BUFFRMFISH2019May28,2,L,main,0,0,0,0,1,0,0,1,0,0,,4/9/2020
2019,BUFFRMFISHBT20,BUFFRMFISH2019May28,2,M,main,0,0,0,0,0,0,0,0,0,0,,4/9/2020
2019,BUFFRMFISHBT20,BUFFRMFISH2019May28,2,R,main,0,0,0,0,1,0,0,0,0,0,,4/9/2020
2019,BUFFRMFISHBT20,BUFFRMFISH2019May28,3,L,main,0,0,0,0,1,0,0,0,0,0,,4/9/2020
2019,BUFFRMFISHBT20,BUFFRMFISH2019May28,3,M,main,0,0,0,0,0,0,0,0,0,0,,4/9/2020
2019,BUFFRMFISHBT20,BUFFRMFISH2019May28,3,R,main,0,0,0,0,1,0,0,1,1,0,,4/9/2020
2019,BUFFRMFISHBT20,BUFFRMFISH2019May28,4,L,main,0,0,0,0,1,1,0,1,0,0,,4/9/2020
2019,BUFFRMFISHBT20,BUFFRMFISH2019May28,4,M,main,0,0,0,0,0,0,0,0,0,0,,4/9/2020
2019,BUFFRMFISHBT20,BUFFRMFISH2019May28,4,R,main,0,0,0,0,1,1,0,1,1,0,,4/9/2020
2019,BUFFRMFISHBT20,BUFFRMFISH2019May28,5,L,main,0,0,0,0,1,0,1,1,0,0,,4/9/2020
2019,BUFFRMFISHBT20,BUFFRMFISH2019May28,5,M,main,0,0,0,0,0,0,0,0,0,0,,4/9/2020
2019,BUFFRMFISHBT20,BUFFRMFISH2019May28,5,R,main,0,0,0,0,1,1,0,1,0,0,,4/9/2020
2019,BUFFRMFISHBT20,BUFFRMFISH2019May28,6,L,main,0,0,0,0,0,0,0,0,0,0,,4/9/2020
2019,BUFFRMFISHBT20,BUFFRMFISH2019May28,6,M,main,0,0,0,0,0,0,0,0,0,0,,4/9/2020
2019,BUFFRMFISHBT20,BUFFRMFISH2019May28,6,R,main,0,0,0,0,1,0,0,1,1,0,,4/9/2020
2019,BUFFRMFISHBT20,BUFFRMFISH2019May28,7,L,main,0,0,0,0,1,0,0,0,0,0,,4/9/2020
2019,BUFFRMFISHBT20,BUFFRMFISH2019May28,7,M,main,0,0,0,0,0,0,0,0,0,0,,4/9/2020
2019,BUFFRMFISHBT20,BUFFRMFISH2019May28,7,R,main,0,0,0,0,1,0,0,1,1,0,,4/9/2020
2019,BUFFRMFISHBT20,BUFFRMFISH2019May28,8,L,main,0,0,0,0,1,1,0,0,0,0,,4/9/2020
2019,BUFFRMFISHBT20,BUFFRMFISH2019May28,8,M,main,1,0,0,0,0,0,0,0,0,0,,4/9/2020
2019,BUFFRMFISHBT20,BUFFRMFISH2019May28,8,R,main,1,0,0,0,1,0,0,1,0,0,,4/9/2020
2019,BUFFRMFISHBT20,BUFFRMFISH2019May28,9,L,main,1,0,0,0,1,1,0,1,0,0,,4/9/2020
2019,BUFFRMFISHBT20,BUFFRMFISH2019May28,9,M,main,1,0,0,0,0,0,0,0,0,0,,4/9/2020
2019,BUFFRMFISHBT20,BUFFRMFISH2019May28,9,R,main,0,0,0,0,1,0,0,1,0,0,,4/9/2020
2019,BUFFRMFISHBT20,BUFFRMFISH2019May28,10,L,main,0,0,0,0,1,0,0,0,0,0,,4/9/2020
2019,BUFFRMFISHBT20,BUFFRMFISH2019May28,10,M,main,0,0,0,0,0,0,0,0,0,0,,4/9/2020
2019,BUFFRMFISHBT20,BUFFRMFISH2019May28,10,R,main,0,0,0,0,1,1,0,1,1,0,,4/9/2020
2019,BUFFRMFISHBT20,BUFFRMFISH2019May28,11,L,main,1,0,0,0,1,0,0,1,0,0,,4/9/2020
2019,BUFFRMFISHBT20,BUFFRMFISH2019May28,11,M,main,0,1,0,0,0,0,0,0,0,0,,4/9/2020
2019,BUFFRMFISHBT20,BUFFRMFISH2019May28,11,R,main,0,0,0,0,1,0,0,1,0,1,,4/9/2020
2019,BUFFRMFISHBT23,BUFFRMFISH2019Jun17,1,L,main,0,0,0,0,1,0,0,0,0,0,,4/9/2020
2019,BUFFRMFISHBT23,BUFFRMFISH2019Jun17,1,M,main,0,0,0,0,0,0,0,0,0,0,,4/9/2020
2019,BUFFRMFISHBT23,BUFFRMFISH2019Jun17,1,R,main,0,0,0,0,1,0,0,0,0,0,,4/9/2020
2019,BUFFRMFISHBT23,BUFFRMFISH2019Jun17,2,L,main,0,0,0,0,1,0,0,1,0,1,,4/9/2020
2019,BUFFRMFISHBT23,BUFFRMFISH2019Jun17,2,M,main,0,0,0,0,0,0,0,0,0,0,,4/9/2020
2019,BUFFRMFISHBT23,BUFFRMFISH2019Jun17,2,R,main,0,0,0,0,1,0,0,0,0,0,,4/9/2020
2019,BUFFRMFISHBT23,BUFFRMFISH2019Jun17,3,L,main,0,0,0,0,1,0,0,1,0,1,,4/9/2020
2019,BUFFRMFISHBT23,BUFFRMFISH2019Jun17,3,M,main,0,0,0,0,0,0,0,0,0,0,,4/9/2020
2019,BUFFRMFISHBT23,BUFFRMFISH2019Jun17,3,R,main,0,0,0,0,1,0,0,0,0,0,,4/9/2020
2019,BUFFRMFISHBT23,BUFFRMFISH2019Jun17,4,L,main,0,0,0,0,1,0,0,1,1,1,,4/9/2020
2019,BUFFRMFISHBT23,BUFFRMFISH2019Jun17,4,M,main,0,0,0,0,0,0,0,0,0,0,,4/9/2020
2019,BUFFRMFISHBT23,BUFFRMFISH2019Jun17,4,R,main,0,0,0,0,1,0,0,0,0,0,,4/9/2020
2019,BUFFRMFISHBT23,BUFFRMFISH2019Jun17,5,L,main,0,0,0,0,0,0,0,1,0,0,,4/9/2020
2019,BUFFRMFISHBT23,BUFFRMFISH2019Jun17,5,M,main,0,0,0,0,0,0,0,0,0,0,,4/9/2020
2019,BUFFRMFISHBT23,BUFFRMFISH2019Jun17,5,R,main,0,0,0,0,1,0,0,0,0,0,,4/9/2020
2019,BUFFRMFISHBT23,BUFFRMFISH2019Jun17,6,L,main,0,0,0,0,1,0,0,0,0,0,,4/9/2020
2019,BUFFRMFISHBT23,BUFFRMFISH2019Jun17,6,M,main,0,0,0,0,0,0,0,0,0,0,,4/9/2020
2019,BUFFRMFISHBT23,BUFFRMFISH2019Jun17,6,R,main,0,0,0,0,1,0,0,0,0,0,,4/9/2020
2019,BUFFRMFISHBT23,BUFFRMFISH2019Jun17,7,L,main,0,0,0,0,1,0,0,0,0,0,,4/9/2020
2019,BUFFRMFISHBT23,BUFFRMFISH2019Jun17,7,M,main,0,0,0,0,0,0,0,0,0,0,,4/9/2020
2019,BUFFRMFISHBT23,BUFFRMFISH2019Jun17,7,R,main,0,0,0,0,1,0,1,1,1,0,,4/9/2020
2019,BUFFRMFISHBT23,BUFFRMFISH2019Jun17,8,L,main,0,0,0,0,1,0,0,0,0,0,,4/9/2020
2019,BUFFRMFISHBT23,BUFFRMFISH2019Jun17,8,M,main,0,0,0,0,0,0,0,0,0,0,,4/9/2020
2019,BUFFRMFISHBT23,BUFFRMFISH2019Jun17,8,R,main,0,0,0,0,1,0,1,1,0,0,,4/9/2020
2019,BUFFRMFISHBT23,BUFFRMFISH2019Jun17,9,L,main,0,0,0,0,1,0,0,0,0,0,,4/9/2020
2019,BUFFRMFISHBT23,BUFFRMFISH2019Jun17,9,M,main,0,0,1,0,0,0,0,0,0,0,,4/9/2020
2019,BUFFRMFISHBT23,BUFFRMFISH2019Jun17,9,R,main,0,0,0,0,1,0,0,1,0,0,,4/9/2020
2019,BUFFRMFISHBT23,BUFFRMFISH2019Jun17,10,L,main,0,0,0,0,1,0,0,0,0,0,,4/9/2020
2019,BUFFRMFISHBT23,BUFFRMFISH2019Jun17,10,M,main,0,0,0,0,0,0,0,0,0,0,,4/9/2020
2019,BUFFRMFISHBT23,BUFFRMFISH2019Jun17,10,R,main,0,0,0,0,1,0,1,1,0,0,,4/9/2020
2019,BUFFRMFISHBT23,BUFFRMFISH2019Jun17,11,L,main,0,0,0,0,1,0,0,0,0,0,,4/9/2020
2019,BUFFRMFISHBT23,BUFFRMFISH2019Jun17,11,M,main,0,0,0,0,0,0,0,0,0,0,,4/9/2020
2019,BUFFRMFISHBT23,BUFFRMFISH2019Jun17,11,R,main,0,0,0,0,1,0,1,1,1,0,,4/9/2020
2021,BUFFRMFISHBT07,BUFFRMFISH2021May18,1,L,main,0,0,0,0,1,0,1,1,1,0,,9/9/2021
2021,BUFFRMFISHBT07,BUFFRMFISH2021May18,1,M,main,0,0,0,0,0,0,0,0,0,0,,9/9/2021
2021,BUFFRMFISHBT07,BUFFRMFISH2021May18,1,R,main,0,0,0,0,1,1,1,1,0,0,,9/9/2021
2021,BUFFRMFISHBT07,BUFFRMFISH2021May18,2,L,main,0,0,0,0,1,0,1,1,0,0,,9/9/2021
2021,BUFFRMFISHBT07,BUFFRMFISH2021May18,2,M,main,0,0,0,0,0,0,0,0,0,0,,9/9/2021
2021,BUFFRMFISHBT07,BUFFRMFISH2021May18,2,R,main,0,0,0,0,1,0,1,1,1,0,,9/9/2021
2021,BUFFRMFISHBT07,BUFFRMFISH2021May18,3,L,main,0,0,0,0,1,1,1,1,0,0,,9/9/2021
2021,BUFFRMFISHBT07,BUFFRMFISH2021May18,3,M,main,0,0,0,0,0,0,0,0,0,0,,9/9/2021
2021,BUFFRMFISHBT07,BUFFRMFISH2021May18,3,R,main,0,0,0,0,1,0,1,1,0,0,,9/9/2021
2021,BUFFRMFISHBT07,BUFFRMFISH2021May18,4,L,main,0,0,0,0,1,0,0,1,1,0,,9/9/2021
2021,BUFFRMFISHBT07,BUFFRMFISH2021May18,4,M,main,0,0,0,0,0,0,0,0,0,0,,9/9/2021
2021,BUFFRMFISHBT07,BUFFRMFISH2021May18,4,R,main,0,0,0,0,1,0,1,1,1,0,,9/9/2021
2021,BUFFRMFISHBT07,BUFFRMFISH2021May18,5,L,main,0,0,0,0,1,0,0,1,1,0,,9/9/2021
2021,BUFFRMFISHBT07,BUFFRMFISH2021May18,5,M,main,0,0,0,0,0,0,0,0,0,0,,9/9/2021
2021,BUFFRMFISHBT07,BUFFRMFISH2021May18,5,R,main,0,0,0,0,1,0,0,1,0,0,,9/9/2021
2021,BUFFRMFISHBT07,BUFFRMFISH2021May18,6,L,main,0,0,0,0,0,0,0,1,1,0,,9/9/2021
2021,BUFFRMFISHBT07,BUFFRMFISH2021May18,6,M,main,0,0,0,0,0,0,0,0,0,0,,9/9/2021
2021,BUFFRMFISHBT07,BUFFRMFISH2021May18,6,R,main,0,0,0,0,1,0,1,0,0,0,,9/9/2021
2021,BUFFRMFISHBT07,BUFFRMFISH2021May18,7,L,main,0,0,0,0,1,0,0,1,1,0,,9/9/2021
2021,BUFFRMFISHBT07,BUFFRMFISH2021May18,7,M,main,0,0,0,0,0,0,0,0,0,0,,9/9/2021
2021,BUFFRMFISHBT07,BUFFRMFISH2021May18,7,R,main,0,0,0,0,1,0,0,0,0,0,,9/9/2021
2021,BUFFRMFISHBT07,BUFFRMFISH2021May18,8,L,main,0,0,0,0,1,0,1,1,1,0,,9/9/2021
2021,BUFFRMFISHBT07,BUFFRMFISH2021May18,8,M,main,0,0,0,0,0,0,0,0,0,0,,9/9/2021
2021,BUFFRMFISHBT07,BUFFRMFISH2021May18,8,R,main,0,0,0,0,1,0,0,0,0,0,,9/9/2021
2021,BUFFRMFISHBT07,BUFFRMFISH2021May18,9,L,main,0,0,0,0,1,1,1,1,0,0,,9/9/2021
2021,BUFFRMFISHBT07,BUFFRMFISH2021May18,9,M,main,0,0,0,0,0,0,0,0,0,0,,9/9/2021
2021,BUFFRMFISHBT07,BUFFRMFISH2021May18,9,R,main,0,0,0,0,1,0,0,0,0,0,,9/9/2021
2021,BUFFRMFISHBT07,BUFFRMFISH2021May18,10,L,main,0,0,0,0,1,0,0,0,1,0,,9/9/2021
2021,BUFFRMFISHBT07,BUFFRMFISH2021May18,10,M,main,0,0,0,0,0,0,0,0,0,0,,9/9/2021
2021,BUFFRMFISHBT07,BUFFRMFISH2021May18,10,R,main,0,0,0,0,1,0,0,0,0,0,,9/9/2021
2021,BUFFRMFISHBT07,BUFFRMFISH2021May18,11,L,main,0,0,0,0,1,0,0,0,1,0,,9/9/2021
2021,BUFFRMFISHBT07,BUFFRMFISH2021May18,11,M,main,0,0,0,0,0,0,0,0,0,0,,9/9/2021
2021,BUFFRMFISHBT07,BUFFRMFISH2021May18,11,R,main,0,0,0,0,1,0,0,0,0,0,,9/9/2021
2021,BUFFRMFISHBT15,BUFFRMFISH2021May17,1,L,main,0,0,0,0,1,0,1,1,0,0,,9/3/2021
2021,BUFFRMFISHBT15,BUFFRMFISH2021May17,1,M,main,0,0,0,0,0,0,0,0,0,0,,9/3/2021
2021,BUFFRMFISHBT15,BUFFRMFISH2021May17,1,R,main,1,0,0,0,1,0,0,0,0,0,,9/3/2021
2021,BUFFRMFISHBT15,BUFFRMFISH2021May17,2,L,main,0,0,0,0,1,0,1,1,0,0,,9/3/2021
2021,BUFFRMFISHBT15,BUFFRMFISH2021May17,2,M,main,0,0,0,0,0,0,0,0,0,0,,9/3/2021
2021,BUFFRMFISHBT15,BUFFRMFISH2021May17,2,R,main,0,0,0,0,1,0,0,0,0,0,,9/3/2021
2021,BUFFRMFISHBT15,BUFFRMFISH2021May17,3,L,main,0,0,0,0,1,0,1,1,1,0,,9/3/2021
2021,BUFFRMFISHBT15,BUFFRMFISH2021May17,3,M,main,0,0,0,0,0,0,0,0,0,0,,9/3/2021
2021,BUFFRMFISHBT15,BUFFRMFISH2021May17,3,R,main,1,0,0,0,1,0,0,0,0,0,,9/3/2021
2021,BUFFRMFISHBT15,BUFFRMFISH2021May17,4,L,main,0,0,0,0,1,0,0,1,0,0,,9/3/2021
2021,BUFFRMFISHBT15,BUFFRMFISH2021May17,4,M,main,0,0,0,0,0,0,0,0,0,0,,9/3/2021
2021,BUFFRMFISHBT15,BUFFRMFISH2021May17,4,R,main,0,0,0,0,1,0,0,0,0,0,,9/3/2021
2021,BUFFRMFISHBT15,BUFFRMFISH2021May17,5,L,main,0,0,0,0,1,0,0,0,0,0,,9/3/2021
2021,BUFFRMFISHBT15,BUFFRMFISH2021May17,5,M,main,0,0,0,0,0,0,0,0,0,0,,9/3/2021
2021,BUFFRMFISHBT15,BUFFRMFISH2021May17,5,R,main,0,0,0,0,1,0,1,1,1,0,,9/3/2021
2021,BUFFRMFISHBT15,BUFFRMFISH2021May17,6,L,main,0,0,0,0,1,0,1,1,0,0,,9/3/2021
2021,BUFFRMFISHBT15,BUFFRMFISH2021May17,6,M,main,0,0,0,0,0,0,0,0,0,0,,9/3/2021
2021,BUFFRMFISHBT15,BUFFRMFISH2021May17,6,R,main,0,0,0,0,1,0,1,1,1,0,,9/3/2021
2021,BUFFRMFISHBT15,BUFFRMFISH2021May17,7,L,main,1,0,0,0,1,0,1,1,0,0,,9/3/2021
2021,BUFFRMFISHBT15,BUFFRMFISH2021May17,7,M,main,0,0,0,0,0,0,0,0,0,0,,9/3/2021
2021,BUFFRMFISHBT15,BUFFRMFISH2021May17,7,R,main,0,0,0,0,1,1,1,1,0,0,,9/3/2021
2021,BUFFRMFISHBT15,BUFFRMFISH2021May17,8,L,main,0,0,0,0,1,0,1,1,1,0,,9/3/2021
2021,BUFFRMFISHBT15,BUFFRMFISH2021May17,8,M,main,0,0,0,0,0,0,0,0,0,0,,9/3/2021
2021,BUFFRMFISHBT15,BUFFRMFISH2021May17,8,R,main,0,0,0,0,1,0,1,1,1,0,,9/3/2021
2021,BUFFRMFISHBT15,BUFFRMFISH2021May17,9,L,main,0,0,0,0,1,0,1,1,1,0,,9/3/2021
2021,BUFFRMFISHBT15,BUFFRMFISH2021May17,9,M,main,0,0,0,0,0,0,0,0,0,0,,9/3/2021
2021,BUFFRMFISHBT15,BUFFRMFISH2021May17,9,R,main,0,0,0,0,1,0,1,1,0,0,,9/3/2021
2021,BUFFRMFISHBT15,BUFFRMFISH2021May17,10,L,main,0,0,0,0,1,0,1,1,0,0,,9/3/2021
2021,BUFFRMFISHBT15,BUFFRMFISH2021May17,10,M,main,0,1,0,0,0,0,0,0,0,0,,9/3/2021
2021,BUFFRMFISHBT15,BUFFRMFISH2021May17,10,R,main,0,0,0,0,1,0,1,1,1,0,,9/3/2021
2021,BUFFRMFISHBT15,BUFFRMFISH2021May17,11,L,main,0,0,0,0,1,0,1,1,1,0,,9/3/2021
2021,BUFFRMFISHBT15,BUFFRMFISH2021May17,11,M,main,1,0,0,0,0,0,0,0,0,0,,9/3/2021
2021,BUFFRMFISHBT15,BUFFRMFISH2021May17,11,R,main,1,0,0,0,1,0,1,1,0,0,,9/3/2021
2021,BUFFRMFISHBT19,BUFFRMFISH2021Jun09,1,L,main,0,0,0,0,1,1,1,1,1,0,,9/3/2021
2021,BUFFRMFISHBT19,BUFFRMFISH2021Jun09,1,M,main,0,0,0,0,0,0,0,0,0,0,,9/3/2021
2021,BUFFRMFISHBT19,BUFFRMFISH2021Jun09,1,R,main,0,0,0,0,1,0,0,0,0,0,,9/3/2021
2021,BUFFRMFISHBT19,BUFFRMFISH2021Jun09,2,L,main,0,0,0,0,1,0,1,1,1,1,,9/3/2021
2021,BUFFRMFISHBT19,BUFFRMFISH2021Jun09,2,M,main,0,0,0,0,0,0,0,0,0,0,,9/3/2021
2021,BUFFRMFISHBT19,BUFFRMFISH2021Jun09,2,R,main,0,0,0,0,1,1,0,0,0,0,,9/3/2021
2021,BUFFRMFISHBT19,BUFFRMFISH2021Jun09,3,L,main,0,0,0,0,1,1,0,1,1,0,,9/3/2021
2021,BUFFRMFISHBT19,BUFFRMFISH2021Jun09,3,M,main,0,0,0,0,0,0,0,0,0,0,,9/3/2021
2021,BUFFRMFISHBT19,BUFFRMFISH2021Jun09,3,R,main,0,0,0,0,1,0,0,0,0,0,,9/3/2021
2021,BUFFRMFISHBT19,BUFFRMFISH2021Jun09,4,L,main,0,0,0,0,1,1,1,1,1,0,,9/3/2021
2021,BUFFRMFISHBT19,BUFFRMFISH2021Jun09,4,M,main,0,0,0,0,0,0,0,0,0,0,,9/3/2021
2021,BUFFRMFISHBT19,BUFFRMFISH2021Jun09,4,R,main,0,0,0,0,1,0,0,0,0,0,,9/3/2021
2021,BUFFRMFISHBT19,BUFFRMFISH2021Jun09,5,L,main,0,0,0,0,1,0,0,0,0,0,,9/3/2021
2021,BUFFRMFISHBT19,BUFFRMFISH2021Jun09,5,M,main,0,0,0,0,0,0,0,0,0,0,,9/3/2021
2021,BUFFRMFISHBT19,BUFFRMFISH2021Jun09,5,R,main,0,0,0,0,1,0,1,1,0,0,,9/3/2021
2021,BUFFRMFISHBT19,BUFFRMFISH2021Jun09,6,L,main,0,0,0,0,1,0,0,0,0,0,,9/3/2021
2021,BUFFRMFISHBT19,BUFFRMFISH2021Jun09,6,M,main,0,0,0,0,0,0,0,0,0,0,,9/3/2021
2021,BUFFRMFISHBT19,BUFFRMFISH2021Jun09,6,R,main,0,0,0,0,1,1,1,1,1,0,,9/3/2021
2021,BUFFRMFISHBT19,BUFFRMFISH2021Jun09,7,L,main,0,0,0,0,1,1,0,1,0,0,,9/3/2021
2021,BUFFRMFISHBT19,BUFFRMFISH2021Jun09,7,M,main,0,0,0,0,0,0,0,0,0,0,,9/3/2021
2021,BUFFRMFISHBT19,BUFFRMFISH2021Jun09,7,R,main,0,0,0,0,1,1,1,0,1,0,,9/3/2021
2021,BUFFRMFISHBT19,BUFFRMFISH2021Jun09,8,L,main,0,0,0,0,1,0,0,0,0,0,,9/3/2021
2021,BUFFRMFISHBT19,BUFFRMFISH2021Jun09,8,M,main,0,0,0,0,0,0,0,0,0,0,,9/3/2021
2021,BUFFRMFISHBT19,BUFFRMFISH2021Jun09,8,R,main,0,0,0,0,1,1,1,1,1,0,,9/3/2021
2021,BUFFRMFISHBT19,BUFFRMFISH2021Jun09,9,L,main,0,0,0,0,0,0,0,0,0,0,,9/3/2021
2021,BUFFRMFISHBT19,BUFFRMFISH2021Jun09,9,M,main,0,0,0,0,0,0,0,0,0,0,,9/3/2021
2021,BUFFRMFISHBT19,BUFFRMFISH2021Jun09,9,R,main,0,0,0,0,1,0,1,0,0,0,,9/3/2021
2021,BUFFRMFISHBT19,BUFFRMFISH2021Jun09,10,L,main,0,0,0,0,0,0,0,0,0,0,,9/3/2021
2021,BUFFRMFISHBT19,BUFFRMFISH2021Jun09,10,M,main,0,0,0,0,0,0,0,0,0,0,,9/3/2021
2021,BUFFRMFISHBT19,BUFFRMFISH2021Jun09,10,R,main,0,0,0,0,1,0,1,0,1,0,,9/3/2021
2021,BUFFRMFISHBT19,BUFFRMFISH2021Jun09,11,L,main,0,0,0,0,1,0,0,0,0,0,,9/3/2021
2021,BUFFRMFISHBT19,BUFFRMFISH2021Jun09,11,M,main,0,0,0,0,0,0,0,0,0,0,,9/3/2021
2021,BUFFRMFISHBT19,BUFFRMFISH2021Jun09,11,R,main,0,0,0,0,1,0,1,0,1,0,,9/3/2021
2021,BUFFRMFISHBT20,BUFFRMFISH2021Jun16,1,L,main,0,0,0,0,1,1,1,1,0,0,,9/3/2021
2021,BUFFRMFISHBT20,BUFFRMFISH2021Jun16,1,M,main,0,0,0,0,0,0,0,0,0,0,,9/3/2021
2021,BUFFRMFISHBT20,BUFFRMFISH2021Jun16,1,R,main,0,0,0,0,1,0,0,0,0,0,,9/3/2021
2021,BUFFRMFISHBT20,BUFFRMFISH2021Jun16,2,L,main,0,0,0,0,1,0,1,0,0,0,,9/3/2021
2021,BUFFRMFISHBT20,BUFFRMFISH2021Jun16,2,M,main,0,0,0,0,0,0,0,0,0,0,,9/3/2021
2021,BUFFRMFISHBT20,BUFFRMFISH2021Jun16,2,R,main,0,0,0,0,1,0,0,0,0,0,,9/3/2021
2021,BUFFRMFISHBT20,BUFFRMFISH2021Jun16,3,L,main,0,0,0,0,1,0,1,1,0,0,,9/3/2021
2021,BUFFRMFISHBT20,BUFFRMFISH2021Jun16,3,M,main,0,0,0,0,0,0,0,0,0,0,,9/3/2021
2021,BUFFRMFISHBT20,BUFFRMFISH2021Jun16,3,R,main,0,0,1,0,1,0,1,1,1,0,,9/3/2021
2021,BUFFRMFISHBT20,BUFFRMFISH2021Jun16,4,L,main,0,0,0,0,1,0,1,1,0,0,,9/3/2021
2021,BUFFRMFISHBT20,BUFFRMFISH2021Jun16,4,M,main,0,0,0,0,0,0,0,0,0,0,,9/3/2021
2021,BUFFRMFISHBT20,BUFFRMFISH2021Jun16,4,R,main,0,0,0,0,1,0,1,1,1,0,,9/3/2021
2021,BUFFRMFISHBT20,BUFFRMFISH2021Jun16,5,L,main,0,0,0,0,1,0,0,0,0,0,,9/3/2021
2021,BUFFRMFISHBT20,BUFFRMFISH2021Jun16,5,M,main,0,0,1,0,0,0,0,0,0,0,,9/3/2021
2021,BUFFRMFISHBT20,BUFFRMFISH2021Jun16,5,R,main,0,1,0,0,1,1,0,1,0,0,,9/3/2021
2021,BUFFRMFISHBT20,BUFFRMFISH2021Jun16,6,L,main,0,0,0,0,1,0,1,1,0,0,,9/3/2021
2021,BUFFRMFISHBT20,BUFFRMFISH2021Jun16,6,M,main,0,0,0,0,0,0,0,0,0,0,,9/3/2021
2021,BUFFRMFISHBT20,BUFFRMFISH2021Jun16,6,R,main,0,0,1,0,1,0,0,1,1,0,,9/3/2021
2021,BUFFRMFISHBT20,BUFFRMFISH2021Jun16,7,L,main,0,0,0,0,1,0,0,0,0,0,,9/3/2021
2021,BUFFRMFISHBT20,BUFFRMFISH2021Jun16,7,M,main,0,0,0,0,0,0,0,0,0,0,,9/3/2021
2021,BUFFRMFISHBT20,BUFFRMFISH2021Jun16,7,R,main,0,0,0,0,1,0,1,1,1,0,,9/3/2021
2021,BUFFRMFISHBT20,BUFFRMFISH2021Jun16,8,L,main,0,0,0,0,1,1,1,0,0,0,,9/3/2021
2021,BUFFRMFISHBT20,BUFFRMFISH2021Jun16,8,M,main,0,0,0,0,0,0,0,0,0,0,,9/3/2021
2021,BUFFRMFISHBT20,BUFFRMFISH2021Jun16,8,R,main,0,0,1,0,1,0,0,1,0,0,,9/3/2021
2021,BUFFRMFISHBT20,BUFFRMFISH2021Jun16,9,L,main,0,0,0,0,1,0,0,0,0,0,,9/3/2021
2021,BUFFRMFISHBT20,BUFFRMFISH2021Jun16,9,M,main,0,0,1,0,0,0,0,0,0,0,,9/3/2021
2021,BUFFRMFISHBT20,BUFFRMFISH2021Jun16,9,R,main,0,0,1,0,1,0,0,1,0,0,,9/3/2021
2021,BUFFRMFISHBT20,BUFFRMFISH2021Jun16,10,L,main,0,0,0,0,1,0,0,0,0,0,,9/3/2021
2021,BUFFRMFISHBT20,BUFFRMFISH2021Jun16,10,M,main,0,0,0,0,0,0,0,0,0,0,,9/3/2021
2021,BUFFRMFISHBT20,BUFFRMFISH2021Jun16,10,R,main,0,0,0,0,1,0,0,1,1,0,,9/3/2021
2021,BUFFRMFISHBT20,BUFFRMFISH2021Jun16,11,L,main,0,0,0,0,1,0,0,0,0,0,,9/3/2021
2021,BUFFRMFISHBT20,BUFFRMFISH2021Jun16,11,M,main,0,1,0,0,0,0,0,0,0,0,,9/3/2021
2021,BUFFRMFISHBT20,BUFFRMFISH2021Jun16,11,R,main,0,0,1,0,1,0,0,1,0,0,,9/3/2021
2021,BUFFRMFISHBT27,BUFFRMFISH2021May24,1,L,main,0,0,0,0,1,0,1,0,0,1,,9/7/2021
2021,BUFFRMFISHBT27,BUFFRMFISH2021May24,1,M,main,0,0,0,0,0,0,0,0,0,0,,9/7/2021
2021,BUFFRMFISHBT27,BUFFRMFISH2021May24,1,R,main,0,0,0,0,1,0,1,1,1,0,,9/7/2021
2021,BUFFRMFISHBT27,BUFFRMFISH2021May24,2,L,main,0,0,0,0,1,0,0,0,1,1,,9/7/2021
2021,BUFFRMFISHBT27,BUFFRMFISH2021May24,2,M,main,0,0,0,0,0,0,0,0,0,0,,9/7/2021
2021,BUFFRMFISHBT27,BUFFRMFISH2021May24,2,R,main,0,0,0,0,1,0,1,1,1,0,,9/7/2021
2021,BUFFRMFISHBT27,BUFFRMFISH2021May24,3,L,main,0,0,0,0,1,0,0,0,1,1,,9/7/2021
2021,BUFFRMFISHBT27,BUFFRMFISH2021May24,3,M,main,0,0,0,0,0,0,0,0,0,0,,9/7/2021
2021,BUFFRMFISHBT27,BUFFRMFISH2021May24,3,R,main,0,0,0,0,1,0,1,1,0,0,,9/7/2021
2021,BUFFRMFISHBT27,BUFFRMFISH2021May24,4,L,main,0,0,1,0,1,0,1,1,1,1,,9/7/2021
2021,BUFFRMFISHBT27,BUFFRMFISH2021May24,4,M,main,0,0,0,0,0,0,0,0,0,0,,9/7/2021
2021,BUFFRMFISHBT27,BUFFRMFISH2021May24,4,R,main,0,0,0,0,1,0,1,1,1,0,,9/7/2021
2021,BUFFRMFISHBT27,BUFFRMFISH2021May24,5,L,main,0,0,0,0,1,0,0,1,1,1,,9/7/2021
2021,BUFFRMFISHBT27,BUFFRMFISH2021May24,5,M,main,0,0,0,0,0,0,0,0,0,0,,9/7/2021
2021,BUFFRMFISHBT27,BUFFRMFISH2021May24,5,R,main,0,0,0,0,1,0,1,1,0,0,,9/7/2021
2021,BUFFRMFISHBT27,BUFFRMFISH2021May24,6,L,main,0,0,0,0,1,0,1,1,1,0,,9/7/2021
2021,BUFFRMFISHBT27,BUFFRMFISH2021May24,6,M,main,0,0,0,0,0,0,0,0,0,0,,9/7/2021
2021,BUFFRMFISHBT27,BUFFRMFISH2021May24,6,R,main,0,0,0,0,1,0,0,1,0,0,,9/7/2021
2021,BUFFRMFISHBT27,BUFFRMFISH2021May24,7,L,main,0,0,0,0,1,0,0,1,0,1,,9/7/2021
2021,BUFFRMFISHBT27,BUFFRMFISH2021May24,7,M,main,0,0,0,0,0,0,0,0,0,0,,9/7/2021
2021,BUFFRMFISHBT27,BUFFRMFISH2021May24,7,R,main,0,0,0,0,1,0,0,0,0,0,,9/7/2021
2021,BUFFRMFISHBT27,BUFFRMFISH2021May24,8,L,main,0,0,0,0,1,0,1,1,0,0,,9/7/2021
2021,BUFFRMFISHBT27,BUFFRMFISH2021May24,8,M,main,0,0,0,1,0,0,0,0,0,0,motor from car,9/7/2021
2021,BUFFRMFISHBT27,BUFFRMFISH2021May24,8,R,main,0,0,0,0,1,0,0,1,0,0,,9/7/2021
2021,BUFFRMFISHBT27,BUFFRMFISH2021May24,9,L,main,0,0,0,0,1,0,1,0,0,1,,9/7/2021
2021,BUFFRMFISHBT27,BUFFRMFISH2021May24,9,M,main,0,0,0,0,0,0,0,0,0,0,,9/7/2021
2021,BUFFRMFISHBT27,BUFFRMFISH2021May24,9,R,main,0,0,1,0,1,0,1,1,0,0,,9/7/2021
2021,BUFFRMFISHBT27,BUFFRMFISH2021May24,10,L,main,0,0,1,0,1,0,1,1,1,1,,9/7/2021
2021,BUFFRMFISHBT27,BUFFRMFISH2021May24,10,M,main,0,0,0,0,0,0,0,0,0,0,,9/7/2021
2021,BUFFRMFISHBT27,BUFFRMFISH2021May24,10,R,main,0,0,0,0,1,0,1,1,1,0,,9/7/2021
2021,BUFFRMFISHBT27,BUFFRMFISH2021May24,11,L,main,0,0,1,0,1,0,0,0,0,0,,9/7/2021
2021,BUFFRMFISHBT27,BUFFRMFISH2021May24,11,M,main,0,0,0,0,0,0,0,0,0,0,,9/7/2021
2021,BUFFRMFISHBT27,BUFFRMFISH2021May24,11,R,main,0,0,0,0,1,0,1,0,1,0,,9/7/2021
2021,BUFFRMFISHBT30,BUFFRMFISH2021Jun10,1,L,main,0,0,0,0,1,1,1,0,0,0,,9/2/2021
2021,BUFFRMFISHBT30,BUFFRMFISH2021Jun10,1,M,main,0,0,0,0,0,0,0,0,0,0,,9/2/2021
2021,BUFFRMFISHBT30,BUFFRMFISH2021Jun10,1,R,main,0,0,0,0,1,0,1,1,0,0,,9/2/2021
2021,BUFFRMFISHBT30,BUFFRMFISH2021Jun10,2,L,main,0,0,0,0,1,1,0,0,0,0,,9/2/2021
2021,BUFFRMFISHBT30,BUFFRMFISH2021Jun10,2,M,main,0,0,0,0,0,0,0,0,0,0,,9/2/2021
2021,BUFFRMFISHBT30,BUFFRMFISH2021Jun10,2,R,main,0,0,0,0,1,0,1,1,1,0,,9/2/2021
2021,BUFFRMFISHBT30,BUFFRMFISH2021Jun10,3,L,main,0,0,0,0,1,0,0,0,0,0,,9/2/2021
2021,BUFFRMFISHBT30,BUFFRMFISH2021Jun10,3,M,main,0,0,0,0,0,0,0,0,0,0,,9/2/2021
2021,BUFFRMFISHBT30,BUFFRMFISH2021Jun10,3,R,main,0,0,0,0,1,0,1,1,0,1,,9/2/2021
2021,BUFFRMFISHBT30,BUFFRMFISH2021Jun10,4,L,main,0,0,0,0,1,0,0,0,0,0,,9/2/2021
2021,BUFFRMFISHBT30,BUFFRMFISH2021Jun10,4,M,main,0,0,0,0,0,0,0,0,0,0,,9/2/2021
2021,BUFFRMFISHBT30,BUFFRMFISH2021Jun10,4,R,main,0,0,0,0,1,0,0,1,1,1,,9/2/2021
2021,BUFFRMFISHBT30,BUFFRMFISH2021Jun10,5,L,main,0,0,0,0,1,0,1,0,0,0,,9/2/2021
2021,BUFFRMFISHBT30,BUFFRMFISH2021Jun10,5,M,main,0,0,0,0,0,0,0,0,0,0,,9/2/2021
2021,BUFFRMFISHBT30,BUFFRMFISH2021Jun10,5,R,main,0,0,0,0,1,0,1,1,1,1,,9/2/2021
2021,BUFFRMFISHBT30,BUFFRMFISH2021Jun10,6,L,main,0,0,0,0,1,0,1,0,0,0,,9/2/2021
2021,BUFFRMFISHBT30,BUFFRMFISH2021Jun10,6,M,main,0,0,0,0,0,0,0,0,0,0,,9/2/2021
2021,BUFFRMFISHBT30,BUFFRMFISH2021Jun10,6,R,main,0,0,0,0,1,0,0,0,0,1,,9/2/2021
2021,BUFFRMFISHBT30,BUFFRMFISH2021Jun10,7,L,main,0,0,0,0,1,0,0,0,0,0,,9/2/2021
2021,BUFFRMFISHBT30,BUFFRMFISH2021Jun10,7,M,main,0,0,0,0,0,0,0,0,0,0,,9/2/2021
2021,BUFFRMFISHBT30,BUFFRMFISH2021Jun10,7,R,main,0,0,0,0,1,0,0,0,1,1,,9/2/2021
2021,BUFFRMFISHBT30,BUFFRMFISH2021Jun10,8,L,main,0,0,0,0,1,0,0,0,0,0,,9/2/2021
2021,BUFFRMFISHBT30,BUFFRMFISH2021Jun10,8,M,main,0,0,0,0,0,0,0,0,0,0,,9/2/2021
2021,BUFFRMFISHBT30,BUFFRMFISH2021Jun10,8,R,main,0,0,0,0,1,0,0,0,1,1,,9/2/2021
2021,BUFFRMFISHBT30,BUFFRMFISH2021Jun10,9,L,main,0,0,0,0,1,0,1,1,0,0,,9/2/2021
2021,BUFFRMFISHBT30,BUFFRMFISH2021Jun10,9,M,main,0,0,0,0,0,0,0,0,0,0,,9/2/2021
2021,BUFFRMFISHBT30,BUFFRMFISH2021Jun10,9,R,main,0,0,0,0,1,0,0,1,1,1,,9/2/2021
2021,BUFFRMFISHBT30,BUFFRMFISH2021Jun10,10,L,main,0,0,0,0,1,0,1,1,0,0,,9/2/2021
2021,BUFFRMFISHBT30,BUFFRMFISH2021Jun10,10,M,main,0,0,0,0,0,0,0,0,0,0,,9/2/2021
2021,BUFFRMFISHBT30,BUFFRMFISH2021Jun10,10,R,main,0,0,0,0,1,0,0,1,0,0,,9/2/2021
2021,BUFFRMFISHBT30,BUFFRMFISH2021Jun10,11,L,main,0,0,0,0,1,0,0,1,0,0,,9/2/2021
2021,BUFFRMFISHBT30,BUFFRMFISH2021Jun10,11,M,main,0,0,0,0,0,0,0,0,0,0,,9/2/2021
2021,BUFFRMFISHBT30,BUFFRMFISH2021Jun10,11,R,main,0,0,0,0,1,0,1,1,1,0,,9/2/2021
2021,BUFFRMFISHBT31,BUFFRMFISH2021Jun11,1,L,main,0,0,0,0,1,0,0,1,0,0,,9/10/2021
2021,BUFFRMFISHBT31,BUFFRMFISH2021Jun11,1,M,main,0,0,0,0,0,0,0,0,0,0,,9/10/2021
2021,BUFFRMFISHBT31,BUFFRMFISH2021Jun11,1,R,main,0,0,0,0,1,1,1,1,0,0,,9/10/2021
2021,BUFFRMFISHBT31,BUFFRMFISH2021Jun11,2,L,main,0,0,0,0,1,0,0,1,0,0,,9/10/2021
2021,BUFFRMFISHBT31,BUFFRMFISH2021Jun11,2,M,main,0,0,0,0,0,0,0,0,0,0,,9/10/2021
2021,BUFFRMFISHBT31,BUFFRMFISH2021Jun11,2,R,main,0,0,0,0,1,0,1,0,1,0,,9/10/2021
2021,BUFFRMFISHBT31,BUFFRMFISH2021Jun11,3,L,main,0,0,0,0,1,1,1,1,0,0,,9/10/2021
2021,BUFFRMFISHBT31,BUFFRMFISH2021Jun11,3,M,main,0,0,0,0,0,0,0,0,0,0,,9/10/2021
2021,BUFFRMFISHBT31,BUFFRMFISH2021Jun11,3,R,main,0,0,0,0,1,1,1,0,0,0,,9/10/2021
2021,BUFFRMFISHBT31,BUFFRMFISH2021Jun11,4,L,main,0,0,0,0,1,0,0,0,0,0,,9/10/2021
2021,BUFFRMFISHBT31,BUFFRMFISH2021Jun11,4,M,main,0,0,0,0,0,0,0,0,0,0,,9/10/2021
2021,BUFFRMFISHBT31,BUFFRMFISH2021Jun11,4,R,main,0,0,0,0,1,0,1,0,0,0,,9/10/2021
2021,BUFFRMFISHBT31,BUFFRMFISH2021Jun11,5,L,main,0,0,0,0,1,1,1,1,0,0,,9/10/2021
2021,BUFFRMFISHBT31,BUFFRMFISH2021Jun11,5,M,main,0,0,0,0,0,0,0,0,0,0,,9/10/2021
2021,BUFFRMFISHBT31,BUFFRMFISH2021Jun11,5,R,main,0,0,0,0,1,0,1,0,1,0,,9/10/2021
2021,BUFFRMFISHBT31,BUFFRMFISH2021Jun11,6,L,main,0,0,0,0,1,0,1,0,0,0,,9/10/2021
2021,BUFFRMFISHBT31,BUFFRMFISH2021Jun11,6,M,main,0,0,0,0,0,0,0,0,0,0,,9/10/2021
2021,BUFFRMFISHBT31,BUFFRMFISH2021Jun11,6,R,main,0,0,0,0,1,0,0,0,0,0,,9/10/2021
2021,BUFFRMFISHBT31,BUFFRMFISH2021Jun11,7,L,main,0,0,1,0,1,0,1,0,1,0,,9/10/2021
2021,BUFFRMFISHBT31,BUFFRMFISH2021Jun11,7,M,main,0,0,0,0,0,0,0,0,0,0,,9/10/2021
2021,BUFFRMFISHBT31,BUFFRMFISH2021Jun11,7,R,main,0,0,0,0,1,0,0,0,0,0,,9/10/2021
2021,BUFFRMFISHBT31,BUFFRMFISH2021Jun11,8,L,main,0,0,1,0,1,0,1,0,1,0,,9/10/2021
2021,BUFFRMFISHBT31,BUFFRMFISH2021Jun11,8,M,main,0,0,0,0,0,0,0,0,0,0,,9/10/2021
2021,BUFFRMFISHBT31,BUFFRMFISH2021Jun11,8,R,main,0,0,0,0,1,0,1,0,1,0,,9/10/2021
2021,BUFFRMFISHBT31,BUFFRMFISH2021Jun11,9,L,main,1,0,0,0,1,0,0,0,0,0,,9/10/2021
2021,BUFFRMFISHBT31,BUFFRMFISH2021Jun11,9,M,main,0,0,0,0,0,0,0,0,0,0,,9/10/2021
2021,BUFFRMFISHBT31,BUFFRMFISH2021Jun11,9,R,main,0,0,0,0,1,0,1,0,0,0,,9/10/2021
2021,BUFFRMFISHBT31,BUFFRMFISH2021Jun11,10,L,main,0,0,0,0,1,1,0,1,0,0,,9/10/2021
2021,BUFFRMFISHBT31,BUFFRMFISH2021Jun11,10,M,main,0,0,1,0,0,0,0,0,0,0,,9/10/2021
2021,BUFFRMFISHBT31,BUFFRMFISH2021Jun11,10,R,main,0,0,0,0,1,0,1,1,0,0,,9/10/2021
2021,BUFFRMFISHBT31,BUFFRMFISH2021Jun11,11,L,main,1,0,0,0,1,0,1,1,1,1,,9/10/2021
2021,BUFFRMFISHBT31,BUFFRMFISH2021Jun11,11,M,main,0,0,0,0,0,0,0,0,0,0,,9/10/2021
2021,BUFFRMFISHBT31,BUFFRMFISH2021Jun11,11,R,main,0,0,0,0,1,0,1,0,0,0,,9/10/2021
2023,BUFFRMFISHBM01,BUFFRMFISH2023May24,1,L,main,0,0,0,0,1,0,0,1,0,0,,6/29/2023
2023,BUFFRMFISHBM01,BUFFRMFISH2023May24,1,L,side channel,0,0,0,0,0,0,0,1,0,0,,6/29/2023
2023,BUFFRMFISHBM01,BUFFRMFISH2023May24,1,M,main,0,0,0,0,0,0,0,0,0,0,,6/29/2023
2023,BUFFRMFISHBM01,BUFFRMFISH2023May24,1,M,side channel,0,0,0,0,0,0,0,0,0,0,,6/29/2023
2023,BUFFRMFISHBM01,BUFFRMFISH2023May24,1,R,main,0,0,1,0,1,0,0,1,0,0,,6/29/2023
2023,BUFFRMFISHBM01,BUFFRMFISH2023May24,1,R,side channel,0,0,0,0,1,0,0,1,0,0,,6/29/2023
2023,BUFFRMFISHBM01,BUFFRMFISH2023May24,2,L,main,0,0,1,0,1,0,0,1,0,0,,6/29/2023
2023,BUFFRMFISHBM01,BUFFRMFISH2023May24,2,L,side channel,0,0,0,0,1,0,0,1,0,0,,6/29/2023
2023,BUFFRMFISHBM01,BUFFRMFISH2023May24,2,M,main,0,0,1,0,0,0,0,0,0,0,,6/29/2023
2023,BUFFRMFISHBM01,BUFFRMFISH2023May24,2,M,side channel,0,0,0,0,0,0,0,0,0,0,,6/29/2023
2023,BUFFRMFISHBM01,BUFFRMFISH2023May24,2,R,main,0,0,1,0,0,0,0,1,0,0,,6/29/2023
2023,BUFFRMFISHBM01,BUFFRMFISH2023May24,2,R,side channel,0,0,0,0,1,0,0,1,0,0,,6/29/2023
2023,BUFFRMFISHBM01,BUFFRMFISH2023May24,3,L,main,0,0,0,0,1,0,0,1,0,0,,6/29/2023
2023,BUFFRMFISHBM01,BUFFRMFISH2023May24,3,L,side channel,0,0,0,0,1,0,0,1,0,0,,6/29/2023
2023,BUFFRMFISHBM01,BUFFRMFISH2023May24,3,M,main,0,1,0,0,0,0,0,0,0,0,,6/29/2023
2023,BUFFRMFISHBM01,BUFFRMFISH2023May24,3,M,side channel,0,0,0,0,0,0,0,0,0,0,,6/29/2023
2023,BUFFRMFISHBM01,BUFFRMFISH2023May24,3,R,main,0,1,1,0,1,0,0,1,0,0,,6/29/2023
2023,BUFFRMFISHBM01,BUFFRMFISH2023May24,3,R,side channel,0,0,0,0,0,0,0,0,0,0,,6/29/2023
2023,BUFFRMFISHBM01,BUFFRMFISH2023May24,4,L,main,0,1,1,0,1,0,1,1,0,0,,6/29/2023
2023,BUFFRMFISHBM01,BUFFRMFISH2023May24,4,L,side channel,0,1,0,0,0,1,0,1,0,0,,6/29/2023
2023,BUFFRMFISHBM01,BUFFRMFISH2023May24,4,M,main,0,0,0,0,0,0,0,0,0,0,,6/29/2023
2023,BUFFRMFISHBM01,BUFFRMFISH2023May24,4,M,side channel,0,0,0,0,0,0,0,0,0,0,3.5 m island,6/29/2023
2023,BUFFRMFISHBM01,BUFFRMFISH2023May24,4,R,main,0,0,0,0,1,0,0,1,0,0,,6/29/2023
2023,BUFFRMFISHBM01,BUFFRMFISH2023May24,4,R,side channel,0,0,0,0,1,0,0,0,0,0,,6/29/2023
2023,BUFFRMFISHBM01,BUFFRMFISH2023May24,5,L,main,0,0,0,0,1,0,0,1,0,0,,6/29/2023
2023,BUFFRMFISHBM01,BUFFRMFISH2023May24,5,L,side channel,0,0,0,0,1,0,1,0,0,0,,6/29/2023
2023,BUFFRMFISHBM01,BUFFRMFISH2023May24,5,M,main,0,0,1,0,0,0,0,0,0,0,,6/29/2023
2023,BUFFRMFISHBM01,BUFFRMFISH2023May24,5,M,side channel,0,0,0,0,0,0,0,0,0,0,15.2 m island,6/29/2023
2023,BUFFRMFISHBM01,BUFFRMFISH2023May24,5,R,main,0,0,0,0,1,0,1,1,0,0,,6/29/2023
2023,BUFFRMFISHBM01,BUFFRMFISH2023May24,5,R,side channel,0,0,0,0,1,0,0,0,0,0,,6/29/2023
2023,BUFFRMFISHBM01,BUFFRMFISH2023May24,6,L,main,0,0,1,0,1,0,1,1,1,0,,6/29/2023
2023,BUFFRMFISHBM01,BUFFRMFISH2023May24,6,L,side channel,0,0,0,0,1,1,0,1,0,0,,6/29/2023
2023,BUFFRMFISHBM01,BUFFRMFISH2023May24,6,M,main,0,0,0,0,0,0,0,0,0,0,,6/29/2023
2023,BUFFRMFISHBM01,BUFFRMFISH2023May24,6,M,side channel,0,0,0,0,0,0,0,0,0,0,,6/29/2023
2023,BUFFRMFISHBM01,BUFFRMFISH2023May24,6,R,main,0,0,1,0,1,1,1,1,0,0,,6/29/2023
2023,BUFFRMFISHBM01,BUFFRMFISH2023May24,6,R,side channel,0,0,0,0,1,1,0,1,0,0,,6/29/2023
2023,BUFFRMFISHBM01,BUFFRMFISH2023May24,7,L,main,0,0,0,0,0,1,0,1,0,0,,6/29/2023
2023,BUFFRMFISHBM01,BUFFRMFISH2023May24,7,M,main,0,0,0,0,0,0,0,0,0,0,,6/29/2023
2023,BUFFRMFISHBM01,BUFFRMFISH2023May24,7,R,main,0,0,1,0,1,0,0,1,0,0,,6/29/2023
2023,BUFFRMFISHBM01,BUFFRMFISH2023May24,8,L,main,0,0,0,0,1,0,0,1,0,0,,6/29/2023
2023,BUFFRMFISHBM01,BUFFRMFISH2023May24,8,M,main,0,0,0,0,0,0,0,0,0,0,,6/29/2023
2023,BUFFRMFISHBM01,BUFFRMFISH2023May24,8,R,main,0,0,1,0,1,0,0,0,0,0,,6/29/2023
2023,BUFFRMFISHBM01,BUFFRMFISH2023May24,9,L,main,0,0,1,0,1,0,1,0,1,0,,6/29/2023
2023,BUFFRMFISHBM01,BUFFRMFISH2023May24,9,M,main,0,0,0,0,0,0,0,0,0,0,,6/29/2023
2023,BUFFRMFISHBM01,BUFFRMFISH2023May24,9,R,main,0,0,0,0,1,0,0,1,0,0,,6/29/2023
2023,BUFFRMFISHBM01,BUFFRMFISH2023May24,10,L,main,0,0,0,0,1,0,1,1,0,0,,6/29/2023
2023,BUFFRMFISHBM01,BUFFRMFISH2023May24,10,M,main,0,0,0,0,0,0,0,0,0,0,,6/29/2023
2023,BUFFRMFISHBM01,BUFFRMFISH2023May24,10,R,main,0,0,0,0,0,1,1,1,0,0,,6/29/2023
2023,BUFFRMFISHBM01,BUFFRMFISH2023May24,11,L,main,0,0,1,0,1,1,1,1,0,0,,6/29/2023
2023,BUFFRMFISHBM01,BUFFRMFISH2023May24,11,M,main,0,0,0,0,0,0,0,0,0,0,,6/29/2023
2023,BUFFRMFISHBM01,BUFFRMFISH2023May24,11,R,main,0,0,0,0,0,0,0,1,0,0,,6/29/2023
2023,BUFFRMFISHBM03,BUFFRMFISH2023May25,1,L,main,0,0,0,0,0,0,0,0,0,0,,6/29/2023
2023,BUFFRMFISHBM03,BUFFRMFISH2023May25,1,M,main,0,0,0,0,0,0,0,0,0,0,,6/29/2023
2023,BUFFRMFISHBM03,BUFFRMFISH2023May25,1,R,main,0,0,0,0,1,0,0,1,0,0,,6/29/2023
2023,BUFFRMFISHBM03,BUFFRMFISH2023May25,2,L,main,0,0,0,0,1,0,1,1,1,0,,6/29/2023
2023,BUFFRMFISHBM03,BUFFRMFISH2023May25,2,M,main,0,0,0,0,0,0,0,0,0,0,,6/29/2023
2023,BUFFRMFISHBM03,BUFFRMFISH2023May25,2,R,main,0,0,0,0,1,0,1,1,0,0,,6/29/2023
2023,BUFFRMFISHBM03,BUFFRMFISH2023May25,3,L,main,0,0,0,0,1,1,1,1,0,0,,6/29/2023
2023,BUFFRMFISHBM03,BUFFRMFISH2023May25,3,M,main,0,0,0,0,0,0,0,0,0,0,,6/29/2023
2023,BUFFRMFISHBM03,BUFFRMFISH2023May25,3,R,main,0,0,0,0,1,0,1,1,0,0,,6/29/2023
2023,BUFFRMFISHBM03,BUFFRMFISH2023May25,4,L,main,0,0,1,0,1,0,0,1,0,0,,6/29/2023
2023,BUFFRMFISHBM03,BUFFRMFISH2023May25,4,M,main,0,0,0,0,0,0,0,0,0,0,,6/29/2023
2023,BUFFRMFISHBM03,BUFFRMFISH2023May25,4,R,main,0,0,0,0,1,0,1,0,0,0,,6/29/2023
2023,BUFFRMFISHBM03,BUFFRMFISH2023May25,5,L,main,0,0,0,0,1,0,0,1,0,0,,6/29/2023
2023,BUFFRMFISHBM03,BUFFRMFISH2023May25,5,M,main,0,0,0,0,0,0,0,0,0,0,,6/29/2023
2023,BUFFRMFISHBM03,BUFFRMFISH2023May25,5,R,main,0,0,0,0,1,0,1,0,0,0,,6/29/2023
2023,BUFFRMFISHBM03,BUFFRMFISH2023May25,6,L,main,0,0,1,0,1,0,0,1,0,1,,6/29/2023
2023,BUFFRMFISHBM03,BUFFRMFISH2023May25,6,M,main,0,0,0,0,0,0,0,0,0,0,,6/29/2023
2023,BUFFRMFISHBM03,BUFFRMFISH2023May25,6,R,main,0,0,0,0,1,0,0,0,0,0,,6/29/2023
2023,BUFFRMFISHBM03,BUFFRMFISH2023May25,7,L,main,0,0,1,0,1,0,1,1,0,1,,6/29/2023
2023,BUFFRMFISHBM03,BUFFRMFISH2023May25,7,M,main,0,0,0,0,0,0,0,0,0,0,,6/29/2023
2023,BUFFRMFISHBM03,BUFFRMFISH2023May25,7,R,main,0,0,0,0,1,0,0,0,0,0,,6/29/2023
2023,BUFFRMFISHBM03,BUFFRMFISH2023May25,8,L,main,0,0,0,0,1,0,0,1,0,1,,6/29/2023
2023,BUFFRMFISHBM03,BUFFRMFISH2023May25,8,M,main,0,0,0,0,0,0,0,0,0,0,,6/29/2023
2023,BUFFRMFISHBM03,BUFFRMFISH2023May25,8,R,main,0,0,0,0,0,0,0,0,0,0,8.5 m gravel bar,6/29/2023
2023,BUFFRMFISHBM03,BUFFRMFISH2023May25,9,L,main,0,0,0,0,1,0,0,1,0,1,,6/29/2023
2023,BUFFRMFISHBM03,BUFFRMFISH2023May25,9,M,main,0,0,0,0,0,0,0,0,0,0,,6/29/2023
2023,BUFFRMFISHBM03,BUFFRMFISH2023May25,9,R,main,0,0,0,0,0,0,0,1,0,0,,6/29/2023
2023,BUFFRMFISHBM03,BUFFRMFISH2023May25,10,L,main,0,0,0,0,1,1,1,1,0,0,,6/29/2023
2023,BUFFRMFISHBM03,BUFFRMFISH2023May25,10,M,main,0,0,0,0,0,0,0,0,0,0,,6/29/2023
2023,BUFFRMFISHBM03,BUFFRMFISH2023May25,10,R,main,0,0,0,0,1,0,0,0,0,0,8 m gravel bar,6/29/2023
2023,BUFFRMFISHBM03,BUFFRMFISH2023May25,11,L,main,0,0,0,0,1,0,0,1,0,0,,6/29/2023
2023,BUFFRMFISHBM03,BUFFRMFISH2023May25,11,M,main,0,0,0,0,0,0,0,0,0,0,,6/29/2023
2023,BUFFRMFISHBM03,BUFFRMFISH2023May25,11,R,main,0,0,0,0,1,0,0,0,0,0,,6/29/2023
2023,BUFFRMFISHBM04,BUFFRMFISH2023Jun01,1,L,main,0,0,0,0,1,0,0,1,0,0,,6/29/2023
2023,BUFFRMFISHBM04,BUFFRMFISH2023Jun01,1,M,main,0,0,0,0,0,0,0,0,0,0,,6/29/2023
2023,BUFFRMFISHBM04,BUFFRMFISH2023Jun01,1,R,main,0,0,0,0,1,0,0,1,0,0,,6/29/2023
2023,BUFFRMFISHBM04,BUFFRMFISH2023Jun01,2,L,main,1,0,0,0,0,0,1,1,0,0,,6/29/2023
2023,BUFFRMFISHBM04,BUFFRMFISH2023Jun01,2,M,main,0,0,0,0,0,0,0,0,0,0,,6/29/2023
2023,BUFFRMFISHBM04,BUFFRMFISH2023Jun01,2,R,main,0,0,0,0,0,0,0,1,0,0,,6/29/2023
2023,BUFFRMFISHBM04,BUFFRMFISH2023Jun01,3,L,main,0,0,0,0,0,0,0,1,0,0,,6/29/2023
2023,BUFFRMFISHBM04,BUFFRMFISH2023Jun01,3,M,main,0,0,0,0,0,0,0,0,0,0,,6/29/2023
2023,BUFFRMFISHBM04,BUFFRMFISH2023Jun01,3,R,main,0,0,0,0,1,0,0,1,0,0,,6/29/2023
2023,BUFFRMFISHBM04,BUFFRMFISH2023Jun01,4,L,main,0,0,0,0,0,0,0,1,0,0,,6/29/2023
2023,BUFFRMFISHBM04,BUFFRMFISH2023Jun01,4,M,main,0,0,0,0,0,0,0,0,0,0,,6/29/2023
2023,BUFFRMFISHBM04,BUFFRMFISH2023Jun01,4,R,main,0,0,0,0,1,0,0,1,0,0,,6/29/2023
2023,BUFFRMFISHBM04,BUFFRMFISH2023Jun01,5,L,main,0,0,1,0,0,0,0,1,0,0,,6/29/2023
2023,BUFFRMFISHBM04,BUFFRMFISH2023Jun01,5,M,main,0,0,0,0,0,0,0,0,0,0,,6/29/2023
2023,BUFFRMFISHBM04,BUFFRMFISH2023Jun01,5,R,main,0,0,0,0,1,0,0,1,0,0,,6/29/2023
2023,BUFFRMFISHBM04,BUFFRMFISH2023Jun01,6,L,main,0,0,0,0,1,1,0,1,0,0,,6/29/2023
2023,BUFFRMFISHBM04,BUFFRMFISH2023Jun01,6,M,main,0,0,0,0,0,0,0,0,0,0,,6/29/2023
2023,BUFFRMFISHBM04,BUFFRMFISH2023Jun01,6,R,main,0,0,0,0,1,0,1,1,0,0,,6/29/2023
2023,BUFFRMFISHBM04,BUFFRMFISH2023Jun01,7,L,main,0,0,0,0,1,0,0,1,0,0,,6/29/2023
2023,BUFFRMFISHBM04,BUFFRMFISH2023Jun01,7,M,main,0,0,0,0,0,0,0,0,0,0,,6/29/2023
2023,BUFFRMFISHBM04,BUFFRMFISH2023Jun01,7,R,main,0,0,0,0,1,1,0,1,0,0,,6/29/2023
2023,BUFFRMFISHBM04,BUFFRMFISH2023Jun01,8,L,main,0,0,0,0,0,0,0,1,0,0,,6/29/2023
2023,BUFFRMFISHBM04,BUFFRMFISH2023Jun01,8,M,main,0,0,0,0,0,0,0,0,0,0,,6/29/2023
2023,BUFFRMFISHBM04,BUFFRMFISH2023Jun01,8,R,main,0,0,0,0,1,0,1,0,1,0,,6/29/2023
2023,BUFFRMFISHBM04,BUFFRMFISH2023Jun01,9,L,main,0,0,0,0,1,0,0,1,0,0,,6/29/2023
2023,BUFFRMFISHBM04,BUFFRMFISH2023Jun01,9,M,main,0,0,0,0,0,0,0,0,0,0,3.4 m island,6/29/2023
2023,BUFFRMFISHBM04,BUFFRMFISH2023Jun01,9,R,main,0,0,0,0,0,0,0,0,0,0,,6/29/2023
2023,BUFFRMFISHBM05,BUFFRMFISH2023Jun07,1,L,main,0,0,0,0,1,0,0,1,0,0,,6/30/2023
2023,BUFFRMFISHBM05,BUFFRMFISH2023Jun07,1,M,main,0,0,0,0,0,0,0,0,0,0,,6/30/2023
2023,BUFFRMFISHBM05,BUFFRMFISH2023Jun07,1,R,main,0,0,0,0,1,0,1,1,0,0,,6/30/2023
2023,BUFFRMFISHBM05,BUFFRMFISH2023Jun07,2,L,main,0,0,0,0,0,0,0,1,0,0,,6/30/2023
2023,BUFFRMFISHBM05,BUFFRMFISH2023Jun07,2,M,main,0,0,0,0,0,0,0,0,0,0,,6/30/2023
2023,BUFFRMFISHBM05,BUFFRMFISH2023Jun07,2,R,main,0,0,0,0,0,0,0,1,0,0,,6/30/2023
2023,BUFFRMFISHBM05,BUFFRMFISH2023Jun07,3,L,main,0,0,0,0,0,0,0,1,0,0,,6/30/2023
2023,BUFFRMFISHBM05,BUFFRMFISH2023Jun07,3,M,main,0,0,0,0,0,0,0,0,0,0,,6/30/2023
2023,BUFFRMFISHBM05,BUFFRMFISH2023Jun07,3,R,main,0,0,0,0,0,0,0,0,0,0,,6/30/2023
2023,BUFFRMFISHBM05,BUFFRMFISH2023Jun07,4,L,main,0,0,0,0,0,0,0,1,0,0,,6/30/2023
2023,BUFFRMFISHBM05,BUFFRMFISH2023Jun07,4,M,main,0,0,0,0,0,0,0,0,0,0,,6/30/2023
2023,BUFFRMFISHBM05,BUFFRMFISH2023Jun07,4,R,main,0,0,0,0,0,0,0,0,0,0,,6/30/2023
2023,BUFFRMFISHBM05,BUFFRMFISH2023Jun07,5,L,main,0,0,0,0,0,0,0,1,0,0,,6/30/2023
2023,BUFFRMFISHBM05,BUFFRMFISH2023Jun07,5,M,main,0,0,0,0,0,0,0,0,0,0,,6/30/2023
2023,BUFFRMFISHBM05,BUFFRMFISH2023Jun07,5,R,main,0,0,0,0,0,0,0,0,0,0,,6/30/2023
2023,BUFFRMFISHBM05,BUFFRMFISH2023Jun07,6,L,main,0,0,0,0,1,0,0,1,0,0,,6/30/2023
2023,BUFFRMFISHBM05,BUFFRMFISH2023Jun07,6,M,main,0,0,0,0,0,0,0,0,0,0,,6/30/2023
2023,BUFFRMFISHBM05,BUFFRMFISH2023Jun07,6,R,main,0,0,0,0,1,0,0,1,0,0,,6/30/2023
2023,BUFFRMFISHBM05,BUFFRMFISH2023Jun07,7,L,main,0,0,0,0,1,0,0,1,0,0,,6/30/2023
2023,BUFFRMFISHBM05,BUFFRMFISH2023Jun07,7,M,main,0,0,0,0,0,0,0,0,0,0,,6/30/2023
2023,BUFFRMFISHBM05,BUFFRMFISH2023Jun07,7,R,main,0,0,0,0,0,0,1,1,0,0,,6/30/2023
2023,BUFFRMFISHBM05,BUFFRMFISH2023Jun07,8,L,main,0,0,0,0,1,0,0,0,0,0,,6/30/2023
2023,BUFFRMFISHBM05,BUFFRMFISH2023Jun07,8,M,main,0,0,0,0,0,0,0,0,0,0,,6/30/2023
2023,BUFFRMFISHBM05,BUFFRMFISH2023Jun07,8,R,main,0,0,0,0,0,0,0,1,1,1,,6/30/2023
2023,BUFFRMFISHBM05,BUFFRMFISH2023Jun07,9,L,main,0,0,0,0,0,0,0,1,1,0,,6/30/2023
2023,BUFFRMFISHBM05,BUFFRMFISH2023Jun07,9,M,main,0,0,0,0,0,0,0,0,0,0,,6/30/2023
2023,BUFFRMFISHBM05,BUFFRMFISH2023Jun07,9,R,main,0,0,0,0,1,0,0,1,0,1,,6/30/2023
2023,BUFFRMFISHBM05,BUFFRMFISH2023Jun07,10,L,main,0,0,0,0,0,0,0,0,0,0,,6/30/2023
2023,BUFFRMFISHBM05,BUFFRMFISH2023Jun07,10,M,main,0,0,0,0,0,0,0,0,0,0,,6/30/2023
2023,BUFFRMFISHBM05,BUFFRMFISH2023Jun07,10,R,main,0,0,0,0,0,0,0,1,1,1,,6/30/2023
2023,BUFFRMFISHBM05,BUFFRMFISH2023Jun07,11,L,main,0,0,0,0,0,0,0,1,1,0,,6/30/2023
2023,BUFFRMFISHBM05,BUFFRMFISH2023Jun07,11,M,main,0,0,0,0,0,0,0,0,0,0,,6/30/2023
2023,BUFFRMFISHBM05,BUFFRMFISH2023Jun07,11,R,main,0,0,0,0,0,0,0,1,1,1,,6/30/2023
2023,BUFFRMFISHBM06,BUFFRMFISH2023Jun14,1,L,main,0,0,0,0,1,1,1,1,0,0,,6/30/2023
2023,BUFFRMFISHBM06,BUFFRMFISH2023Jun14,1,M,main,0,0,0,0,0,0,0,0,0,0,1.5 m island,6/30/2023
2023,BUFFRMFISHBM06,BUFFRMFISH2023Jun14,1,R,main,0,0,0,0,1,0,0,1,0,0,,6/30/2023
2023,BUFFRMFISHBM06,BUFFRMFISH2023Jun14,2,L,main,0,0,0,0,1,0,0,0,0,0,,6/30/2023
2023,BUFFRMFISHBM06,BUFFRMFISH2023Jun14,2,M,main,0,0,0,0,0,0,0,0,0,0,,6/30/2023
2023,BUFFRMFISHBM06,BUFFRMFISH2023Jun14,2,R,main,0,0,0,0,1,0,1,1,0,0,,6/30/2023
2023,BUFFRMFISHBM06,BUFFRMFISH2023Jun14,3,L,main,0,0,0,0,1,0,0,1,0,0,,6/30/2023
2023,BUFFRMFISHBM06,BUFFRMFISH2023Jun14,3,M,main,0,0,0,0,0,0,0,0,0,0,,6/30/2023
2023,BUFFRMFISHBM06,BUFFRMFISH2023Jun14,3,R,main,1,0,0,0,1,0,0,0,0,0,,6/30/2023
2023,BUFFRMFISHBM06,BUFFRMFISH2023Jun14,4,L,main,0,0,0,0,0,0,0,1,0,0,,6/30/2023
2023,BUFFRMFISHBM06,BUFFRMFISH2023Jun14,4,M,main,0,0,0,0,0,0,0,0,0,0,,6/30/2023
2023,BUFFRMFISHBM06,BUFFRMFISH2023Jun14,4,R,main,0,0,0,0,1,0,0,1,0,0,,6/30/2023
2023,BUFFRMFISHBM06,BUFFRMFISH2023Jun14,5,L,main,0,0,0,0,0,0,0,0,0,0,,6/30/2023
2023,BUFFRMFISHBM06,BUFFRMFISH2023Jun14,5,M,main,0,0,0,0,0,0,0,0,0,0,,6/30/2023
2023,BUFFRMFISHBM06,BUFFRMFISH2023Jun14,5,R,main,0,0,0,0,1,0,0,1,0,0,,6/30/2023
2023,BUFFRMFISHBM06,BUFFRMFISH2023Jun14,6,L,main,0,0,0,0,1,1,1,1,0,0,,6/30/2023
2023,BUFFRMFISHBM06,BUFFRMFISH2023Jun14,6,M,main,0,0,0,0,0,0,0,0,0,0,,6/30/2023
2023,BUFFRMFISHBM06,BUFFRMFISH2023Jun14,6,R,main,0,0,0,0,1,0,0,1,0,0,,6/30/2023
2023,BUFFRMFISHBM06,BUFFRMFISH2023Jun14,7,L,main,0,0,0,0,1,1,0,0,0,0,,6/30/2023
2023,BUFFRMFISHBM06,BUFFRMFISH2023Jun14,7,M,main,0,0,0,0,0,0,0,0,0,0,,6/30/2023
2023,BUFFRMFISHBM06,BUFFRMFISH2023Jun14,7,R,main,0,0,0,0,1,1,1,1,0,0,,6/30/2023
2023,BUFFRMFISHBM06,BUFFRMFISH2023Jun14,8,L,main,0,0,0,0,1,0,0,0,0,0,,6/30/2023
2023,BUFFRMFISHBM06,BUFFRMFISH2023Jun14,8,M,main,0,0,0,0,0,0,0,0,0,0,,6/30/2023
2023,BUFFRMFISHBM06,BUFFRMFISH2023Jun14,8,R,main,0,0,0,0,1,0,0,1,0,0,,6/30/2023
2023,BUFFRMFISHBM06,BUFFRMFISH2023Jun14,9,L,main,0,0,0,0,1,0,0,1,0,0,,6/30/2023
2023,BUFFRMFISHBM06,BUFFRMFISH2023Jun14,9,M,main,0,0,0,0,0,0,0,0,0,0,,6/30/2023
2023,BUFFRMFISHBM06,BUFFRMFISH2023Jun14,9,R,main,0,0,0,0,1,1,0,1,0,0,,6/30/2023
2023,BUFFRMFISHBM06,BUFFRMFISH2023Jun14,10,L,main,0,0,0,0,1,0,0,0,0,0,,6/30/2023
2023,BUFFRMFISHBM06,BUFFRMFISH2023Jun14,10,M,main,0,0,0,0,0,0,0,0,0,0,,6/30/2023
2023,BUFFRMFISHBM06,BUFFRMFISH2023Jun14,10,R,main,0,0,0,0,0,0,0,1,0,1,,6/30/2023
2023,BUFFRMFISHBM06,BUFFRMFISH2023Jun14,11,L,main,0,0,0,0,1,0,0,0,0,0,,6/30/2023
2023,BUFFRMFISHBM06,BUFFRMFISH2023Jun14,11,M,main,0,0,0,0,0,0,0,0,0,0,,6/30/2023
2023,BUFFRMFISHBM06,BUFFRMFISH2023Jun14,11,R,main,0,0,0,0,0,0,0,1,0,0,Transect 11 off by 82.5 m from end of fish site,6/30/2023
2023,BUFFRMFISHBT05,BUFFRMFISH2023Jun02,1,L,main,0,0,0,0,1,0,0,0,0,0,,7/5/2023
2023,BUFFRMFISHBT05,BUFFRMFISH2023Jun02,1,M,main,0,0,0,0,0,0,0,0,0,0,,7/5/2023
2023,BUFFRMFISHBT05,BUFFRMFISH2023Jun02,1,R,main,0,0,0,0,1,0,0,0,1,0,,7/5/2023
2023,BUFFRMFISHBT05,BUFFRMFISH2023Jun02,2,L,main,0,0,0,0,1,0,0,1,0,0,,7/5/2023
2023,BUFFRMFISHBT05,BUFFRMFISH2023Jun02,2,M,main,0,1,1,0,0,0,0,0,0,0,,7/5/2023
2023,BUFFRMFISHBT05,BUFFRMFISH2023Jun02,2,R,main,0,0,0,0,1,0,0,1,0,0,,7/5/2023
2023,BUFFRMFISHBT05,BUFFRMFISH2023Jun02,3,L,main,0,0,1,0,1,0,0,1,0,0,,7/5/2023
2023,BUFFRMFISHBT05,BUFFRMFISH2023Jun02,3,M,main,0,1,0,0,0,0,0,0,0,0,,7/5/2023
2023,BUFFRMFISHBT05,BUFFRMFISH2023Jun02,3,R,main,0,1,0,0,1,0,1,1,0,0,,7/5/2023
2023,BUFFRMFISHBT05,BUFFRMFISH2023Jun02,4,L,main,0,0,0,0,1,0,0,0,0,0,,7/5/2023
2023,BUFFRMFISHBT05,BUFFRMFISH2023Jun02,4,M,main,0,0,1,0,0,0,0,0,0,0,,7/5/2023
2023,BUFFRMFISHBT05,BUFFRMFISH2023Jun02,4,R,main,0,1,0,0,1,0,0,1,0,0,,7/5/2023
2023,BUFFRMFISHBT05,BUFFRMFISH2023Jun02,5,L,main,0,0,0,0,1,0,1,1,0,0,,7/5/2023
2023,BUFFRMFISHBT05,BUFFRMFISH2023Jun02,5,M,main,0,0,0,0,0,0,0,0,0,0,,7/5/2023
2023,BUFFRMFISHBT05,BUFFRMFISH2023Jun02,5,R,main,0,0,0,0,1,0,0,1,0,0,,7/5/2023
2023,BUFFRMFISHBT05,BUFFRMFISH2023Jun02,6,L,main,0,0,0,0,1,1,0,1,0,0,,7/5/2023
2023,BUFFRMFISHBT05,BUFFRMFISH2023Jun02,6,M,main,0,0,0,0,0,0,0,0,0,0,,7/5/2023
2023,BUFFRMFISHBT05,BUFFRMFISH2023Jun02,6,R,main,0,0,0,0,1,0,1,1,0,0,,7/5/2023
2023,BUFFRMFISHBT05,BUFFRMFISH2023Jun02,7,L,main,0,0,1,0,1,0,0,0,0,0,,7/5/2023
2023,BUFFRMFISHBT05,BUFFRMFISH2023Jun02,7,M,main,0,0,0,0,0,0,0,0,0,0,3.3 m island,7/5/2023
2023,BUFFRMFISHBT05,BUFFRMFISH2023Jun02,7,R,main,0,0,0,0,1,0,1,1,0,0,,7/5/2023
2023,BUFFRMFISHBT05,BUFFRMFISH2023Jun02,8,L,main,0,0,1,0,1,0,0,1,0,0,,7/5/2023
2023,BUFFRMFISHBT05,BUFFRMFISH2023Jun02,8,M,main,0,0,1,0,0,0,0,0,0,0,,7/5/2023
2023,BUFFRMFISHBT05,BUFFRMFISH2023Jun02,8,R,main,0,0,0,0,1,0,0,1,0,0,,7/5/2023
2023,BUFFRMFISHBT05,BUFFRMFISH2023Jun02,9,L,main,0,0,0,0,1,0,0,0,0,0,,7/5/2023
2023,BUFFRMFISHBT05,BUFFRMFISH2023Jun02,9,M,main,0,0,0,0,0,0,0,0,0,0,,7/5/2023
2023,BUFFRMFISHBT05,BUFFRMFISH2023Jun02,9,R,main,0,0,1,0,1,0,0,1,0,0,,7/5/2023
2023,BUFFRMFISHBT07,BUFFRMFISH2023May23,1,L,main,0,0,0,0,1,1,1,1,1,0,,7/5/2023
2023,BUFFRMFISHBT07,BUFFRMFISH2023May23,1,M,main,0,0,0,0,0,0,0,0,0,0,,7/5/2023
2023,BUFFRMFISHBT07,BUFFRMFISH2023May23,1,R,main,0,0,0,0,1,0,1,1,0,0,,7/5/2023
2023,BUFFRMFISHBT07,BUFFRMFISH2023May23,2,L,main,0,0,0,0,1,0,0,0,0,0,,7/5/2023
2023,BUFFRMFISHBT07,BUFFRMFISH2023May23,2,M,main,0,0,0,0,0,0,0,0,0,0,,7/5/2023
2023,BUFFRMFISHBT07,BUFFRMFISH2023May23,2,R,main,0,0,0,0,1,1,1,1,1,0,,7/5/2023
2023,BUFFRMFISHBT07,BUFFRMFISH2023May23,3,L,main,0,0,0,0,0,0,0,0,0,0,,7/5/2023
2023,BUFFRMFISHBT07,BUFFRMFISH2023May23,3,M,main,0,0,0,0,0,0,0,0,0,0,,7/5/2023
2023,BUFFRMFISHBT07,BUFFRMFISH2023May23,3,R,main,0,0,0,0,1,0,1,1,1,0,,7/5/2023
2023,BUFFRMFISHBT07,BUFFRMFISH2023May23,4,L,main,0,0,0,0,1,0,0,1,1,0,,7/5/2023
2023,BUFFRMFISHBT07,BUFFRMFISH2023May23,4,M,main,0,0,0,0,0,0,0,0,0,0,,7/5/2023
2023,BUFFRMFISHBT07,BUFFRMFISH2023May23,4,R,main,0,0,0,0,0,1,1,1,0,0,,7/5/2023
2023,BUFFRMFISHBT07,BUFFRMFISH2023May23,5,L,main,0,0,0,0,1,0,1,1,1,0,,7/5/2023
2023,BUFFRMFISHBT07,BUFFRMFISH2023May23,5,M,main,0,0,0,0,0,0,0,0,0,0,,7/5/2023
2023,BUFFRMFISHBT07,BUFFRMFISH2023May23,5,R,main,0,0,0,0,1,0,0,1,0,0,,7/5/2023
2023,BUFFRMFISHBT07,BUFFRMFISH2023May23,6,L,main,0,0,0,0,0,0,0,1,1,0,,7/5/2023
2023,BUFFRMFISHBT07,BUFFRMFISH2023May23,6,M,main,0,0,0,0,0,0,0,0,0,0,,7/5/2023
2023,BUFFRMFISHBT07,BUFFRMFISH2023May23,6,R,main,0,0,0,0,1,0,0,0,0,0,,7/5/2023
2023,BUFFRMFISHBT07,BUFFRMFISH2023May23,7,L,main,0,0,0,0,0,0,0,0,1,0,,7/5/2023
2023,BUFFRMFISHBT07,BUFFRMFISH2023May23,7,M,main,0,0,0,0,0,0,0,0,0,0,,7/5/2023
2023,BUFFRMFISHBT07,BUFFRMFISH2023May23,7,R,main,0,0,0,0,1,1,0,0,0,0,,7/5/2023
2023,BUFFRMFISHBT07,BUFFRMFISH2023May23,8,L,main,0,0,0,0,0,0,1,1,1,0,,7/5/2023
2023,BUFFRMFISHBT07,BUFFRMFISH2023May23,8,M,main,0,0,0,0,0,0,0,0,0,0,,7/5/2023
2023,BUFFRMFISHBT07,BUFFRMFISH2023May23,8,R,main,0,0,0,0,0,0,0,0,0,0,,7/5/2023
2023,BUFFRMFISHBT07,BUFFRMFISH2023May23,9,L,main,0,0,0,0,0,1,1,1,1,0,,7/5/2023
2023,BUFFRMFISHBT07,BUFFRMFISH2023May23,9,M,main,0,0,0,0,0,0,0,0,0,0,,7/5/2023
2023,BUFFRMFISHBT07,BUFFRMFISH2023May23,9,R,main,0,0,0,0,1,0,0,0,0,0,,7/5/2023
2023,BUFFRMFISHBT07,BUFFRMFISH2023May23,10,L,main,0,0,0,0,0,0,0,1,0,0,,7/5/2023
2023,BUFFRMFISHBT07,BUFFRMFISH2023May23,10,M,main,0,0,0,0,0,0,0,0,0,0,,7/5/2023
2023,BUFFRMFISHBT07,BUFFRMFISH2023May23,10,R,main,0,0,0,0,0,0,0,0,0,0,,7/5/2023
2023,BUFFRMFISHBT07,BUFFRMFISH2023May23,11,L,main,0,0,0,0,1,0,0,0,0,0,,7/5/2023
2023,BUFFRMFISHBT07,BUFFRMFISH2023May23,11,M,main,0,0,0,0,0,0,0,0,0,0,,7/5/2023
2023,BUFFRMFISHBT07,BUFFRMFISH2023May23,11,R,main,0,0,0,0,0,0,0,0,0,0,,7/5/2023
2023,BUFFRMFISHBT15,BUFFRMFISH2023May26,1,L,main,0,0,0,0,1,0,0,0,0,0,,7/5/2023
2023,BUFFRMFISHBT15,BUFFRMFISH2023May26,1,M,main,0,0,0,0,0,0,0,0,0,0,,7/5/2023
2023,BUFFRMFISHBT15,BUFFRMFISH2023May26,1,R,main,0,0,0,0,0,0,0,0,0,0,,7/5/2023
2023,BUFFRMFISHBT15,BUFFRMFISH2023May26,2,L,main,0,0,0,0,0,0,1,0,1,0,,7/5/2023
2023,BUFFRMFISHBT15,BUFFRMFISH2023May26,2,M,main,0,0,0,0,0,0,0,0,0,0,,7/5/2023
2023,BUFFRMFISHBT15,BUFFRMFISH2023May26,2,R,main,0,0,0,0,1,0,0,0,0,0,,7/5/2023
2023,BUFFRMFISHBT15,BUFFRMFISH2023May26,3,L,main,0,0,0,0,1,0,1,1,1,0,,7/5/2023
2023,BUFFRMFISHBT15,BUFFRMFISH2023May26,3,M,main,0,0,0,0,0,0,0,0,0,0,,7/5/2023
2023,BUFFRMFISHBT15,BUFFRMFISH2023May26,3,R,main,0,0,0,0,1,0,0,0,0,0,,7/5/2023
2023,BUFFRMFISHBT15,BUFFRMFISH2023May26,4,L,main,0,0,0,0,0,0,0,0,0,0,,7/5/2023
2023,BUFFRMFISHBT15,BUFFRMFISH2023May26,4,M,main,1,0,0,0,0,0,0,0,0,0,,7/5/2023
2023,BUFFRMFISHBT15,BUFFRMFISH2023May26,4,R,main,1,0,0,0,1,0,0,0,0,0,,7/5/2023
2023,BUFFRMFISHBT15,BUFFRMFISH2023May26,5,L,main,0,0,0,0,1,0,0,0,0,0,,7/5/2023
2023,BUFFRMFISHBT15,BUFFRMFISH2023May26,5,M,main,0,0,0,0,0,0,0,0,0,0,,7/5/2023
2023,BUFFRMFISHBT15,BUFFRMFISH2023May26,5,R,main,0,0,0,0,1,0,1,1,1,0,,7/5/2023
2023,BUFFRMFISHBT15,BUFFRMFISH2023May26,6,L,main,0,0,0,0,1,0,0,0,0,0,,7/5/2023
2023,BUFFRMFISHBT15,BUFFRMFISH2023May26,6,M,main,0,0,0,0,0,0,0,0,0,0,,7/5/2023
2023,BUFFRMFISHBT15,BUFFRMFISH2023May26,6,R,main,0,0,0,0,1,0,1,1,1,0,,7/5/2023
2023,BUFFRMFISHBT15,BUFFRMFISH2023May26,7,L,main,1,0,0,0,1,0,0,1,0,0,,7/5/2023
2023,BUFFRMFISHBT15,BUFFRMFISH2023May26,7,M,main,1,0,0,0,0,0,0,0,0,0,,7/5/2023
2023,BUFFRMFISHBT15,BUFFRMFISH2023May26,7,R,main,0,0,0,0,1,0,0,1,1,0,,7/5/2023
2023,BUFFRMFISHBT15,BUFFRMFISH2023May26,8,L,main,1,0,0,0,1,0,1,1,1,0,,7/5/2023
2023,BUFFRMFISHBT15,BUFFRMFISH2023May26,8,M,main,0,0,0,0,0,0,0,0,0,0,,7/5/2023
2023,BUFFRMFISHBT15,BUFFRMFISH2023May26,8,R,main,0,0,0,0,1,0,0,1,1,0,,7/5/2023
2023,BUFFRMFISHBT15,BUFFRMFISH2023May26,9,L,main,0,0,0,0,1,0,0,1,0,0,,7/5/2023
2023,BUFFRMFISHBT15,BUFFRMFISH2023May26,9,M,main,0,0,0,0,0,0,0,0,0,0,,7/5/2023
2023,BUFFRMFISHBT15,BUFFRMFISH2023May26,9,R,main,1,0,0,0,1,0,0,1,0,0,,7/5/2023
2023,BUFFRMFISHBT15,BUFFRMFISH2023May26,10,L,main,0,0,0,0,1,0,1,1,1,0,,7/5/2023
2023,BUFFRMFISHBT15,BUFFRMFISH2023May26,10,M,main,1,0,0,0,0,0,0,0,0,0,,7/5/2023
2023,BUFFRMFISHBT15,BUFFRMFISH2023May26,10,R,main,1,0,0,0,0,0,0,0,0,0,,7/5/2023
2023,BUFFRMFISHBT15,BUFFRMFISH2023May26,11,L,main,0,0,0,0,1,0,0,0,0,0,,7/5/2023
2023,BUFFRMFISHBT15,BUFFRMFISH2023May26,11,M,main,0,0,0,0,0,0,0,0,0,0,,7/5/2023
2023,BUFFRMFISHBT15,BUFFRMFISH2023May26,11,R,main,1,0,0,0,0,0,0,0,0,0,,7/5/2023
2023,BUFFRMFISHBT19,BUFFRMFISH2023May30,1,L,main,0,0,0,0,1,0,1,0,1,0,,7/5/2023
2023,BUFFRMFISHBT19,BUFFRMFISH2023May30,1,M,main,0,0,0,0,0,0,0,0,0,0,,7/5/2023
2023,BUFFRMFISHBT19,BUFFRMFISH2023May30,1,R,main,0,0,0,0,1,0,0,0,0,0,,7/5/2023
2023,BUFFRMFISHBT19,BUFFRMFISH2023May30,2,L,main,0,0,0,0,1,0,0,0,1,0,,7/5/2023
2023,BUFFRMFISHBT19,BUFFRMFISH2023May30,2,M,main,0,0,0,0,0,0,0,0,0,0,,7/5/2023
2023,BUFFRMFISHBT19,BUFFRMFISH2023May30,2,R,main,0,0,0,0,0,0,0,0,0,0,,7/5/2023
2023,BUFFRMFISHBT19,BUFFRMFISH2023May30,3,L,main,0,1,0,0,0,0,0,0,1,0,,7/5/2023
2023,BUFFRMFISHBT19,BUFFRMFISH2023May30,3,M,main,0,0,0,0,0,0,0,0,0,0,5.9 m gravel island,7/5/2023
2023,BUFFRMFISHBT19,BUFFRMFISH2023May30,3,R,main,0,0,0,0,1,0,0,0,0,0,,7/5/2023
2023,BUFFRMFISHBT19,BUFFRMFISH2023May30,4,L,main,0,0,0,0,1,0,0,1,1,0,,7/5/2023
2023,BUFFRMFISHBT19,BUFFRMFISH2023May30,4,M,main,0,0,0,0,0,0,0,0,0,0,21.6 m gravel island,7/5/2023
2023,BUFFRMFISHBT19,BUFFRMFISH2023May30,4,R,main,0,0,0,0,1,0,0,0,0,0,,7/5/2023
2023,BUFFRMFISHBT19,BUFFRMFISH2023May30,5,L,main,0,0,0,0,0,0,0,0,0,0,,7/5/2023
2023,BUFFRMFISHBT19,BUFFRMFISH2023May30,5,M,main,0,0,0,0,0,0,0,0,0,0,14.8 m gravel island,7/5/2023
2023,BUFFRMFISHBT19,BUFFRMFISH2023May30,5,R,main,0,0,0,0,1,0,0,0,0,0,,7/5/2023
2023,BUFFRMFISHBT19,BUFFRMFISH2023May30,6,L,main,0,0,0,0,1,0,0,0,0,0,,7/5/2023
2023,BUFFRMFISHBT19,BUFFRMFISH2023May30,6,M,main,0,0,0,0,0,0,0,0,0,0,,7/5/2023
2023,BUFFRMFISHBT19,BUFFRMFISH2023May30,6,R,main,0,0,0,0,1,0,0,1,0,0,,7/5/2023
2023,BUFFRMFISHBT19,BUFFRMFISH2023May30,7,L,main,0,0,0,0,0,0,0,0,0,0,,7/5/2023
2023,BUFFRMFISHBT19,BUFFRMFISH2023May30,7,M,main,0,0,0,0,0,0,0,0,0,0,,7/5/2023
2023,BUFFRMFISHBT19,BUFFRMFISH2023May30,7,R,main,0,0,0,0,0,0,1,0,0,0,,7/5/2023
2023,BUFFRMFISHBT19,BUFFRMFISH2023May30,8,L,main,0,0,0,0,1,0,0,0,0,0,,7/5/2023
2023,BUFFRMFISHBT19,BUFFRMFISH2023May30,8,M,main,0,0,0,0,0,0,0,0,0,0,,7/5/2023
2023,BUFFRMFISHBT19,BUFFRMFISH2023May30,8,R,main,0,0,0,0,0,0,1,0,0,0,,7/5/2023
2023,BUFFRMFISHBT19,BUFFRMFISH2023May30,9,L,main,0,0,0,0,0,0,0,0,0,0,,7/5/2023
2023,BUFFRMFISHBT19,BUFFRMFISH2023May30,9,M,main,0,0,0,0,0,0,0,0,0,0,,7/5/2023
2023,BUFFRMFISHBT19,BUFFRMFISH2023May30,9,R,main,0,0,0,0,0,0,1,0,0,0,,7/5/2023
2023,BUFFRMFISHBT19,BUFFRMFISH2023May30,10,L,main,0,0,0,0,0,0,0,0,0,0,,7/5/2023
2023,BUFFRMFISHBT19,BUFFRMFISH2023May30,10,M,main,0,0,0,0,0,0,0,0,0,0,,7/5/2023
2023,BUFFRMFISHBT19,BUFFRMFISH2023May30,10,R,main,0,0,0,0,0,0,1,0,0,0,,7/5/2023
2023,BUFFRMFISHBT19,BUFFRMFISH2023May30,11,L,main,0,0,0,0,0,0,1,0,0,0,,7/5/2023
2023,BUFFRMFISHBT19,BUFFRMFISH2023May30,11,M,main,0,0,0,0,0,0,0,0,0,0,,7/5/2023
2023,BUFFRMFISHBT19,BUFFRMFISH2023May30,11,R,main,0,0,0,0,1,0,0,0,0,0,,7/5/2023
2023,BUFFRMFISHBT20,BUFFRMFISH2023May31,1,L,main,0,0,0,0,1,1,1,1,0,0,,7/5/2023
2023,BUFFRMFISHBT20,BUFFRMFISH2023May31,1,M,main,0,0,0,0,0,0,0,0,0,0,3.4 m gravel island,7/5/2023
2023,BUFFRMFISHBT20,BUFFRMFISH2023May31,1,R,main,0,0,0,0,0,0,0,0,0,0,,7/5/2023
2023,BUFFRMFISHBT20,BUFFRMFISH2023May31,2,L,main,0,0,0,0,1,0,1,1,0,0,,7/5/2023
2023,BUFFRMFISHBT20,BUFFRMFISH2023May31,2,M,main,0,0,0,0,0,0,0,0,0,0,,7/5/2023
2023,BUFFRMFISHBT20,BUFFRMFISH2023May31,2,R,main,0,1,0,0,0,0,0,0,0,0,,7/5/2023
2023,BUFFRMFISHBT20,BUFFRMFISH2023May31,3,L,main,0,0,0,0,1,0,0,0,0,0,,7/5/2023
2023,BUFFRMFISHBT20,BUFFRMFISH2023May31,3,M,main,0,0,0,0,0,0,0,0,0,0,,7/5/2023
2023,BUFFRMFISHBT20,BUFFRMFISH2023May31,3,R,main,0,0,0,0,1,0,0,1,1,0,,7/5/2023
2023,BUFFRMFISHBT20,BUFFRMFISH2023May31,4,L,main,0,0,0,0,1,1,0,1,0,0,,7/5/2023
2023,BUFFRMFISHBT20,BUFFRMFISH2023May31,4,M,main,0,0,0,0,0,0,0,0,0,0,,7/5/2023
2023,BUFFRMFISHBT20,BUFFRMFISH2023May31,4,R,main,0,0,1,0,1,0,0,1,0,0,,7/5/2023
2023,BUFFRMFISHBT20,BUFFRMFISH2023May31,5,L,main,0,0,0,0,0,0,0,0,0,0,,7/5/2023
2023,BUFFRMFISHBT20,BUFFRMFISH2023May31,5,M,main,0,0,0,0,0,0,0,0,0,0,,7/5/2023
2023,BUFFRMFISHBT20,BUFFRMFISH2023May31,5,R,main,0,1,0,0,1,0,0,1,0,0,,7/5/2023
2023,BUFFRMFISHBT20,BUFFRMFISH2023May31,6,L,main,0,1,0,0,1,1,1,1,0,0,,7/5/2023
2023,BUFFRMFISHBT20,BUFFRMFISH2023May31,6,M,main,0,1,0,0,0,0,0,0,0,0,,7/5/2023
2023,BUFFRMFISHBT20,BUFFRMFISH2023May31,6,R,main,0,0,0,0,1,0,0,1,0,0,,7/5/2023
2023,BUFFRMFISHBT20,BUFFRMFISH2023May31,7,L,main,0,1,0,0,0,0,0,0,0,0,,7/5/2023
2023,BUFFRMFISHBT20,BUFFRMFISH2023May31,7,M,main,0,1,0,0,0,0,0,0,0,0,,7/5/2023
2023,BUFFRMFISHBT20,BUFFRMFISH2023May31,7,R,main,0,0,0,0,0,1,1,1,0,0,,7/5/2023
2023,BUFFRMFISHBT20,BUFFRMFISH2023May31,8,L,main,0,1,0,0,0,0,0,0,0,0,,7/5/2023
2023,BUFFRMFISHBT20,BUFFRMFISH2023May31,8,M,main,0,0,1,0,0,0,0,0,0,0,,7/5/2023
2023,BUFFRMFISHBT20,BUFFRMFISH2023May31,8,R,main,0,0,0,0,0,0,0,1,0,0,,7/5/2023
2023,BUFFRMFISHBT20,BUFFRMFISH2023May31,9,L,main,0,1,1,0,0,0,0,0,0,0,,7/5/2023
2023,BUFFRMFISHBT20,BUFFRMFISH2023May31,9,M,main,0,1,1,0,0,0,0,0,0,0,,7/5/2023
2023,BUFFRMFISHBT20,BUFFRMFISH2023May31,9,R,main,0,1,1,0,1,0,1,1,0,0,,7/5/2023
2023,BUFFRMFISHBT20,BUFFRMFISH2023May31,10,L,main,0,0,0,0,0,0,0,0,0,0,,7/5/2023
2023,BUFFRMFISHBT20,BUFFRMFISH2023May31,10,M,main,0,0,0,0,0,0,0,0,0,0,,7/5/2023
2023,BUFFRMFISHBT20,BUFFRMFISH2023May31,10,R,main,0,0,0,0,0,0,0,1,0,0,,7/5/2023
2023,BUFFRMFISHBT20,BUFFRMFISH2023May31,11,L,main,0,1,0,0,0,0,0,1,0,0,,7/5/2023
2023,BUFFRMFISHBT20,BUFFRMFISH2023May31,11,M,main,0,1,0,0,0,0,0,0,0,0,,7/5/2023
2023,BUFFRMFISHBT20,BUFFRMFISH2023May31,11,R,main,0,1,1,0,1,0,0,1,0,0,,7/5/2023
2023,BUFFRMFISHBT23,BUFFRMFISH2023Jun06,1,L,main,0,0,0,0,1,0,0,0,1,1,detritus,7/6/2023
2023,BUFFRMFISHBT23,BUFFRMFISH2023Jun06,1,M,main,0,0,0,0,0,0,0,0,0,0,,7/6/2023
2023,BUFFRMFISHBT23,BUFFRMFISH2023Jun06,1,R,main,0,0,0,0,1,0,0,0,0,0,detritus,7/6/2023
2023,BUFFRMFISHBT23,BUFFRMFISH2023Jun06,2,L,main,0,0,0,0,0,0,0,0,0,1,,7/6/2023
2023,BUFFRMFISHBT23,BUFFRMFISH2023Jun06,2,M,main,0,0,0,0,0,0,0,0,0,0,,7/6/2023
2023,BUFFRMFISHBT23,BUFFRMFISH2023Jun06,2,R,main,0,0,0,0,0,0,0,0,0,0,detritus,7/6/2023
2023,BUFFRMFISHBT23,BUFFRMFISH2023Jun06,3,L,main,0,0,0,0,1,0,0,0,1,1,,7/6/2023
2023,BUFFRMFISHBT23,BUFFRMFISH2023Jun06,3,M,main,0,0,0,0,0,0,0,0,0,0,detritus,7/6/2023
2023,BUFFRMFISHBT23,BUFFRMFISH2023Jun06,3,R,main,0,0,0,0,1,0,0,0,0,0,,7/6/2023
2023,BUFFRMFISHBT23,BUFFRMFISH2023Jun06,4,L,main,0,0,0,0,1,0,0,1,1,1,,7/6/2023
2023,BUFFRMFISHBT23,BUFFRMFISH2023Jun06,4,M,main,0,0,0,0,0,0,0,0,0,0,0.8 m island,7/6/2023
2023,BUFFRMFISHBT23,BUFFRMFISH2023Jun06,4,R,main,0,0,0,0,1,0,0,0,0,0,,7/6/2023
2023,BUFFRMFISHBT23,BUFFRMFISH2023Jun06,5,L,main,0,0,0,0,0,0,0,0,1,0,,7/6/2023
2023,BUFFRMFISHBT23,BUFFRMFISH2023Jun06,5,M,main,0,0,0,0,0,0,0,0,0,0,,7/6/2023
2023,BUFFRMFISHBT23,BUFFRMFISH2023Jun06,5,R,main,0,0,0,0,0,0,0,0,0,0,,7/6/2023
2023,BUFFRMFISHBT23,BUFFRMFISH2023Jun06,6,L,main,0,0,0,0,0,0,0,0,1,1,,7/6/2023
2023,BUFFRMFISHBT23,BUFFRMFISH2023Jun06,6,M,main,0,0,0,0,0,0,0,0,0,0,,7/6/2023
2023,BUFFRMFISHBT23,BUFFRMFISH2023Jun06,6,R,main,0,0,0,0,0,0,0,0,0,0,,7/6/2023
2023,BUFFRMFISHBT23,BUFFRMFISH2023Jun06,7,L,main,0,0,0,0,0,0,0,1,0,1,,7/6/2023
2023,BUFFRMFISHBT23,BUFFRMFISH2023Jun06,7,M,main,0,0,0,0,0,0,0,0,0,0,6.3 m island,7/6/2023
2023,BUFFRMFISHBT23,BUFFRMFISH2023Jun06,7,R,main,0,0,0,0,0,0,0,0,0,0,,7/6/2023
2023,BUFFRMFISHBT23,BUFFRMFISH2023Jun06,8,L,main,0,0,0,0,0,0,0,0,1,1,,7/6/2023
2023,BUFFRMFISHBT23,BUFFRMFISH2023Jun06,8,M,main,0,0,0,0,0,0,0,0,0,0,17.4 m island,7/6/2023
2023,BUFFRMFISHBT23,BUFFRMFISH2023Jun06,8,R,main,0,0,0,0,0,0,0,0,0,0,,7/6/2023
2023,BUFFRMFISHBT23,BUFFRMFISH2023Jun06,9,L,main,0,0,0,0,1,0,0,0,1,1,,7/6/2023
2023,BUFFRMFISHBT23,BUFFRMFISH2023Jun06,9,M,main,0,0,0,0,0,0,0,0,0,0,24.3 m island,7/6/2023
2023,BUFFRMFISHBT23,BUFFRMFISH2023Jun06,9,R,main,0,0,1,0,1,0,0,1,0,0,,7/6/2023
2023,BUFFRMFISHBT23,BUFFRMFISH2023Jun06,10,L,main,0,0,0,0,1,0,0,0,0,1,,7/6/2023
2023,BUFFRMFISHBT23,BUFFRMFISH2023Jun06,10,M,main,0,0,0,0,0,0,0,0,0,0,27.8 m island,7/6/2023
2023,BUFFRMFISHBT23,BUFFRMFISH2023Jun06,10,R,main,0,0,0,0,1,0,1,1,0,0,,7/6/2023
2023,BUFFRMFISHBT23,BUFFRMFISH2023Jun06,11,L,main,0,0,0,0,1,0,1,1,0,1,,7/6/2023
2023,BUFFRMFISHBT23,BUFFRMFISH2023Jun06,11,M,main,0,0,0,0,0,0,0,0,0,0,21.6 m island,7/6/2023
2023,BUFFRMFISHBT23,BUFFRMFISH2023Jun06,11,R,main,0,0,0,0,1,0,1,1,1,0,,7/6/2023
