Season,LocationID,EventID,ChannelType,TransectNumber,SampleLocation,BankAngle,BankVegCover,BankHeight,BankSubstrate,LargeTrees,SmTreesShrubs,GrassForbes,BareRockSediment,Artificial,Comment,DETimeStamp
2006,BUFFRMFISHBM01,BUFFRMFISH2006MAY23,main,1,L,3,2,5,2,0,1,0,1,0,,12/3/2018
2006,BUFFRMFISHBM01,BUFFRMFISH2006MAY23,main,1,R,3,1,5,2,1,0,0,0,0,,12/3/2018
2006,BUFFRMFISHBM01,BUFFRMFISH2006MAY23,main,2,L,3,4,5,2,0,0,0,1,0,,12/3/2018
2006,BUFFRMFISHBM01,BUFFRMFISH2006MAY23,main,2,R,1,1,2,2,1,0,0,0,0,,12/3/2018
2006,BUFFRMFISHBM01,BUFFRMFISH2006MAY23,main,3,L,3,1,5,2,0,1,0,0,0,,12/3/2018
2006,BUFFRMFISHBM01,BUFFRMFISH2006MAY23,main,3,R,2,1,4,2,1,0,1,0,0,,12/3/2018
2006,BUFFRMFISHBM01,BUFFRMFISH2006MAY23,main,4,L,2,3,3,2,0,0,0,1,0,,12/3/2018
2006,BUFFRMFISHBM01,BUFFRMFISH2006MAY23,main,4,R,1,2,2,5,1,0,1,0,0,,12/3/2018
2006,BUFFRMFISHBM01,BUFFRMFISH2006MAY23,main,5,L,1,2,1,2,0,0,0,1,0,,12/3/2018
2006,BUFFRMFISHBM01,BUFFRMFISH2006MAY23,main,5,R,3,1,2,2,0,1,1,0,0,,12/3/2018
2006,BUFFRMFISHBM01,BUFFRMFISH2006MAY23,main,6,L,2,2,3,2,0,1,1,0,0,,12/3/2018
2006,BUFFRMFISHBM01,BUFFRMFISH2006MAY23,main,6,R,3,1,5,10,0,1,1,0,0,,12/3/2018
2006,BUFFRMFISHBM01,BUFFRMFISH2006MAY23,main,7,L,2,2,2,5,0,0,1,0,0,,12/3/2018
2006,BUFFRMFISHBM01,BUFFRMFISH2006MAY23,main,7,R,3,3,5,10,1,0,0,1,0,,12/3/2018
2006,BUFFRMFISHBM01,BUFFRMFISH2006MAY23,main,8,L,1,1,1,2,0,1,1,0,0,,12/3/2018
2006,BUFFRMFISHBM01,BUFFRMFISH2006MAY23,main,8,R,3,3,5,10,1,0,0,1,0,,12/3/2018
2006,BUFFRMFISHBM01,BUFFRMFISH2006MAY23,main,9,L,2,1,1,5,0,1,1,0,0,,12/3/2018
2006,BUFFRMFISHBM01,BUFFRMFISH2006MAY23,main,9,R,3,3,5,2,1,0,0,1,0,,12/3/2018
2006,BUFFRMFISHBM01,BUFFRMFISH2006MAY23,main,10,L,3,1,2,5,0,0,1,0,0,,12/3/2018
2006,BUFFRMFISHBM01,BUFFRMFISH2006MAY23,main,10,R,3,2,5,2,0,1,0,1,0,,12/3/2018
2006,BUFFRMFISHBM01,BUFFRMFISH2006MAY23,main,11,L,3,3,5,2,0,0,1,1,0,,12/3/2018
2006,BUFFRMFISHBM01,BUFFRMFISH2006MAY23,main,11,R,3,3,5,2,1,0,1,0,0,,12/3/2018
2006,BUFFRMFISHBM02,BUFFRMFISH2006MAY30,main,1,L,2,3,3,5,0,0,1,0,0,,12/3/2018
2006,BUFFRMFISHBM02,BUFFRMFISH2006MAY30,main,1,R,2,1,3,5,1,1,0,0,0,,12/3/2018
2006,BUFFRMFISHBM02,BUFFRMFISH2006MAY30,main,2,L,2,2,5,5,1,0,1,0,0,,12/3/2018
2006,BUFFRMFISHBM02,BUFFRMFISH2006MAY30,main,2,R,2,2,4,5,0,1,1,0,0,,12/3/2018
2006,BUFFRMFISHBM02,BUFFRMFISH2006MAY30,main,3,L,2,3,3,5,0,1,1,0,0,,12/3/2018
2006,BUFFRMFISHBM02,BUFFRMFISH2006MAY30,main,3,R,3,2,3,5,0,0,1,0,0,,12/3/2018
2006,BUFFRMFISHBM02,BUFFRMFISH2006MAY30,main,4,L,2,2,5,5,0,1,1,0,0,,12/3/2018
2006,BUFFRMFISHBM02,BUFFRMFISH2006MAY30,main,4,R,2,2,5,1,0,0,1,0,0,,12/3/2018
2006,BUFFRMFISHBM02,BUFFRMFISH2006MAY30,main,5,L,3,2,3,5,0,0,1,0,0,,12/3/2018
2006,BUFFRMFISHBM02,BUFFRMFISH2006MAY30,main,5,R,2,2,5,1,0,0,1,1,0,,12/3/2018
2006,BUFFRMFISHBM02,BUFFRMFISH2006MAY30,main,6,L,2,4,2,10,0,1,0,1,0,,12/3/2018
2006,BUFFRMFISHBM02,BUFFRMFISH2006MAY30,main,6,R,3,2,5,5,0,1,1,0,0,,12/3/2018
2006,BUFFRMFISHBM02,BUFFRMFISH2006MAY30,main,7,L,2,3,4,10,0,0,1,1,0,,12/3/2018
2006,BUFFRMFISHBM02,BUFFRMFISH2006MAY30,main,7,R,3,2,4,5,1,0,1,0,0,,12/3/2018
2006,BUFFRMFISHBM02,BUFFRMFISH2006MAY30,main,8,L,3,2,5,2,0,1,1,1,0,,12/3/2018
2006,BUFFRMFISHBM02,BUFFRMFISH2006MAY30,main,8,R,3,2,5,5,1,0,1,0,0,,12/3/2018
2006,BUFFRMFISHBM02,BUFFRMFISH2006MAY30,main,9,L,3,3,5,1,0,1,0,1,0,,12/3/2018
2006,BUFFRMFISHBM02,BUFFRMFISH2006MAY30,main,9,R,3,1,4,5,0,0,1,0,0,,12/3/2018
2006,BUFFRMFISHBM02,BUFFRMFISH2006MAY30,main,10,L,3,3,4,1,0,1,0,1,0,,12/3/2018
2006,BUFFRMFISHBM02,BUFFRMFISH2006MAY30,main,10,R,3,1,4,5,1,0,1,0,0,,12/3/2018
2006,BUFFRMFISHBM02,BUFFRMFISH2006MAY30,main,11,L,3,1,5,2,0,1,1,0,0,,12/3/2018
2006,BUFFRMFISHBM02,BUFFRMFISH2006MAY30,main,11,R,3,2,4,5,1,1,0,0,0,,12/3/2018
2006,BUFFRMFISHBM03,BUFFRMFISH2006JUN01,main,1,L,2,3,2,10,0,1,0,1,0,,1/14/2019
2006,BUFFRMFISHBM03,BUFFRMFISH2006JUN01,main,1,R,3,1,5,5,0,1,0,0,0,,1/14/2019
2006,BUFFRMFISHBM03,BUFFRMFISH2006JUN01,main,2,L,2,1,5,5,0,1,0,0,0,,1/14/2019
2006,BUFFRMFISHBM03,BUFFRMFISH2006JUN01,main,2,R,3,1,5,5,0,1,0,0,0,,1/14/2019
2006,BUFFRMFISHBM03,BUFFRMFISH2006JUN01,main,3,L,2,1,5,5,0,1,0,0,0,,12/3/2018
2006,BUFFRMFISHBM03,BUFFRMFISH2006JUN01,main,3,R,3,2,5,5,1,1,0,0,0,,12/3/2018
2006,BUFFRMFISHBM03,BUFFRMFISH2006JUN01,main,4,L,2,2,3,2,0,1,0,0,0,,12/3/2018
2006,BUFFRMFISHBM03,BUFFRMFISH2006JUN01,main,4,R,2,1,3,5,0,1,1,0,0,,12/3/2018
2006,BUFFRMFISHBM03,BUFFRMFISH2006JUN01,main,5,L,2,2,4,5,1,0,1,0,0,,12/3/2018
2006,BUFFRMFISHBM03,BUFFRMFISH2006JUN01,main,5,R,3,1,3,5,0,1,0,0,0,,12/3/2018
2006,BUFFRMFISHBM03,BUFFRMFISH2006JUN01,main,6,L,2,3,3,5,1,0,0,1,0,,12/3/2018
2006,BUFFRMFISHBM03,BUFFRMFISH2006JUN01,main,6,R,2,1,2,5,0,1,0,0,0,,12/3/2018
2006,BUFFRMFISHBM03,BUFFRMFISH2006JUN01,main,7,L,3,4,5,1,0,0,0,1,0,,12/3/2018
2006,BUFFRMFISHBM03,BUFFRMFISH2006JUN01,main,7,R,2,2,2,5,1,0,1,0,0,,12/3/2018
2006,BUFFRMFISHBM03,BUFFRMFISH2006JUN01,main,8,L,3,4,5,1,0,0,0,1,0,,12/3/2018
2006,BUFFRMFISHBM03,BUFFRMFISH2006JUN01,main,8,R,2,1,2,5,1,0,1,0,0,,12/3/2018
2006,BUFFRMFISHBM03,BUFFRMFISH2006JUN01,main,9,L,3,4,5,1,0,0,0,1,0,,12/3/2018
2006,BUFFRMFISHBM03,BUFFRMFISH2006JUN01,main,9,R,2,1,3,5,1,0,1,0,0,,12/3/2018
2006,BUFFRMFISHBM03,BUFFRMFISH2006JUN01,main,10,L,2,1,5,5,0,1,0,0,0,,12/3/2018
2006,BUFFRMFISHBM03,BUFFRMFISH2006JUN01,main,10,R,3,1,2,5,1,1,0,0,0,,12/3/2018
2006,BUFFRMFISHBM03,BUFFRMFISH2006JUN01,main,11,L,2,1,5,5,1,0,1,0,0,,12/3/2018
2006,BUFFRMFISHBM03,BUFFRMFISH2006JUN01,main,11,R,3,1,2,5,0,1,1,0,0,,12/3/2018
2006,BUFFRMFISHBM04,BUFFRMFISH2006JUN02,main,1,L,1,2,2,2,1,1,0,0,0,,12/3/2018
2006,BUFFRMFISHBM04,BUFFRMFISH2006JUN02,main,1,R,3,2,4,5,1,0,0,0,0,,12/3/2018
2006,BUFFRMFISHBM04,BUFFRMFISH2006JUN02,main,2,L,1,2,2,10,0,0,0,0,0,,12/3/2018
2006,BUFFRMFISHBM04,BUFFRMFISH2006JUN02,main,2,R,3,2,4,5,1,0,0,0,0,,12/3/2018
2006,BUFFRMFISHBM04,BUFFRMFISH2006JUN02,main,3,L,1,1,2,10,0,1,1,0,0,,12/3/2018
2006,BUFFRMFISHBM04,BUFFRMFISH2006JUN02,main,3,R,3,1,5,5,1,0,0,0,0,,12/3/2018
2006,BUFFRMFISHBM04,BUFFRMFISH2006JUN02,main,4,L,3,1,4,5,0,0,1,0,0,,12/3/2018
2006,BUFFRMFISHBM04,BUFFRMFISH2006JUN02,main,4,R,3,1,5,10,1,0,0,0,0,,12/3/2018
2006,BUFFRMFISHBM04,BUFFRMFISH2006JUN02,main,5,L,3,1,4,10,1,0,0,0,0,,12/3/2018
2006,BUFFRMFISHBM04,BUFFRMFISH2006JUN02,main,5,R,3,2,5,10,0,1,0,0,0,,12/3/2018
2006,BUFFRMFISHBM04,BUFFRMFISH2006JUN02,main,6,L,2,1,4,5,0,1,1,0,0,,12/3/2018
2006,BUFFRMFISHBM04,BUFFRMFISH2006JUN02,main,6,R,3,1,5,5,0,0,1,0,0,,12/3/2018
2006,BUFFRMFISHBM04,BUFFRMFISH2006JUN02,main,7,L,3,1,5,5,0,0,1,0,0,,12/3/2018
2006,BUFFRMFISHBM04,BUFFRMFISH2006JUN02,main,7,R,3,1,5,5,0,0,1,0,0,,12/3/2018
2006,BUFFRMFISHBM04,BUFFRMFISH2006JUN02,main,8,L,2,2,1,5,0,0,1,0,0,,12/3/2018
2006,BUFFRMFISHBM04,BUFFRMFISH2006JUN02,main,8,R,3,1,5,5,1,1,0,0,0,,12/3/2018
2006,BUFFRMFISHBM04,BUFFRMFISH2006JUN02,main,9,L,3,1,3,8,0,1,1,0,0,,12/3/2018
2006,BUFFRMFISHBM04,BUFFRMFISH2006JUN02,main,9,R,3,1,5,8,0,1,1,0,0,,12/3/2018
2006,BUFFRMFISHBM04,BUFFRMFISH2006JUN02,main,10,L,3,2,5,8,0,0,1,0,0,,12/3/2018
2006,BUFFRMFISHBM04,BUFFRMFISH2006JUN02,main,10,R,3,2,5,5,0,0,1,0,0,,12/3/2018
2006,BUFFRMFISHBM04,BUFFRMFISH2006JUN02,main,11,L,3,1,1,8,0,0,1,0,0,,12/3/2018
2006,BUFFRMFISHBM04,BUFFRMFISH2006JUN02,main,11,R,3,2,5,10,0,0,1,0,0,,12/3/2018
2006,BUFFRMFISHBM05,BUFFRMFISH2006JUN12,main,1,L,2,1,2,10,1,1,0,0,0,,12/3/2018
2006,BUFFRMFISHBM05,BUFFRMFISH2006JUN12,main,1,R,3,1,2,1,1,1,0,0,0,,12/3/2018
2006,BUFFRMFISHBM05,BUFFRMFISH2006JUN12,main,2,L,2,1,2,10,1,0,0,0,0,,12/3/2018
2006,BUFFRMFISHBM05,BUFFRMFISH2006JUN12,main,2,R,2,1,1,2,1,0,1,0,0,,12/3/2018
2006,BUFFRMFISHBM05,BUFFRMFISH2006JUN12,main,3,L,3,1,3,10,0,0,1,0,0,,12/3/2018
2006,BUFFRMFISHBM05,BUFFRMFISH2006JUN12,main,3,R,2,1,1,2,1,0,0,0,0,,12/3/2018
2006,BUFFRMFISHBM05,BUFFRMFISH2006JUN12,main,4,L,2,2,3,10,0,0,1,0,0,,12/3/2018
2006,BUFFRMFISHBM05,BUFFRMFISH2006JUN12,main,4,R,3,2,5,2,0,0,1,1,0,,12/3/2018
2006,BUFFRMFISHBM05,BUFFRMFISH2006JUN12,main,5,L,3,2,2,10,0,0,1,0,0,,12/3/2018
2006,BUFFRMFISHBM05,BUFFRMFISH2006JUN12,main,5,R,3,2,5,8,1,0,0,0,0,,12/3/2018
2006,BUFFRMFISHBM05,BUFFRMFISH2006JUN12,main,6,L,3,2,4,10,0,1,0,1,0,,12/3/2018
2006,BUFFRMFISHBM05,BUFFRMFISH2006JUN12,main,6,R,3,2,5,1,0,0,1,0,0,,12/3/2018
2006,BUFFRMFISHBM05,BUFFRMFISH2006JUN12,main,7,L,2,2,3,10,0,0,1,1,0,,12/3/2018
2006,BUFFRMFISHBM05,BUFFRMFISH2006JUN12,main,7,R,3,2,5,1,0,1,0,0,0,,12/3/2018
2006,BUFFRMFISHBM05,BUFFRMFISH2006JUN12,main,8,L,2,3,2,2,0,0,0,0,0,,12/3/2018
2006,BUFFRMFISHBM05,BUFFRMFISH2006JUN12,main,8,R,3,2,5,1,0,0,0,0,0,,12/3/2018
2006,BUFFRMFISHBM05,BUFFRMFISH2006JUN12,main,9,L,2,4,2,2,0,0,0,1,0,,12/3/2018
2006,BUFFRMFISHBM05,BUFFRMFISH2006JUN12,main,9,R,3,3,5,1,0,1,0,1,0,,12/3/2018
2006,BUFFRMFISHBM05,BUFFRMFISH2006JUN12,main,10,L,2,4,2,2,0,0,0,1,0,,12/3/2018
2006,BUFFRMFISHBM05,BUFFRMFISH2006JUN12,main,10,R,3,3,5,1,1,0,0,0,0,,12/3/2018
2006,BUFFRMFISHBM05,BUFFRMFISH2006JUN12,main,11,L,2,4,2,2,0,0,0,1,0,,12/3/2018
2006,BUFFRMFISHBM05,BUFFRMFISH2006JUN12,main,11,R,3,2,5,1,1,0,0,0,0,,12/3/2018
2006,BUFFRMFISHBM06,BUFFRMFISH2006JUN05,main,1,L,2,1,1,8,1,0,0,0,0,,12/3/2018
2006,BUFFRMFISHBM06,BUFFRMFISH2006JUN05,main,1,R,1,2,1,2,1,1,0,0,0,,12/3/2018
2006,BUFFRMFISHBM06,BUFFRMFISH2006JUN05,main,2,L,1,2,1,10,0,0,1,1,0,,12/3/2018
2006,BUFFRMFISHBM06,BUFFRMFISH2006JUN05,main,2,R,2,1,2,5,0,0,0,0,0,,12/3/2018
2006,BUFFRMFISHBM06,BUFFRMFISH2006JUN05,main,3,L,2,2,3,8,0,0,1,0,0,,12/3/2018
2006,BUFFRMFISHBM06,BUFFRMFISH2006JUN05,main,3,R,3,2,2,5,1,0,0,0,0,,12/3/2018
2006,BUFFRMFISHBM06,BUFFRMFISH2006JUN05,main,4,L,3,1,3,10,1,0,0,0,0,,12/3/2018
2006,BUFFRMFISHBM06,BUFFRMFISH2006JUN05,main,4,R,2,1,2,2,1,0,0,0,0,,12/3/2018
2006,BUFFRMFISHBM06,BUFFRMFISH2006JUN05,main,5,L,2,2,2,2,0,0,1,0,0,,12/3/2018
2006,BUFFRMFISHBM06,BUFFRMFISH2006JUN05,main,5,R,3,2,2,2,0,1,1,0,0,,12/3/2018
2006,BUFFRMFISHBM06,BUFFRMFISH2006JUN05,main,6,L,2,2,4,8,0,0,1,0,0,,12/3/2018
2006,BUFFRMFISHBM06,BUFFRMFISH2006JUN05,main,6,R,2,1,2,2,1,0,1,0,0,,12/3/2018
2006,BUFFRMFISHBM06,BUFFRMFISH2006JUN05,main,7,L,2,2,2,10,0,0,1,0,0,,12/3/2018
2006,BUFFRMFISHBM06,BUFFRMFISH2006JUN05,main,7,R,1,1,1,2,0,0,1,0,0,,12/3/2018
2006,BUFFRMFISHBM06,BUFFRMFISH2006JUN05,main,8,L,2,2,1,8,0,0,1,0,0,,12/3/2018
2006,BUFFRMFISHBM06,BUFFRMFISH2006JUN05,main,8,R,3,2,3,5,0,0,1,0,0,,12/3/2018
2006,BUFFRMFISHBM06,BUFFRMFISH2006JUN05,main,9,L,2,2,2,10,1,0,0,1,0,,12/3/2018
2006,BUFFRMFISHBM06,BUFFRMFISH2006JUN05,main,9,R,1,1,1,2,1,1,0,0,0,,12/3/2018
2006,BUFFRMFISHBM06,BUFFRMFISH2006JUN05,main,10,L,2,2,2,8,0,0,1,0,0,,12/3/2018
2006,BUFFRMFISHBM06,BUFFRMFISH2006JUN05,main,10,R,1,3,1,2,0,0,0,1,0,,12/3/2018
2006,BUFFRMFISHBM06,BUFFRMFISH2006JUN05,main,11,L,2,1,2,8,0,0,1,0,0,,12/3/2018
2006,BUFFRMFISHBM06,BUFFRMFISH2006JUN05,main,11,R,3,2,5,1,1,0,0,0,0,,12/3/2018
2006,BUFFRMFISHBT03,BUFFRMFISH2006MAY22,main,1,L,1,4,2,10,0,0,1,0,0,,12/3/2018
2006,BUFFRMFISHBT03,BUFFRMFISH2006MAY22,main,1,R,3,2,5,1,1,0,1,0,0,,12/3/2018
2006,BUFFRMFISHBT03,BUFFRMFISH2006MAY22,main,2,L,1,1,3,5,0,0,1,0,0,,12/3/2018
2006,BUFFRMFISHBT03,BUFFRMFISH2006MAY22,main,2,R,2,2,5,1,0,1,0,1,0,,12/3/2018
2006,BUFFRMFISHBT03,BUFFRMFISH2006MAY22,main,3,L,2,2,2,10,0,0,1,0,0,,12/3/2018
2006,BUFFRMFISHBT03,BUFFRMFISH2006MAY22,main,3,R,3,2,5,1,0,1,0,0,0,,12/3/2018
2006,BUFFRMFISHBT03,BUFFRMFISH2006MAY22,main,4,L,1,1,2,2,0,0,1,0,0,,12/3/2018
2006,BUFFRMFISHBT03,BUFFRMFISH2006MAY22,main,4,R,1,1,2,2,1,0,1,0,0,,12/3/2018
2006,BUFFRMFISHBT03,BUFFRMFISH2006MAY22,main,5,L,1,1,2,2,0,0,1,0,0,,12/3/2018
2006,BUFFRMFISHBT03,BUFFRMFISH2006MAY22,main,5,R,1,2,1,2,0,1,0,1,0,,12/3/2018
2006,BUFFRMFISHBT03,BUFFRMFISH2006MAY22,main,6,L,2,1,1,2,0,0,1,0,0,,12/3/2018
2006,BUFFRMFISHBT03,BUFFRMFISH2006MAY22,main,6,R,1,1,2,2,1,1,0,0,0,,12/3/2018
2006,BUFFRMFISHBT03,BUFFRMFISH2006MAY22,main,7,L,3,2,4,1,1,0,1,0,0,,12/3/2018
2006,BUFFRMFISHBT03,BUFFRMFISH2006MAY22,main,7,R,1,1,1,10,0,0,1,0,0,,12/3/2018
2006,BUFFRMFISHBT03,BUFFRMFISH2006MAY22,main,8,L,3,2,4,1,0,1,0,0,0,,12/3/2018
2006,BUFFRMFISHBT03,BUFFRMFISH2006MAY22,main,8,R,2,1,2,8,0,0,1,0,0,,12/3/2018
2006,BUFFRMFISHBT03,BUFFRMFISH2006MAY22,main,9,L,2,1,3,1,1,0,1,0,0,,12/3/2018
2006,BUFFRMFISHBT03,BUFFRMFISH2006MAY22,main,9,R,2,1,3,10,0,1,1,0,0,,12/3/2018
2006,BUFFRMFISHBT03,BUFFRMFISH2006MAY22,main,10,L,2,1,3,10,1,0,1,0,0,,12/3/2018
2006,BUFFRMFISHBT03,BUFFRMFISH2006MAY22,main,10,R,3,1,3,2,0,0,1,0,0,,12/3/2018
2006,BUFFRMFISHBT03,BUFFRMFISH2006MAY22,main,11,L,1,1,1,2,1,0,1,0,0,,12/3/2018
2006,BUFFRMFISHBT03,BUFFRMFISH2006MAY22,main,11,R,3,1,3,2,0,0,1,0,0,,12/3/2018
2006,BUFFRMFISHBT09,BUFFRMFISH2006MAY30,main,1,L,3,2,5,1,1,0,0,0,0,,12/3/2018
2006,BUFFRMFISHBT09,BUFFRMFISH2006MAY30,main,1,R,2,1,5,10,1,1,0,0,0,,12/3/2018
2006,BUFFRMFISHBT09,BUFFRMFISH2006MAY30,main,2,L,3,2,5,1,0,0,1,0,0,,12/3/2018
2006,BUFFRMFISHBT09,BUFFRMFISH2006MAY30,main,2,R,2,1,5,10,1,0,0,0,0,,12/3/2018
2006,BUFFRMFISHBT09,BUFFRMFISH2006MAY30,main,3,L,3,2,5,1,1,0,0,0,0,,12/3/2018
2006,BUFFRMFISHBT09,BUFFRMFISH2006MAY30,main,3,R,2,1,5,10,1,0,0,0,0,,12/3/2018
2006,BUFFRMFISHBT09,BUFFRMFISH2006MAY30,main,4,L,3,2,5,2,1,0,0,0,0,,12/3/2018
2006,BUFFRMFISHBT09,BUFFRMFISH2006MAY30,main,4,R,2,1,3,10,0,0,0,0,0,,12/3/2018
2006,BUFFRMFISHBT09,BUFFRMFISH2006MAY30,main,5,L,3,2,5,2,1,0,0,0,0,,12/3/2018
2006,BUFFRMFISHBT09,BUFFRMFISH2006MAY30,main,5,R,2,1,2,10,1,0,0,0,0,,12/3/2018
2006,BUFFRMFISHBT09,BUFFRMFISH2006MAY30,main,6,L,3,1,5,1,1,0,0,0,0,,12/3/2018
2006,BUFFRMFISHBT09,BUFFRMFISH2006MAY30,main,6,R,3,1,4,10,1,0,0,0,0,,12/3/2018
2006,BUFFRMFISHBT09,BUFFRMFISH2006MAY30,main,7,L,3,1,5,1,1,0,0,0,0,,12/3/2018
2006,BUFFRMFISHBT09,BUFFRMFISH2006MAY30,main,7,R,3,1,4,10,1,0,0,0,0,,12/3/2018
2006,BUFFRMFISHBT09,BUFFRMFISH2006MAY30,main,8,L,3,2,5,1,1,0,0,0,0,,12/3/2018
2006,BUFFRMFISHBT09,BUFFRMFISH2006MAY30,main,8,R,3,1,3,10,1,0,0,0,0,,12/3/2018
2006,BUFFRMFISHBT09,BUFFRMFISH2006MAY30,main,9,L,3,2,5,1,1,1,0,0,0,,12/3/2018
2006,BUFFRMFISHBT09,BUFFRMFISH2006MAY30,main,9,R,3,2,3,10,1,0,0,0,0,,12/3/2018
2006,BUFFRMFISHBT09,BUFFRMFISH2006MAY30,main,10,L,3,3,5,1,0,1,0,1,0,,12/3/2018
2006,BUFFRMFISHBT09,BUFFRMFISH2006MAY30,main,10,R,2,3,2,10,0,0,1,1,0,,12/3/2018
2006,BUFFRMFISHBT09,BUFFRMFISH2006MAY30,main,11,L,3,2,5,1,0,1,0,0,0,,12/3/2018
2006,BUFFRMFISHBT09,BUFFRMFISH2006MAY30,main,11,R,2,3,1,10,0,0,0,1,0,,12/3/2018
2006,BUFFRMFISHBT22,BUFFRMFISH2006MAY25,main,1,L,3,2,5,8,0,0,1,0,0,,12/3/2018
2006,BUFFRMFISHBT22,BUFFRMFISH2006MAY25,main,1,R,3,1,5,5,0,0,1,0,0,,12/3/2018
2006,BUFFRMFISHBT22,BUFFRMFISH2006MAY25,main,2,L,3,1,5,5,0,0,1,0,0,,12/3/2018
2006,BUFFRMFISHBT22,BUFFRMFISH2006MAY25,main,2,R,3,1,5,5,0,1,1,0,0,,12/3/2018
2006,BUFFRMFISHBT22,BUFFRMFISH2006MAY25,main,3,L,3,1,5,5,0,0,1,0,0,,12/3/2018
2006,BUFFRMFISHBT22,BUFFRMFISH2006MAY25,main,3,R,3,2,5,1,0,0,1,0,0,,12/3/2018
2006,BUFFRMFISHBT22,BUFFRMFISH2006MAY25,main,4,L,3,1,5,5,0,0,1,0,0,,12/3/2018
2006,BUFFRMFISHBT22,BUFFRMFISH2006MAY25,main,4,R,3,2,5,1,0,0,1,0,0,,12/3/2018
2006,BUFFRMFISHBT22,BUFFRMFISH2006MAY25,main,5,L,3,2,5,5,0,1,1,0,0,,12/3/2018
2006,BUFFRMFISHBT22,BUFFRMFISH2006MAY25,main,5,R,3,2,5,1,1,1,0,0,0,,12/3/2018
2006,BUFFRMFISHBT22,BUFFRMFISH2006MAY25,main,6,L,2,1,5,5,0,1,0,0,0,,12/3/2018
2006,BUFFRMFISHBT22,BUFFRMFISH2006MAY25,main,6,R,3,1,5,1,0,1,0,0,0,,12/3/2018
2006,BUFFRMFISHBT22,BUFFRMFISH2006MAY25,main,7,L,3,2,5,5,0,1,0,0,0,,12/3/2018
2006,BUFFRMFISHBT22,BUFFRMFISH2006MAY25,main,7,R,3,1,5,1,0,0,1,0,0,,12/3/2018
2006,BUFFRMFISHBT22,BUFFRMFISH2006MAY25,main,8,L,3,1,5,5,0,1,0,0,0,,12/3/2018
2006,BUFFRMFISHBT22,BUFFRMFISH2006MAY25,main,8,R,3,1,5,1,0,0,1,0,0,,12/3/2018
2006,BUFFRMFISHBT22,BUFFRMFISH2006MAY25,main,9,L,3,1,5,5,0,0,1,0,0,,12/3/2018
2006,BUFFRMFISHBT22,BUFFRMFISH2006MAY25,main,9,R,3,1,5,1,0,1,0,0,0,,12/3/2018
2006,BUFFRMFISHBT22,BUFFRMFISH2006MAY25,main,10,L,3,1,5,5,0,1,0,0,0,,12/3/2018
2006,BUFFRMFISHBT22,BUFFRMFISH2006MAY25,main,10,R,3,1,5,1,0,1,0,0,0,,12/3/2018
2006,BUFFRMFISHBT22,BUFFRMFISH2006MAY25,main,11,L,3,1,5,5,0,1,0,0,0,,12/3/2018
2006,BUFFRMFISHBT22,BUFFRMFISH2006MAY25,main,11,R,3,1,5,1,0,1,0,0,0,,12/3/2018
2006,BUFFRMFISHBT24,BUFFRMFISH2006MAY24,main,1,L,3,2,5,5,0,0,1,0,0,,12/3/2018
2006,BUFFRMFISHBT24,BUFFRMFISH2006MAY24,main,1,R,3,2,5,5,1,0,1,0,0,,12/3/2018
2006,BUFFRMFISHBT24,BUFFRMFISH2006MAY24,main,2,L,3,2,5,5,0,0,1,1,0,,12/3/2018
2006,BUFFRMFISHBT24,BUFFRMFISH2006MAY24,main,2,R,3,2,5,5,0,0,1,1,0,,12/3/2018
2006,BUFFRMFISHBT24,BUFFRMFISH2006MAY24,main,3,L,3,3,4,5,0,0,1,1,0,,12/3/2018
2006,BUFFRMFISHBT24,BUFFRMFISH2006MAY24,main,3,R,3,3,5,2,0,0,1,1,0,,12/3/2018
2006,BUFFRMFISHBT24,BUFFRMFISH2006MAY24,main,4,L,3,1,4,5,0,0,1,0,0,,12/3/2018
2006,BUFFRMFISHBT24,BUFFRMFISH2006MAY24,main,4,R,3,3,5,2,0,0,0,1,0,,12/3/2018
2006,BUFFRMFISHBT24,BUFFRMFISH2006MAY24,main,5,L,3,1,5,5,0,1,1,0,0,,12/3/2018
2006,BUFFRMFISHBT24,BUFFRMFISH2006MAY24,main,5,R,3,2,4,5,0,0,0,0,0,,12/3/2018
2006,BUFFRMFISHBT24,BUFFRMFISH2006MAY24,main,6,L,3,3,5,5,0,0,0,1,0,,12/3/2018
2006,BUFFRMFISHBT24,BUFFRMFISH2006MAY24,main,6,R,2,2,3,5,0,0,1,0,0,,12/3/2018
2006,BUFFRMFISHBT24,BUFFRMFISH2006MAY24,main,7,L,2,1,3,5,0,0,1,1,0,,12/3/2018
2006,BUFFRMFISHBT24,BUFFRMFISH2006MAY24,main,7,R,3,2,2,5,0,0,1,0,0,,12/3/2018
2006,BUFFRMFISHBT24,BUFFRMFISH2006MAY24,main,8,L,3,3,4,5,1,0,1,0,0,,12/3/2018
2006,BUFFRMFISHBT24,BUFFRMFISH2006MAY24,main,8,R,2,2,2,5,0,0,0,1,0,,12/3/2018
2006,BUFFRMFISHBT24,BUFFRMFISH2006MAY24,main,9,L,3,2,4,5,0,0,1,1,0,,12/3/2018
2006,BUFFRMFISHBT24,BUFFRMFISH2006MAY24,main,9,R,2,2,5,5,0,0,1,0,0,,12/3/2018
2006,BUFFRMFISHBT24,BUFFRMFISH2006MAY24,main,10,L,3,2,4,5,1,0,1,0,0,,12/3/2018
2006,BUFFRMFISHBT24,BUFFRMFISH2006MAY24,main,10,R,2,2,5,5,1,0,1,0,0,,12/3/2018
2006,BUFFRMFISHBT24,BUFFRMFISH2006MAY24,main,11,L,1,2,2,5,1,0,1,0,0,,12/3/2018
2006,BUFFRMFISHBT24,BUFFRMFISH2006MAY24,main,11,R,3,2,5,5,0,0,1,1,0,,12/3/2018
2006,BUFFRMFISHBT30,BUFFRMFISH2006JUN06,main,1,L,1,2,1,8,1,0,1,0,0,,12/3/2018
2006,BUFFRMFISHBT30,BUFFRMFISH2006JUN06,main,1,R,3,2,2,5,0,0,1,0,0,,12/3/2018
2006,BUFFRMFISHBT30,BUFFRMFISH2006JUN06,main,2,L,1,2,1,8,0,0,1,0,0,,12/3/2018
2006,BUFFRMFISHBT30,BUFFRMFISH2006JUN06,main,2,R,3,2,2,5,0,1,1,0,0,,12/3/2018
2006,BUFFRMFISHBT30,BUFFRMFISH2006JUN06,main,3,L,2,2,2,5,0,1,1,0,0,,12/3/2018
2006,BUFFRMFISHBT30,BUFFRMFISH2006JUN06,main,3,R,3,2,1,5,0,1,0,0,0,,12/3/2018
2006,BUFFRMFISHBT30,BUFFRMFISH2006JUN06,main,4,L,3,3,2,8,0,0,1,1,0,,12/3/2018
2006,BUFFRMFISHBT30,BUFFRMFISH2006JUN06,main,4,R,3,2,5,2,0,1,0,0,0,,12/3/2018
2006,BUFFRMFISHBT30,BUFFRMFISH2006JUN06,main,5,L,3,3,5,1,0,1,0,1,0,,12/3/2018
2006,BUFFRMFISHBT30,BUFFRMFISH2006JUN06,main,5,R,3,2,3,8,0,1,1,0,0,,12/3/2018
2006,BUFFRMFISHBT30,BUFFRMFISH2006JUN06,main,6,L,3,2,5,5,1,1,1,0,0,,12/3/2018
2006,BUFFRMFISHBT30,BUFFRMFISH2006JUN06,main,6,R,3,4,5,1,0,0,0,1,0,,12/3/2018
2006,BUFFRMFISHBT30,BUFFRMFISH2006JUN06,main,7,L,3,2,5,5,0,1,0,0,0,,12/3/2018
2006,BUFFRMFISHBT30,BUFFRMFISH2006JUN06,main,7,R,3,3,5,1,0,1,1,1,0,,12/3/2018
2006,BUFFRMFISHBT30,BUFFRMFISH2006JUN06,main,8,L,2,2,1,8,0,1,1,0,0,,12/3/2018
2006,BUFFRMFISHBT30,BUFFRMFISH2006JUN06,main,8,R,3,4,5,1,0,0,0,1,0,,12/3/2018
2006,BUFFRMFISHBT30,BUFFRMFISH2006JUN06,main,9,L,2,2,2,8,0,0,1,0,0,,12/3/2018
2006,BUFFRMFISHBT30,BUFFRMFISH2006JUN06,main,9,R,3,3,5,1,0,1,0,1,0,,12/3/2018
2006,BUFFRMFISHBT30,BUFFRMFISH2006JUN06,main,10,L,2,1,2,8,1,1,1,0,0,,12/3/2018
2006,BUFFRMFISHBT30,BUFFRMFISH2006JUN06,main,10,R,3,2,3,5,0,1,0,1,0,,12/3/2018
2006,BUFFRMFISHBT30,BUFFRMFISH2006JUN06,main,11,L,1,1,2,5,0,1,1,0,0,,12/3/2018
2006,BUFFRMFISHBT30,BUFFRMFISH2006JUN06,main,11,R,3,2,5,5,0,1,0,0,0,,12/3/2018
2006,BUFFRMFISHBT31,BUFFRMFISH2006JUN06,main,1,L,3,2,5,5,0,1,1,1,0,,12/3/2018
2006,BUFFRMFISHBT31,BUFFRMFISH2006JUN06,main,1,R,3,1,3,5,0,1,0,0,0,,12/3/2018
2006,BUFFRMFISHBT31,BUFFRMFISH2006JUN06,main,2,L,3,2,5,2,0,1,1,0,0,,12/3/2018
2006,BUFFRMFISHBT31,BUFFRMFISH2006JUN06,main,2,R,2,1,2,5,0,1,0,0,0,,12/3/2018
2006,BUFFRMFISHBT31,BUFFRMFISH2006JUN06,main,3,L,3,2,5,5,1,0,1,0,0,,12/3/2018
2006,BUFFRMFISHBT31,BUFFRMFISH2006JUN06,main,3,R,3,1,3,5,1,1,1,0,0,,12/3/2018
2006,BUFFRMFISHBT31,BUFFRMFISH2006JUN06,main,4,L,3,3,5,5,1,0,0,1,0,,12/3/2018
2006,BUFFRMFISHBT31,BUFFRMFISH2006JUN06,main,4,R,3,2,3,5,0,0,1,0,0,,12/3/2018
2006,BUFFRMFISHBT31,BUFFRMFISH2006JUN06,main,5,L,3,3,5,5,1,0,0,1,0,,12/3/2018
2006,BUFFRMFISHBT31,BUFFRMFISH2006JUN06,main,5,R,2,1,2,5,0,0,1,0,0,,12/3/2018
2006,BUFFRMFISHBT31,BUFFRMFISH2006JUN06,main,6,L,3,2,5,5,0,1,0,0,0,,12/3/2018
2006,BUFFRMFISHBT31,BUFFRMFISH2006JUN06,main,6,R,2,1,2,5,0,0,1,0,0,,12/3/2018
2006,BUFFRMFISHBT31,BUFFRMFISH2006JUN06,main,7,L,1,1,1,5,1,1,0,0,0,,12/3/2018
2006,BUFFRMFISHBT31,BUFFRMFISH2006JUN06,main,7,R,3,2,2,5,0,1,1,0,0,,12/3/2018
2006,BUFFRMFISHBT31,BUFFRMFISH2006JUN06,main,8,L,2,1,1,8,1,0,1,0,0,,12/3/2018
2006,BUFFRMFISHBT31,BUFFRMFISH2006JUN06,main,8,R,3,3,5,5,0,0,1,1,0,,12/3/2018
2006,BUFFRMFISHBT31,BUFFRMFISH2006JUN06,main,9,L,2,2,1,10,0,0,1,0,0,,12/3/2018
2006,BUFFRMFISHBT31,BUFFRMFISH2006JUN06,main,9,R,3,3,5,5,1,0,1,1,0,,12/3/2018
2006,BUFFRMFISHBT31,BUFFRMFISH2006JUN06,main,10,L,2,3,2,10,1,0,1,0,0,,12/3/2018
2006,BUFFRMFISHBT31,BUFFRMFISH2006JUN06,main,10,R,3,2,5,5,0,0,1,1,0,,12/3/2018
2006,BUFFRMFISHBT31,BUFFRMFISH2006JUN06,main,11,L,3,3,5,1,1,0,1,1,0,,12/3/2018
2006,BUFFRMFISHBT31,BUFFRMFISH2006JUN06,main,11,R,3,4,5,5,1,0,1,1,0,,12/3/2018
2007,BUFFRMFISHBM01,BUFFRMFish2007May22,main,1,L,3,3,3,2,1,1,0,1,0,,12/3/2018
2007,BUFFRMFISHBM01,BUFFRMFish2007May22,main,1,R,3,3,5,10,1,0,0,1,0,,12/3/2018
2007,BUFFRMFISHBM01,BUFFRMFish2007May22,main,2,L,3,3,3,2,1,1,0,1,0,,12/3/2018
2007,BUFFRMFISHBM01,BUFFRMFish2007May22,main,2,R,3,2,5,2,1,1,0,1,0,,12/3/2018
2007,BUFFRMFISHBM01,BUFFRMFish2007May22,main,3,L,3,3,3,2,1,1,0,0,0,,12/3/2018
2007,BUFFRMFISHBM01,BUFFRMFish2007May22,main,3,R,2,2,2,5,1,1,0,0,0,,12/3/2018
2007,BUFFRMFISHBM01,BUFFRMFish2007May22,main,4,L,2,3,2,2,1,1,0,0,0,,12/3/2018
2007,BUFFRMFISHBM01,BUFFRMFish2007May22,main,4,R,2,1,2,5,0,1,1,0,0,,12/3/2018
2007,BUFFRMFISHBM01,BUFFRMFish2007May22,main,5,L,1,4,1,2,0,0,0,0,0,,12/3/2018
2007,BUFFRMFISHBM01,BUFFRMFish2007May22,main,5,R,3,2,2,5,0,1,1,0,0,,12/3/2018
2007,BUFFRMFISHBM01,BUFFRMFish2007May22,main,6,L,2,2,2,2,1,0,1,1,0,,12/3/2018
2007,BUFFRMFISHBM01,BUFFRMFish2007May22,main,6,R,3,2,4,5,1,1,1,0,0,,12/3/2018
2007,BUFFRMFISHBM01,BUFFRMFish2007May22,main,7,L,1,2,1,2,1,1,0,0,0,,12/3/2018
2007,BUFFRMFISHBM01,BUFFRMFish2007May22,main,7,R,3,2,3,2,1,1,0,0,0,,12/3/2018
2007,BUFFRMFISHBM01,BUFFRMFish2007May22,main,8,L,2,2,2,5,1,1,0,0,0,,12/3/2018
2007,BUFFRMFISHBM01,BUFFRMFish2007May22,main,8,R,3,3,4,2,1,0,0,1,0,,12/3/2018
2007,BUFFRMFISHBM01,BUFFRMFish2007May22,main,9,L,3,2,1,5,1,0,1,0,0,,12/3/2018
2007,BUFFRMFISHBM01,BUFFRMFish2007May22,main,9,R,3,2,4,2,1,1,0,0,0,,12/3/2018
2007,BUFFRMFISHBM01,BUFFRMFish2007May22,main,10,L,3,2,2,5,0,0,1,0,0,,12/3/2018
2007,BUFFRMFISHBM01,BUFFRMFish2007May22,main,10,R,3,2,3,2,0,1,1,0,0,,12/3/2018
2007,BUFFRMFISHBM01,BUFFRMFish2007May22,main,11,L,3,2,4,10,0,0,1,0,0,,12/3/2018
2007,BUFFRMFISHBM01,BUFFRMFish2007May22,main,11,R,3,2,2,2,0,1,1,0,0,,12/3/2018
2007,BUFFRMFISHBM01,BUFFRMFish2007May22,side channel,1,L,3,2,3,10,0,0,0,0,0,,12/3/2018
2007,BUFFRMFISHBM01,BUFFRMFish2007May22,side channel,1,R,1,3,1,10,1,1,1,0,0,,12/3/2018
2007,BUFFRMFISHBM01,BUFFRMFish2007May22,side channel,2,L,3,2,3,10,1,1,0,1,0,,12/3/2018
2007,BUFFRMFISHBM01,BUFFRMFish2007May22,side channel,2,R,1,3,1,10,0,0,1,1,0,,12/3/2018
2007,BUFFRMFISHBM01,BUFFRMFish2007May22,side channel,3,L,1,2,1,2,1,1,0,0,0,,12/3/2018
2007,BUFFRMFISHBM01,BUFFRMFish2007May22,side channel,3,R,2,2,1,10,0,1,0,1,0,,12/3/2018
2007,BUFFRMFISHBM01,BUFFRMFish2007May22,side channel,4,L,3,2,2,10,1,1,0,1,0,,12/3/2018
2007,BUFFRMFISHBM01,BUFFRMFish2007May22,side channel,4,R,2,3,1,2,0,1,0,1,0,,12/3/2018
2007,BUFFRMFISHBM01,BUFFRMFish2007May22,side channel,5,L,2,2,1,10,1,1,0,0,0,,12/3/2018
2007,BUFFRMFISHBM01,BUFFRMFish2007May22,side channel,5,R,1,4,1,2,1,0,0,1,0,,12/3/2018
2007,BUFFRMFISHBM02,BUFFRMFish2007May23,main,1,L,3,3,5,5,0,0,1,0,0,,12/3/2018
2007,BUFFRMFISHBM02,BUFFRMFish2007May23,main,1,R,3,2,1,5,1,1,0,0,0,,12/3/2018
2007,BUFFRMFISHBM02,BUFFRMFish2007May23,main,2,L,3,2,4,5,1,0,1,0,0,,12/3/2018
2007,BUFFRMFISHBM02,BUFFRMFish2007May23,main,2,R,3,1,2,5,0,0,1,0,0,,12/3/2018
2007,BUFFRMFISHBM02,BUFFRMFish2007May23,main,3,L,3,1,5,5,0,0,1,0,0,,12/3/2018
2007,BUFFRMFISHBM02,BUFFRMFish2007May23,main,3,R,2,3,2,5,0,0,1,0,0,,12/3/2018
2007,BUFFRMFISHBM02,BUFFRMFish2007May23,main,4,L,3,3,4,2,1,0,0,0,0,,12/3/2018
2007,BUFFRMFISHBM02,BUFFRMFish2007May23,main,4,R,2,4,1,1,0,0,1,0,0,,12/3/2018
2007,BUFFRMFISHBM02,BUFFRMFish2007May23,main,5,L,2,2,3,2,1,1,0,0,0,,12/3/2018
2007,BUFFRMFISHBM02,BUFFRMFish2007May23,main,5,R,3,2,5,1,1,0,1,0,0,,12/3/2018
2007,BUFFRMFISHBM02,BUFFRMFish2007May23,main,6,L,1,4,2,2,1,0,0,0,0,,12/3/2018
2007,BUFFRMFISHBM02,BUFFRMFish2007May23,main,6,R,3,1,5,5,1,0,1,0,0,,12/3/2018
2007,BUFFRMFISHBM02,BUFFRMFish2007May23,main,7,L,3,2,5,2,1,0,1,0,0,,12/3/2018
2007,BUFFRMFISHBM02,BUFFRMFish2007May23,main,7,R,3,2,5,5,1,0,1,0,0,,12/3/2018
2007,BUFFRMFISHBM02,BUFFRMFish2007May23,main,8,L,3,4,5,1,0,0,0,1,0,,12/3/2018
2007,BUFFRMFISHBM02,BUFFRMFish2007May23,main,8,R,3,2,5,5,0,1,0,0,0,,12/3/2018
2007,BUFFRMFISHBM02,BUFFRMFish2007May23,main,9,L,3,4,5,1,0,0,0,1,0,,12/3/2018
2007,BUFFRMFISHBM02,BUFFRMFish2007May23,main,9,R,3,3,5,5,1,0,1,0,0,,12/3/2018
2007,BUFFRMFISHBM02,BUFFRMFish2007May23,main,10,L,3,3,5,1,0,0,1,1,0,,12/3/2018
2007,BUFFRMFISHBM02,BUFFRMFish2007May23,main,10,R,2,3,3,5,0,0,1,0,0,,12/3/2018
2007,BUFFRMFISHBM02,BUFFRMFish2007May23,main,11,L,3,2,5,1,1,1,0,0,0,,12/3/2018
2007,BUFFRMFISHBM02,BUFFRMFish2007May23,main,11,R,3,1,5,5,1,0,1,0,0,,12/3/2018
2007,BUFFRMFISHBM03,BUFFRMFish2007May30,main,1,L,2,1,3,10,1,0,0,0,0,,12/3/2018
2007,BUFFRMFISHBM03,BUFFRMFish2007May30,main,1,R,3,1,5,5,1,1,0,0,0,,12/3/2018
2007,BUFFRMFISHBM03,BUFFRMFish2007May30,main,2,L,3,1,3,5,1,1,0,0,0,,12/3/2018
2007,BUFFRMFISHBM03,BUFFRMFish2007May30,main,2,R,2,1,2,5,1,1,0,0,0,,12/3/2018
2007,BUFFRMFISHBM03,BUFFRMFish2007May30,main,3,L,3,1,3,5,1,1,0,0,0,,12/3/2018
2007,BUFFRMFISHBM03,BUFFRMFish2007May30,main,3,R,3,1,3,5,1,0,0,0,0,,12/3/2018
2007,BUFFRMFISHBM03,BUFFRMFish2007May30,main,4,L,1,2,2,2,0,1,0,0,0,,12/3/2018
2007,BUFFRMFISHBM03,BUFFRMFish2007May30,main,4,R,2,1,2,10,1,1,0,0,0,,12/3/2018
2007,BUFFRMFISHBM03,BUFFRMFish2007May30,main,5,L,3,4,5,1,1,0,0,1,0,,12/3/2018
2007,BUFFRMFISHBM03,BUFFRMFish2007May30,main,5,R,1,2,1,10,1,0,0,0,0,,12/3/2018
2007,BUFFRMFISHBM03,BUFFRMFish2007May30,main,6,L,3,4,1,1,0,0,0,1,0,,12/3/2018
2007,BUFFRMFISHBM03,BUFFRMFish2007May30,main,6,R,1,1,2,10,1,0,0,0,0,,12/3/2018
2007,BUFFRMFISHBM03,BUFFRMFish2007May30,main,7,L,3,4,5,1,0,0,0,1,0,,12/3/2018
2007,BUFFRMFISHBM03,BUFFRMFish2007May30,main,7,R,1,1,1,10,1,0,0,0,0,,12/3/2018
2007,BUFFRMFISHBM03,BUFFRMFish2007May30,main,8,L,3,1,5,1,0,0,0,1,0,,12/3/2018
2007,BUFFRMFISHBM03,BUFFRMFish2007May30,main,8,R,1,1,1,10,1,0,0,0,0,,12/3/2018
2007,BUFFRMFISHBM03,BUFFRMFish2007May30,main,9,L,3,4,5,1,0,0,0,1,0,,12/3/2018
2007,BUFFRMFISHBM03,BUFFRMFish2007May30,main,9,R,1,1,1,10,1,0,0,0,0,,12/3/2018
2007,BUFFRMFISHBM03,BUFFRMFish2007May30,main,10,L,3,1,5,5,1,1,0,0,0,,12/3/2018
2007,BUFFRMFISHBM03,BUFFRMFish2007May30,main,10,R,1,1,1,10,1,1,0,0,0,,12/3/2018
2007,BUFFRMFISHBM03,BUFFRMFish2007May30,main,11,L,3,3,5,1,0,1,0,1,0,,12/3/2018
2007,BUFFRMFISHBM03,BUFFRMFish2007May30,main,11,R,3,2,3,10,1,1,0,0,0,,12/3/2018
2007,BUFFRMFISHBM04,BUFFRMFish2007May31,main,1,L,1,3,1,2,0,0,0,1,0,,12/3/2018
2007,BUFFRMFISHBM04,BUFFRMFish2007May31,main,1,R,3,2,5,5,1,1,0,0,0,,12/3/2018
2007,BUFFRMFISHBM04,BUFFRMFish2007May31,main,2,L,1,3,1,10,0,0,0,1,0,,12/3/2018
2007,BUFFRMFISHBM04,BUFFRMFish2007May31,main,2,R,3,2,5,5,1,1,0,0,0,,12/3/2018
2007,BUFFRMFISHBM04,BUFFRMFish2007May31,main,3,L,2,1,2,10,1,1,0,0,0,,12/3/2018
2007,BUFFRMFISHBM04,BUFFRMFish2007May31,main,3,R,3,2,5,5,1,0,1,0,0,,12/3/2018
2007,BUFFRMFISHBM04,BUFFRMFish2007May31,main,4,L,3,1,2,10,1,1,0,0,0,,12/3/2018
2007,BUFFRMFISHBM04,BUFFRMFish2007May31,main,4,R,3,2,4,10,1,1,0,0,0,,12/3/2018
2007,BUFFRMFISHBM04,BUFFRMFish2007May31,main,5,L,3,2,4,5,1,1,0,0,0,,12/3/2018
2007,BUFFRMFISHBM04,BUFFRMFish2007May31,main,5,R,3,1,4,5,0,1,1,0,0,,12/3/2018
2007,BUFFRMFISHBM04,BUFFRMFish2007May31,main,6,L,3,1,5,5,0,1,1,0,0,,12/3/2018
2007,BUFFRMFISHBM04,BUFFRMFish2007May31,main,6,R,3,2,4,8,0,1,1,0,0,,12/3/2018
2007,BUFFRMFISHBM04,BUFFRMFish2007May31,main,7,L,2,1,2,5,1,1,0,0,0,,12/3/2018
2007,BUFFRMFISHBM04,BUFFRMFish2007May31,main,7,R,3,1,3,5,0,1,1,0,0,,12/3/2018
2007,BUFFRMFISHBM04,BUFFRMFish2007May31,main,8,L,3,1,4,8,0,0,1,0,0,,12/3/2018
2007,BUFFRMFISHBM04,BUFFRMFish2007May31,main,8,R,3,1,5,5,1,0,1,0,0,,12/3/2018
2007,BUFFRMFISHBM04,BUFFRMFish2007May31,main,9,L,3,1,4,5,0,0,1,0,0,,12/3/2018
2007,BUFFRMFISHBM04,BUFFRMFish2007May31,main,9,R,3,1,4,8,1,1,0,0,0,,12/3/2018
2007,BUFFRMFISHBM04,BUFFRMFish2007May31,main,10,L,3,2,4,8,0,0,1,0,0,,12/3/2018
2007,BUFFRMFISHBM04,BUFFRMFish2007May31,main,10,R,3,1,4,8,1,0,1,0,0,,12/3/2018
2007,BUFFRMFISHBM04,BUFFRMFish2007May31,main,11,L,2,2,4,1,0,0,1,0,0,,12/3/2018
2007,BUFFRMFISHBM04,BUFFRMFish2007May31,main,11,R,3,1,5,5,0,1,1,0,0,,12/3/2018
2007,BUFFRMFISHBM05,BUFFRMFish2007Jun20,main,1,L,2,1,2,10,1,1,0,0,0,,12/3/2018
2007,BUFFRMFISHBM05,BUFFRMFish2007Jun20,main,1,R,1,1,5,1,1,0,1,0,0,,12/3/2018
2007,BUFFRMFISHBM05,BUFFRMFish2007Jun20,main,2,L,2,2,1,10,1,0,0,1,0,,12/3/2018
2007,BUFFRMFISHBM05,BUFFRMFish2007Jun20,main,2,R,2,1,5,5,1,0,0,0,0,,12/3/2018
2007,BUFFRMFISHBM05,BUFFRMFish2007Jun20,main,3,L,3,1,3,10,1,1,0,0,0,,12/3/2018
2007,BUFFRMFISHBM05,BUFFRMFish2007Jun20,main,3,R,2,1,5,5,1,0,0,0,0,,12/3/2018
2007,BUFFRMFISHBM05,BUFFRMFish2007Jun20,main,4,L,3,1,1,5,1,1,0,0,0,,12/3/2018
2007,BUFFRMFISHBM05,BUFFRMFish2007Jun20,main,4,R,3,4,5,5,1,0,1,0,0,,12/3/2018
2007,BUFFRMFISHBM05,BUFFRMFish2007Jun20,main,5,L,1,1,1,10,1,1,0,0,0,,12/3/2018
2007,BUFFRMFISHBM05,BUFFRMFish2007Jun20,main,5,R,3,1,5,5,1,1,0,0,0,,12/3/2018
2007,BUFFRMFISHBM05,BUFFRMFish2007Jun20,main,6,L,3,2,2,10,0,1,0,0,0,,12/3/2018
2007,BUFFRMFISHBM05,BUFFRMFish2007Jun20,main,6,R,2,1,5,10,1,1,0,0,0,,12/3/2018
2007,BUFFRMFISHBM05,BUFFRMFish2007Jun20,main,7,L,1,2,1,10,0,0,1,0,0,,12/3/2018
2007,BUFFRMFISHBM05,BUFFRMFish2007Jun20,main,7,R,2,2,3,8,1,0,0,0,0,,12/3/2018
2007,BUFFRMFISHBM05,BUFFRMFish2007Jun20,main,8,L,1,1,1,10,1,1,0,0,0,,12/3/2018
2007,BUFFRMFISHBM05,BUFFRMFish2007Jun20,main,8,R,2,2,5,1,1,0,0,0,0,,12/3/2018
2007,BUFFRMFISHBM05,BUFFRMFish2007Jun20,main,9,L,1,2,1,10,0,0,1,0,0,,12/3/2018
2007,BUFFRMFISHBM05,BUFFRMFish2007Jun20,main,9,R,2,1,5,1,1,1,0,0,0,,12/3/2018
2007,BUFFRMFISHBM05,BUFFRMFish2007Jun20,main,10,L,1,2,1,10,1,0,1,0,0,,12/3/2018
2007,BUFFRMFISHBM05,BUFFRMFish2007Jun20,main,10,R,3,2,5,1,1,1,0,0,0,,12/3/2018
2007,BUFFRMFISHBM05,BUFFRMFish2007Jun20,main,11,L,1,3,1,10,0,1,0,1,0,,12/3/2018
2007,BUFFRMFISHBM05,BUFFRMFish2007Jun20,main,11,R,3,3,5,1,1,0,0,1,0,,12/3/2018
2007,BUFFRMFISHBM06,BUFFRMFish2007Jun04,main,1,L,3,3,2,8,1,0,0,1,0,island dry on right side- took measurement at true bank,12/3/2018
2007,BUFFRMFISHBM06,BUFFRMFish2007Jun04,main,1,R,3,1,2,10,1,1,0,0,0,,12/3/2018
2007,BUFFRMFISHBM06,BUFFRMFish2007Jun04,main,2,L,1,3,2,10,1,0,0,1,0,,12/3/2018
2007,BUFFRMFISHBM06,BUFFRMFish2007Jun04,main,2,R,3,2,4,2,1,0,1,0,0,,12/3/2018
2007,BUFFRMFISHBM06,BUFFRMFish2007Jun04,main,3,L,3,2,2,8,0,0,1,0,0,,12/3/2018
2007,BUFFRMFISHBM06,BUFFRMFish2007Jun04,main,3,R,3,2,2,5,0,1,1,0,0,,12/3/2018
2007,BUFFRMFISHBM06,BUFFRMFish2007Jun04,main,4,L,3,2,3,8,0,0,1,1,0,,12/3/2018
2007,BUFFRMFISHBM06,BUFFRMFish2007Jun04,main,4,R,3,1,4,2,0,1,1,0,0,,12/3/2018
2007,BUFFRMFISHBM06,BUFFRMFish2007Jun04,main,5,L,2,2,2,10,0,0,1,0,0,,12/3/2018
2007,BUFFRMFISHBM06,BUFFRMFish2007Jun04,main,5,R,3,1,3,2,0,1,1,0,0,,12/3/2018
2007,BUFFRMFISHBM06,BUFFRMFish2007Jun04,main,6,L,2,2,3,8,0,1,1,0,0,,12/3/2018
2007,BUFFRMFISHBM06,BUFFRMFish2007Jun04,main,6,R,2,1,2,2,1,1,0,0,0,,12/3/2018
2007,BUFFRMFISHBM06,BUFFRMFish2007Jun04,main,7,L,2,2,2,8,1,0,0,1,0,,12/3/2018
2007,BUFFRMFISHBM06,BUFFRMFish2007Jun04,main,7,R,3,1,3,5,1,1,0,0,0,,12/3/2018
2007,BUFFRMFISHBM06,BUFFRMFish2007Jun04,main,8,L,2,3,2,10,1,0,0,1,0,,12/3/2018
2007,BUFFRMFISHBM06,BUFFRMFish2007Jun04,main,8,R,3,2,4,5,0,0,1,1,0,,12/3/2018
2007,BUFFRMFISHBM06,BUFFRMFish2007Jun04,main,9,L,2,2,3,10,1,0,1,0,0,,12/3/2018
2007,BUFFRMFISHBM06,BUFFRMFish2007Jun04,main,9,R,3,2,3,8,1,1,0,0,0,,12/3/2018
2007,BUFFRMFISHBM06,BUFFRMFish2007Jun04,main,10,L,2,2,3,8,0,0,1,0,0,,12/3/2018
2007,BUFFRMFISHBM06,BUFFRMFish2007Jun04,main,10,R,2,4,5,10,0,0,0,1,0,,12/3/2018
2007,BUFFRMFISHBM06,BUFFRMFish2007Jun04,main,11,L,2,3,4,8,0,0,1,1,0,,12/3/2018
2007,BUFFRMFISHBM06,BUFFRMFish2007Jun04,main,11,R,3,3,5,1,1,0,0,1,0,,12/3/2018
2007,BUFFRMFISHBT05,BUFFRMFish2007May21,main,1,L,1,3,1,2,0,0,1,1,0,,12/3/2018
2007,BUFFRMFISHBT05,BUFFRMFish2007May21,main,1,R,3,2,3,8,1,0,1,0,0,,12/3/2018
2007,BUFFRMFISHBT05,BUFFRMFish2007May21,main,2,L,1,3,1,2,0,0,0,1,0,,12/3/2018
2007,BUFFRMFISHBT05,BUFFRMFish2007May21,main,2,R,3,2,5,2,1,0,1,0,0,,12/3/2018
2007,BUFFRMFISHBT05,BUFFRMFish2007May21,main,3,L,1,3,1,2,0,0,0,1,0,,12/3/2018
2007,BUFFRMFISHBT05,BUFFRMFish2007May21,main,3,R,3,2,5,2,1,0,1,0,0,,12/3/2018
2007,BUFFRMFISHBT05,BUFFRMFish2007May21,main,4,L,1,3,1,2,0,0,1,1,0,,12/3/2018
2007,BUFFRMFISHBT05,BUFFRMFish2007May21,main,4,R,3,2,5,5,1,0,1,0,0,,12/3/2018
2007,BUFFRMFISHBT05,BUFFRMFish2007May21,main,5,L,2,1,1,5,1,0,1,0,0,,12/3/2018
2007,BUFFRMFISHBT05,BUFFRMFish2007May21,main,5,R,3,2,5,10,0,0,1,0,0,,12/3/2018
2007,BUFFRMFISHBT05,BUFFRMFish2007May21,main,6,L,2,2,2,5,0,0,1,0,0,,12/3/2018
2007,BUFFRMFISHBT05,BUFFRMFish2007May21,main,6,R,3,1,4,5,0,0,1,0,0,,12/3/2018
2007,BUFFRMFISHBT05,BUFFRMFish2007May21,main,7,L,3,2,3,10,0,1,1,0,0,,12/3/2018
2007,BUFFRMFISHBT05,BUFFRMFish2007May21,main,7,R,3,2,5,2,1,0,1,0,0,,12/3/2018
2007,BUFFRMFISHBT05,BUFFRMFish2007May21,main,8,L,3,1,2,5,0,1,1,0,0,,12/3/2018
2007,BUFFRMFISHBT05,BUFFRMFish2007May21,main,8,R,3,1,1,2,1,0,1,0,0,,12/3/2018
2007,BUFFRMFISHBT05,BUFFRMFish2007May21,main,9,L,3,2,3,2,1,1,0,0,0,,12/3/2018
2007,BUFFRMFISHBT05,BUFFRMFish2007May21,main,9,R,2,2,5,2,1,0,1,0,0,,12/3/2018
2007,BUFFRMFISHBT05,BUFFRMFish2007May21,main,10,L,3,2,2,2,1,0,1,0,0,,12/3/2018
2007,BUFFRMFISHBT05,BUFFRMFish2007May21,main,10,R,3,2,5,5,1,0,1,0,0,,12/3/2018
2007,BUFFRMFISHBT05,BUFFRMFish2007May21,main,11,L,2,2,1,2,0,1,1,0,0,,12/3/2018
2007,BUFFRMFISHBT05,BUFFRMFish2007May21,main,11,R,3,2,4,2,1,0,1,0,0,,12/3/2018
2007,BUFFRMFISHBT07,BUFFRMFish2007May25,main,1,L,3,2,2,5,1,1,0,0,0,,12/3/2018
2007,BUFFRMFISHBT07,BUFFRMFish2007May25,main,1,R,3,2,3,5,1,0,1,0,0,,12/3/2018
2007,BUFFRMFISHBT07,BUFFRMFish2007May25,main,2,L,2,1,2,5,0,1,1,0,0,,12/3/2018
2007,BUFFRMFISHBT07,BUFFRMFish2007May25,main,2,R,3,2,4,5,0,1,1,0,0,,12/3/2018
2007,BUFFRMFISHBT07,BUFFRMFish2007May25,main,3,L,2,1,5,5,0,0,1,0,0,,12/3/2018
2007,BUFFRMFISHBT07,BUFFRMFish2007May25,main,3,R,3,1,4,5,1,0,1,0,0,,12/3/2018
2007,BUFFRMFISHBT07,BUFFRMFish2007May25,main,4,L,3,2,4,5,1,1,0,0,0,,12/3/2018
2007,BUFFRMFISHBT07,BUFFRMFish2007May25,main,4,R,2,1,2,5,1,0,1,0,0,,12/3/2018
2007,BUFFRMFISHBT07,BUFFRMFish2007May25,main,5,L,3,2,4,5,0,1,1,0,0,,12/3/2018
2007,BUFFRMFISHBT07,BUFFRMFish2007May25,main,5,R,1,1,1,5,0,1,1,0,0,,12/3/2018
2007,BUFFRMFISHBT07,BUFFRMFish2007May25,main,6,L,3,2,4,5,0,1,1,0,0,,12/3/2018
2007,BUFFRMFISHBT07,BUFFRMFish2007May25,main,6,R,1,1,1,5,0,1,1,0,0,,12/3/2018
2007,BUFFRMFISHBT07,BUFFRMFish2007May25,main,7,L,3,1,5,5,0,0,1,0,0,,12/3/2018
2007,BUFFRMFISHBT07,BUFFRMFish2007May25,main,7,R,1,1,1,5,0,1,1,0,0,,12/3/2018
2007,BUFFRMFISHBT07,BUFFRMFish2007May25,main,8,L,3,2,4,5,1,0,1,0,0,,12/3/2018
2007,BUFFRMFISHBT07,BUFFRMFish2007May25,main,8,R,1,2,1,10,0,1,1,0,0,,12/3/2018
2007,BUFFRMFISHBT07,BUFFRMFish2007May25,main,9,L,3,2,4,5,1,1,0,0,0,,12/3/2018
2007,BUFFRMFISHBT07,BUFFRMFish2007May25,main,9,R,1,2,2,10,1,0,1,0,0,,12/3/2018
2007,BUFFRMFISHBT07,BUFFRMFish2007May25,main,10,L,3,2,4,5,1,1,0,0,0,,12/3/2018
2007,BUFFRMFISHBT07,BUFFRMFish2007May25,main,10,R,2,4,1,10,0,1,0,1,0,,12/3/2018
2007,BUFFRMFISHBT07,BUFFRMFish2007May25,main,11,L,3,2,5,1,0,1,1,0,0,,12/3/2018
2007,BUFFRMFISHBT07,BUFFRMFish2007May25,main,11,R,1,1,1,10,1,0,0,1,0,,12/3/2018
2007,BUFFRMFISHBT12,BUFFRMFish2007May29,main,1,L,2,2,1,5,1,1,0,0,0,,12/3/2018
2007,BUFFRMFISHBT12,BUFFRMFish2007May29,main,1,R,3,3,5,1,0,1,0,1,0,,12/3/2018
2007,BUFFRMFISHBT12,BUFFRMFish2007May29,main,2,L,1,1,1,5,0,1,1,0,0,,12/3/2018
2007,BUFFRMFISHBT12,BUFFRMFish2007May29,main,2,R,3,2,5,1,0,1,0,0,0,,12/3/2018
2007,BUFFRMFISHBT12,BUFFRMFish2007May29,main,3,L,1,2,1,5,1,1,0,0,0,,12/3/2018
2007,BUFFRMFISHBT12,BUFFRMFish2007May29,main,3,R,3,3,5,1,0,1,0,1,0,,12/3/2018
2007,BUFFRMFISHBT12,BUFFRMFish2007May29,main,4,L,1,2,1,5,1,1,0,0,0,,12/3/2018
2007,BUFFRMFISHBT12,BUFFRMFish2007May29,main,4,R,3,3,5,1,1,0,0,1,0,,12/3/2018
2007,BUFFRMFISHBT12,BUFFRMFish2007May29,main,5,L,1,1,1,5,1,1,0,0,0,,12/3/2018
2007,BUFFRMFISHBT12,BUFFRMFish2007May29,main,5,R,3,3,5,1,1,0,0,1,0,,12/3/2018
2007,BUFFRMFISHBT12,BUFFRMFish2007May29,main,6,L,2,2,1,5,1,1,0,0,0,,12/3/2018
2007,BUFFRMFISHBT12,BUFFRMFish2007May29,main,6,R,3,2,5,1,1,1,0,0,0,,12/3/2018
2007,BUFFRMFISHBT12,BUFFRMFish2007May29,main,7,L,3,3,3,5,0,1,0,1,0,,12/3/2018
2007,BUFFRMFISHBT12,BUFFRMFish2007May29,main,7,R,3,2,5,1,1,1,0,0,0,,12/3/2018
2007,BUFFRMFISHBT12,BUFFRMFish2007May29,main,8,L,1,1,1,5,1,1,0,0,0,,12/3/2018
2007,BUFFRMFISHBT12,BUFFRMFish2007May29,main,8,R,1,1,1,5,1,1,0,0,0,,12/3/2018
2007,BUFFRMFISHBT12,BUFFRMFish2007May29,main,9,L,1,2,1,10,1,0,1,0,0,,12/3/2018
2007,BUFFRMFISHBT12,BUFFRMFish2007May29,main,9,R,3,3,4,5,1,0,0,1,0,,12/3/2018
2007,BUFFRMFISHBT12,BUFFRMFish2007May29,main,10,L,1,1,1,5,1,1,0,0,0,,12/3/2018
2007,BUFFRMFISHBT12,BUFFRMFish2007May29,main,10,R,3,2,5,1,1,1,0,0,0,,12/3/2018
2007,BUFFRMFISHBT12,BUFFRMFish2007May29,main,11,L,1,1,1,10,0,1,1,0,0,,12/3/2018
2007,BUFFRMFISHBT12,BUFFRMFish2007May29,main,11,R,3,2,5,1,1,1,0,0,0,,12/3/2018
2007,BUFFRMFISHBT21,BUFFRMFish2007Jun01,main,1,L,3,1,3,5,1,1,0,0,0,,12/3/2018
2007,BUFFRMFISHBT21,BUFFRMFish2007Jun01,main,1,R,3,1,2,5,1,1,0,0,0,,12/3/2018
2007,BUFFRMFISHBT21,BUFFRMFish2007Jun01,main,2,L,3,1,3,10,1,1,0,0,0,,12/3/2018
2007,BUFFRMFISHBT21,BUFFRMFish2007Jun01,main,2,R,3,2,2,2,1,1,0,0,0,,12/3/2018
2007,BUFFRMFISHBT21,BUFFRMFish2007Jun01,main,3,L,3,1,2,5,1,1,0,0,0,,12/3/2018
2007,BUFFRMFISHBT21,BUFFRMFish2007Jun01,main,3,R,3,3,4,2,0,1,0,1,0,,12/3/2018
2007,BUFFRMFISHBT21,BUFFRMFish2007Jun01,main,4,L,3,1,2,5,1,0,1,0,0,,12/3/2018
2007,BUFFRMFISHBT21,BUFFRMFish2007Jun01,main,4,R,3,2,5,2,1,0,0,1,0,,12/3/2018
2007,BUFFRMFISHBT21,BUFFRMFish2007Jun01,main,5,L,2,1,4,5,1,1,0,0,0,old bridge pillar on bank,12/3/2018
2007,BUFFRMFISHBT21,BUFFRMFish2007Jun01,main,5,R,3,3,5,1,0,0,0,1,0,,12/3/2018
2007,BUFFRMFISHBT21,BUFFRMFish2007Jun01,main,6,L,1,2,1,10,0,0,1,0,0,,12/3/2018
2007,BUFFRMFISHBT21,BUFFRMFish2007Jun01,main,6,R,3,3,5,1,0,0,0,1,0,,12/3/2018
2007,BUFFRMFISHBT21,BUFFRMFish2007Jun01,main,7,L,1,1,1,10,1,1,0,0,0,,12/3/2018
2007,BUFFRMFISHBT21,BUFFRMFish2007Jun01,main,7,R,3,4,5,1,0,0,0,1,0,,12/3/2018
2007,BUFFRMFISHBT21,BUFFRMFish2007Jun01,main,8,L,1,1,1,10,1,1,0,0,0,,12/3/2018
2007,BUFFRMFISHBT21,BUFFRMFish2007Jun01,main,8,R,3,4,5,1,0,0,0,1,0,,12/3/2018
2007,BUFFRMFISHBT21,BUFFRMFish2007Jun01,main,9,L,2,1,2,10,1,1,0,0,0,,12/3/2018
2007,BUFFRMFISHBT21,BUFFRMFish2007Jun01,main,9,R,3,4,5,1,0,0,0,1,0,,12/3/2018
2007,BUFFRMFISHBT21,BUFFRMFish2007Jun01,main,10,L,3,2,3,10,1,1,0,0,0,,12/3/2018
2007,BUFFRMFISHBT21,BUFFRMFish2007Jun01,main,10,R,3,3,5,1,0,0,0,1,0,,12/3/2018
2007,BUFFRMFISHBT21,BUFFRMFish2007Jun01,main,11,L,3,2,3,5,0,1,0,0,0,,12/3/2018
2007,BUFFRMFISHBT21,BUFFRMFish2007Jun01,main,11,R,3,2,5,2,1,0,1,0,0,,12/3/2018
2007,BUFFRMFISHBT25,BUFFRMFish2007Jun06,main,1,L,3,2,5,5,0,1,1,0,0,,12/3/2018
2007,BUFFRMFISHBT25,BUFFRMFish2007Jun06,main,1,R,3,2,5,10,1,1,0,0,0,,12/3/2018
2007,BUFFRMFISHBT25,BUFFRMFish2007Jun06,main,2,L,3,2,5,5,0,1,1,0,0,,12/3/2018
2007,BUFFRMFISHBT25,BUFFRMFish2007Jun06,main,2,R,3,2,5,5,0,1,1,0,0,,12/3/2018
2007,BUFFRMFISHBT25,BUFFRMFish2007Jun06,main,3,L,3,2,5,5,0,1,1,0,0,,12/3/2018
2007,BUFFRMFISHBT25,BUFFRMFish2007Jun06,main,3,R,3,2,5,5,0,1,1,0,0,,12/3/2018
2007,BUFFRMFISHBT25,BUFFRMFish2007Jun06,main,4,L,3,2,5,10,0,1,1,0,0,,12/3/2018
2007,BUFFRMFISHBT25,BUFFRMFish2007Jun06,main,4,R,3,3,5,5,1,0,1,0,0,,12/3/2018
2007,BUFFRMFISHBT25,BUFFRMFish2007Jun06,main,5,L,3,2,5,1,0,1,1,0,0,,12/3/2018
2007,BUFFRMFISHBT25,BUFFRMFish2007Jun06,main,5,R,3,2,5,10,0,1,1,0,0,,12/3/2018
2007,BUFFRMFISHBT25,BUFFRMFish2007Jun06,main,6,L,3,2,5,1,0,1,1,0,0,,12/3/2018
2007,BUFFRMFISHBT25,BUFFRMFish2007Jun06,main,6,R,3,1,4,5,1,0,1,0,0,,12/3/2018
2007,BUFFRMFISHBT25,BUFFRMFish2007Jun06,main,7,L,3,2,5,5,0,1,1,0,0,,12/3/2018
2007,BUFFRMFISHBT25,BUFFRMFish2007Jun06,main,7,R,3,1,4,10,0,1,1,0,0,,12/3/2018
2007,BUFFRMFISHBT25,BUFFRMFish2007Jun06,main,8,L,3,2,4,5,0,1,0,0,0,,12/3/2018
2007,BUFFRMFISHBT25,BUFFRMFish2007Jun06,main,8,R,2,1,4,10,1,0,1,0,0,,12/3/2018
2007,BUFFRMFISHBT25,BUFFRMFish2007Jun06,main,9,L,3,2,4,10,1,1,1,0,0,,12/3/2018
2007,BUFFRMFISHBT25,BUFFRMFish2007Jun06,main,9,R,2,1,3,10,0,1,1,0,0,,12/3/2018
2007,BUFFRMFISHBT25,BUFFRMFish2007Jun06,main,10,L,3,2,5,10,1,1,0,0,0,,12/3/2018
2007,BUFFRMFISHBT25,BUFFRMFish2007Jun06,main,10,R,3,2,4,10,0,1,1,0,0,,12/3/2018
2007,BUFFRMFISHBT25,BUFFRMFish2007Jun06,main,11,L,3,2,5,10,0,1,1,0,0,,12/3/2018
2007,BUFFRMFISHBT25,BUFFRMFish2007Jun06,main,11,R,3,2,5,10,0,1,1,0,0,,12/3/2018
2007,BUFFRMFISHBT33,BUFFRMFish2007Jun05,main,1,L,3,1,5,5,1,1,0,0,0,,12/3/2018
2007,BUFFRMFISHBT33,BUFFRMFish2007Jun05,main,1,R,3,1,4,5,1,1,0,0,0,,12/3/2018
2007,BUFFRMFISHBT33,BUFFRMFish2007Jun05,main,2,L,3,1,5,5,1,0,1,0,0,,12/3/2018
2007,BUFFRMFISHBT33,BUFFRMFish2007Jun05,main,2,R,2,1,4,1,1,0,0,0,0,,12/3/2018
2007,BUFFRMFISHBT33,BUFFRMFish2007Jun05,main,3,L,3,1,5,5,1,0,1,0,0,,12/3/2018
2007,BUFFRMFISHBT33,BUFFRMFish2007Jun05,main,3,R,2,1,3,2,0,1,0,0,0,,12/3/2018
2007,BUFFRMFISHBT33,BUFFRMFish2007Jun05,main,4,L,2,1,5,2,0,1,0,0,0,,12/3/2018
2007,BUFFRMFISHBT33,BUFFRMFish2007Jun05,main,4,R,2,1,3,5,0,1,0,0,0,,12/3/2018
2007,BUFFRMFISHBT33,BUFFRMFish2007Jun05,main,5,L,2,1,3,5,0,1,0,0,0,,12/3/2018
2007,BUFFRMFISHBT33,BUFFRMFish2007Jun05,main,5,R,3,1,4,2,1,1,0,0,0,,12/3/2018
2007,BUFFRMFISHBT33,BUFFRMFish2007Jun05,main,6,L,3,1,2,5,0,1,0,0,0,,12/3/2018
2007,BUFFRMFISHBT33,BUFFRMFish2007Jun05,main,6,R,3,1,5,2,1,1,0,0,0,,12/3/2018
2007,BUFFRMFISHBT33,BUFFRMFish2007Jun05,main,7,L,2,1,3,5,0,1,0,0,0,,12/3/2018
2007,BUFFRMFISHBT33,BUFFRMFish2007Jun05,main,7,R,3,1,4,1,0,1,0,0,0,,12/3/2018
2007,BUFFRMFISHBT33,BUFFRMFish2007Jun05,main,8,L,2,1,4,2,1,0,1,0,0,,12/3/2018
2007,BUFFRMFISHBT33,BUFFRMFish2007Jun05,main,8,R,3,1,4,1,1,0,1,0,0,,12/3/2018
2007,BUFFRMFISHBT33,BUFFRMFish2007Jun05,main,9,L,2,1,2,2,1,1,0,0,0,,12/3/2018
2007,BUFFRMFISHBT33,BUFFRMFish2007Jun05,main,9,R,3,2,5,1,1,0,0,0,0,,12/3/2018
2007,BUFFRMFISHBT33,BUFFRMFish2007Jun05,main,10,L,2,1,2,2,1,0,1,0,0,,12/3/2018
2007,BUFFRMFISHBT33,BUFFRMFish2007Jun05,main,10,R,2,1,2,2,1,0,0,0,0,,12/3/2018
2007,BUFFRMFISHBT33,BUFFRMFish2007Jun05,main,11,L,2,1,3,2,0,1,0,0,0,,12/3/2018
2007,BUFFRMFISHBT33,BUFFRMFish2007Jun05,main,11,R,2,1,4,2,0,1,0,0,0,,12/3/2018
2008,BUFFRMFISHBM01,BUFFRMFish2008May20,main,1,L,3,1,3,2,1,0,1,0,0,,12/3/2018
2008,BUFFRMFISHBM01,BUFFRMFish2008May20,main,1,R,3,2,5,10,1,0,0,1,0,,12/3/2018
2008,BUFFRMFISHBM01,BUFFRMFish2008May20,main,2,L,3,1,4,2,1,0,1,0,0,,12/3/2018
2008,BUFFRMFISHBM01,BUFFRMFish2008May20,main,2,R,3,2,5,10,1,0,0,1,0,,12/3/2018
2008,BUFFRMFISHBM01,BUFFRMFish2008May20,main,3,L,1,1,2,2,1,1,0,0,0,,12/3/2018
2008,BUFFRMFISHBM01,BUFFRMFish2008May20,main,3,R,1,1,1,5,1,1,0,0,0,,12/3/2018
2008,BUFFRMFISHBM01,BUFFRMFish2008May20,main,4,L,1,2,2,2,1,0,0,1,0,,12/3/2018
2008,BUFFRMFISHBM01,BUFFRMFish2008May20,main,4,R,2,1,1,2,1,0,1,0,0,,12/3/2018
2008,BUFFRMFISHBM01,BUFFRMFish2008May20,main,5,L,1,3,1,2,0,0,0,1,0,,12/3/2018
2008,BUFFRMFISHBM01,BUFFRMFish2008May20,main,5,R,3,1,3,5,1,1,0,0,0,,12/3/2018
2008,BUFFRMFISHBM01,BUFFRMFish2008May20,main,6,L,2,1,1,10,1,0,1,0,0,,12/3/2018
2008,BUFFRMFISHBM01,BUFFRMFish2008May20,main,6,R,3,2,5,10,1,0,1,0,0,,12/3/2018
2008,BUFFRMFISHBM01,BUFFRMFish2008May20,main,7,L,1,1,1,8,0,0,0,0,0,,12/3/2018
2008,BUFFRMFISHBM01,BUFFRMFish2008May20,main,7,R,3,1,5,2,0,0,0,0,0,,12/3/2018
2008,BUFFRMFISHBM01,BUFFRMFish2008May20,main,8,L,1,1,1,8,1,1,0,0,0,,12/3/2018
2008,BUFFRMFISHBM01,BUFFRMFish2008May20,main,8,R,3,1,5,2,1,0,1,0,0,,12/3/2018
2008,BUFFRMFISHBM01,BUFFRMFish2008May20,main,9,L,3,1,1,8,1,0,1,0,0,,12/3/2018
2008,BUFFRMFISHBM01,BUFFRMFish2008May20,main,9,R,3,1,5,2,1,0,0,0,0,,12/3/2018
2008,BUFFRMFISHBM01,BUFFRMFish2008May20,main,10,L,2,1,3,2,1,0,1,0,0,,12/3/2018
2008,BUFFRMFISHBM01,BUFFRMFish2008May20,main,10,R,3,1,5,8,1,0,1,0,0,,12/3/2018
2008,BUFFRMFISHBM01,BUFFRMFish2008May20,side channel,1,L,1,1,1,10,1,0,1,0,0,,12/3/2018
2008,BUFFRMFISHBM01,BUFFRMFish2008May20,side channel,1,R,3,1,2,10,1,0,0,0,0,,12/3/2018
2008,BUFFRMFISHBM01,BUFFRMFish2008May20,side channel,2,L,1,1,1,10,1,0,0,0,0,,12/3/2018
2008,BUFFRMFISHBM01,BUFFRMFish2008May20,side channel,2,R,3,1,4,2,1,0,1,0,0,,12/3/2018
2008,BUFFRMFISHBM01,BUFFRMFish2008May20,side channel,3,L,1,1,3,10,1,0,1,0,0,,12/3/2018
2008,BUFFRMFISHBM01,BUFFRMFish2008May20,side channel,3,R,1,2,1,8,1,0,1,0,0,,12/3/2018
2008,BUFFRMFISHBM01,BUFFRMFish2008May20,side channel,4,L,2,1,2,2,1,0,1,0,0,,12/3/2018
2008,BUFFRMFISHBM01,BUFFRMFish2008May20,side channel,4,R,1,2,1,2,1,0,0,1,0,,12/3/2018
2008,BUFFRMFISHBM01,BUFFRMFish2008May20,side channel,5,L,1,2,1,8,1,0,1,0,0,,12/3/2018
2008,BUFFRMFISHBM01,BUFFRMFish2008May20,side channel,5,R,1,3,1,2,0,0,0,1,0,,12/3/2018
2008,BUFFRMFISHBM02,BUFFRMFish2008May22,main,1,L,3,1,5,5,1,1,0,0,0,,12/3/2018
2008,BUFFRMFISHBM02,BUFFRMFish2008May22,main,1,R,3,1,3,5,1,1,0,0,0,,12/3/2018
2008,BUFFRMFISHBM02,BUFFRMFish2008May22,main,2,L,2,3,2,5,0,0,0,1,0,,12/3/2018
2008,BUFFRMFISHBM02,BUFFRMFish2008May22,main,2,R,3,1,3,5,1,0,1,0,0,,12/3/2018
2008,BUFFRMFISHBM02,BUFFRMFish2008May22,main,3,L,3,2,4,5,1,1,0,0,0,,12/3/2018
2008,BUFFRMFISHBM02,BUFFRMFish2008May22,main,3,R,2,2,3,5,1,0,1,0,0,,12/3/2018
2008,BUFFRMFISHBM02,BUFFRMFish2008May22,main,4,L,3,1,3,5,0,0,1,0,0,,12/3/2018
2008,BUFFRMFISHBM02,BUFFRMFish2008May22,main,4,R,2,2,2,1,1,0,1,0,0,,12/3/2018
2008,BUFFRMFISHBM02,BUFFRMFish2008May22,main,5,L,3,1,3,8,1,0,1,0,0,,12/3/2018
2008,BUFFRMFISHBM02,BUFFRMFish2008May22,main,5,R,2,3,3,1,0,0,0,1,0,,12/3/2018
2008,BUFFRMFISHBM02,BUFFRMFish2008May22,main,6,L,2,3,1,2,0,0,0,1,0,large gravel bar,12/3/2018
2008,BUFFRMFISHBM02,BUFFRMFish2008May22,main,6,R,3,2,5,5,0,1,1,0,0,,12/3/2018
2008,BUFFRMFISHBM02,BUFFRMFish2008May22,main,7,L,2,1,2,5,1,0,1,0,0,,12/3/2018
2008,BUFFRMFISHBM02,BUFFRMFish2008May22,main,7,R,3,2,4,5,1,1,0,0,0,,12/3/2018
2008,BUFFRMFISHBM02,BUFFRMFish2008May22,main,8,L,3,4,5,1,0,0,0,1,0,,12/3/2018
2008,BUFFRMFISHBM02,BUFFRMFish2008May22,main,8,R,3,1,4,5,1,1,0,0,0,,12/3/2018
2008,BUFFRMFISHBM02,BUFFRMFish2008May22,main,9,L,3,4,5,1,0,0,0,1,0,,12/3/2018
2008,BUFFRMFISHBM02,BUFFRMFish2008May22,main,9,R,3,2,4,5,0,1,0,0,0,,12/3/2018
2008,BUFFRMFISHBM02,BUFFRMFish2008May22,main,10,L,3,3,5,1,0,1,0,1,0,,12/3/2018
2008,BUFFRMFISHBM02,BUFFRMFish2008May22,main,10,R,2,2,4,5,1,0,1,0,0,,12/3/2018
2008,BUFFRMFISHBM02,BUFFRMFish2008May22,main,11,L,3,3,5,2,0,0,0,1,0,,12/3/2018
2008,BUFFRMFISHBM02,BUFFRMFish2008May22,main,11,R,2,2,3,10,1,0,1,0,0,,12/3/2018
2008,BUFFRMFISHBM03,BUFFRMFish2008Jun03,main,1,L,3,2,2,5,0,1,0,0,0,,12/3/2018
2008,BUFFRMFISHBM03,BUFFRMFish2008Jun03,main,1,R,3,1,3,5,1,1,0,0,0,,12/3/2018
2008,BUFFRMFISHBM03,BUFFRMFish2008Jun03,main,2,L,3,1,3,5,1,1,0,0,0,,12/3/2018
2008,BUFFRMFISHBM03,BUFFRMFish2008Jun03,main,2,R,3,1,2,5,1,1,0,0,0,,12/3/2018
2008,BUFFRMFISHBM03,BUFFRMFish2008Jun03,main,3,L,3,1,5,5,1,1,0,0,0,,12/3/2018
2008,BUFFRMFISHBM03,BUFFRMFish2008Jun03,main,3,R,3,1,2,5,1,1,0,0,0,,12/3/2018
2008,BUFFRMFISHBM03,BUFFRMFish2008Jun03,main,4,L,2,1,5,5,1,1,0,0,0,,12/3/2018
2008,BUFFRMFISHBM03,BUFFRMFish2008Jun03,main,4,R,3,1,3,5,1,1,0,0,0,,12/3/2018
2008,BUFFRMFISHBM03,BUFFRMFish2008Jun03,main,5,L,1,1,2,2,1,1,0,0,0,,12/3/2018
2008,BUFFRMFISHBM03,BUFFRMFish2008Jun03,main,5,R,3,1,3,5,0,1,0,0,0,,12/3/2018
2008,BUFFRMFISHBM03,BUFFRMFish2008Jun03,main,6,L,2,2,5,5,1,0,0,0,0,bluff about 10m back,12/3/2018
2008,BUFFRMFISHBM03,BUFFRMFish2008Jun03,main,6,R,3,1,2,8,1,1,0,0,0,,12/3/2018
2008,BUFFRMFISHBM03,BUFFRMFish2008Jun03,main,7,L,1,3,5,5,0,0,0,1,0,bluff about 5 meters from bank,12/3/2018
2008,BUFFRMFISHBM03,BUFFRMFish2008Jun03,main,7,R,2,2,5,8,0,1,0,1,0,,12/3/2018
2008,BUFFRMFISHBM03,BUFFRMFish2008Jun03,main,8,L,3,3,5,1,0,0,0,1,0,bluff with some veg,12/3/2018
2008,BUFFRMFISHBM03,BUFFRMFish2008Jun03,main,8,R,2,2,4,8,1,0,1,1,0,,12/3/2018
2008,BUFFRMFISHBM03,BUFFRMFish2008Jun03,main,9,L,3,4,5,1,0,0,0,1,0,Bluff,12/3/2018
2008,BUFFRMFISHBM03,BUFFRMFish2008Jun03,main,9,R,1,1,2,8,1,1,0,0,0,,12/3/2018
2008,BUFFRMFISHBM03,BUFFRMFish2008Jun03,main,10,L,3,2,5,5,1,1,0,0,0,,12/3/2018
2008,BUFFRMFISHBM03,BUFFRMFish2008Jun03,main,10,R,2,1,4,8,1,0,0,0,0,,12/3/2018
2008,BUFFRMFISHBM03,BUFFRMFish2008Jun03,main,11,L,3,1,5,5,1,1,0,0,0,bluff about 15 m from bank,12/3/2018
2008,BUFFRMFISHBM03,BUFFRMFish2008Jun03,main,11,R,3,1,3,8,1,0,0,0,0,,12/3/2018
2008,BUFFRMFISHBM04,BUFFRMFish2008Jun04,main,1,L,1,3,1,2,0,0,0,1,0,,12/3/2018
2008,BUFFRMFISHBM04,BUFFRMFish2008Jun04,main,1,R,3,2,5,8,1,0,0,0,0,,12/3/2018
2008,BUFFRMFISHBM04,BUFFRMFish2008Jun04,main,2,L,2,3,3,2,0,0,0,1,0,,12/3/2018
2008,BUFFRMFISHBM04,BUFFRMFish2008Jun04,main,2,R,3,2,5,5,1,0,1,0,0,,12/3/2018
2008,BUFFRMFISHBM04,BUFFRMFish2008Jun04,main,3,L,1,1,2,5,0,1,0,0,0,,12/3/2018
2008,BUFFRMFISHBM04,BUFFRMFish2008Jun04,main,3,R,3,1,4,8,1,0,1,0,0,,12/3/2018
2008,BUFFRMFISHBM04,BUFFRMFish2008Jun04,main,4,L,3,1,5,5,1,0,0,0,0,,12/3/2018
2008,BUFFRMFISHBM04,BUFFRMFish2008Jun04,main,4,R,3,1,5,10,1,0,1,0,0,,12/3/2018
2008,BUFFRMFISHBM04,BUFFRMFish2008Jun04,main,5,L,3,1,4,5,0,1,1,0,0,,12/3/2018
2008,BUFFRMFISHBM04,BUFFRMFish2008Jun04,main,5,R,3,2,5,8,0,0,1,1,0,,12/3/2018
2008,BUFFRMFISHBM04,BUFFRMFish2008Jun04,main,6,L,2,1,5,5,1,1,1,0,0,,12/3/2018
2008,BUFFRMFISHBM04,BUFFRMFish2008Jun04,main,6,R,3,1,5,5,1,0,1,0,0,,12/3/2018
2008,BUFFRMFISHBM04,BUFFRMFish2008Jun04,main,7,L,3,1,3,5,1,0,1,0,0,,12/3/2018
2008,BUFFRMFISHBM04,BUFFRMFish2008Jun04,main,7,R,3,1,5,8,1,0,1,0,0,,12/3/2018
2008,BUFFRMFISHBM04,BUFFRMFish2008Jun04,main,8,L,3,1,5,8,1,0,1,0,0,,12/3/2018
2008,BUFFRMFISHBM04,BUFFRMFish2008Jun04,main,8,R,3,1,4,5,0,0,1,0,0,,12/3/2018
2008,BUFFRMFISHBM04,BUFFRMFish2008Jun04,main,9,L,3,1,5,5,1,0,1,0,0,,12/3/2018
2008,BUFFRMFISHBM04,BUFFRMFish2008Jun04,main,9,R,3,1,5,5,1,1,0,0,0,,12/3/2018
2008,BUFFRMFISHBM04,BUFFRMFish2008Jun04,main,10,L,3,2,5,1,1,0,1,0,0,,12/3/2018
2008,BUFFRMFISHBM04,BUFFRMFish2008Jun04,main,10,R,3,1,5,5,1,0,1,0,0,,12/3/2018
2008,BUFFRMFISHBM04,BUFFRMFish2008Jun04,main,11,L,1,1,5,5,1,0,1,0,0,,12/3/2018
2008,BUFFRMFISHBM04,BUFFRMFish2008Jun04,main,11,R,1,2,5,8,0,1,0,1,0,,12/3/2018
2008,BUFFRMFISHBM05,BUFFRMFish2008Jun05,main,1,L,1,3,1,10,0,0,0,1,0,,12/3/2018
2008,BUFFRMFISHBM05,BUFFRMFish2008Jun05,main,1,R,2,2,1,5,1,0,1,0,0,,12/3/2018
2008,BUFFRMFISHBM05,BUFFRMFish2008Jun05,main,2,L,2,2,1,8,1,0,0,1,0,,12/3/2018
2008,BUFFRMFISHBM05,BUFFRMFish2008Jun05,main,2,R,3,2,5,8,1,0,1,0,0,,12/3/2018
2008,BUFFRMFISHBM05,BUFFRMFish2008Jun05,main,3,L,3,2,2,10,1,0,0,0,0,,12/3/2018
2008,BUFFRMFISHBM05,BUFFRMFish2008Jun05,main,3,R,2,2,5,8,0,1,1,0,0,,12/3/2018
2008,BUFFRMFISHBM05,BUFFRMFish2008Jun05,main,4,L,1,3,1,8,0,0,0,1,0,,12/3/2018
2008,BUFFRMFISHBM05,BUFFRMFish2008Jun05,main,4,R,3,1,5,8,1,1,0,0,0,,12/3/2018
2008,BUFFRMFISHBM05,BUFFRMFish2008Jun05,main,5,L,2,2,1,10,1,1,0,0,0,,12/3/2018
2008,BUFFRMFISHBM05,BUFFRMFish2008Jun05,main,5,R,2,1,5,2,1,0,1,0,0,,12/3/2018
2008,BUFFRMFISHBM05,BUFFRMFish2008Jun05,main,6,L,3,2,2,10,1,0,1,0,0,,12/3/2018
2008,BUFFRMFISHBM05,BUFFRMFish2008Jun05,main,6,R,3,1,5,2,1,0,1,0,0,,12/3/2018
2008,BUFFRMFISHBM05,BUFFRMFish2008Jun05,main,7,L,1,3,1,10,0,0,0,1,0,,12/3/2018
2008,BUFFRMFISHBM05,BUFFRMFish2008Jun05,main,7,R,3,2,5,1,1,1,0,0,0,,12/3/2018
2008,BUFFRMFISHBM05,BUFFRMFish2008Jun05,main,8,L,1,4,1,10,0,0,0,1,0,,12/3/2018
2008,BUFFRMFISHBM05,BUFFRMFish2008Jun05,main,8,R,3,1,5,1,1,0,1,0,0,,12/3/2018
2008,BUFFRMFISHBM05,BUFFRMFish2008Jun05,main,9,L,1,4,1,10,0,0,0,1,0,,12/3/2018
2008,BUFFRMFISHBM05,BUFFRMFish2008Jun05,main,9,R,3,1,5,1,1,0,1,0,0,,12/3/2018
2008,BUFFRMFISHBM05,BUFFRMFish2008Jun05,main,10,L,1,3,1,10,0,0,0,1,0,,12/3/2018
2008,BUFFRMFISHBM05,BUFFRMFish2008Jun05,main,10,R,3,1,5,1,1,0,1,0,0,,12/3/2018
2008,BUFFRMFISHBM05,BUFFRMFish2008Jun05,main,11,L,3,2,5,8,1,0,0,1,0,,12/3/2018
2008,BUFFRMFISHBM05,BUFFRMFish2008Jun05,main,11,R,3,1,5,10,1,0,1,0,0,,12/3/2018
2008,BUFFRMFISHBM06,BUFFRMFish2008Jun18,main,1,L,3,3,5,8,0,0,0,1,0,,12/3/2018
2008,BUFFRMFISHBM06,BUFFRMFish2008Jun18,main,1,R,3,3,5,2,0,0,0,1,0,bluff about 15 m from bank,12/3/2018
2008,BUFFRMFISHBM06,BUFFRMFish2008Jun18,main,2,L,3,3,5,8,0,0,0,1,0,,12/3/2018
2008,BUFFRMFISHBM06,BUFFRMFish2008Jun18,main,2,R,3,3,5,2,0,0,0,1,0,,12/3/2018
2008,BUFFRMFISHBM06,BUFFRMFish2008Jun18,main,3,L,2,3,5,8,0,0,0,1,0,,12/3/2018
2008,BUFFRMFISHBM06,BUFFRMFish2008Jun18,main,3,R,3,3,5,5,0,0,0,1,0,bluff about 10m back from bank,12/3/2018
2008,BUFFRMFISHBM06,BUFFRMFish2008Jun18,main,4,L,3,3,5,8,0,0,0,1,0,,12/3/2018
2008,BUFFRMFISHBM06,BUFFRMFish2008Jun18,main,4,R,3,2,5,5,0,0,1,0,0,,12/3/2018
2008,BUFFRMFISHBM06,BUFFRMFish2008Jun18,main,5,L,3,1,5,8,1,0,0,0,0,,12/3/2018
2008,BUFFRMFISHBM06,BUFFRMFish2008Jun18,main,5,R,3,1,5,5,1,0,1,0,0,,12/3/2018
2008,BUFFRMFISHBM06,BUFFRMFish2008Jun18,main,6,L,3,3,5,8,0,0,0,1,0,,12/3/2018
2008,BUFFRMFISHBM06,BUFFRMFish2008Jun18,main,6,R,3,3,5,8,0,0,0,1,0,,12/3/2018
2008,BUFFRMFISHBM06,BUFFRMFish2008Jun18,main,7,L,3,3,5,8,0,0,0,1,0,,12/3/2018
2008,BUFFRMFISHBM06,BUFFRMFish2008Jun18,main,7,R,3,1,5,8,1,0,1,0,0,,12/3/2018
2008,BUFFRMFISHBM06,BUFFRMFish2008Jun18,main,8,L,2,2,5,8,1,0,1,0,0,,12/3/2018
2008,BUFFRMFISHBM06,BUFFRMFish2008Jun18,main,8,R,3,2,5,5,1,0,1,0,0,,12/3/2018
2008,BUFFRMFISHBM06,BUFFRMFish2008Jun18,main,9,L,2,2,4,8,0,0,1,0,0,,12/3/2018
2008,BUFFRMFISHBM06,BUFFRMFish2008Jun18,main,9,R,3,1,5,8,1,0,1,0,0,,12/3/2018
2008,BUFFRMFISHBM06,BUFFRMFish2008Jun18,main,10,L,3,3,2,8,0,0,0,1,0,,12/3/2018
2008,BUFFRMFISHBM06,BUFFRMFish2008Jun18,main,10,R,2,1,5,10,1,0,0,0,0,we did not do transect 11,12/3/2018
2008,BUFFRMFISHBT04,BUFFRMFish2008May21,main,1,L,3,2,5,2,1,0,0,1,0,,12/3/2018
2008,BUFFRMFISHBT04,BUFFRMFish2008May21,main,1,R,1,2,1,8,0,0,1,1,0,,12/3/2018
2008,BUFFRMFISHBT04,BUFFRMFish2008May21,main,2,L,2,2,2,10,0,0,1,1,0,,12/3/2018
2008,BUFFRMFISHBT04,BUFFRMFish2008May21,main,2,R,2,2,5,8,1,0,0,1,0,,12/3/2018
2008,BUFFRMFISHBT04,BUFFRMFish2008May21,main,3,L,3,2,5,8,1,0,0,1,0,,12/3/2018
2008,BUFFRMFISHBT04,BUFFRMFish2008May21,main,3,R,2,2,3,8,0,0,1,1,0,,12/3/2018
2008,BUFFRMFISHBT04,BUFFRMFish2008May21,main,4,L,3,2,3,10,1,0,0,1,0,,12/3/2018
2008,BUFFRMFISHBT04,BUFFRMFish2008May21,main,4,R,3,2,2,10,0,0,1,1,0,,12/3/2018
2008,BUFFRMFISHBT04,BUFFRMFish2008May21,main,5,L,3,2,4,10,1,0,0,1,0,,12/3/2018
2008,BUFFRMFISHBT04,BUFFRMFish2008May21,main,5,R,3,2,3,10,1,0,1,0,0,,12/3/2018
2008,BUFFRMFISHBT04,BUFFRMFish2008May21,main,6,L,3,2,4,2,0,1,1,0,0,,12/3/2018
2008,BUFFRMFISHBT04,BUFFRMFish2008May21,main,6,R,3,2,3,2,1,0,1,1,0,,12/3/2018
2008,BUFFRMFISHBT04,BUFFRMFish2008May21,main,7,L,1,2,3,2,1,1,0,0,0,,12/3/2018
2008,BUFFRMFISHBT04,BUFFRMFish2008May21,main,7,R,3,2,3,2,1,0,1,0,0,,12/3/2018
2008,BUFFRMFISHBT04,BUFFRMFish2008May21,main,8,L,3,2,2,10,1,0,0,1,0,,12/3/2018
2008,BUFFRMFISHBT04,BUFFRMFish2008May21,main,8,R,3,2,2,10,0,0,1,1,0,,12/3/2018
2008,BUFFRMFISHBT04,BUFFRMFish2008May21,main,9,L,3,2,2,10,1,0,0,1,0,,12/3/2018
2008,BUFFRMFISHBT04,BUFFRMFish2008May21,main,9,R,3,2,3,2,1,0,1,0,0,,12/3/2018
2008,BUFFRMFISHBT04,BUFFRMFish2008May21,main,10,L,2,2,2,10,1,0,1,0,0,,12/3/2018
2008,BUFFRMFISHBT04,BUFFRMFish2008May21,main,10,R,3,2,4,2,1,0,0,1,0,,12/3/2018
2008,BUFFRMFISHBT04,BUFFRMFish2008May21,main,11,L,2,2,3,10,1,0,1,1,0,,12/3/2018
2008,BUFFRMFISHBT04,BUFFRMFish2008May21,main,11,R,3,3,5,1,0,0,1,1,0,,12/3/2018
2008,BUFFRMFISHBT13,BUFFRMFish2008May23,main,1,L,3,2,2,10,1,0,0,0,0,,12/3/2018
2008,BUFFRMFISHBT13,BUFFRMFish2008May23,main,1,R,1,3,1,10,0,0,0,1,0,,12/3/2018
2008,BUFFRMFISHBT13,BUFFRMFish2008May23,main,2,L,1,2,1,10,1,0,0,0,0,,12/3/2018
2008,BUFFRMFISHBT13,BUFFRMFish2008May23,main,2,R,2,2,2,10,1,0,0,1,0,,12/3/2018
2008,BUFFRMFISHBT13,BUFFRMFish2008May23,main,3,L,1,3,1,10,0,0,0,1,0,,12/3/2018
2008,BUFFRMFISHBT13,BUFFRMFish2008May23,main,3,R,1,2,1,10,1,0,0,1,0,,12/3/2018
2008,BUFFRMFISHBT13,BUFFRMFish2008May23,main,4,L,1,1,1,10,1,0,1,0,0,,12/3/2018
2008,BUFFRMFISHBT13,BUFFRMFish2008May23,main,4,R,1,3,1,10,0,0,0,1,0,,12/3/2018
2008,BUFFRMFISHBT13,BUFFRMFish2008May23,main,5,L,1,1,1,10,1,0,1,0,0,,12/3/2018
2008,BUFFRMFISHBT13,BUFFRMFish2008May23,main,5,R,1,3,1,10,0,0,0,1,0,,12/3/2018
2008,BUFFRMFISHBT13,BUFFRMFish2008May23,main,6,L,1,2,1,10,1,0,0,0,0,,12/3/2018
2008,BUFFRMFISHBT13,BUFFRMFish2008May23,main,6,R,1,3,1,10,0,0,0,1,0,,12/3/2018
2008,BUFFRMFISHBT13,BUFFRMFish2008May23,main,7,L,1,1,1,10,1,0,0,0,0,,12/3/2018
2008,BUFFRMFISHBT13,BUFFRMFish2008May23,main,7,R,1,2,1,5,1,0,0,0,0,,12/3/2018
2008,BUFFRMFISHBT13,BUFFRMFish2008May23,main,8,L,2,2,2,10,0,0,1,0,0,,12/3/2018
2008,BUFFRMFISHBT13,BUFFRMFish2008May23,main,8,R,3,1,2,5,1,0,0,0,0,,12/3/2018
2008,BUFFRMFISHBT13,BUFFRMFish2008May23,main,9,L,2,1,2,10,1,0,0,0,0,,12/3/2018
2008,BUFFRMFISHBT13,BUFFRMFish2008May23,main,9,R,3,1,5,5,1,0,0,0,0,,12/3/2018
2008,BUFFRMFISHBT13,BUFFRMFish2008May23,main,10,L,3,1,1,10,1,0,1,0,0,,12/3/2018
2008,BUFFRMFISHBT13,BUFFRMFish2008May23,main,10,R,3,1,5,5,1,0,0,0,0,,12/3/2018
2008,BUFFRMFISHBT13,BUFFRMFish2008May23,main,11,L,3,1,2,10,1,0,0,0,0,,12/3/2018
2008,BUFFRMFISHBT13,BUFFRMFish2008May23,main,11,R,3,1,5,1,1,0,0,0,0,,12/3/2018
2008,BUFFRMFISHBT15,BUFFRMFish2008May28,main,1,L,3,1,5,8,1,0,0,0,0,,12/3/2018
2008,BUFFRMFISHBT15,BUFFRMFish2008May28,main,1,R,1,3,1,8,0,0,0,1,0,,12/3/2018
2008,BUFFRMFISHBT15,BUFFRMFish2008May28,main,2,L,3,1,5,8,1,1,0,0,0,,12/3/2018
2008,BUFFRMFISHBT15,BUFFRMFish2008May28,main,2,R,1,2,1,8,1,0,1,0,0,,12/3/2018
2008,BUFFRMFISHBT15,BUFFRMFish2008May28,main,3,L,3,1,5,8,0,1,0,0,0,,12/3/2018
2008,BUFFRMFISHBT15,BUFFRMFish2008May28,main,3,R,2,1,1,8,1,0,0,0,0,,12/3/2018
2008,BUFFRMFISHBT15,BUFFRMFish2008May28,main,4,L,2,1,5,8,1,1,0,0,0,,12/3/2018
2008,BUFFRMFISHBT15,BUFFRMFish2008May28,main,4,R,3,1,5,8,1,0,1,0,0,,12/3/2018
2008,BUFFRMFISHBT15,BUFFRMFish2008May28,main,5,L,2,1,2,8,1,0,0,0,0,,12/3/2018
2008,BUFFRMFISHBT15,BUFFRMFish2008May28,main,5,R,3,1,5,8,0,0,1,0,0,,12/3/2018
2008,BUFFRMFISHBT15,BUFFRMFish2008May28,main,6,L,2,1,1,8,0,0,1,0,0,,12/3/2018
2008,BUFFRMFISHBT15,BUFFRMFish2008May28,main,6,R,3,2,5,8,0,0,1,0,0,,12/3/2018
2008,BUFFRMFISHBT15,BUFFRMFish2008May28,main,7,L,1,2,2,8,1,0,1,0,0,,12/3/2018
2008,BUFFRMFISHBT15,BUFFRMFish2008May28,main,7,R,1,2,4,8,0,0,1,1,0,,12/3/2018
2008,BUFFRMFISHBT15,BUFFRMFish2008May28,main,8,L,2,3,2,8,0,0,0,1,0,,12/3/2018
2008,BUFFRMFISHBT15,BUFFRMFish2008May28,main,8,R,2,2,2,8,1,0,1,0,0,,12/3/2018
2008,BUFFRMFISHBT15,BUFFRMFish2008May28,main,9,L,2,3,2,8,0,0,0,1,0,,12/3/2018
2008,BUFFRMFISHBT15,BUFFRMFish2008May28,main,9,R,3,2,3,8,0,0,1,1,0,,12/3/2018
2008,BUFFRMFISHBT15,BUFFRMFish2008May28,main,10,L,2,3,2,8,0,0,0,1,0,,12/3/2018
2008,BUFFRMFISHBT15,BUFFRMFish2008May28,main,10,R,3,2,5,8,1,0,1,0,0,,12/3/2018
2008,BUFFRMFISHBT15,BUFFRMFish2008May28,main,11,L,2,2,2,8,1,0,0,1,0,,12/3/2018
2008,BUFFRMFISHBT15,BUFFRMFish2008May28,main,11,R,3,2,5,8,1,0,1,0,0,,12/3/2018
2008,BUFFRMFISHBT16,BUFFRMFish2008May27,main,1,L,3,2,5,5,0,1,1,0,0,,12/3/2018
2008,BUFFRMFISHBT16,BUFFRMFish2008May27,main,1,R,3,3,4,5,0,0,0,1,0,,12/3/2018
2008,BUFFRMFISHBT16,BUFFRMFish2008May27,main,2,L,3,2,5,5,0,1,1,0,0,,12/3/2018
2008,BUFFRMFISHBT16,BUFFRMFish2008May27,main,2,R,3,3,3,5,0,0,0,1,0,,12/3/2018
2008,BUFFRMFISHBT16,BUFFRMFish2008May27,main,3,L,3,2,4,5,1,1,0,0,0,,12/3/2018
2008,BUFFRMFISHBT16,BUFFRMFish2008May27,main,3,R,3,2,5,5,1,1,0,0,0,,12/3/2018
2008,BUFFRMFISHBT16,BUFFRMFish2008May27,main,4,L,3,2,2,5,1,0,1,0,0,,12/3/2018
2008,BUFFRMFISHBT16,BUFFRMFish2008May27,main,4,R,2,2,3,5,0,1,1,0,0,,12/3/2018
2008,BUFFRMFISHBT16,BUFFRMFish2008May27,main,5,L,3,2,2,5,0,0,1,0,0,,12/3/2018
2008,BUFFRMFISHBT16,BUFFRMFish2008May27,main,5,R,3,2,3,5,1,0,1,0,0,,12/3/2018
2008,BUFFRMFISHBT16,BUFFRMFish2008May27,main,6,L,2,2,1,5,0,1,0,0,0,,12/3/2018
2008,BUFFRMFISHBT16,BUFFRMFish2008May27,main,6,R,3,2,2,5,0,1,1,0,0,,12/3/2018
2008,BUFFRMFISHBT16,BUFFRMFish2008May27,main,7,L,3,2,5,5,1,0,1,0,0,,12/3/2018
2008,BUFFRMFISHBT16,BUFFRMFish2008May27,main,7,R,3,2,5,5,0,1,1,0,0,,12/3/2018
2008,BUFFRMFISHBT16,BUFFRMFish2008May27,main,8,L,2,2,3,5,0,1,1,1,0,,12/3/2018
2008,BUFFRMFISHBT16,BUFFRMFish2008May27,main,8,R,3,1,2,2,0,1,1,0,0,,12/3/2018
2008,BUFFRMFISHBT16,BUFFRMFish2008May27,main,9,L,3,2,3,5,0,1,1,1,0,,12/3/2018
2008,BUFFRMFISHBT16,BUFFRMFish2008May27,main,9,R,2,2,4,5,0,1,1,0,0,,12/3/2018
2008,BUFFRMFISHBT16,BUFFRMFish2008May27,main,10,L,2,2,1,5,1,1,0,0,0,,12/3/2018
2008,BUFFRMFISHBT16,BUFFRMFish2008May27,main,10,R,3,2,4,5,0,1,1,1,0,,12/3/2018
2008,BUFFRMFISHBT16,BUFFRMFish2008May27,main,11,L,1,2,1,10,1,1,0,0,0,,12/3/2018
2008,BUFFRMFISHBT16,BUFFRMFish2008May27,main,11,R,1,2,1,8,1,0,1,1,0,,12/3/2018
2008,BUFFRMFISHBT19,BUFFRMFish2008May19,main,1,L,2,2,5,1,1,0,1,0,0,,12/3/2018
2008,BUFFRMFISHBT19,BUFFRMFish2008May19,main,1,R,3,3,2,5,0,0,0,1,0,,12/3/2018
2008,BUFFRMFISHBT19,BUFFRMFish2008May19,main,2,L,2,3,5,1,0,0,0,1,0,,12/3/2018
2008,BUFFRMFISHBT19,BUFFRMFish2008May19,main,2,R,3,2,1,8,1,0,0,0,0,,12/3/2018
2008,BUFFRMFISHBT19,BUFFRMFish2008May19,main,3,L,2,3,5,1,0,0,0,1,0,,12/3/2018
2008,BUFFRMFISHBT19,BUFFRMFish2008May19,main,3,R,3,2,1,8,1,0,0,0,0,,12/3/2018
2008,BUFFRMFISHBT19,BUFFRMFish2008May19,main,4,L,2,2,5,1,1,0,1,1,0,,12/3/2018
2008,BUFFRMFISHBT19,BUFFRMFish2008May19,main,4,R,1,1,1,8,1,1,1,0,0,,12/3/2018
2008,BUFFRMFISHBT19,BUFFRMFish2008May19,main,5,L,3,2,5,1,1,0,1,1,0,,12/3/2018
2008,BUFFRMFISHBT19,BUFFRMFish2008May19,main,5,R,1,1,1,8,1,1,1,0,0,,12/3/2018
2008,BUFFRMFISHBT19,BUFFRMFish2008May19,main,6,L,2,2,5,5,1,1,0,0,0,,12/3/2018
2008,BUFFRMFISHBT19,BUFFRMFish2008May19,main,6,R,1,1,1,8,1,0,1,0,0,,12/3/2018
2008,BUFFRMFISHBT19,BUFFRMFish2008May19,main,7,L,3,3,2,5,0,0,0,1,0,,12/3/2018
2008,BUFFRMFISHBT19,BUFFRMFish2008May19,main,7,R,1,1,1,8,1,0,1,0,0,,12/3/2018
2008,BUFFRMFISHBT19,BUFFRMFish2008May19,main,8,L,3,3,2,5,1,0,0,1,0,,12/3/2018
2008,BUFFRMFISHBT19,BUFFRMFish2008May19,main,8,R,3,3,1,5,0,1,0,1,0,,12/3/2018
2008,BUFFRMFISHBT19,BUFFRMFish2008May19,main,9,L,3,2,2,5,1,0,0,0,0,,12/3/2018
2008,BUFFRMFISHBT19,BUFFRMFish2008May19,main,9,R,3,3,1,5,0,1,0,1,0,,12/3/2018
2008,BUFFRMFISHBT19,BUFFRMFish2008May19,main,10,L,3,3,2,5,0,0,0,1,0,,12/3/2018
2008,BUFFRMFISHBT19,BUFFRMFish2008May19,main,10,R,3,3,3,5,1,0,0,1,0,,12/3/2018
2008,BUFFRMFISHBT19,BUFFRMFish2008May19,main,11,L,3,3,3,8,0,0,0,1,0,,12/3/2018
2008,BUFFRMFISHBT19,BUFFRMFish2008May19,main,11,R,1,3,1,2,0,0,0,1,0,,12/3/2018
2008,BUFFRMFISHBT28,BUFFRMFish2008Jun18,main,1,L,3,2,5,8,1,1,0,0,0,,12/3/2018
2008,BUFFRMFISHBT28,BUFFRMFish2008Jun18,main,1,R,3,2,5,8,1,1,0,0,0,,12/3/2018
2008,BUFFRMFISHBT28,BUFFRMFish2008Jun18,main,2,L,3,3,5,8,0,0,0,1,0,,12/3/2018
2008,BUFFRMFISHBT28,BUFFRMFish2008Jun18,main,2,R,3,2,5,8,1,1,0,0,0,,12/3/2018
2008,BUFFRMFISHBT28,BUFFRMFish2008Jun18,main,3,L,3,2,5,8,1,1,0,0,0,,12/3/2018
2008,BUFFRMFISHBT28,BUFFRMFish2008Jun18,main,3,R,3,2,5,8,1,0,0,0,0,,12/3/2018
2008,BUFFRMFISHBT28,BUFFRMFish2008Jun18,main,4,L,3,3,3,5,0,0,0,1,0,,12/3/2018
2008,BUFFRMFISHBT28,BUFFRMFish2008Jun18,main,4,R,3,2,5,5,1,1,0,0,0,,12/3/2018
2008,BUFFRMFISHBT28,BUFFRMFish2008Jun18,main,5,L,3,2,4,5,1,1,0,0,0,,12/3/2018
2008,BUFFRMFISHBT28,BUFFRMFish2008Jun18,main,5,R,3,2,5,5,1,1,0,0,0,,12/3/2018
2008,BUFFRMFISHBT28,BUFFRMFish2008Jun18,main,6,L,3,3,4,5,0,0,0,1,0,,12/3/2018
2008,BUFFRMFISHBT28,BUFFRMFish2008Jun18,main,6,R,3,2,5,1,1,0,1,0,0,,12/3/2018
2008,BUFFRMFISHBT28,BUFFRMFish2008Jun18,main,7,L,3,2,4,5,1,1,0,0,0,,12/3/2018
2008,BUFFRMFISHBT28,BUFFRMFish2008Jun18,main,7,R,3,2,5,1,1,1,0,0,0,,12/3/2018
2008,BUFFRMFISHBT28,BUFFRMFish2008Jun18,main,8,L,3,2,5,5,1,1,0,0,0,,12/3/2018
2008,BUFFRMFISHBT28,BUFFRMFish2008Jun18,main,8,R,3,2,5,5,1,0,1,0,0,,12/3/2018
2008,BUFFRMFISHBT28,BUFFRMFish2008Jun18,main,9,L,3,2,4,5,1,1,0,0,0,,12/3/2018
2008,BUFFRMFISHBT28,BUFFRMFish2008Jun18,main,9,R,3,2,5,5,1,0,1,0,0,,12/3/2018
2008,BUFFRMFISHBT28,BUFFRMFish2008Jun18,main,10,L,3,2,5,5,1,0,1,0,0,,12/3/2018
2008,BUFFRMFISHBT28,BUFFRMFish2008Jun18,main,10,R,3,2,5,5,1,0,0,1,0,,12/3/2018
2008,BUFFRMFISHBT28,BUFFRMFish2008Jun18,main,11,L,3,2,3,8,1,0,0,1,0,,12/3/2018
2008,BUFFRMFISHBT28,BUFFRMFish2008Jun18,main,11,R,3,2,4,8,1,0,0,1,0,,12/3/2018
2009,BUFFRMFISHBM01,BUFFRMFish2009May27,main,1,L,2,2,3,2,0,0,1,1,0,,12/3/2018
2009,BUFFRMFISHBM01,BUFFRMFish2009May27,main,1,R,2,2,5,5,1,1,0,0,0,,12/3/2018
2009,BUFFRMFISHBM01,BUFFRMFish2009May27,main,2,L,3,2,3,2,0,0,1,1,0,,12/3/2018
2009,BUFFRMFISHBM01,BUFFRMFish2009May27,main,2,R,2,2,2,8,1,1,0,0,0,,12/3/2018
2009,BUFFRMFISHBM01,BUFFRMFish2009May27,main,3,L,3,2,3,2,0,0,1,1,0,,12/3/2018
2009,BUFFRMFISHBM01,BUFFRMFish2009May27,main,3,R,2,1,2,2,0,1,1,0,0,,12/3/2018
2009,BUFFRMFISHBM01,BUFFRMFish2009May27,main,4,L,1,2,2,2,0,0,1,1,0,,12/3/2018
2009,BUFFRMFISHBM01,BUFFRMFish2009May27,main,4,R,1,3,1,8,0,0,0,1,0,,12/3/2018
2009,BUFFRMFISHBM01,BUFFRMFish2009May27,main,5,L,1,2,1,2,0,1,0,1,0,,12/3/2018
2009,BUFFRMFISHBM01,BUFFRMFish2009May27,main,5,R,3,1,3,8,1,0,1,0,0,,12/3/2018
2009,BUFFRMFISHBM01,BUFFRMFish2009May27,main,6,L,1,3,1,2,0,0,0,1,0,,12/3/2018
2009,BUFFRMFISHBM01,BUFFRMFish2009May27,main,6,R,2,1,3,8,1,0,1,0,0,,12/3/2018
2009,BUFFRMFISHBM01,BUFFRMFish2009May27,main,7,L,1,2,2,2,0,0,1,1,0,,12/3/2018
2009,BUFFRMFISHBM01,BUFFRMFish2009May27,main,7,R,3,2,3,2,1,0,0,1,0,,12/3/2018
2009,BUFFRMFISHBM01,BUFFRMFish2009May27,main,8,L,1,2,2,8,0,1,1,0,0,,12/3/2018
2009,BUFFRMFISHBM01,BUFFRMFish2009May27,main,8,R,3,3,5,2,0,0,0,1,0,,12/3/2018
2009,BUFFRMFISHBM01,BUFFRMFish2009May27,main,9,L,2,2,3,8,0,1,1,1,0,,12/3/2018
2009,BUFFRMFISHBM01,BUFFRMFish2009May27,main,9,R,3,2,4,2,1,0,1,0,0,,12/3/2018
2009,BUFFRMFISHBM01,BUFFRMFish2009May27,main,10,L,2,1,2,8,0,1,1,0,0,,12/3/2018
2009,BUFFRMFISHBM01,BUFFRMFish2009May27,main,10,R,3,2,4,2,1,0,1,0,0,,12/3/2018
2009,BUFFRMFISHBM01,BUFFRMFish2009May27,main,11,L,2,2,3,8,1,0,1,0,0,,12/3/2018
2009,BUFFRMFISHBM01,BUFFRMFish2009May27,main,11,R,2,2,3,2,1,0,0,1,0,,12/3/2018
2009,BUFFRMFISHBM01,BUFFRMFish2009May27,side channel,1,L,2,2,3,10,0,1,1,1,0,,12/3/2018
2009,BUFFRMFISHBM01,BUFFRMFish2009May27,side channel,1,R,2,1,2,2,1,0,1,0,0,,12/3/2018
2009,BUFFRMFISHBM01,BUFFRMFish2009May27,side channel,2,L,2,2,2,2,0,1,1,1,0,,12/3/2018
2009,BUFFRMFISHBM01,BUFFRMFish2009May27,side channel,2,R,1,4,1,2,0,0,0,1,0,,12/3/2018
2009,BUFFRMFISHBM01,BUFFRMFish2009May27,side channel,3,L,2,2,3,2,1,0,0,1,0,,12/3/2018
2009,BUFFRMFISHBM01,BUFFRMFish2009May27,side channel,3,R,1,4,1,2,0,0,0,1,0,island 10.8 m wide,12/3/2018
2009,BUFFRMFISHBM01,BUFFRMFish2009May27,side channel,4,L,2,2,2,2,0,1,1,1,0,,12/3/2018
2009,BUFFRMFISHBM01,BUFFRMFish2009May27,side channel,4,R,1,4,2,2,0,0,0,1,0,island 18.8 m wide,12/3/2018
2009,BUFFRMFISHBM01,BUFFRMFish2009May27,side channel,5,L,2,2,3,10,0,0,1,1,0,,12/3/2018
2009,BUFFRMFISHBM01,BUFFRMFish2009May27,side channel,5,R,1,4,1,2,0,0,0,1,0,island 12.3 m wide,12/3/2018
2009,BUFFRMFISHBM02,BUFFRMFish2009May28,main,1,L,2,2,4,8,1,0,1,0,0,,12/3/2018
2009,BUFFRMFISHBM02,BUFFRMFish2009May28,main,1,R,3,2,3,8,0,1,0,1,0,,12/3/2018
2009,BUFFRMFISHBM02,BUFFRMFish2009May28,main,2,L,2,2,2,8,1,0,1,0,0,,12/3/2018
2009,BUFFRMFISHBM02,BUFFRMFish2009May28,main,2,R,2,2,3,8,0,0,1,1,0,,12/3/2018
2009,BUFFRMFISHBM02,BUFFRMFish2009May28,main,3,L,3,2,3,8,0,0,1,1,0,,12/3/2018
2009,BUFFRMFISHBM02,BUFFRMFish2009May28,main,3,R,1,2,2,8,0,0,1,1,0,,12/3/2018
2009,BUFFRMFISHBM02,BUFFRMFish2009May28,main,4,L,2,2,3,8,0,1,1,1,0,,12/3/2018
2009,BUFFRMFISHBM02,BUFFRMFish2009May28,main,4,R,1,3,2,1,0,0,0,1,0,,12/3/2018
2009,BUFFRMFISHBM02,BUFFRMFish2009May28,main,5,L,1,1,2,8,1,1,0,0,0,,12/3/2018
2009,BUFFRMFISHBM02,BUFFRMFish2009May28,main,5,R,3,2,3,1,0,0,1,1,0,,12/3/2018
2009,BUFFRMFISHBM02,BUFFRMFish2009May28,main,6,L,1,2,2,10,0,1,0,1,0,,12/3/2018
2009,BUFFRMFISHBM02,BUFFRMFish2009May28,main,6,R,3,2,5,8,1,1,0,0,0,,12/3/2018
2009,BUFFRMFISHBM02,BUFFRMFish2009May28,main,7,L,2,2,3,10,0,0,1,1,0,,12/3/2018
2009,BUFFRMFISHBM02,BUFFRMFish2009May28,main,7,R,2,2,3,8,0,1,0,1,0,,12/3/2018
2009,BUFFRMFISHBM02,BUFFRMFish2009May28,main,8,L,3,4,4,1,0,0,0,1,0,bluff,12/3/2018
2009,BUFFRMFISHBM02,BUFFRMFish2009May28,main,8,R,3,2,4,8,0,0,1,1,0,,12/3/2018
2009,BUFFRMFISHBM02,BUFFRMFish2009May28,main,9,L,3,4,5,1,0,0,0,1,0,bluff,12/3/2018
2009,BUFFRMFISHBM02,BUFFRMFish2009May28,main,9,R,3,2,4,8,0,0,1,1,0,,12/3/2018
2009,BUFFRMFISHBM02,BUFFRMFish2009May28,main,10,L,3,4,5,1,0,0,0,1,0,bluff,12/3/2018
2009,BUFFRMFISHBM02,BUFFRMFish2009May28,main,10,R,2,2,4,8,0,1,0,1,0,,12/3/2018
2009,BUFFRMFISHBM02,BUFFRMFish2009May28,main,11,L,3,2,5,2,0,0,1,1,0,,12/3/2018
2009,BUFFRMFISHBM02,BUFFRMFish2009May28,main,11,R,3,2,5,8,0,1,0,1,0,,12/3/2018
2009,BUFFRMFISHBM03,BUFFRMFish2009Jun03,main,1,L,1,3,2,10,1,1,0,1,0,,12/3/2018
2009,BUFFRMFISHBM03,BUFFRMFish2009Jun03,main,1,R,3,2,4,10,1,1,0,0,0,,12/3/2018
2009,BUFFRMFISHBM03,BUFFRMFish2009Jun03,main,2,L,2,2,4,8,0,1,1,0,0,,12/3/2018
2009,BUFFRMFISHBM03,BUFFRMFish2009Jun03,main,2,R,2,2,3,8,0,1,1,0,0,,12/3/2018
2009,BUFFRMFISHBM03,BUFFRMFish2009Jun03,main,3,L,2,2,4,8,0,1,1,0,0,,12/3/2018
2009,BUFFRMFISHBM03,BUFFRMFish2009Jun03,main,3,R,2,2,3,8,0,0,1,0,0,,12/3/2018
2009,BUFFRMFISHBM03,BUFFRMFish2009Jun03,main,4,L,2,2,3,8,0,1,1,0,0,,12/3/2018
2009,BUFFRMFISHBM03,BUFFRMFish2009Jun03,main,4,R,2,2,3,10,1,0,1,0,0,,12/3/2018
2009,BUFFRMFISHBM03,BUFFRMFish2009Jun03,main,5,L,3,4,5,1,0,0,0,1,0,bluff,12/3/2018
2009,BUFFRMFISHBM03,BUFFRMFish2009Jun03,main,5,R,2,2,3,10,1,0,1,0,0,,12/3/2018
2009,BUFFRMFISHBM03,BUFFRMFish2009Jun03,main,6,L,3,3,5,1,0,0,0,1,0,bluff,12/3/2018
2009,BUFFRMFISHBM03,BUFFRMFish2009Jun03,main,6,R,1,2,2,10,1,1,0,0,0,,12/3/2018
2009,BUFFRMFISHBM03,BUFFRMFish2009Jun03,main,7,L,3,4,5,2,0,0,0,1,0,bluff,12/3/2018
2009,BUFFRMFISHBM03,BUFFRMFish2009Jun03,main,7,R,1,2,3,10,1,0,1,0,0,,12/3/2018
2009,BUFFRMFISHBM03,BUFFRMFish2009Jun03,main,8,L,3,4,5,1,0,0,0,1,0,bluff,12/3/2018
2009,BUFFRMFISHBM03,BUFFRMFish2009Jun03,main,8,R,1,2,2,10,1,0,1,0,0,,12/3/2018
2009,BUFFRMFISHBM03,BUFFRMFish2009Jun03,main,9,L,3,4,5,2,0,0,0,1,0,bluff,12/3/2018
2009,BUFFRMFISHBM03,BUFFRMFish2009Jun03,main,9,R,1,2,2,2,1,1,1,1,0,,12/3/2018
2009,BUFFRMFISHBM03,BUFFRMFish2009Jun03,main,10,L,2,2,3,5,0,0,1,0,0,,12/3/2018
2009,BUFFRMFISHBM03,BUFFRMFish2009Jun03,main,10,R,1,2,2,10,1,1,0,0,0,,12/3/2018
2009,BUFFRMFISHBM03,BUFFRMFish2009Jun03,main,11,L,3,4,5,1,0,0,0,1,0,bluff,12/3/2018
2009,BUFFRMFISHBM03,BUFFRMFish2009Jun03,main,11,R,2,2,3,10,1,1,0,0,0,,12/3/2018
2009,BUFFRMFISHBM04,BUFFRMFish2009Jun08,main,1,L,1,2,2,5,0,1,1,0,0,,12/3/2018
2009,BUFFRMFISHBM04,BUFFRMFish2009Jun08,main,1,R,2,2,3,8,0,0,1,1,0,,12/3/2018
2009,BUFFRMFISHBM04,BUFFRMFish2009Jun08,main,2,L,1,2,2,5,0,1,1,0,0,,12/3/2018
2009,BUFFRMFISHBM04,BUFFRMFish2009Jun08,main,2,R,2,2,4,5,0,0,1,1,0,,12/3/2018
2009,BUFFRMFISHBM04,BUFFRMFish2009Jun08,main,3,L,1,2,3,5,0,0,1,1,0,,12/3/2018
2009,BUFFRMFISHBM04,BUFFRMFish2009Jun08,main,3,R,2,2,4,8,1,0,1,0,0,,12/3/2018
2009,BUFFRMFISHBM04,BUFFRMFish2009Jun08,main,4,L,2,2,3,10,1,0,1,0,0,,12/3/2018
2009,BUFFRMFISHBM04,BUFFRMFish2009Jun08,main,4,R,2,2,3,8,0,1,0,1,0,cane(?),12/3/2018
2009,BUFFRMFISHBM04,BUFFRMFish2009Jun08,main,5,L,3,2,3,8,0,1,0,1,0,,12/3/2018
2009,BUFFRMFISHBM04,BUFFRMFish2009Jun08,main,5,R,2,2,3,5,0,0,1,1,0,,12/3/2018
2009,BUFFRMFISHBM04,BUFFRMFish2009Jun08,main,6,L,3,2,4,5,1,0,1,0,0,,12/3/2018
2009,BUFFRMFISHBM04,BUFFRMFish2009Jun08,main,6,R,3,2,5,5,0,0,1,1,0,,12/3/2018
2009,BUFFRMFISHBM04,BUFFRMFish2009Jun08,main,7,L,2,2,3,8,0,0,1,1,0,,12/3/2018
2009,BUFFRMFISHBM04,BUFFRMFish2009Jun08,main,7,R,2,2,4,5,1,0,1,0,0,,12/3/2018
2009,BUFFRMFISHBM04,BUFFRMFish2009Jun08,main,8,L,2,2,4,8,0,0,1,1,0,,12/3/2018
2009,BUFFRMFISHBM04,BUFFRMFish2009Jun08,main,8,R,3,2,5,5,0,0,1,1,0,,12/3/2018
2009,BUFFRMFISHBM04,BUFFRMFish2009Jun08,main,9,L,3,2,5,1,0,0,1,1,0,,12/3/2018
2009,BUFFRMFISHBM04,BUFFRMFish2009Jun08,main,9,R,2,2,4,8,0,0,1,1,0,,12/3/2018
2009,BUFFRMFISHBM04,BUFFRMFish2009Jun08,main,10,L,3,2,5,5,0,0,1,1,0,,12/3/2018
2009,BUFFRMFISHBM04,BUFFRMFish2009Jun08,main,10,R,2,2,4,8,0,0,1,1,0,,12/3/2018
2009,BUFFRMFISHBM04,BUFFRMFish2009Jun08,main,11,L,3,2,4,5,0,0,1,1,0,,12/3/2018
2009,BUFFRMFISHBM04,BUFFRMFish2009Jun08,main,11,R,2,2,3,8,0,0,1,1,0,,12/3/2018
2009,BUFFRMFISHBM05,BUFFRMFish2009Jun09,main,1,L,1,2,3,8,0,0,1,1,0,,12/3/2018
2009,BUFFRMFISHBM05,BUFFRMFish2009Jun09,main,1,R,2,2,3,5,0,0,1,1,0,,12/3/2018
2009,BUFFRMFISHBM05,BUFFRMFish2009Jun09,main,2,L,1,2,2,8,0,1,0,1,0,,12/3/2018
2009,BUFFRMFISHBM05,BUFFRMFish2009Jun09,main,2,R,2,2,4,5,1,0,1,0,0,,12/3/2018
2009,BUFFRMFISHBM05,BUFFRMFish2009Jun09,main,3,L,1,2,3,10,0,1,0,1,0,,12/3/2018
2009,BUFFRMFISHBM05,BUFFRMFish2009Jun09,main,3,R,3,2,5,8,0,1,0,1,0,,12/3/2018
2009,BUFFRMFISHBM05,BUFFRMFish2009Jun09,main,4,L,1,2,2,10,0,0,1,1,0,,12/3/2018
2009,BUFFRMFISHBM05,BUFFRMFish2009Jun09,main,4,R,2,2,5,8,0,1,0,1,0,,12/3/2018
2009,BUFFRMFISHBM05,BUFFRMFish2009Jun09,main,5,L,1,2,2,10,0,0,1,1,0,,12/3/2018
2009,BUFFRMFISHBM05,BUFFRMFish2009Jun09,main,5,R,3,2,5,8,0,1,0,1,0,,12/3/2018
2009,BUFFRMFISHBM05,BUFFRMFish2009Jun09,main,6,L,1,2,2,10,0,0,1,1,0,,12/3/2018
2009,BUFFRMFISHBM05,BUFFRMFish2009Jun09,main,6,R,3,2,5,8,0,1,0,1,0,,12/3/2018
2009,BUFFRMFISHBM05,BUFFRMFish2009Jun09,main,7,L,2,2,3,10,0,0,1,1,0,,12/3/2018
2009,BUFFRMFISHBM05,BUFFRMFish2009Jun09,main,7,R,3,2,5,1,0,1,1,0,0,,12/3/2018
2009,BUFFRMFISHBM05,BUFFRMFish2009Jun09,main,8,L,1,2,2,10,0,1,0,1,0,,12/3/2018
2009,BUFFRMFISHBM05,BUFFRMFish2009Jun09,main,8,R,3,2,5,1,0,1,0,1,0,,12/3/2018
2009,BUFFRMFISHBM05,BUFFRMFish2009Jun09,main,9,L,1,3,3,10,0,0,0,1,0,,12/3/2018
2009,BUFFRMFISHBM05,BUFFRMFish2009Jun09,main,9,R,3,3,5,1,0,0,0,1,0,,12/3/2018
2009,BUFFRMFISHBM05,BUFFRMFish2009Jun09,main,10,L,1,3,3,10,0,0,0,1,0,,12/3/2018
2009,BUFFRMFISHBM05,BUFFRMFish2009Jun09,main,10,R,3,2,5,1,0,0,1,1,0,,12/3/2018
2009,BUFFRMFISHBM05,BUFFRMFish2009Jun09,main,11,L,1,3,3,10,0,0,1,1,0,,12/3/2018
2009,BUFFRMFISHBM05,BUFFRMFish2009Jun09,main,11,R,3,2,5,1,0,0,1,1,0,,12/3/2018
2009,BUFFRMFISHBM06,BUFFRMFish2009Jun10,main,1,L,1,4,2,10,0,0,0,1,0,,12/3/2018
2009,BUFFRMFISHBM06,BUFFRMFish2009Jun10,main,1,R,1,3,2,10,0,0,0,1,0,,12/3/2018
2009,BUFFRMFISHBM06,BUFFRMFish2009Jun10,main,2,L,1,3,3,10,0,0,0,1,0,,12/3/2018
2009,BUFFRMFISHBM06,BUFFRMFish2009Jun10,main,2,R,2,3,3,10,0,0,0,1,0,,12/3/2018
2009,BUFFRMFISHBM06,BUFFRMFish2009Jun10,main,3,L,2,2,3,10,0,0,1,0,0,,12/3/2018
2009,BUFFRMFISHBM06,BUFFRMFish2009Jun10,main,3,R,3,4,4,5,0,0,0,1,0,,12/3/2018
2009,BUFFRMFISHBM06,BUFFRMFish2009Jun10,main,4,L,1,1,4,10,0,0,0,1,0,,12/3/2018
2009,BUFFRMFISHBM06,BUFFRMFish2009Jun10,main,4,R,3,2,4,10,0,0,1,0,0,,12/3/2018
2009,BUFFRMFISHBM06,BUFFRMFish2009Jun10,main,5,L,1,4,1,8,0,0,0,1,0,,12/3/2018
2009,BUFFRMFISHBM06,BUFFRMFish2009Jun10,main,5,R,2,3,4,8,0,0,0,1,0,,12/3/2018
2009,BUFFRMFISHBM06,BUFFRMFish2009Jun10,main,6,L,1,4,2,10,0,0,0,1,0,,12/3/2018
2009,BUFFRMFISHBM06,BUFFRMFish2009Jun10,main,6,R,2,2,3,8,1,0,1,0,0,,12/3/2018
2009,BUFFRMFISHBM06,BUFFRMFish2009Jun10,main,7,L,2,3,4,10,0,0,0,1,0,,12/3/2018
2009,BUFFRMFISHBM06,BUFFRMFish2009Jun10,main,7,R,2,2,4,2,0,1,1,0,0,,12/3/2018
2009,BUFFRMFISHBM06,BUFFRMFish2009Jun10,main,8,L,1,4,3,10,0,0,0,1,0,,12/3/2018
2009,BUFFRMFISHBM06,BUFFRMFish2009Jun10,main,8,R,3,4,5,8,0,0,0,1,0,bluff,12/3/2018
2009,BUFFRMFISHBM06,BUFFRMFish2009Jun10,main,9,L,1,3,2,8,0,0,0,1,0,,12/3/2018
2009,BUFFRMFISHBM06,BUFFRMFish2009Jun10,main,9,R,2,3,4,2,0,0,0,1,0,bluff,12/3/2018
2009,BUFFRMFISHBM06,BUFFRMFish2009Jun10,main,10,L,3,2,2,8,1,0,1,0,0,,12/3/2018
2009,BUFFRMFISHBM06,BUFFRMFish2009Jun10,main,10,R,2,2,3,8,1,0,0,0,0,,12/3/2018
2009,BUFFRMFISHBM06,BUFFRMFish2009Jun10,main,11,L,3,2,4,8,0,0,1,0,0,,12/3/2018
2009,BUFFRMFISHBM06,BUFFRMFish2009Jun10,main,11,R,2,3,3,8,0,0,0,1,0,bluff,12/3/2018
2009,BUFFRMFISHBT01,BUFFRMFish2009May19,main,1,L,3,2,3,5,1,0,0,0,0,,12/3/2018
2009,BUFFRMFISHBT01,BUFFRMFish2009May19,main,1,R,1,2,2,2,1,0,0,1,0,,12/3/2018
2009,BUFFRMFISHBT01,BUFFRMFish2009May19,main,2,L,2,2,3,2,1,0,0,0,0,,12/3/2018
2009,BUFFRMFISHBT01,BUFFRMFish2009May19,main,2,R,1,2,2,2,1,0,0,1,0,,12/3/2018
2009,BUFFRMFISHBT01,BUFFRMFish2009May19,main,3,L,2,2,3,5,1,0,0,0,0,,12/3/2018
2009,BUFFRMFISHBT01,BUFFRMFish2009May19,main,3,R,2,2,2,2,1,0,0,1,0,,12/3/2018
2009,BUFFRMFISHBT01,BUFFRMFish2009May19,main,4,L,2,2,3,2,0,1,0,0,0,,12/3/2018
2009,BUFFRMFISHBT01,BUFFRMFish2009May19,main,4,R,2,2,2,2,0,0,1,1,0,,12/3/2018
2009,BUFFRMFISHBT01,BUFFRMFish2009May19,main,5,L,2,2,2,2,0,1,0,1,0,,12/3/2018
2009,BUFFRMFISHBT01,BUFFRMFish2009May19,main,5,R,1,2,2,2,0,1,0,0,0,,12/3/2018
2009,BUFFRMFISHBT01,BUFFRMFish2009May19,main,6,L,2,2,2,2,0,0,0,1,0,,12/3/2018
2009,BUFFRMFISHBT01,BUFFRMFish2009May19,main,6,R,1,2,2,2,0,1,0,1,0,,12/3/2018
2009,BUFFRMFISHBT01,BUFFRMFish2009May19,main,7,L,2,2,3,2,0,1,0,1,0,,12/3/2018
2009,BUFFRMFISHBT01,BUFFRMFish2009May19,main,7,R,1,2,2,2,1,1,0,0,0,,12/3/2018
2009,BUFFRMFISHBT01,BUFFRMFish2009May19,main,8,L,2,2,4,2,1,1,0,0,0,,12/3/2018
2009,BUFFRMFISHBT01,BUFFRMFish2009May19,main,8,R,1,2,2,2,1,1,0,0,0,,12/3/2018
2009,BUFFRMFISHBT01,BUFFRMFish2009May19,main,9,L,2,2,4,2,1,0,0,1,0,,12/3/2018
2009,BUFFRMFISHBT01,BUFFRMFish2009May19,main,9,R,1,2,2,2,1,1,0,0,0,,12/3/2018
2009,BUFFRMFISHBT01,BUFFRMFish2009May19,main,10,L,3,2,5,2,1,0,0,1,0,,12/3/2018
2009,BUFFRMFISHBT01,BUFFRMFish2009May19,main,10,R,1,2,2,2,1,1,0,0,0,,12/3/2018
2009,BUFFRMFISHBT01,BUFFRMFish2009May19,main,11,L,3,2,5,2,1,0,0,1,0,,12/3/2018
2009,BUFFRMFISHBT01,BUFFRMFish2009May19,main,11,R,1,2,2,2,1,1,0,0,0,,12/3/2018
2009,BUFFRMFISHBT06,BUFFRMFish2009May19,main,1,L,1,1,1,8,0,1,1,0,0,,12/3/2018
2009,BUFFRMFISHBT06,BUFFRMFish2009May19,main,1,R,3,2,3,1,1,1,0,1,0,bluff,12/3/2018
2009,BUFFRMFISHBT06,BUFFRMFish2009May19,main,2,L,2,2,3,10,1,1,0,0,0,,12/3/2018
2009,BUFFRMFISHBT06,BUFFRMFish2009May19,main,2,R,3,2,5,2,1,0,0,1,0,bluff,12/3/2018
2009,BUFFRMFISHBT06,BUFFRMFish2009May19,main,3,L,2,2,2,2,1,1,0,1,0,,12/3/2018
2009,BUFFRMFISHBT06,BUFFRMFish2009May19,main,3,R,2,2,3,2,1,0,0,1,0,,12/3/2018
2009,BUFFRMFISHBT06,BUFFRMFish2009May19,main,4,L,1,2,2,8,1,0,1,0,0,,12/3/2018
2009,BUFFRMFISHBT06,BUFFRMFish2009May19,main,4,R,3,2,2,5,1,1,0,0,0,,12/3/2018
2009,BUFFRMFISHBT06,BUFFRMFish2009May19,main,5,L,1,2,2,10,1,0,1,0,0,,12/3/2018
2009,BUFFRMFISHBT06,BUFFRMFish2009May19,main,5,R,2,2,2,8,1,1,0,0,0,,12/3/2018
2009,BUFFRMFISHBT06,BUFFRMFish2009May19,main,6,L,1,2,1,10,0,1,1,0,0,,12/3/2018
2009,BUFFRMFISHBT06,BUFFRMFish2009May19,main,6,R,1,2,1,10,0,1,1,0,0,,12/3/2018
2009,BUFFRMFISHBT06,BUFFRMFish2009May19,main,7,L,2,2,3,5,1,0,1,0,0,,12/3/2018
2009,BUFFRMFISHBT06,BUFFRMFish2009May19,main,7,R,1,2,2,10,0,1,1,0,0,,12/3/2018
2009,BUFFRMFISHBT06,BUFFRMFish2009May19,main,8,L,1,2,2,5,1,0,1,0,0,,12/3/2018
2009,BUFFRMFISHBT06,BUFFRMFish2009May19,main,8,R,2,3,3,1,0,1,0,1,0,,12/3/2018
2009,BUFFRMFISHBT06,BUFFRMFish2009May19,main,9,L,1,2,2,5,0,1,1,0,0,,12/3/2018
2009,BUFFRMFISHBT06,BUFFRMFish2009May19,main,9,R,3,4,5,1,0,0,0,1,0,bluff,12/3/2018
2009,BUFFRMFISHBT06,BUFFRMFish2009May19,main,10,L,1,2,2,5,0,1,1,0,0,,12/3/2018
2009,BUFFRMFISHBT06,BUFFRMFish2009May19,main,10,R,3,4,5,1,0,0,1,1,0,bluff,12/3/2018
2009,BUFFRMFISHBT06,BUFFRMFish2009May19,main,11,L,1,2,2,5,1,1,1,0,0,,12/3/2018
2009,BUFFRMFISHBT06,BUFFRMFish2009May19,main,11,R,3,3,5,1,0,0,1,1,0,bluff,12/3/2018
2009,BUFFRMFISHBT10,BUFFRMFish2009May20,main,1,L,3,4,5,1,0,0,0,1,0,bluff,12/3/2018
2009,BUFFRMFISHBT10,BUFFRMFish2009May20,main,1,R,1,4,2,10,0,0,0,1,0,,12/3/2018
2009,BUFFRMFISHBT10,BUFFRMFish2009May20,main,2,L,3,4,5,1,0,0,0,1,0,bluff,12/3/2018
2009,BUFFRMFISHBT10,BUFFRMFish2009May20,main,2,R,1,4,3,10,0,0,0,1,0,,12/3/2018
2009,BUFFRMFISHBT10,BUFFRMFish2009May20,main,3,L,2,3,4,5,0,0,0,1,0,,12/3/2018
2009,BUFFRMFISHBT10,BUFFRMFish2009May20,main,3,R,3,2,5,1,0,1,1,0,0,bluff,12/3/2018
2009,BUFFRMFISHBT10,BUFFRMFish2009May20,main,4,L,3,1,3,5,0,0,1,0,0,,12/3/2018
2009,BUFFRMFISHBT10,BUFFRMFish2009May20,main,4,R,3,3,5,5,0,0,0,1,0,,12/3/2018
2009,BUFFRMFISHBT10,BUFFRMFish2009May20,main,5,L,3,3,2,10,0,0,0,1,0,,12/3/2018
2009,BUFFRMFISHBT10,BUFFRMFish2009May20,main,5,R,3,2,3,5,0,1,1,0,0,,12/3/2018
2009,BUFFRMFISHBT10,BUFFRMFish2009May20,main,6,L,2,2,2,10,0,0,1,1,0,,12/3/2018
2009,BUFFRMFISHBT10,BUFFRMFish2009May20,main,6,R,3,2,4,5,1,0,0,1,0,,12/3/2018
2009,BUFFRMFISHBT10,BUFFRMFish2009May20,main,7,L,2,2,2,5,0,0,1,1,0,,12/3/2018
2009,BUFFRMFISHBT10,BUFFRMFish2009May20,main,7,R,3,2,2,1,1,0,0,1,0,bluff,12/3/2018
2009,BUFFRMFISHBT10,BUFFRMFish2009May20,main,8,L,2,2,3,5,1,0,1,0,0,,12/3/2018
2009,BUFFRMFISHBT10,BUFFRMFish2009May20,main,8,R,3,2,5,1,1,0,0,1,0,bluff,12/3/2018
2009,BUFFRMFISHBT10,BUFFRMFish2009May20,main,9,L,3,2,3,5,0,0,1,1,0,,12/3/2018
2009,BUFFRMFISHBT10,BUFFRMFish2009May20,main,9,R,1,2,1,5,1,0,1,0,0,,12/3/2018
2009,BUFFRMFISHBT10,BUFFRMFish2009May20,main,10,L,3,2,3,5,0,0,1,1,0,,12/3/2018
2009,BUFFRMFISHBT10,BUFFRMFish2009May20,main,10,R,1,2,1,5,0,0,1,1,0,,12/3/2018
2009,BUFFRMFISHBT10,BUFFRMFish2009May20,main,11,L,3,3,3,5,0,0,0,1,0,,12/3/2018
2009,BUFFRMFISHBT10,BUFFRMFish2009May20,main,11,R,1,2,1,5,0,0,1,1,0,,12/3/2018
2009,BUFFRMFISHBT11,BUFFRMFish2009May20,main,1,L,3,2,4,5,0,1,0,0,0,,12/3/2018
2009,BUFFRMFISHBT11,BUFFRMFish2009May20,main,1,R,1,2,1,10,1,0,1,0,0,,12/3/2018
2009,BUFFRMFISHBT11,BUFFRMFish2009May20,main,2,L,3,2,4,2,1,1,0,0,0,,12/3/2018
2009,BUFFRMFISHBT11,BUFFRMFish2009May20,main,2,R,1,2,1,5,1,0,1,0,0,,12/3/2018
2009,BUFFRMFISHBT11,BUFFRMFish2009May20,main,3,L,1,3,1,5,0,0,0,1,0,,12/3/2018
2009,BUFFRMFISHBT11,BUFFRMFish2009May20,main,3,R,3,2,4,10,0,0,1,0,0,,12/3/2018
2009,BUFFRMFISHBT11,BUFFRMFish2009May20,main,4,L,1,2,1,5,0,1,1,1,0,,12/3/2018
2009,BUFFRMFISHBT11,BUFFRMFish2009May20,main,4,R,3,2,4,10,0,1,1,0,0,,12/3/2018
2009,BUFFRMFISHBT11,BUFFRMFish2009May20,main,5,L,1,3,1,2,0,1,0,1,0,,12/3/2018
2009,BUFFRMFISHBT11,BUFFRMFish2009May20,main,5,R,3,2,3,5,1,0,1,0,0,,12/3/2018
2009,BUFFRMFISHBT11,BUFFRMFish2009May20,main,6,L,1,4,1,1,0,0,0,1,0,,12/3/2018
2009,BUFFRMFISHBT11,BUFFRMFish2009May20,main,6,R,3,2,3,5,0,1,1,0,0,,12/3/2018
2009,BUFFRMFISHBT11,BUFFRMFish2009May20,main,7,L,2,3,3,1,0,0,0,1,0,,12/3/2018
2009,BUFFRMFISHBT11,BUFFRMFish2009May20,main,7,R,2,2,3,5,1,0,1,0,0,,12/3/2018
2009,BUFFRMFISHBT11,BUFFRMFish2009May20,main,8,L,2,3,4,5,0,0,0,1,0,,12/3/2018
2009,BUFFRMFISHBT11,BUFFRMFish2009May20,main,8,R,1,2,3,10,1,0,1,0,0,,12/3/2018
2009,BUFFRMFISHBT11,BUFFRMFish2009May20,main,9,L,1,2,1,10,0,1,1,0,0,,12/3/2018
2009,BUFFRMFISHBT11,BUFFRMFish2009May20,main,9,R,2,2,3,5,1,0,1,0,0,,12/3/2018
2009,BUFFRMFISHBT11,BUFFRMFish2009May20,main,10,L,1,2,1,10,1,0,1,0,0,,12/3/2018
2009,BUFFRMFISHBT11,BUFFRMFish2009May20,main,10,R,2,2,3,10,0,1,0,0,0,,12/3/2018
2009,BUFFRMFISHBT11,BUFFRMFish2009May20,main,11,L,1,2,1,5,0,0,1,1,0,,12/3/2018
2009,BUFFRMFISHBT11,BUFFRMFish2009May20,main,11,R,3,2,3,5,0,1,0,0,0,,12/3/2018
2009,BUFFRMFISHBT20,BUFFRMFish2009May21,main,1,L,3,2,5,8,0,1,0,1,0,,12/3/2018
2009,BUFFRMFISHBT20,BUFFRMFish2009May21,main,1,R,3,2,5,5,0,1,1,1,0,,12/3/2018
2009,BUFFRMFISHBT20,BUFFRMFish2009May21,main,2,L,3,2,5,5,0,1,0,1,0,,12/3/2018
2009,BUFFRMFISHBT20,BUFFRMFish2009May21,main,2,R,2,2,5,5,0,0,1,1,0,,12/3/2018
2009,BUFFRMFISHBT20,BUFFRMFish2009May21,main,3,L,3,2,5,8,0,0,1,1,0,,12/3/2018
2009,BUFFRMFISHBT20,BUFFRMFish2009May21,main,3,R,2,2,4,1,0,0,1,1,0,,12/3/2018
2009,BUFFRMFISHBT20,BUFFRMFish2009May21,main,4,L,2,2,4,8,0,1,0,1,0,,12/3/2018
2009,BUFFRMFISHBT20,BUFFRMFish2009May21,main,4,R,2,2,3,1,0,0,1,1,0,,12/3/2018
2009,BUFFRMFISHBT20,BUFFRMFish2009May21,main,5,L,2,2,4,8,0,1,0,1,0,,12/3/2018
2009,BUFFRMFISHBT20,BUFFRMFish2009May21,main,5,R,2,2,4,8,0,1,0,1,0,,12/3/2018
2009,BUFFRMFISHBT20,BUFFRMFish2009May21,main,6,L,2,1,4,8,1,1,0,0,0,,12/3/2018
2009,BUFFRMFISHBT20,BUFFRMFish2009May21,main,6,R,2,1,4,8,1,1,0,0,0,,12/3/2018
2009,BUFFRMFISHBT20,BUFFRMFish2009May21,main,7,L,2,1,5,8,1,1,0,0,0,,12/3/2018
2009,BUFFRMFISHBT20,BUFFRMFish2009May21,main,7,R,2,1,4,8,0,1,1,0,0,,12/3/2018
2009,BUFFRMFISHBT20,BUFFRMFish2009May21,main,8,L,2,3,3,8,0,0,0,1,0,,12/3/2018
2009,BUFFRMFISHBT20,BUFFRMFish2009May21,main,8,R,2,2,3,8,0,1,0,1,0,,12/3/2018
2009,BUFFRMFISHBT20,BUFFRMFish2009May21,main,9,L,2,2,5,8,1,0,0,1,0,,12/3/2018
2009,BUFFRMFISHBT20,BUFFRMFish2009May21,main,9,R,1,1,2,2,0,1,1,0,0,,12/3/2018
2009,BUFFRMFISHBT20,BUFFRMFish2009May21,main,10,L,2,2,3,8,1,0,0,1,0,,12/3/2018
2009,BUFFRMFISHBT20,BUFFRMFish2009May21,main,10,R,2,2,5,2,0,1,0,1,0,,12/3/2018
2009,BUFFRMFISHBT20,BUFFRMFish2009May21,main,11,L,3,1,5,8,0,1,1,0,0,,12/3/2018
2009,BUFFRMFISHBT20,BUFFRMFish2009May21,main,11,R,2,2,4,2,0,0,1,1,0,,12/3/2018
2009,BUFFRMFISHBT23,BUFFRMFish2009May26,main,1,L,2,1,4,10,1,1,0,0,0,,12/3/2018
2009,BUFFRMFISHBT23,BUFFRMFish2009May26,main,1,R,1,2,3,10,1,1,0,0,0,,12/3/2018
2009,BUFFRMFISHBT23,BUFFRMFish2009May26,main,2,L,2,4,5,1,0,0,0,1,0,bluff,12/3/2018
2009,BUFFRMFISHBT23,BUFFRMFish2009May26,main,2,R,3,2,3,5,1,1,0,0,0,,12/3/2018
2009,BUFFRMFISHBT23,BUFFRMFish2009May26,main,3,L,3,4,5,1,0,0,0,1,0,bluff,12/3/2018
2009,BUFFRMFISHBT23,BUFFRMFish2009May26,main,3,R,3,2,3,5,0,1,0,0,0,,12/3/2018
2009,BUFFRMFISHBT23,BUFFRMFish2009May26,main,4,L,3,4,5,1,0,0,0,1,0,bluff,12/3/2018
2009,BUFFRMFISHBT23,BUFFRMFish2009May26,main,4,R,3,2,3,5,1,1,0,0,0,,12/3/2018
2009,BUFFRMFISHBT23,BUFFRMFish2009May26,main,5,L,3,2,3,5,0,1,1,0,0,,12/3/2018
2009,BUFFRMFISHBT23,BUFFRMFish2009May26,main,5,R,2,2,3,5,1,1,0,0,0,,12/3/2018
2009,BUFFRMFISHBT23,BUFFRMFish2009May26,main,6,L,3,2,5,1,1,0,0,0,0,bluff,12/3/2018
2009,BUFFRMFISHBT23,BUFFRMFish2009May26,main,6,R,2,2,4,5,1,1,0,0,0,,12/3/2018
2009,BUFFRMFISHBT23,BUFFRMFish2009May26,main,7,L,3,4,5,1,0,0,0,1,0,bluff,12/3/2018
2009,BUFFRMFISHBT23,BUFFRMFish2009May26,main,7,R,2,3,5,5,0,1,0,1,0,,12/3/2018
2009,BUFFRMFISHBT23,BUFFRMFish2009May26,main,8,L,3,4,5,1,0,0,0,1,0,bluff,12/3/2018
2009,BUFFRMFISHBT23,BUFFRMFish2009May26,main,8,R,2,2,5,10,0,0,0,1,0,,12/3/2018
2009,BUFFRMFISHBT23,BUFFRMFish2009May26,main,9,L,3,4,5,1,0,0,0,1,0,bluff,12/3/2018
2009,BUFFRMFISHBT23,BUFFRMFish2009May26,main,9,R,2,3,5,8,0,0,0,1,0,,12/3/2018
2009,BUFFRMFISHBT23,BUFFRMFish2009May26,main,10,L,3,4,2,1,0,0,0,1,0,bluff,12/3/2018
2009,BUFFRMFISHBT23,BUFFRMFish2009May26,main,10,R,2,3,5,10,0,0,0,1,0,,12/3/2018
2009,BUFFRMFISHBT23,BUFFRMFish2009May26,main,11,L,3,2,5,10,1,1,0,0,0,bluff,12/3/2018
2009,BUFFRMFISHBT23,BUFFRMFish2009May26,main,11,R,2,2,4,10,1,1,0,0,0,,12/3/2018
2010,BUFFRMFISHBM01,BUFFRMFish2010May27,main,1,L,2,2,2,2,1,1,0,0,0,,12/3/2018
2010,BUFFRMFISHBM01,BUFFRMFish2010May27,main,1,R,1,2,1,2,0,1,1,0,0,,12/3/2018
2010,BUFFRMFISHBM01,BUFFRMFish2010May27,main,2,L,1,4,2,2,0,0,0,1,0,,12/3/2018
2010,BUFFRMFISHBM01,BUFFRMFish2010May27,main,2,R,1,1,1,2,1,1,0,0,0,,12/3/2018
2010,BUFFRMFISHBM01,BUFFRMFish2010May27,main,3,L,2,2,2,2,1,1,0,0,0,,12/3/2018
2010,BUFFRMFISHBM01,BUFFRMFish2010May27,main,3,R,1,2,1,2,0,1,0,0,0,,12/3/2018
2010,BUFFRMFISHBM01,BUFFRMFish2010May27,main,4,L,1,2,2,2,1,1,0,0,0,,12/3/2018
2010,BUFFRMFISHBM01,BUFFRMFish2010May27,main,4,R,1,2,1,2,1,1,0,0,0,,12/3/2018
2010,BUFFRMFISHBM01,BUFFRMFish2010May27,main,5,L,1,3,1,2,1,0,0,1,0,,12/3/2018
2010,BUFFRMFISHBM01,BUFFRMFish2010May27,main,5,R,2,2,2,5,1,1,0,0,0,,12/3/2018
2010,BUFFRMFISHBM01,BUFFRMFish2010May27,main,6,L,1,1,1,2,1,1,0,0,0,,12/3/2018
2010,BUFFRMFISHBM01,BUFFRMFish2010May27,main,6,R,2,1,2,5,1,1,0,0,0,,12/3/2018
2010,BUFFRMFISHBM01,BUFFRMFish2010May27,main,7,L,1,1,2,2,1,1,0,0,0,,12/3/2018
2010,BUFFRMFISHBM01,BUFFRMFish2010May27,main,7,R,2,1,3,10,1,1,0,0,0,,12/3/2018
2010,BUFFRMFISHBM01,BUFFRMFish2010May27,main,8,L,1,1,1,10,1,0,1,0,0,,12/3/2018
2010,BUFFRMFISHBM01,BUFFRMFish2010May27,main,8,R,3,1,3,10,1,1,0,0,0,,12/3/2018
2010,BUFFRMFISHBM01,BUFFRMFish2010May27,main,9,L,1,1,2,5,0,0,1,0,0,Grass is river cane,12/3/2018
2010,BUFFRMFISHBM01,BUFFRMFish2010May27,main,9,R,3,2,3,10,1,1,0,0,0,,12/3/2018
2010,BUFFRMFISHBM01,BUFFRMFish2010May27,main,10,L,1,1,2,5,1,0,1,0,0,,12/3/2018
2010,BUFFRMFISHBM01,BUFFRMFish2010May27,main,10,R,3,1,2,10,1,1,0,0,0,,12/3/2018
2010,BUFFRMFISHBM01,BUFFRMFish2010May27,main,11,L,2,1,3,5,0,1,1,0,0,,12/3/2018
2010,BUFFRMFISHBM01,BUFFRMFish2010May27,main,11,R,2,1,3,10,1,1,0,0,0,,12/3/2018
2010,BUFFRMFISHBM01,BUFFRMFish2010May27,side channel,1,L,1,2,1,10,1,1,0,0,0,,12/3/2018
2010,BUFFRMFISHBM01,BUFFRMFish2010May27,side channel,1,R,1,3,2,2,0,1,0,1,0,,12/3/2018
2010,BUFFRMFISHBM01,BUFFRMFish2010May27,side channel,2,L,1,2,1,10,0,1,0,0,0,,12/3/2018
2010,BUFFRMFISHBM01,BUFFRMFish2010May27,side channel,2,R,2,2,2,2,1,1,0,0,0,,12/3/2018
2010,BUFFRMFISHBM01,BUFFRMFish2010May27,side channel,3,L,1,2,1,2,1,1,0,0,0,,12/3/2018
2010,BUFFRMFISHBM01,BUFFRMFish2010May27,side channel,3,R,1,2,1,2,0,1,0,0,0,Island = 3.1 meters,12/3/2018
2010,BUFFRMFISHBM01,BUFFRMFish2010May27,side channel,4,L,1,1,1,2,1,1,0,0,0,,12/3/2018
2010,BUFFRMFISHBM01,BUFFRMFish2010May27,side channel,4,R,1,2,1,2,0,1,0,0,0,Island = 16.2 meters,12/3/2018
2010,BUFFRMFISHBM01,BUFFRMFish2010May27,side channel,5,L,1,2,1,2,1,1,0,0,0,,12/3/2018
2010,BUFFRMFISHBM01,BUFFRMFish2010May27,side channel,5,R,1,3,1,2,1,0,0,1,0,,12/3/2018
2010,BUFFRMFISHBM02,BUFFRMFish2010May26,main,1,L,3,1,4,10,1,1,0,0,0,,12/3/2018
2010,BUFFRMFISHBM02,BUFFRMFish2010May26,main,1,R,2,1,3,10,1,0,1,0,0,,12/3/2018
2010,BUFFRMFISHBM02,BUFFRMFish2010May26,main,2,L,2,1,3,10,1,1,0,0,0,,12/3/2018
2010,BUFFRMFISHBM02,BUFFRMFish2010May26,main,2,R,2,1,3,10,1,0,1,0,0,,12/3/2018
2010,BUFFRMFISHBM02,BUFFRMFish2010May26,main,3,L,2,1,3,5,1,1,0,0,0,,12/3/2018
2010,BUFFRMFISHBM02,BUFFRMFish2010May26,main,3,R,1,1,2,10,1,0,1,0,0,,12/3/2018
2010,BUFFRMFISHBM02,BUFFRMFish2010May26,main,4,L,2,1,3,10,1,0,1,0,0,,12/3/2018
2010,BUFFRMFISHBM02,BUFFRMFish2010May26,main,4,R,1,2,2,1,0,0,1,1,0,,12/3/2018
2010,BUFFRMFISHBM02,BUFFRMFish2010May26,main,5,L,2,1,3,10,1,0,1,0,0,Gravel Bar = 3.8 meters,12/3/2018
2010,BUFFRMFISHBM02,BUFFRMFish2010May26,main,5,R,2,1,4,1,1,0,1,0,0,,12/3/2018
2010,BUFFRMFISHBM02,BUFFRMFish2010May26,main,6,L,1,3,2,10,0,1,0,1,0,Island = 1 meter,12/3/2018
2010,BUFFRMFISHBM02,BUFFRMFish2010May26,main,6,R,3,1,3,5,1,0,1,0,0,,12/3/2018
2010,BUFFRMFISHBM02,BUFFRMFish2010May26,main,7,L,2,2,3,2,1,0,1,0,0,,12/3/2018
2010,BUFFRMFISHBM02,BUFFRMFish2010May26,main,7,R,2,2,3,10,1,0,1,0,0,,12/3/2018
2010,BUFFRMFISHBM02,BUFFRMFish2010May26,main,8,L,3,4,5,1,0,0,0,1,0,,12/3/2018
2010,BUFFRMFISHBM02,BUFFRMFish2010May26,main,8,R,2,1,3,10,1,0,1,0,0,,12/3/2018
2010,BUFFRMFISHBM02,BUFFRMFish2010May26,main,9,L,3,3,5,1,0,1,0,1,0,,12/3/2018
2010,BUFFRMFISHBM02,BUFFRMFish2010May26,main,9,R,2,3,4,10,0,0,1,1,0,,12/3/2018
2010,BUFFRMFISHBM02,BUFFRMFish2010May26,main,10,L,3,2,3,1,1,1,0,0,0,,12/3/2018
2010,BUFFRMFISHBM02,BUFFRMFish2010May26,main,10,R,2,2,3,10,1,0,1,0,0,,12/3/2018
2010,BUFFRMFISHBM02,BUFFRMFish2010May26,main,11,L,3,1,4,10,1,1,0,0,0,,12/3/2018
2010,BUFFRMFISHBM02,BUFFRMFish2010May26,main,11,R,2,1,4,10,1,0,1,0,0,Ended at Transect,12/3/2018
2010,BUFFRMFISHBM03,BUFFRMFish2010Jun01,main,1,L,1,2,2,10,1,1,1,0,0,,12/3/2018
2010,BUFFRMFISHBM03,BUFFRMFish2010Jun01,main,1,R,2,2,3,10,1,1,0,0,0,,12/3/2018
2010,BUFFRMFISHBM03,BUFFRMFish2010Jun01,main,2,L,2,2,3,5,1,0,1,0,0,,12/3/2018
2010,BUFFRMFISHBM03,BUFFRMFish2010Jun01,main,2,R,2,1,3,10,1,0,1,0,0,,12/3/2018
2010,BUFFRMFISHBM03,BUFFRMFish2010Jun01,main,3,L,2,1,4,10,0,0,1,0,0,Grass is river cane,12/3/2018
2010,BUFFRMFISHBM03,BUFFRMFish2010Jun01,main,3,R,2,1,3,10,0,0,1,0,0,Grass is river cane,12/3/2018
2010,BUFFRMFISHBM03,BUFFRMFish2010Jun01,main,4,L,2,1,3,10,1,0,1,0,0,Gravel Bar = 7 meters,12/3/2018
2010,BUFFRMFISHBM03,BUFFRMFish2010Jun01,main,4,R,2,1,3,10,1,0,1,0,0,,12/3/2018
2010,BUFFRMFISHBM03,BUFFRMFish2010Jun01,main,5,L,1,3,2,2,0,0,1,1,0,,12/3/2018
2010,BUFFRMFISHBM03,BUFFRMFish2010Jun01,main,5,R,2,1,4,8,1,1,0,0,0,Gravel Bar = 34 meters,12/3/2018
2010,BUFFRMFISHBM03,BUFFRMFish2010Jun01,main,6,L,2,2,4,2,1,1,0,0,0,,12/3/2018
2010,BUFFRMFISHBM03,BUFFRMFish2010Jun01,main,6,R,2,1,4,8,1,0,1,0,0,Gravel Bar = 24 meters,12/3/2018
2010,BUFFRMFISHBM03,BUFFRMFish2010Jun01,main,7,L,2,3,5,2,0,1,0,1,0,,12/3/2018
2010,BUFFRMFISHBM03,BUFFRMFish2010Jun01,main,7,R,2,1,4,8,1,0,1,0,0,Gravel Bar = 13 meter - Grass is river cane,12/3/2018
2010,BUFFRMFISHBM03,BUFFRMFish2010Jun01,main,8,L,3,4,5,1,0,0,0,1,0,,12/3/2018
2010,BUFFRMFISHBM03,BUFFRMFish2010Jun01,main,8,R,1,1,2,8,1,0,1,0,0,grass is river cane - Gravel Bar 8 meters,12/3/2018
2010,BUFFRMFISHBM03,BUFFRMFish2010Jun01,main,9,L,3,4,5,1,0,0,0,1,0,,12/3/2018
2010,BUFFRMFISHBM03,BUFFRMFish2010Jun01,main,9,R,2,3,4,8,1,1,0,0,0,Gravel Bar = 21 meters,12/3/2018
2010,BUFFRMFISHBM03,BUFFRMFish2010Jun01,main,10,L,2,1,5,5,0,1,1,0,0,Grass is river cane,12/3/2018
2010,BUFFRMFISHBM03,BUFFRMFish2010Jun01,main,10,R,2,1,3,10,1,1,0,0,0,Gravel Bar = 18 meters,12/3/2018
2010,BUFFRMFISHBM03,BUFFRMFish2010Jun01,main,11,L,2,3,5,2,0,1,0,1,0,,12/3/2018
2010,BUFFRMFISHBM03,BUFFRMFish2010Jun01,main,11,R,2,2,3,10,1,1,0,0,0,Gravel Bar = 5 meters,12/3/2018
2010,BUFFRMFISHBM04,BUFFRMFish2010Jun03,main,1,L,1,1,1,10,1,1,0,0,0,Only Sampled half the reach due to GPS waypoint being off - Gravel Bar 33 meters,12/3/2018
2010,BUFFRMFISHBM04,BUFFRMFish2010Jun03,main,1,R,2,2,2,8,1,1,0,0,0,Gravel Bar 5 meters,12/3/2018
2010,BUFFRMFISHBM04,BUFFRMFish2010Jun03,main,2,L,1,2,2,10,1,1,0,0,0,,12/3/2018
2010,BUFFRMFISHBM04,BUFFRMFish2010Jun03,main,2,R,3,1,5,5,1,0,1,0,0,,12/3/2018
2010,BUFFRMFISHBM04,BUFFRMFish2010Jun03,main,3,L,1,1,2,10,1,1,0,0,0,,12/3/2018
2010,BUFFRMFISHBM04,BUFFRMFish2010Jun03,main,3,R,2,1,3,8,1,0,1,0,0,,12/3/2018
2010,BUFFRMFISHBM04,BUFFRMFish2010Jun03,main,4,L,2,2,4,8,1,1,0,0,0,,12/3/2018
2010,BUFFRMFISHBM04,BUFFRMFish2010Jun03,main,4,R,2,2,4,10,1,0,1,0,0,,12/3/2018
2010,BUFFRMFISHBM04,BUFFRMFish2010Jun03,main,5,L,2,1,4,8,1,0,1,0,0,Center bedrock coved in substrate 9,12/3/2018
2010,BUFFRMFISHBM04,BUFFRMFish2010Jun03,main,5,R,2,3,5,10,0,0,0,1,0,,12/3/2018
2010,BUFFRMFISHBM04,BUFFRMFish2010Jun03,main,6,L,2,1,3,5,1,0,1,0,0,Grass is river cane,12/3/2018
2010,BUFFRMFISHBM04,BUFFRMFish2010Jun03,main,6,R,2,1,4,8,1,0,1,0,0,,12/3/2018
2010,BUFFRMFISHBM05,BUFFRMFish2010Jun02,main,1,L,1,2,2,10,1,0,1,0,0,,12/3/2018
2010,BUFFRMFISHBM05,BUFFRMFish2010Jun02,main,1,R,2,1,4,10,1,1,0,0,0,,12/3/2018
2010,BUFFRMFISHBM05,BUFFRMFish2010Jun02,main,2,L,1,2,2,10,1,1,0,0,0,,12/3/2018
2010,BUFFRMFISHBM05,BUFFRMFish2010Jun02,main,2,R,2,1,4,8,1,1,0,0,0,,12/3/2018
2010,BUFFRMFISHBM05,BUFFRMFish2010Jun02,main,3,L,2,2,3,10,1,1,0,0,0,,12/3/2018
2010,BUFFRMFISHBM05,BUFFRMFish2010Jun02,main,3,R,2,1,4,8,1,0,1,0,0,Gravel Bar = 4 meters,12/3/2018
2010,BUFFRMFISHBM05,BUFFRMFish2010Jun02,main,4,L,1,1,2,10,0,1,1,0,0,,12/3/2018
2010,BUFFRMFISHBM05,BUFFRMFish2010Jun02,main,4,R,1,1,3,8,1,1,0,0,0,Gravel Bar = 7 meters,12/3/2018
2010,BUFFRMFISHBM05,BUFFRMFish2010Jun02,main,5,L,1,1,1,10,1,0,1,0,0,,12/3/2018
2010,BUFFRMFISHBM05,BUFFRMFish2010Jun02,main,5,R,2,1,5,8,1,1,0,0,0,,12/3/2018
2010,BUFFRMFISHBM05,BUFFRMFish2010Jun02,main,6,L,1,2,2,10,1,1,0,0,0,,12/3/2018
2010,BUFFRMFISHBM05,BUFFRMFish2010Jun02,main,6,R,2,1,4,2,1,1,0,0,0,,12/3/2018
2010,BUFFRMFISHBM05,BUFFRMFish2010Jun02,main,7,L,1,1,2,10,1,0,1,0,0,Gravel Bar = 7 meters,12/3/2018
2010,BUFFRMFISHBM05,BUFFRMFish2010Jun02,main,7,R,2,1,5,1,1,1,0,0,0,,12/3/2018
2010,BUFFRMFISHBM05,BUFFRMFish2010Jun02,main,8,L,1,3,2,10,0,1,0,1,0,Gravel Bar = 29 meters,12/3/2018
2010,BUFFRMFISHBM05,BUFFRMFish2010Jun02,main,8,R,3,3,5,1,0,1,0,1,0,Bluff,12/3/2018
2010,BUFFRMFISHBM05,BUFFRMFish2010Jun02,main,9,L,1,3,1,10,0,1,0,1,0,Gravel Bar = 29 meters,12/3/2018
2010,BUFFRMFISHBM05,BUFFRMFish2010Jun02,main,9,R,3,2,5,1,1,1,0,0,0,Bluff,12/3/2018
2010,BUFFRMFISHBM05,BUFFRMFish2010Jun02,main,10,L,1,4,1,10,0,1,0,1,0,Gravel Bar = 32 meters,12/3/2018
2010,BUFFRMFISHBM05,BUFFRMFish2010Jun02,main,10,R,3,3,4,1,0,0,1,1,0,Bluff,12/3/2018
2010,BUFFRMFISHBM05,BUFFRMFish2010Jun02,main,11,L,1,4,1,10,0,1,0,1,0,Gravel Bar = 55 meters,12/3/2018
2010,BUFFRMFISHBM05,BUFFRMFish2010Jun02,main,11,R,2,1,4,1,1,1,0,0,0,,12/3/2018
2010,BUFFRMFISHBM06,BUFFRMFish2010Jun09,main,1,L,2,1,4,8,1,0,1,0,0,Island = 12 meters,12/3/2018
2010,BUFFRMFISHBM06,BUFFRMFish2010Jun09,main,1,R,1,2,1,8,1,1,0,0,0,Gravel Bar = 14 meters,12/3/2018
2010,BUFFRMFISHBM06,BUFFRMFish2010Jun09,main,2,L,2,3,3,8,1,0,0,1,0,,12/3/2018
2010,BUFFRMFISHBM06,BUFFRMFish2010Jun09,main,2,R,2,1,4,8,1,1,0,0,0,Gravel Bar = 10 meters,12/3/2018
2010,BUFFRMFISHBM06,BUFFRMFish2010Jun09,main,3,L,2,1,3,8,1,0,1,0,0,,12/3/2018
2010,BUFFRMFISHBM06,BUFFRMFish2010Jun09,main,3,R,2,2,4,10,1,1,0,0,0,,12/3/2018
2010,BUFFRMFISHBM06,BUFFRMFish2010Jun09,main,4,L,2,1,3,8,0,0,1,0,0,,12/3/2018
2010,BUFFRMFISHBM06,BUFFRMFish2010Jun09,main,4,R,3,2,4,5,0,1,0,1,0,,12/3/2018
2010,BUFFRMFISHBM06,BUFFRMFish2010Jun09,main,5,L,2,1,4,8,1,0,1,0,0,Sand Bar = 18 meters,12/3/2018
2010,BUFFRMFISHBM06,BUFFRMFish2010Jun09,main,5,R,2,2,5,8,1,1,0,0,0,,12/3/2018
2010,BUFFRMFISHBM06,BUFFRMFish2010Jun09,main,6,L,2,1,3,8,0,1,1,0,0,Sand Bar 22 meters,12/3/2018
2010,BUFFRMFISHBM06,BUFFRMFish2010Jun09,main,6,R,2,2,4,8,1,1,0,0,0,,12/3/2018
2010,BUFFRMFISHBM06,BUFFRMFish2010Jun09,main,7,L,2,2,4,8,0,0,1,1,0,Sand Bar = 12 meters,12/3/2018
2010,BUFFRMFISHBM06,BUFFRMFish2010Jun09,main,7,R,2,1,5,2,1,0,1,0,0,,12/3/2018
2010,BUFFRMFISHBM06,BUFFRMFish2010Jun09,main,8,L,3,2,4,8,1,1,0,0,0,Sand Bar = 40 meters,12/3/2018
2010,BUFFRMFISHBM06,BUFFRMFish2010Jun09,main,8,R,2,3,3,8,0,0,1,1,0,,12/3/2018
2010,BUFFRMFISHBM06,BUFFRMFish2010Jun09,main,9,L,2,2,3,8,0,0,1,0,0,Gravel Bar = 26 meters,12/3/2018
2010,BUFFRMFISHBM06,BUFFRMFish2010Jun09,main,9,R,2,2,4,5,1,1,0,0,0,,12/3/2018
2010,BUFFRMFISHBM06,BUFFRMFish2010Jun09,main,10,L,2,2,3,10,0,0,1,0,0,,12/3/2018
2010,BUFFRMFISHBM06,BUFFRMFish2010Jun09,main,10,R,2,1,4,2,1,1,0,0,0,,12/3/2018
2010,BUFFRMFISHBM06,BUFFRMFish2010Jun09,main,11,L,2,2,4,8,1,0,1,0,0,,12/3/2018
2010,BUFFRMFISHBM06,BUFFRMFish2010Jun09,main,11,R,3,4,5,1,0,0,0,1,0,Sand Bar = 5 meters,12/3/2018
2010,BUFFRMFISHBT08,BUFFRMFish2010May17,main,1,L,2,2,4,5,1,0,1,0,0,,12/3/2018
2010,BUFFRMFISHBT08,BUFFRMFish2010May17,main,1,R,1,2,1,5,1,0,1,0,0,,12/3/2018
2010,BUFFRMFISHBT08,BUFFRMFish2010May17,main,2,L,2,1,4,10,1,1,0,0,0,,12/3/2018
2010,BUFFRMFISHBT08,BUFFRMFish2010May17,main,2,R,1,2,1,5,0,0,1,0,0,,12/3/2018
2010,BUFFRMFISHBT08,BUFFRMFish2010May17,main,3,L,1,1,3,10,1,0,1,0,0,,12/3/2018
2010,BUFFRMFISHBT08,BUFFRMFish2010May17,main,3,R,1,1,2,10,0,1,1,0,0,,12/3/2018
2010,BUFFRMFISHBT08,BUFFRMFish2010May17,main,4,L,2,1,3,5,1,0,1,0,0,,12/3/2018
2010,BUFFRMFISHBT08,BUFFRMFish2010May17,main,4,R,3,1,2,10,0,1,1,0,0,,12/3/2018
2010,BUFFRMFISHBT08,BUFFRMFish2010May17,main,5,L,1,1,2,10,1,1,0,0,0,,12/3/2018
2010,BUFFRMFISHBT08,BUFFRMFish2010May17,main,5,R,1,1,1,10,1,1,0,0,0,,12/3/2018
2010,BUFFRMFISHBT08,BUFFRMFish2010May17,main,6,L,1,1,3,10,1,1,0,0,0,,12/3/2018
2010,BUFFRMFISHBT08,BUFFRMFish2010May17,main,6,R,1,1,1,8,1,0,1,0,0,,12/3/2018
2010,BUFFRMFISHBT08,BUFFRMFish2010May17,main,7,L,3,2,4,10,1,1,0,0,0,,12/3/2018
2010,BUFFRMFISHBT08,BUFFRMFish2010May17,main,7,R,1,1,1,10,0,1,1,0,0,,12/3/2018
2010,BUFFRMFISHBT08,BUFFRMFish2010May17,main,8,L,3,1,3,1,1,1,0,0,0,,12/3/2018
2010,BUFFRMFISHBT08,BUFFRMFish2010May17,main,8,R,1,2,1,2,1,0,1,0,0,,12/3/2018
2010,BUFFRMFISHBT08,BUFFRMFish2010May17,main,9,L,3,1,3,1,1,1,0,0,0,,12/3/2018
2010,BUFFRMFISHBT08,BUFFRMFish2010May17,main,9,R,1,2,1,2,1,0,1,0,0,,12/3/2018
2010,BUFFRMFISHBT08,BUFFRMFish2010May17,main,10,L,1,1,1,10,1,1,0,0,0,,12/3/2018
2010,BUFFRMFISHBT08,BUFFRMFish2010May17,main,10,R,3,2,3,8,1,0,1,0,0,,12/3/2018
2010,BUFFRMFISHBT08,BUFFRMFish2010May17,main,11,L,1,1,1,10,1,0,1,0,0,,12/3/2018
2010,BUFFRMFISHBT08,BUFFRMFish2010May17,main,11,R,3,2,5,2,1,1,0,0,0,,12/3/2018
2010,BUFFRMFISHBT14,BUFFRMFish2010May18,main,1,L,2,1,2,5,0,0,1,0,0,Grass is river cane,12/3/2018
2010,BUFFRMFISHBT14,BUFFRMFish2010May18,main,1,R,2,1,3,5,1,1,0,0,0,,12/3/2018
2010,BUFFRMFISHBT14,BUFFRMFish2010May18,main,2,L,1,3,2,1,1,0,0,1,0,,12/3/2018
2010,BUFFRMFISHBT14,BUFFRMFish2010May18,main,2,R,2,1,3,5,1,1,0,0,0,,12/3/2018
2010,BUFFRMFISHBT14,BUFFRMFish2010May18,main,3,L,2,1,3,5,1,0,1,0,0,,12/3/2018
2010,BUFFRMFISHBT14,BUFFRMFish2010May18,main,3,R,2,1,3,5,1,1,0,0,0,,12/3/2018
2010,BUFFRMFISHBT14,BUFFRMFish2010May18,main,4,L,1,3,2,1,0,0,1,1,0,,12/3/2018
2010,BUFFRMFISHBT14,BUFFRMFish2010May18,main,4,R,2,2,3,5,1,0,1,0,0,,12/3/2018
2010,BUFFRMFISHBT14,BUFFRMFish2010May18,main,5,L,2,1,3,5,1,1,0,0,0,,12/3/2018
2010,BUFFRMFISHBT14,BUFFRMFish2010May18,main,5,R,2,2,3,10,1,1,0,0,0,,12/3/2018
2010,BUFFRMFISHBT14,BUFFRMFish2010May18,main,6,L,2,1,3,5,1,0,1,0,0,,12/3/2018
2010,BUFFRMFISHBT14,BUFFRMFish2010May18,main,6,R,2,1,3,10,1,1,0,0,0,,12/3/2018
2010,BUFFRMFISHBT14,BUFFRMFish2010May18,main,7,L,2,2,4,1,1,0,0,0,0,,12/3/2018
2010,BUFFRMFISHBT14,BUFFRMFish2010May18,main,7,R,2,2,3,10,1,1,0,0,0,,12/3/2018
2010,BUFFRMFISHBT14,BUFFRMFish2010May18,main,8,L,2,3,3,1,0,0,0,1,0,,12/3/2018
2010,BUFFRMFISHBT14,BUFFRMFish2010May18,main,8,R,2,1,3,10,1,1,0,0,0,,12/3/2018
2010,BUFFRMFISHBT14,BUFFRMFish2010May18,main,9,L,3,3,4,1,1,0,0,1,0,,12/3/2018
2010,BUFFRMFISHBT14,BUFFRMFish2010May18,main,9,R,2,2,3,10,1,1,0,0,0,,12/3/2018
2010,BUFFRMFISHBT14,BUFFRMFish2010May18,main,10,L,1,1,1,5,1,0,1,0,0,,12/3/2018
2010,BUFFRMFISHBT14,BUFFRMFish2010May18,main,10,R,3,2,3,10,0,1,0,0,0,,12/3/2018
2010,BUFFRMFISHBT14,BUFFRMFish2010May18,main,11,L,1,1,1,5,1,1,0,0,0,,12/3/2018
2010,BUFFRMFISHBT14,BUFFRMFish2010May18,main,11,R,3,4,3,10,0,0,0,1,0,,12/3/2018
2010,BUFFRMFISHBT17,BUFFRMFish2010Jun23,main,1,L,1,1,1,8,0,1,1,0,0,,12/3/2018
2010,BUFFRMFISHBT17,BUFFRMFish2010Jun23,main,1,R,2,1,3,8,0,1,1,0,0,,12/3/2018
2010,BUFFRMFISHBT17,BUFFRMFish2010Jun23,main,2,L,1,1,2,8,1,1,0,0,0,,12/3/2018
2010,BUFFRMFISHBT17,BUFFRMFish2010Jun23,main,2,R,2,1,3,10,1,0,1,0,0,,12/3/2018
2010,BUFFRMFISHBT17,BUFFRMFish2010Jun23,main,3,L,1,3,1,8,0,1,0,1,0,,12/3/2018
2010,BUFFRMFISHBT17,BUFFRMFish2010Jun23,main,3,R,2,1,3,10,1,1,0,0,0,,12/3/2018
2010,BUFFRMFISHBT17,BUFFRMFish2010Jun23,main,4,L,2,1,2,10,1,1,0,0,0,,12/3/2018
2010,BUFFRMFISHBT17,BUFFRMFish2010Jun23,main,4,R,2,2,3,2,1,1,0,0,0,,12/3/2018
2010,BUFFRMFISHBT17,BUFFRMFish2010Jun23,main,5,L,1,2,2,2,1,1,0,0,0,,12/3/2018
2010,BUFFRMFISHBT17,BUFFRMFish2010Jun23,main,5,R,2,2,3,2,1,1,0,0,0,,12/3/2018
2010,BUFFRMFISHBT17,BUFFRMFish2010Jun23,main,6,L,1,1,2,8,0,1,1,0,0,,12/3/2018
2010,BUFFRMFISHBT17,BUFFRMFish2010Jun23,main,6,R,2,1,2,8,0,1,1,0,0,,12/3/2018
2010,BUFFRMFISHBT17,BUFFRMFish2010Jun23,main,7,L,3,3,4,2,1,0,0,1,0,bluff within 5 meters,12/3/2018
2010,BUFFRMFISHBT17,BUFFRMFish2010Jun23,main,7,R,1,1,2,10,0,1,0,0,0,,12/3/2018
2010,BUFFRMFISHBT17,BUFFRMFish2010Jun23,main,8,L,2,2,3,2,1,1,0,0,0,,12/3/2018
2010,BUFFRMFISHBT17,BUFFRMFish2010Jun23,main,8,R,1,1,2,10,1,1,0,0,0,6 meter gravel bar,12/3/2018
2010,BUFFRMFISHBT17,BUFFRMFish2010Jun23,main,9,L,2,2,2,2,1,1,0,0,0,,12/3/2018
2010,BUFFRMFISHBT17,BUFFRMFish2010Jun23,main,9,R,1,3,1,10,1,0,0,1,0,3 meter gravel bar,12/3/2018
2010,BUFFRMFISHBT17,BUFFRMFish2010Jun23,main,10,L,1,1,2,2,1,1,0,0,0,,12/3/2018
2010,BUFFRMFISHBT17,BUFFRMFish2010Jun23,main,10,R,1,3,1,2,1,0,0,1,0,,12/3/2018
2010,BUFFRMFISHBT17,BUFFRMFish2010Jun23,main,11,L,2,2,4,10,1,1,0,0,0,,12/3/2018
2010,BUFFRMFISHBT17,BUFFRMFish2010Jun23,main,11,R,1,2,1,2,1,0,0,1,0,5 meter gravel bar,12/3/2018
2010,BUFFRMFISHBT27,BUFFRMFish2010Jun08,main,1,L,2,1,4,5,1,1,0,0,0,Gravel Bar = 8.8 meters,12/3/2018
2010,BUFFRMFISHBT27,BUFFRMFish2010Jun08,main,1,R,2,1,4,5,1,1,0,0,0,Island 1 meter,12/3/2018
2010,BUFFRMFISHBT27,BUFFRMFish2010Jun08,main,2,L,3,3,5,1,0,1,0,1,0,,12/3/2018
2010,BUFFRMFISHBT27,BUFFRMFish2010Jun08,main,2,R,2,2,4,5,1,1,0,0,0,,12/3/2018
2010,BUFFRMFISHBT27,BUFFRMFish2010Jun08,main,3,L,3,4,5,1,0,0,0,1,0,,12/3/2018
2010,BUFFRMFISHBT27,BUFFRMFish2010Jun08,main,3,R,1,2,2,5,1,0,1,0,0,,12/3/2018
2010,BUFFRMFISHBT27,BUFFRMFish2010Jun08,main,4,L,3,3,5,1,0,1,0,1,0,,12/3/2018
2010,BUFFRMFISHBT27,BUFFRMFish2010Jun08,main,4,R,1,2,2,5,1,1,0,0,0,,12/3/2018
2010,BUFFRMFISHBT27,BUFFRMFish2010Jun08,main,5,L,3,3,5,1,0,1,0,1,0,,12/3/2018
2010,BUFFRMFISHBT27,BUFFRMFish2010Jun08,main,5,R,1,1,2,5,0,1,1,0,0,,12/3/2018
2010,BUFFRMFISHBT27,BUFFRMFish2010Jun08,main,6,L,2,1,5,5,1,1,0,0,0,,12/3/2018
2010,BUFFRMFISHBT27,BUFFRMFish2010Jun08,main,6,R,1,2,2,8,1,1,0,0,0,,12/3/2018
2010,BUFFRMFISHBT27,BUFFRMFish2010Jun08,main,7,L,2,2,3,8,1,1,0,0,0,,12/3/2018
2010,BUFFRMFISHBT27,BUFFRMFish2010Jun08,main,7,R,1,2,2,2,0,1,1,0,0,,12/3/2018
2010,BUFFRMFISHBT27,BUFFRMFish2010Jun08,main,8,L,1,2,1,2,1,1,0,0,0,,12/3/2018
2010,BUFFRMFISHBT27,BUFFRMFish2010Jun08,main,8,R,1,2,2,10,1,0,0,0,0,,12/3/2018
2010,BUFFRMFISHBT27,BUFFRMFish2010Jun08,main,9,L,1,2,2,10,1,1,0,0,0,,12/3/2018
2010,BUFFRMFISHBT27,BUFFRMFish2010Jun08,main,9,R,1,2,2,10,1,1,0,0,0,,12/3/2018
2010,BUFFRMFISHBT27,BUFFRMFish2010Jun08,main,10,L,1,1,2,10,1,1,0,0,0,,12/3/2018
2010,BUFFRMFISHBT27,BUFFRMFish2010Jun08,main,10,R,1,3,2,1,0,1,0,1,0,,12/3/2018
2010,BUFFRMFISHBT27,BUFFRMFish2010Jun08,main,11,L,1,2,2,2,1,1,0,0,0,,12/3/2018
2010,BUFFRMFISHBT27,BUFFRMFish2010Jun08,main,11,R,1,3,2,1,1,0,0,1,0,,12/3/2018
2010,BUFFRMFISHBT29,BUFFRMFish2010Jun10,main,1,L,3,2,3,5,1,1,0,0,0,Gravel Bar 16 meters,12/3/2018
2010,BUFFRMFISHBT29,BUFFRMFish2010Jun10,main,1,R,2,2,2,8,1,0,0,0,0,Gravel Bar 10 meters,12/3/2018
2010,BUFFRMFISHBT29,BUFFRMFish2010Jun10,main,2,L,2,2,2,5,1,1,0,0,0,,12/3/2018
2010,BUFFRMFISHBT29,BUFFRMFish2010Jun10,main,2,R,1,1,2,10,1,1,0,0,0,,12/3/2018
2010,BUFFRMFISHBT29,BUFFRMFish2010Jun10,main,3,L,3,2,3,5,1,1,0,0,0,,12/3/2018
2010,BUFFRMFISHBT29,BUFFRMFish2010Jun10,main,3,R,2,2,1,10,1,1,0,0,0,Island = 4.4 meters,12/3/2018
2010,BUFFRMFISHBT29,BUFFRMFish2010Jun10,main,4,L,3,2,3,5,1,1,0,0,0,,12/3/2018
2010,BUFFRMFISHBT29,BUFFRMFish2010Jun10,main,4,R,2,1,2,10,1,1,0,0,0,,12/3/2018
2010,BUFFRMFISHBT29,BUFFRMFish2010Jun10,main,5,L,3,2,4,5,1,1,0,0,0,,12/3/2018
2010,BUFFRMFISHBT29,BUFFRMFish2010Jun10,main,5,R,2,2,2,10,1,1,0,0,0,,12/3/2018
2010,BUFFRMFISHBT29,BUFFRMFish2010Jun10,main,6,L,3,2,3,5,1,0,1,0,0,,12/3/2018
2010,BUFFRMFISHBT29,BUFFRMFish2010Jun10,main,6,R,1,2,2,10,1,1,0,0,0,Gravel Bar = 20 meters,12/3/2018
2010,BUFFRMFISHBT29,BUFFRMFish2010Jun10,main,7,L,3,3,3,2,0,1,0,1,0,,12/3/2018
2010,BUFFRMFISHBT29,BUFFRMFish2010Jun10,main,7,R,1,3,2,10,1,0,0,1,0,Gravel Bar = 20 meters,12/3/2018
2010,BUFFRMFISHBT29,BUFFRMFish2010Jun10,main,8,L,3,1,4,5,0,1,1,0,0,,12/3/2018
2010,BUFFRMFISHBT29,BUFFRMFish2010Jun10,main,8,R,1,2,2,10,1,0,0,0,0,Gravel Bar = 27 meters,12/3/2018
2010,BUFFRMFISHBT29,BUFFRMFish2010Jun10,main,9,L,3,2,4,5,0,1,1,0,0,,12/3/2018
2010,BUFFRMFISHBT29,BUFFRMFish2010Jun10,main,9,R,1,1,3,8,1,0,1,0,0,Gravel Bar = 38 meters,12/3/2018
2010,BUFFRMFISHBT29,BUFFRMFish2010Jun10,main,10,L,3,2,4,5,1,1,0,0,0,,12/3/2018
2010,BUFFRMFISHBT29,BUFFRMFish2010Jun10,main,10,R,2,2,3,8,1,0,1,0,0,Gravel Bar = 34 meters,12/3/2018
2010,BUFFRMFISHBT29,BUFFRMFish2010Jun10,main,11,L,3,2,3,5,1,1,0,0,0,Gravel Bar = 18 meters,12/3/2018
2010,BUFFRMFISHBT29,BUFFRMFish2010Jun10,main,11,R,2,1,3,8,1,0,1,0,0,Gravel Bar = 20.3 meters,12/3/2018
2010,BUFFRMFISHBT32,BUFFRMFish2010Jun11,main,1,L,3,1,4,5,0,1,1,0,0,,12/3/2018
2010,BUFFRMFISHBT32,BUFFRMFish2010Jun11,main,1,R,2,1,4,8,0,1,1,0,0,Gravel Bar = 5.2 meters,12/3/2018
2010,BUFFRMFISHBT32,BUFFRMFish2010Jun11,main,2,L,3,1,5,5,0,1,1,0,0,,12/3/2018
2010,BUFFRMFISHBT32,BUFFRMFish2010Jun11,main,2,R,2,2,4,10,1,0,1,1,0,,12/3/2018
2010,BUFFRMFISHBT32,BUFFRMFish2010Jun11,main,3,L,3,2,4,8,0,1,1,1,0,Gravel Bar = 3.8 meters,12/3/2018
2010,BUFFRMFISHBT32,BUFFRMFish2010Jun11,main,3,R,3,2,5,10,1,0,1,0,0,,12/3/2018
2010,BUFFRMFISHBT32,BUFFRMFish2010Jun11,main,4,L,1,2,1,2,0,1,1,0,0,Gravel Bar = 4 meters,12/3/2018
2010,BUFFRMFISHBT32,BUFFRMFish2010Jun11,main,4,R,3,3,5,8,0,0,0,1,0,,12/3/2018
2010,BUFFRMFISHBT32,BUFFRMFish2010Jun11,main,5,L,1,2,1,2,0,1,1,0,0,Gravel Bar = 9.8 meters,12/3/2018
2010,BUFFRMFISHBT32,BUFFRMFish2010Jun11,main,5,R,3,2,4,5,1,0,1,1,0,,12/3/2018
2010,BUFFRMFISHBT32,BUFFRMFish2010Jun11,main,6,L,1,2,2,8,1,0,1,0,0,Gravel Bar = 6.4 meters,12/3/2018
2010,BUFFRMFISHBT32,BUFFRMFish2010Jun11,main,6,R,3,3,4,10,0,0,0,1,0,,12/3/2018
2010,BUFFRMFISHBT32,BUFFRMFish2010Jun11,main,7,L,3,2,4,5,1,0,0,1,0,,12/3/2018
2010,BUFFRMFISHBT32,BUFFRMFish2010Jun11,main,7,R,2,2,4,8,1,0,1,0,0,,12/3/2018
2010,BUFFRMFISHBT32,BUFFRMFish2010Jun11,main,8,L,3,2,3,10,0,1,1,1,0,,12/3/2018
2010,BUFFRMFISHBT32,BUFFRMFish2010Jun11,main,8,R,2,2,3,8,0,1,1,0,0,Sand Bar = 2.8 meters,12/3/2018
2010,BUFFRMFISHBT32,BUFFRMFish2010Jun11,main,9,L,2,2,3,8,1,1,1,0,0,Gravel Bar = 3.5 meters,12/3/2018
2010,BUFFRMFISHBT32,BUFFRMFish2010Jun11,main,9,R,2,1,2,10,1,1,0,0,0,,12/3/2018
2010,BUFFRMFISHBT32,BUFFRMFish2010Jun11,main,10,L,2,2,1,10,1,0,1,0,0,Gravel Bar = 4.8 meters,12/3/2018
2010,BUFFRMFISHBT32,BUFFRMFish2010Jun11,main,10,R,3,2,5,5,0,1,1,0,0,,12/3/2018
2010,BUFFRMFISHBT32,BUFFRMFish2010Jun11,main,11,L,1,3,1,2,0,0,0,1,0,,12/3/2018
2010,BUFFRMFISHBT32,BUFFRMFish2010Jun11,main,11,R,3,3,5,5,0,0,0,1,0,,12/3/2018
2012,BUFFRMFISHBT15,BUFFRMFish2012May22,main,1,L,3,2,3,5,0,1,0,0,0,,12/3/2018
2012,BUFFRMFISHBT15,BUFFRMFish2012May22,main,1,R,1,1,2,8,1,0,1,0,0,,12/3/2018
2012,BUFFRMFISHBT15,BUFFRMFish2012May22,main,2,L,3,1,3,5,1,1,0,0,0,,12/3/2018
2012,BUFFRMFISHBT15,BUFFRMFish2012May22,main,2,R,1,2,1,8,1,0,1,0,0,,12/3/2018
2012,BUFFRMFISHBT15,BUFFRMFish2012May22,main,3,L,3,2,4,5,0,1,0,1,0,,12/3/2018
2012,BUFFRMFISHBT15,BUFFRMFish2012May22,main,3,R,1,2,2,8,1,0,1,0,0,,12/3/2018
2012,BUFFRMFISHBT15,BUFFRMFish2012May22,main,4,L,3,2,4,5,0,0,1,0,0,,12/3/2018
2012,BUFFRMFISHBT15,BUFFRMFish2012May22,main,4,R,2,2,2,8,1,0,1,0,0,,12/3/2018
2012,BUFFRMFISHBT15,BUFFRMFish2012May22,main,5,L,3,1,4,5,0,1,0,0,0,,12/3/2018
2012,BUFFRMFISHBT15,BUFFRMFish2012May22,main,5,R,2,1,3,8,0,0,1,0,0,,12/3/2018
2012,BUFFRMFISHBT15,BUFFRMFish2012May22,main,6,L,2,1,3,8,1,0,1,0,0,,12/3/2018
2012,BUFFRMFISHBT15,BUFFRMFish2012May22,main,6,R,3,1,4,8,1,0,1,0,0,,12/3/2018
2012,BUFFRMFISHBT15,BUFFRMFish2012May22,main,7,L,2,1,2,8,1,0,1,0,0,,12/3/2018
2012,BUFFRMFISHBT15,BUFFRMFish2012May22,main,7,R,3,1,3,8,1,0,1,0,0,,12/3/2018
2012,BUFFRMFISHBT15,BUFFRMFish2012May22,main,8,L,1,1,1,8,1,0,1,0,0,,12/3/2018
2012,BUFFRMFISHBT15,BUFFRMFish2012May22,main,8,R,3,2,3,8,1,0,1,0,0,,12/3/2018
2012,BUFFRMFISHBT15,BUFFRMFish2012May22,main,9,L,1,1,2,8,0,1,0,0,0,,12/3/2018
2012,BUFFRMFISHBT15,BUFFRMFish2012May22,main,9,R,3,2,4,8,1,0,1,0,0,,12/3/2018
2012,BUFFRMFISHBT15,BUFFRMFish2012May22,main,10,L,1,2,1,8,1,0,1,0,0,,12/3/2018
2012,BUFFRMFISHBT15,BUFFRMFish2012May22,main,10,R,3,3,3,8,1,0,0,1,0,,12/3/2018
2012,BUFFRMFISHBT15,BUFFRMFish2012May22,main,11,L,1,2,1,8,1,0,1,0,0,,12/3/2018
2012,BUFFRMFISHBT15,BUFFRMFish2012May22,main,11,R,2,1,2,10,1,0,1,0,0,,12/3/2018
2012,BUFFRMFISHBT20,BUFFRMFish2012May22,main,1,L,3,2,4,5,1,1,0,0,0,,12/3/2018
2012,BUFFRMFISHBT20,BUFFRMFish2012May22,main,1,R,3,1,5,8,1,1,0,0,0,5 m gravel bar,12/3/2018
2012,BUFFRMFISHBT20,BUFFRMFish2012May22,main,2,L,3,2,4,5,1,1,0,0,0,,12/3/2018
2012,BUFFRMFISHBT20,BUFFRMFish2012May22,main,2,R,2,1,4,8,1,0,1,0,0,4.6m gravel bar,12/3/2018
2012,BUFFRMFISHBT20,BUFFRMFish2012May22,main,3,L,3,2,5,5,1,0,1,0,0,9.6m gravel/silt bar,12/3/2018
2012,BUFFRMFISHBT20,BUFFRMFish2012May22,main,3,R,2,1,4,5,1,0,1,0,0,,12/3/2018
2012,BUFFRMFISHBT20,BUFFRMFish2012May22,main,4,L,3,2,5,8,1,0,1,0,0,5m gravel/silt bar,12/3/2018
2012,BUFFRMFISHBT20,BUFFRMFish2012May22,main,4,R,2,1,3,2,1,0,1,0,0,,12/3/2018
2012,BUFFRMFISHBT20,BUFFRMFish2012May22,main,5,L,2,1,4,5,1,0,1,0,0,,12/3/2018
2012,BUFFRMFISHBT20,BUFFRMFish2012May22,main,5,R,3,2,5,5,0,1,1,0,0,,12/3/2018
2012,BUFFRMFISHBT20,BUFFRMFish2012May22,main,6,L,2,2,4,5,1,0,1,0,0,,12/3/2018
2012,BUFFRMFISHBT20,BUFFRMFish2012May22,main,6,R,2,1,4,5,0,1,1,0,0,,12/3/2018
2012,BUFFRMFISHBT20,BUFFRMFish2012May22,main,7,L,2,2,3,8,1,0,1,0,0,,12/3/2018
2012,BUFFRMFISHBT20,BUFFRMFish2012May22,main,7,R,2,1,4,8,1,0,1,0,0,,12/3/2018
2012,BUFFRMFISHBT20,BUFFRMFish2012May22,main,8,L,1,2,3,8,1,0,1,0,0,,12/3/2018
2012,BUFFRMFISHBT20,BUFFRMFish2012May22,main,8,R,2,2,4,8,1,0,1,0,0,,12/3/2018
2012,BUFFRMFISHBT20,BUFFRMFish2012May22,main,9,L,2,1,3,8,1,1,0,0,0,,12/3/2018
2012,BUFFRMFISHBT20,BUFFRMFish2012May22,main,9,R,2,1,3,2,0,1,1,0,0,,12/3/2018
2012,BUFFRMFISHBT20,BUFFRMFish2012May22,main,10,L,1,1,2,8,1,0,1,0,0,,12/3/2018
2012,BUFFRMFISHBT20,BUFFRMFish2012May22,main,10,R,2,1,4,2,0,1,0,0,0,,12/3/2018
2012,BUFFRMFISHBT20,BUFFRMFish2012May22,main,11,L,3,1,3,5,1,1,0,0,0,,12/3/2018
2012,BUFFRMFISHBT20,BUFFRMFish2012May22,main,11,R,3,2,5,1,1,0,1,0,0,,12/3/2018
2012,BUFFRMFISHBT27,BUFFRMFish2012May21,main,1,L,3,2,5,1,0,1,0,1,0,bluff,12/3/2018
2012,BUFFRMFISHBT27,BUFFRMFish2012May21,main,1,R,3,1,4,5,1,1,0,0,0,,12/3/2018
2012,BUFFRMFISHBT27,BUFFRMFish2012May21,main,2,L,3,4,5,1,0,0,0,1,0,bluff,12/3/2018
2012,BUFFRMFISHBT27,BUFFRMFish2012May21,main,2,R,2,1,4,5,1,0,1,0,0,,12/3/2018
2012,BUFFRMFISHBT27,BUFFRMFish2012May21,main,3,L,3,4,5,1,0,0,0,1,0,bluff,12/3/2018
2012,BUFFRMFISHBT27,BUFFRMFish2012May21,main,3,R,2,2,4,8,1,0,1,0,0,,12/3/2018
2012,BUFFRMFISHBT27,BUFFRMFish2012May21,main,4,L,3,4,5,1,0,0,0,1,0,bluff,12/3/2018
2012,BUFFRMFISHBT27,BUFFRMFish2012May21,main,4,R,2,3,3,8,1,0,0,1,0,,12/3/2018
2012,BUFFRMFISHBT27,BUFFRMFish2012May21,main,5,L,3,3,5,1,0,0,1,1,0,bluff,12/3/2018
2012,BUFFRMFISHBT27,BUFFRMFish2012May21,main,5,R,2,2,3,8,1,0,1,0,0,,12/3/2018
2012,BUFFRMFISHBT27,BUFFRMFish2012May21,main,6,L,3,1,5,1,0,1,0,0,0,bluff,12/3/2018
2012,BUFFRMFISHBT27,BUFFRMFish2012May21,main,6,R,1,2,3,8,1,1,0,0,0,,12/3/2018
2012,BUFFRMFISHBT27,BUFFRMFish2012May21,main,7,L,3,2,5,1,0,1,0,0,0,,12/3/2018
2012,BUFFRMFISHBT27,BUFFRMFish2012May21,main,7,R,1,2,3,8,1,0,1,0,0,,12/3/2018
2012,BUFFRMFISHBT27,BUFFRMFish2012May21,main,8,L,3,2,5,1,1,0,1,0,0,bluff,12/3/2018
2012,BUFFRMFISHBT27,BUFFRMFish2012May21,main,8,R,1,2,2,8,1,0,1,0,0,,12/3/2018
2012,BUFFRMFISHBT27,BUFFRMFish2012May21,main,9,L,1,1,1,8,1,1,0,0,0,,12/3/2018
2012,BUFFRMFISHBT27,BUFFRMFish2012May21,main,9,R,2,3,3,1,0,0,0,1,0,,12/3/2018
2012,BUFFRMFISHBT27,BUFFRMFish2012May21,main,10,L,3,1,5,1,1,1,0,0,0,bluff,12/3/2018
2012,BUFFRMFISHBT27,BUFFRMFish2012May21,main,10,R,2,3,3,1,1,0,0,1,0,,12/3/2018
2012,BUFFRMFISHBT27,BUFFRMFish2012May21,main,11,L,3,3,5,1,0,0,0,1,0,bluff,12/3/2018
2012,BUFFRMFISHBT27,BUFFRMFish2012May21,main,11,R,2,3,3,1,1,0,0,1,0,,12/3/2018
2013,BUFFRMFISHBM01,BUFFRMFish2013May29,main,1,L,2,2,2,10,1,1,0,0,0,,12/3/2018
2013,BUFFRMFISHBM01,BUFFRMFish2013May29,main,1,R,1,1,1,2,1,0,1,0,0,,12/3/2018
2013,BUFFRMFISHBM01,BUFFRMFish2013May29,main,2,L,2,2,2,2,1,1,0,0,0,,12/3/2018
2013,BUFFRMFISHBM01,BUFFRMFish2013May29,main,2,R,1,1,1,2,1,0,1,0,0,,12/3/2018
2013,BUFFRMFISHBM01,BUFFRMFish2013May29,main,3,L,1,1,2,2,1,1,0,0,0,,12/3/2018
2013,BUFFRMFISHBM01,BUFFRMFish2013May29,main,3,R,1,1,1,2,1,0,0,0,0,,12/3/2018
2013,BUFFRMFISHBM01,BUFFRMFish2013May29,main,4,L,1,2,2,2,0,1,0,0,0,,12/3/2018
2013,BUFFRMFISHBM01,BUFFRMFish2013May29,main,4,R,1,2,1,2,1,0,0,0,0,,12/3/2018
2013,BUFFRMFISHBM01,BUFFRMFish2013May29,main,5,L,1,2,1,2,1,0,0,0,0,,12/3/2018
2013,BUFFRMFISHBM01,BUFFRMFish2013May29,main,5,R,2,1,2,10,0,1,1,0,0,,12/3/2018
2013,BUFFRMFISHBM01,BUFFRMFish2013May29,main,6,L,1,1,1,2,1,0,1,0,0,,12/3/2018
2013,BUFFRMFISHBM01,BUFFRMFish2013May29,main,6,R,3,2,3,10,1,0,0,0,0,,12/3/2018
2013,BUFFRMFISHBM01,BUFFRMFish2013May29,main,7,L,1,1,1,10,1,0,1,0,0,,12/3/2018
2013,BUFFRMFISHBM01,BUFFRMFish2013May29,main,7,R,3,2,3,10,1,1,0,0,0,,12/3/2018
2013,BUFFRMFISHBM01,BUFFRMFish2013May29,main,8,L,1,1,1,8,1,0,1,0,0,,12/3/2018
2013,BUFFRMFISHBM01,BUFFRMFish2013May29,main,8,R,3,2,3,10,1,1,0,0,0,,12/3/2018
2013,BUFFRMFISHBM01,BUFFRMFish2013May29,main,9,L,1,1,1,8,1,0,1,0,0,,12/3/2018
2013,BUFFRMFISHBM01,BUFFRMFish2013May29,main,9,R,3,2,3,10,1,1,0,0,0,,12/3/2018
2013,BUFFRMFISHBM01,BUFFRMFish2013May29,main,10,L,1,1,2,8,1,0,1,0,0,,12/3/2018
2013,BUFFRMFISHBM01,BUFFRMFish2013May29,main,10,R,3,2,3,10,1,1,0,0,0,,12/3/2018
2013,BUFFRMFISHBM01,BUFFRMFish2013May29,main,11,L,2,1,2,8,1,0,1,0,0,,12/3/2018
2013,BUFFRMFISHBM01,BUFFRMFish2013May29,main,11,R,2,2,3,10,1,1,0,0,0,,12/3/2018
2013,BUFFRMFISHBM01,BUFFRMFish2013May29,side channel,1,L,1,1,1,10,1,0,1,0,0,,12/3/2018
2013,BUFFRMFISHBM01,BUFFRMFish2013May29,side channel,1,R,2,1,2,10,1,1,0,0,0,,12/3/2018
2013,BUFFRMFISHBM01,BUFFRMFish2013May29,side channel,2,L,1,1,1,10,1,0,0,0,0,,12/3/2018
2013,BUFFRMFISHBM01,BUFFRMFish2013May29,side channel,2,R,2,2,2,10,1,1,0,0,0,,12/3/2018
2013,BUFFRMFISHBM01,BUFFRMFish2013May29,side channel,3,L,1,2,1,2,1,0,0,0,0,,12/3/2018
2013,BUFFRMFISHBM01,BUFFRMFish2013May29,side channel,3,R,1,2,1,2,1,0,0,0,0,,12/3/2018
2013,BUFFRMFISHBM01,BUFFRMFish2013May29,side channel,4,L,2,1,2,2,1,1,0,0,0,,12/3/2018
2013,BUFFRMFISHBM01,BUFFRMFish2013May29,side channel,4,R,1,2,1,10,1,0,0,0,0,,12/3/2018
2013,BUFFRMFISHBM01,BUFFRMFish2013May29,side channel,5,L,1,2,1,2,1,0,0,0,0,,12/3/2018
2013,BUFFRMFISHBM01,BUFFRMFish2013May29,side channel,5,R,1,2,1,2,1,0,0,0,0,,12/3/2018
2013,BUFFRMFISHBM02,BUFFRMFish2013May28,main,1,L,2,1,3,10,1,1,0,0,0,,12/3/2018
2013,BUFFRMFISHBM02,BUFFRMFish2013May28,main,1,R,2,1,3,8,1,0,1,0,0,,12/3/2018
2013,BUFFRMFISHBM02,BUFFRMFish2013May28,main,2,L,2,2,3,10,0,1,0,1,0,,12/3/2018
2013,BUFFRMFISHBM02,BUFFRMFish2013May28,main,2,R,2,1,2,8,0,1,1,0,0,,12/3/2018
2013,BUFFRMFISHBM02,BUFFRMFish2013May28,main,3,L,2,1,4,8,0,1,1,0,0,,12/3/2018
2013,BUFFRMFISHBM02,BUFFRMFish2013May28,main,3,R,1,1,2,8,1,0,1,0,0,,12/3/2018
2013,BUFFRMFISHBM02,BUFFRMFish2013May28,main,4,L,3,1,3,8,1,1,0,0,0,,12/3/2018
2013,BUFFRMFISHBM02,BUFFRMFish2013May28,main,4,R,2,2,2,1,1,0,1,0,0,Bedrock,12/3/2018
2013,BUFFRMFISHBM02,BUFFRMFish2013May28,main,5,L,2,2,2,10,1,0,1,0,0,5.9 meter gravel bar,12/3/2018
2013,BUFFRMFISHBM02,BUFFRMFish2013May28,main,5,R,2,2,3,1,0,1,1,0,0,,12/3/2018
2013,BUFFRMFISHBM02,BUFFRMFish2013May28,main,6,L,1,2,2,10,0,1,0,0,0,,12/3/2018
2013,BUFFRMFISHBM02,BUFFRMFish2013May28,main,6,R,3,2,3,5,1,0,1,0,0,,12/3/2018
2013,BUFFRMFISHBM02,BUFFRMFish2013May28,main,7,L,2,2,3,10,1,0,1,0,0,,12/3/2018
2013,BUFFRMFISHBM02,BUFFRMFish2013May28,main,7,R,2,1,3,5,1,1,0,0,0,,12/3/2018
2013,BUFFRMFISHBM02,BUFFRMFish2013May28,main,8,L,2,3,3,1,0,0,0,1,0,Bedrock,12/3/2018
2013,BUFFRMFISHBM02,BUFFRMFish2013May28,main,8,R,3,2,3,5,0,1,1,0,0,,12/3/2018
2013,BUFFRMFISHBM02,BUFFRMFish2013May28,main,9,L,3,4,5,1,0,0,0,1,0,Bedrock,12/3/2018
2013,BUFFRMFISHBM02,BUFFRMFish2013May28,main,9,R,2,3,3,8,0,0,1,1,0,Sand,12/3/2018
2013,BUFFRMFISHBM02,BUFFRMFish2013May28,main,10,L,3,2,4,1,0,1,0,0,0,,12/3/2018
2013,BUFFRMFISHBM02,BUFFRMFish2013May28,main,10,R,3,2,3,8,0,1,1,0,0,,12/3/2018
2013,BUFFRMFISHBM02,BUFFRMFish2013May28,main,11,L,2,2,4,1,1,1,0,0,0,,12/3/2018
2013,BUFFRMFISHBM02,BUFFRMFish2013May28,main,11,R,2,2,3,10,1,0,1,0,0,10 Meter Gravel Bar,12/3/2018
2013,BUFFRMFISHBM03,BUFFRMFish2013Jun19,main,1,L,2,1,3,10,1,1,0,0,0,38 m Gravel Bar,12/3/2018
2013,BUFFRMFISHBM03,BUFFRMFish2013Jun19,main,1,R,3,2,3,10,1,1,0,0,0,,12/3/2018
2013,BUFFRMFISHBM03,BUFFRMFish2013Jun19,main,2,L,2,1,4,8,1,1,0,0,0,,12/3/2018
2013,BUFFRMFISHBM03,BUFFRMFish2013Jun19,main,2,R,2,1,4,8,1,0,1,0,0,,12/3/2018
2013,BUFFRMFISHBM03,BUFFRMFish2013Jun19,main,3,L,2,1,4,8,1,0,1,0,0,,12/3/2018
2013,BUFFRMFISHBM03,BUFFRMFish2013Jun19,main,3,R,2,1,4,8,1,1,0,0,0,,12/3/2018
2013,BUFFRMFISHBM03,BUFFRMFish2013Jun19,main,4,L,2,1,3,8,1,1,0,0,0,,12/3/2018
2013,BUFFRMFISHBM03,BUFFRMFish2013Jun19,main,4,R,2,1,3,8,1,0,1,0,0,12 m sand/gravel bar,12/3/2018
2013,BUFFRMFISHBM03,BUFFRMFish2013Jun19,main,5,L,2,2,4,1,1,1,0,0,0,,12/3/2018
2013,BUFFRMFISHBM03,BUFFRMFish2013Jun19,main,5,R,2,1,4,8,1,0,1,0,0,33 m gravel bar,12/3/2018
2013,BUFFRMFISHBM03,BUFFRMFish2013Jun19,main,6,L,3,2,4,1,1,0,1,0,0,,12/3/2018
2013,BUFFRMFISHBM03,BUFFRMFish2013Jun19,main,6,R,2,1,3,8,1,1,0,0,0,30 m gravel bar,12/3/2018
2013,BUFFRMFISHBM03,BUFFRMFish2013Jun19,main,7,L,3,3,5,1,0,0,0,1,0,,12/3/2018
2013,BUFFRMFISHBM03,BUFFRMFish2013Jun19,main,7,R,2,1,3,8,1,1,0,0,0,18 m gravel/sand bar,12/3/2018
2013,BUFFRMFISHBM03,BUFFRMFish2013Jun19,main,8,L,3,4,5,1,0,0,0,1,0,,12/3/2018
2013,BUFFRMFISHBM03,BUFFRMFish2013Jun19,main,8,R,1,1,2,8,1,0,1,0,0,19.5 m gravel/sand bar,12/3/2018
2013,BUFFRMFISHBM03,BUFFRMFish2013Jun19,main,9,L,3,4,5,1,0,0,0,1,0,,12/3/2018
2013,BUFFRMFISHBM03,BUFFRMFish2013Jun19,main,9,R,2,1,2,10,1,1,0,0,0,22 m gravel bar,12/3/2018
2013,BUFFRMFISHBM03,BUFFRMFish2013Jun19,main,10,L,2,1,4,8,1,1,0,0,0,,12/3/2018
2013,BUFFRMFISHBM03,BUFFRMFish2013Jun19,main,10,R,3,2,3,10,1,1,0,0,0,16.5 m gravel bar,12/3/2018
2013,BUFFRMFISHBM03,BUFFRMFish2013Jun19,main,11,L,2,1,3,2,1,1,0,0,0,,12/3/2018
2013,BUFFRMFISHBM03,BUFFRMFish2013Jun19,main,11,R,3,1,3,10,1,1,0,0,0,,12/3/2018
2013,BUFFRMFISHBM04,BUFFRMFish2013Jun17,main,1,L,1,3,2,10,0,0,0,1,0,17.5 m gravel bar,12/3/2018
2013,BUFFRMFISHBM04,BUFFRMFish2013Jun17,main,1,R,3,2,3,8,1,0,1,0,0,16.5 m gravel bar,12/3/2018
2013,BUFFRMFISHBM04,BUFFRMFish2013Jun17,main,2,L,1,1,3,10,1,0,1,0,0,,12/3/2018
2013,BUFFRMFISHBM04,BUFFRMFish2013Jun17,main,2,R,3,1,4,8,1,0,1,0,0,27 m gravel bar,12/3/2018
2013,BUFFRMFISHBM04,BUFFRMFish2013Jun17,main,3,L,1,1,3,10,1,0,1,0,0,,12/3/2018
2013,BUFFRMFISHBM04,BUFFRMFish2013Jun17,main,3,R,3,1,4,10,1,0,1,0,0,,12/3/2018
2013,BUFFRMFISHBM04,BUFFRMFish2013Jun17,main,4,L,3,1,3,5,1,1,0,0,0,,12/3/2018
2013,BUFFRMFISHBM04,BUFFRMFish2013Jun17,main,4,R,3,1,4,8,1,1,0,0,0,,12/3/2018
2013,BUFFRMFISHBM04,BUFFRMFish2013Jun17,main,5,L,3,1,4,5,1,1,0,0,0,,12/3/2018
2013,BUFFRMFISHBM04,BUFFRMFish2013Jun17,main,5,R,3,1,4,10,1,0,1,0,0,,12/3/2018
2013,BUFFRMFISHBM04,BUFFRMFish2013Jun17,main,6,L,3,1,4,5,1,0,1,0,0,,12/3/2018
2013,BUFFRMFISHBM04,BUFFRMFish2013Jun17,main,6,R,3,1,5,8,1,0,1,0,0,,12/3/2018
2013,BUFFRMFISHBM04,BUFFRMFish2013Jun17,main,7,L,3,1,3,5,1,0,1,0,0,,12/3/2018
2013,BUFFRMFISHBM04,BUFFRMFish2013Jun17,main,7,R,3,1,4,10,1,0,1,0,0,,12/3/2018
2013,BUFFRMFISHBM04,BUFFRMFish2013Jun17,main,8,L,2,1,4,5,1,0,1,0,0,,12/3/2018
2013,BUFFRMFISHBM04,BUFFRMFish2013Jun17,main,8,R,3,1,4,8,1,0,1,0,0,,12/3/2018
2013,BUFFRMFISHBM04,BUFFRMFish2013Jun17,main,9,L,3,1,4,5,1,0,1,0,0,,12/3/2018
2013,BUFFRMFISHBM04,BUFFRMFish2013Jun17,main,9,R,3,2,5,8,1,0,1,0,0,,12/3/2018
2013,BUFFRMFISHBM04,BUFFRMFish2013Jun17,main,10,L,3,2,5,1,1,0,1,0,0,,12/3/2018
2013,BUFFRMFISHBM04,BUFFRMFish2013Jun17,main,10,R,3,1,5,8,0,0,1,0,0,,12/3/2018
2013,BUFFRMFISHBM05,BUFFRMFish2013Jun18,main,1,L,3,1,2,10,1,0,1,0,0,7.5 m gravel bar,12/3/2018
2013,BUFFRMFISHBM05,BUFFRMFish2013Jun18,main,1,R,2,1,3,10,1,1,0,0,0,,12/3/2018
2013,BUFFRMFISHBM05,BUFFRMFish2013Jun18,main,2,L,1,1,1,10,1,1,0,0,0,,12/3/2018
2013,BUFFRMFISHBM05,BUFFRMFish2013Jun18,main,2,R,2,1,3,10,1,1,0,0,0,2.0 m gravel bar,12/3/2018
2013,BUFFRMFISHBM05,BUFFRMFish2013Jun18,main,3,L,2,1,2,10,1,1,0,0,0,,12/3/2018
2013,BUFFRMFISHBM05,BUFFRMFish2013Jun18,main,3,R,2,1,4,8,1,1,0,0,0,4.0 m gravel bar,12/3/2018
2013,BUFFRMFISHBM05,BUFFRMFish2013Jun18,main,4,L,2,2,2,10,1,0,1,0,0,,12/3/2018
2013,BUFFRMFISHBM05,BUFFRMFish2013Jun18,main,4,R,1,2,2,8,1,1,0,0,0,,12/3/2018
2013,BUFFRMFISHBM05,BUFFRMFish2013Jun18,main,5,L,2,1,2,10,1,1,0,0,0,,12/3/2018
2013,BUFFRMFISHBM05,BUFFRMFish2013Jun18,main,5,R,2,1,3,2,1,1,0,0,0,,12/3/2018
2013,BUFFRMFISHBM05,BUFFRMFish2013Jun18,main,6,L,2,2,3,10,1,1,0,0,0,,12/3/2018
2013,BUFFRMFISHBM05,BUFFRMFish2013Jun18,main,6,R,3,2,3,1,1,1,0,0,0,,12/3/2018
2013,BUFFRMFISHBM05,BUFFRMFish2013Jun18,main,7,L,1,2,2,10,0,0,1,0,0,,12/3/2018
2013,BUFFRMFISHBM05,BUFFRMFish2013Jun18,main,7,R,3,2,4,1,1,1,0,0,0,,12/3/2018
2013,BUFFRMFISHBM05,BUFFRMFish2013Jun18,main,8,L,1,4,2,10,0,0,0,1,0,,12/3/2018
2013,BUFFRMFISHBM05,BUFFRMFish2013Jun18,main,8,R,3,2,5,1,1,1,0,0,0,Bluff,12/3/2018
2013,BUFFRMFISHBM05,BUFFRMFish2013Jun18,main,9,L,1,4,2,10,0,0,0,1,0,,12/3/2018
2013,BUFFRMFISHBM05,BUFFRMFish2013Jun18,main,9,R,3,2,5,1,1,1,0,0,0,Bluff,12/3/2018
2013,BUFFRMFISHBM05,BUFFRMFish2013Jun18,main,10,L,1,3,1,10,0,0,0,1,0,,12/3/2018
2013,BUFFRMFISHBM05,BUFFRMFish2013Jun18,main,10,R,3,2,5,1,1,1,0,0,0,Bluff,12/3/2018
2013,BUFFRMFISHBM05,BUFFRMFish2013Jun18,main,11,L,1,4,1,10,0,0,0,1,0,,12/3/2018
2013,BUFFRMFISHBM05,BUFFRMFish2013Jun18,main,11,R,3,1,4,1,1,1,0,0,0,,12/3/2018
2013,BUFFRMFISHBM06,BUFFRMFish2013Jun11,main,1,L,2,1,2,8,0,1,0,0,0,,12/3/2018
2013,BUFFRMFISHBM06,BUFFRMFish2013Jun11,main,1,R,1,2,1,10,1,0,0,0,0,,12/3/2018
2013,BUFFRMFISHBM06,BUFFRMFish2013Jun11,main,2,L,2,1,3,10,1,0,1,0,0,4.5m Gravel Bar,12/3/2018
2013,BUFFRMFISHBM06,BUFFRMFish2013Jun11,main,2,R,2,2,4,10,1,1,0,0,0,,12/3/2018
2013,BUFFRMFISHBM06,BUFFRMFish2013Jun11,main,3,L,2,1,3,8,1,0,1,0,0,,12/3/2018
2013,BUFFRMFISHBM06,BUFFRMFish2013Jun11,main,3,R,3,2,3,5,1,1,0,0,0,,12/3/2018
2013,BUFFRMFISHBM06,BUFFRMFish2013Jun11,main,4,L,1,1,2,8,1,0,1,0,0,,12/3/2018
2013,BUFFRMFISHBM06,BUFFRMFish2013Jun11,main,4,R,2,1,3,5,1,0,1,0,0,,12/3/2018
2013,BUFFRMFISHBM06,BUFFRMFish2013Jun11,main,5,L,2,1,4,8,0,0,1,0,0,5.0m Sand Bar,12/3/2018
2013,BUFFRMFISHBM06,BUFFRMFish2013Jun11,main,5,R,2,1,4,5,1,1,0,0,0,,12/3/2018
2013,BUFFRMFISHBM06,BUFFRMFish2013Jun11,main,6,L,1,1,4,8,1,0,1,0,0,14.0m Sand Bar,12/3/2018
2013,BUFFRMFISHBM06,BUFFRMFish2013Jun11,main,6,R,2,1,3,5,0,1,1,0,0,,12/3/2018
2013,BUFFRMFISHBM06,BUFFRMFish2013Jun11,main,7,L,3,2,5,8,0,0,1,0,0,34.5m Gravel/sand Bar,12/3/2018
2013,BUFFRMFISHBM06,BUFFRMFish2013Jun11,main,7,R,2,1,3,2,1,1,0,0,0,,12/3/2018
2013,BUFFRMFISHBM06,BUFFRMFish2013Jun11,main,8,L,1,2,2,10,0,0,1,0,0,,12/3/2018
2013,BUFFRMFISHBM06,BUFFRMFish2013Jun11,main,8,R,2,1,3,2,1,1,0,0,0,,12/3/2018
2013,BUFFRMFISHBM06,BUFFRMFish2013Jun11,main,9,L,2,1,5,8,1,0,1,0,0,25.0m Gravel Bar,12/3/2018
2013,BUFFRMFISHBM06,BUFFRMFish2013Jun11,main,9,R,3,3,5,1,0,0,0,1,0,,12/3/2018
2013,BUFFRMFISHBM06,BUFFRMFish2013Jun11,main,10,L,2,1,4,8,1,0,1,0,0,,12/3/2018
2013,BUFFRMFISHBM06,BUFFRMFish2013Jun11,main,10,R,2,1,3,1,1,1,0,0,0,,12/3/2018
2013,BUFFRMFISHBM06,BUFFRMFish2013Jun11,main,11,L,2,1,3,8,1,0,1,0,0,11.0m Sand Bar,12/3/2018
2013,BUFFRMFISHBM06,BUFFRMFish2013Jun11,main,11,R,2,1,3,2,1,1,0,0,0,,12/3/2018
2013,BUFFRMFISHBT07,BUFFRMFish2013May21,main,1,L,1,1,1,8,1,0,1,0,0,4.8m Gravel Bar,12/3/2018
2013,BUFFRMFISHBT07,BUFFRMFish2013May21,main,1,R,3,1,3,5,1,0,1,0,0,,12/3/2018
2013,BUFFRMFISHBT07,BUFFRMFish2013May21,main,2,L,1,1,1,5,1,1,0,0,0,,12/3/2018
2013,BUFFRMFISHBT07,BUFFRMFish2013May21,main,2,R,3,1,3,5,1,0,1,0,0,6.1m Gravel Bar,12/3/2018
2013,BUFFRMFISHBT07,BUFFRMFish2013May21,main,3,L,1,1,1,10,0,1,1,0,0,,12/3/2018
2013,BUFFRMFISHBT07,BUFFRMFish2013May21,main,3,R,3,1,3,5,1,0,1,0,0,1.3m Gravel Bar,12/3/2018
2013,BUFFRMFISHBT07,BUFFRMFish2013May21,main,4,L,2,1,2,8,1,0,1,0,0,3.4m Gravel Bar,12/3/2018
2013,BUFFRMFISHBT07,BUFFRMFish2013May21,main,4,R,3,1,3,5,1,1,0,0,0,,12/3/2018
2013,BUFFRMFISHBT07,BUFFRMFish2013May21,main,5,L,3,1,3,8,1,1,0,0,0,2.7m Gravel Bar,12/3/2018
2013,BUFFRMFISHBT07,BUFFRMFish2013May21,main,5,R,3,2,4,5,1,0,1,0,0,,12/3/2018
2013,BUFFRMFISHBT07,BUFFRMFish2013May21,main,6,L,3,1,3,1,1,0,1,0,0,,12/3/2018
2013,BUFFRMFISHBT07,BUFFRMFish2013May21,main,6,R,1,1,1,8,1,1,0,0,0,2.6m Gravel Bar,12/3/2018
2013,BUFFRMFISHBT07,BUFFRMFish2013May21,main,7,L,3,1,3,8,0,0,1,0,0,,12/3/2018
2013,BUFFRMFISHBT07,BUFFRMFish2013May21,main,7,R,1,1,1,5,1,1,0,0,0,3.3m Gravel Bar,12/3/2018
2013,BUFFRMFISHBT07,BUFFRMFish2013May21,main,8,L,3,1,3,1,0,0,1,0,0,,12/3/2018
2013,BUFFRMFISHBT07,BUFFRMFish2013May21,main,8,R,1,1,1,10,1,1,0,0,0,,12/3/2018
2013,BUFFRMFISHBT07,BUFFRMFish2013May21,main,9,L,3,1,3,1,0,1,1,0,0,,12/3/2018
2013,BUFFRMFISHBT07,BUFFRMFish2013May21,main,9,R,2,1,2,10,1,1,0,0,0,,12/3/2018
2013,BUFFRMFISHBT07,BUFFRMFish2013May21,main,10,L,3,1,3,5,1,1,0,0,0,,12/3/2018
2013,BUFFRMFISHBT07,BUFFRMFish2013May21,main,10,R,1,4,1,10,0,0,0,1,0,3.3m Gravel Bar,12/3/2018
2013,BUFFRMFISHBT07,BUFFRMFish2013May21,main,11,L,3,2,3,5,0,1,1,0,0,,12/3/2018
2013,BUFFRMFISHBT07,BUFFRMFish2013May21,main,11,R,1,2,2,10,1,1,0,0,0,,12/3/2018
2013,BUFFRMFISHBT15,BUFFRMFish2013May20,main,1,L,3,2,4,5,1,0,1,0,0,,12/3/2018
2013,BUFFRMFISHBT15,BUFFRMFish2013May20,main,1,R,3,1,4,10,1,0,1,0,0,12.9m Gravel Bar,12/3/2018
2013,BUFFRMFISHBT15,BUFFRMFish2013May20,main,2,L,3,1,3,5,0,0,1,0,0,,12/3/2018
2013,BUFFRMFISHBT15,BUFFRMFish2013May20,main,2,R,1,1,2,10,1,0,1,0,0,5.6m Gravel Bar,12/3/2018
2013,BUFFRMFISHBT15,BUFFRMFish2013May20,main,3,L,3,1,4,5,0,0,1,0,0,,12/3/2018
2013,BUFFRMFISHBT15,BUFFRMFish2013May20,main,3,R,1,1,2,5,1,0,1,0,0,8.0m Gravel Bar,12/3/2018
2013,BUFFRMFISHBT15,BUFFRMFish2013May20,main,4,L,3,2,4,5,0,0,1,0,0,,12/3/2018
2013,BUFFRMFISHBT15,BUFFRMFish2013May20,main,4,R,1,1,2,8,1,0,1,0,0,9.4m Gravel Bar,12/3/2018
2013,BUFFRMFISHBT15,BUFFRMFish2013May20,main,5,L,3,1,4,5,1,0,1,0,0,7.2m Gravel Bar,12/3/2018
2013,BUFFRMFISHBT15,BUFFRMFish2013May20,main,5,R,3,1,3,8,1,0,1,0,0,,12/3/2018
2013,BUFFRMFISHBT15,BUFFRMFish2013May20,main,6,L,2,1,2,8,1,0,1,0,0,8.7m Gravel Bar,12/3/2018
2013,BUFFRMFISHBT15,BUFFRMFish2013May20,main,6,R,3,1,3,10,0,0,1,0,0,,12/3/2018
2013,BUFFRMFISHBT15,BUFFRMFish2013May20,main,7,L,2,1,2,8,1,0,1,0,0,9.8m Gravel Bar,12/3/2018
2013,BUFFRMFISHBT15,BUFFRMFish2013May20,main,7,R,3,1,3,5,1,0,1,0,0,,12/3/2018
2013,BUFFRMFISHBT15,BUFFRMFish2013May20,main,8,L,1,1,1,5,1,0,1,0,0,,12/3/2018
2013,BUFFRMFISHBT15,BUFFRMFish2013May20,main,8,R,2,2,3,5,0,0,1,0,0,,12/3/2018
2013,BUFFRMFISHBT15,BUFFRMFish2013May20,main,9,L,1,2,2,8,1,0,1,0,0,,12/3/2018
2013,BUFFRMFISHBT15,BUFFRMFish2013May20,main,9,R,2,2,4,5,1,0,1,0,0,,12/3/2018
2013,BUFFRMFISHBT15,BUFFRMFish2013May20,main,10,L,1,1,2,8,1,0,1,0,0,,12/3/2018
2013,BUFFRMFISHBT15,BUFFRMFish2013May20,main,10,R,3,2,3,5,1,0,1,0,0,,12/3/2018
2013,BUFFRMFISHBT15,BUFFRMFish2013May20,main,11,L,2,2,2,8,1,0,1,0,0,,12/3/2018
2013,BUFFRMFISHBT15,BUFFRMFish2013May20,main,11,R,3,2,4,5,1,0,1,0,0,,12/3/2018
2013,BUFFRMFISHBT19,BUFFRMFish2013Jun06,main,1,L,2,1,5,1,1,1,0,0,0,,12/3/2018
2013,BUFFRMFISHBT19,BUFFRMFish2013Jun06,main,1,R,3,1,2,5,1,1,0,0,0,8.4m Gravel Bar,12/3/2018
2013,BUFFRMFISHBT19,BUFFRMFish2013Jun06,main,2,L,3,1,5,1,1,1,0,0,0,,12/3/2018
2013,BUFFRMFISHBT19,BUFFRMFish2013Jun06,main,2,R,3,1,3,5,1,1,0,0,0,11.1m Gravel Bar,12/3/2018
2013,BUFFRMFISHBT19,BUFFRMFish2013Jun06,main,3,L,3,2,5,1,1,1,0,0,0,,12/3/2018
2013,BUFFRMFISHBT19,BUFFRMFish2013Jun06,main,3,R,3,2,2,5,1,1,0,0,0,11.5m Gravel Bar,12/3/2018
2013,BUFFRMFISHBT19,BUFFRMFish2013Jun06,main,4,L,3,1,5,5,1,0,1,0,0,,12/3/2018
2013,BUFFRMFISHBT19,BUFFRMFish2013Jun06,main,4,R,2,1,2,10,1,1,0,0,0,8.4m Gravel Bar,12/3/2018
2013,BUFFRMFISHBT19,BUFFRMFish2013Jun06,main,5,L,3,2,1,10,1,0,1,0,0,,12/3/2018
2013,BUFFRMFISHBT19,BUFFRMFish2013Jun06,main,5,R,3,1,2,10,1,1,0,0,0,6.7m Gravel Bar,12/3/2018
2013,BUFFRMFISHBT19,BUFFRMFish2013Jun06,main,6,L,3,1,1,10,0,1,1,0,0,,12/3/2018
2013,BUFFRMFISHBT19,BUFFRMFish2013Jun06,main,6,R,3,2,3,10,1,0,0,0,0,4.3m Gravel Bar,12/3/2018
2013,BUFFRMFISHBT19,BUFFRMFish2013Jun06,main,7,L,2,2,2,10,1,0,1,0,0,,12/3/2018
2013,BUFFRMFISHBT19,BUFFRMFish2013Jun06,main,7,R,3,2,3,10,1,0,1,0,0,,12/3/2018
2013,BUFFRMFISHBT19,BUFFRMFish2013Jun06,main,8,L,1,3,1,10,0,0,0,1,0,,12/3/2018
2013,BUFFRMFISHBT19,BUFFRMFish2013Jun06,main,8,R,3,2,3,5,1,0,1,0,0,8.1m Gravel Bar,12/3/2018
2013,BUFFRMFISHBT19,BUFFRMFish2013Jun06,main,9,L,1,4,1,2,0,0,0,1,0,,12/3/2018
2013,BUFFRMFISHBT19,BUFFRMFish2013Jun06,main,9,R,3,2,3,5,1,0,1,0,0,4.2m Gravel Bar,12/3/2018
2013,BUFFRMFISHBT19,BUFFRMFish2013Jun06,main,10,L,1,4,1,10,0,0,0,1,0,,12/3/2018
2013,BUFFRMFISHBT19,BUFFRMFish2013Jun06,main,10,R,3,2,2,5,1,0,1,0,0,,12/3/2018
2013,BUFFRMFISHBT19,BUFFRMFish2013Jun06,main,11,L,2,1,1,10,0,0,1,0,0,,12/3/2018
2013,BUFFRMFISHBT19,BUFFRMFish2013Jun06,main,11,R,3,2,3,5,1,0,1,0,0,,12/3/2018
2013,BUFFRMFISHBT20,BUFFRMFish2013Jun10,main,1,L,2,2,4,8,1,0,1,0,0,,12/3/2018
2013,BUFFRMFISHBT20,BUFFRMFish2013Jun10,main,1,R,2,1,5,10,1,1,0,0,0,,12/3/2018
2013,BUFFRMFISHBT20,BUFFRMFish2013Jun10,main,2,L,3,2,4,5,0,1,0,0,0,,12/3/2018
2013,BUFFRMFISHBT20,BUFFRMFish2013Jun10,main,2,R,2,1,4,5,1,0,1,0,0,6.5m Gravel Bar,12/3/2018
2013,BUFFRMFISHBT20,BUFFRMFish2013Jun10,main,3,L,3,2,5,5,1,0,1,0,0,,12/3/2018
2013,BUFFRMFISHBT20,BUFFRMFish2013Jun10,main,3,R,2,1,4,1,1,0,1,0,0,,12/3/2018
2013,BUFFRMFISHBT20,BUFFRMFish2013Jun10,main,4,L,2,2,4,5,1,0,1,0,0,,12/3/2018
2013,BUFFRMFISHBT20,BUFFRMFish2013Jun10,main,4,R,2,1,3,1,1,0,1,0,0,,12/3/2018
2013,BUFFRMFISHBT20,BUFFRMFish2013Jun10,main,5,L,3,1,4,10,1,0,1,0,0,4.5m Gravel Bar,12/3/2018
2013,BUFFRMFISHBT20,BUFFRMFish2013Jun10,main,5,R,3,2,5,1,1,0,0,0,0,,12/3/2018
2013,BUFFRMFISHBT20,BUFFRMFish2013Jun10,main,6,L,3,2,5,5,0,0,1,0,0,,12/3/2018
2013,BUFFRMFISHBT20,BUFFRMFish2013Jun10,main,6,R,2,1,3,1,1,0,1,0,0,,12/3/2018
2013,BUFFRMFISHBT20,BUFFRMFish2013Jun10,main,7,L,2,2,3,8,1,0,1,0,0,,12/3/2018
2013,BUFFRMFISHBT20,BUFFRMFish2013Jun10,main,7,R,2,1,4,8,1,0,1,0,0,,12/3/2018
2013,BUFFRMFISHBT20,BUFFRMFish2013Jun10,main,8,L,2,2,4,8,1,0,0,0,0,11.5m Gravel Bar,12/3/2018
2013,BUFFRMFISHBT20,BUFFRMFish2013Jun10,main,8,R,2,1,5,8,1,0,1,0,0,,12/3/2018
2013,BUFFRMFISHBT20,BUFFRMFish2013Jun10,main,9,L,2,2,3,10,1,0,1,0,0,17.0m Gravel Bar,12/3/2018
2013,BUFFRMFISHBT20,BUFFRMFish2013Jun10,main,9,R,2,1,4,2,1,0,1,0,0,,12/3/2018
2013,BUFFRMFISHBT20,BUFFRMFish2013Jun10,main,10,L,2,1,4,8,1,0,1,0,0,,12/3/2018
2013,BUFFRMFISHBT20,BUFFRMFish2013Jun10,main,10,R,2,1,3,2,0,1,1,0,0,5.0m Gravel Bar,12/3/2018
2013,BUFFRMFISHBT20,BUFFRMFish2013Jun10,main,11,L,2,1,3,10,1,0,1,0,0,11.0m Gravel Bar,12/3/2018
2013,BUFFRMFISHBT20,BUFFRMFish2013Jun10,main,11,R,2,1,5,2,0,1,1,0,0,,12/3/2018
2013,BUFFRMFISHBT27,BUFFRMFish2013May20,main,1,L,3,2,5,1,1,1,0,0,0,7.3m Gravel Bar,12/3/2018
2013,BUFFRMFISHBT27,BUFFRMFish2013May20,main,1,R,3,1,3,5,1,1,0,0,0,,12/3/2018
2013,BUFFRMFISHBT27,BUFFRMFish2013May20,main,2,L,3,2,5,1,0,0,0,1,0,Bluff,12/3/2018
2013,BUFFRMFISHBT27,BUFFRMFish2013May20,main,2,R,3,1,3,1,1,0,1,0,0,,12/3/2018
2013,BUFFRMFISHBT27,BUFFRMFish2013May20,main,3,L,3,4,5,1,0,0,0,1,0,8.3m Gravel Bar,12/3/2018
2013,BUFFRMFISHBT27,BUFFRMFish2013May20,main,3,R,2,2,4,5,1,1,0,0,0,,12/3/2018
2013,BUFFRMFISHBT27,BUFFRMFish2013May20,main,4,L,3,1,5,1,0,0,0,1,0,,12/3/2018
2013,BUFFRMFISHBT27,BUFFRMFish2013May20,main,4,R,2,2,4,1,1,1,0,0,0,,12/3/2018
2013,BUFFRMFISHBT27,BUFFRMFish2013May20,main,5,L,3,2,5,1,0,0,0,1,0,,12/3/2018
2013,BUFFRMFISHBT27,BUFFRMFish2013May20,main,5,R,2,1,4,2,0,1,0,0,0,,12/3/2018
2013,BUFFRMFISHBT27,BUFFRMFish2013May20,main,6,L,3,2,5,1,1,1,0,0,0,,12/3/2018
2013,BUFFRMFISHBT27,BUFFRMFish2013May20,main,6,R,2,2,4,8,1,1,0,0,0,,12/3/2018
2013,BUFFRMFISHBT27,BUFFRMFish2013May20,main,7,L,3,2,5,1,0,1,1,0,0,,12/3/2018
2013,BUFFRMFISHBT27,BUFFRMFish2013May20,main,7,R,2,2,3,2,1,1,0,0,0,4.4m Gravel Bar RR,12/3/2018
2013,BUFFRMFISHBT27,BUFFRMFish2013May20,main,8,L,3,2,5,1,1,1,0,0,0,9.3m Gravel Bar,12/3/2018
2013,BUFFRMFISHBT27,BUFFRMFish2013May20,main,8,R,2,3,5,2,0,0,0,1,0,,12/3/2018
2013,BUFFRMFISHBT27,BUFFRMFish2013May20,main,9,L,2,1,3,2,0,1,0,0,0,,12/3/2018
2013,BUFFRMFISHBT27,BUFFRMFish2013May20,main,9,R,3,3,4,1,0,0,0,1,0,,12/3/2018
2013,BUFFRMFISHBT27,BUFFRMFish2013May20,main,10,L,3,2,5,2,1,1,0,0,0,,12/3/2018
2013,BUFFRMFISHBT27,BUFFRMFish2013May20,main,10,R,2,2,3,1,0,1,0,0,0,,12/3/2018
2013,BUFFRMFISHBT27,BUFFRMFish2013May20,main,11,L,3,3,5,1,0,0,0,1,0,7.8m Gravel Bar,12/3/2018
2013,BUFFRMFISHBT27,BUFFRMFish2013May20,main,11,R,3,2,5,1,1,0,0,0,0,,12/3/2018
2013,BUFFRMFISHBT30,BUFFRMFish2013Jun12,main,1,L,1,2,2,8,1,0,0,0,0,7.4m Gravel Bar,12/3/2018
2013,BUFFRMFISHBT30,BUFFRMFish2013Jun12,main,1,R,3,1,3,10,1,0,1,0,0,,12/3/2018
2013,BUFFRMFISHBT30,BUFFRMFish2013Jun12,main,2,L,1,2,2,8,1,0,0,0,0,3.1m Island,12/3/2018
2013,BUFFRMFISHBT30,BUFFRMFish2013Jun12,main,2,R,2,1,3,10,1,1,0,0,0,,12/3/2018
2013,BUFFRMFISHBT30,BUFFRMFish2013Jun12,main,3,L,2,3,2,5,0,0,0,1,0,2.6m Gravel Bar,12/3/2018
2013,BUFFRMFISHBT30,BUFFRMFish2013Jun12,main,3,R,2,1,5,5,1,1,0,0,0,,12/3/2018
2013,BUFFRMFISHBT30,BUFFRMFish2013Jun12,main,4,L,2,2,2,10,1,0,1,0,0,2.8m Gravel Bar,12/3/2018
2013,BUFFRMFISHBT30,BUFFRMFish2013Jun12,main,4,R,2,1,5,1,1,1,0,0,0,Bedrock,12/3/2018
2013,BUFFRMFISHBT30,BUFFRMFish2013Jun12,main,5,L,2,2,3,10,1,1,0,0,0,4.1m Island,12/3/2018
2013,BUFFRMFISHBT30,BUFFRMFish2013Jun12,main,5,R,3,4,5,1,0,0,0,1,0,Bedrock,12/3/2018
2013,BUFFRMFISHBT30,BUFFRMFish2013Jun12,main,6,L,3,2,4,10,1,1,0,0,0,8.2m Island,12/3/2018
2013,BUFFRMFISHBT30,BUFFRMFish2013Jun12,main,6,R,3,4,5,1,0,0,0,1,0,Bluff,12/3/2018
2013,BUFFRMFISHBT30,BUFFRMFish2013Jun12,main,7,L,3,2,4,8,1,1,0,0,0,16.7m Island,12/3/2018
2013,BUFFRMFISHBT30,BUFFRMFish2013Jun12,main,7,R,3,4,5,1,0,0,0,1,0,Bluff,12/3/2018
2013,BUFFRMFISHBT30,BUFFRMFish2013Jun12,main,8,L,1,3,2,10,0,0,0,1,0,,12/3/2018
2013,BUFFRMFISHBT30,BUFFRMFish2013Jun12,main,8,R,3,4,5,1,0,0,0,1,0,Bluff,12/3/2018
2013,BUFFRMFISHBT30,BUFFRMFish2013Jun12,main,9,L,1,1,2,10,0,0,1,0,0,6.4m Gravel Bar,12/3/2018
2013,BUFFRMFISHBT30,BUFFRMFish2013Jun12,main,9,R,3,4,5,1,0,0,0,1,0,Bluff,12/3/2018
2013,BUFFRMFISHBT30,BUFFRMFish2013Jun12,main,10,L,1,1,2,10,1,0,1,0,0,,12/3/2018
2013,BUFFRMFISHBT30,BUFFRMFish2013Jun12,main,10,R,3,2,4,8,1,1,0,0,0,,12/3/2018
2013,BUFFRMFISHBT30,BUFFRMFish2013Jun12,main,11,L,1,1,1,10,1,1,0,0,0,,12/3/2018
2013,BUFFRMFISHBT30,BUFFRMFish2013Jun12,main,11,R,2,2,4,8,0,1,1,0,0,,12/3/2018
2013,BUFFRMFISHBT31,BUFFRMFish2013Jun12,main,1,L,3,2,5,5,1,0,1,0,0,,12/3/2018
2013,BUFFRMFISHBT31,BUFFRMFish2013Jun12,main,1,R,3,1,3,5,1,0,1,0,0,8.7m Gravel Bar,12/3/2018
2013,BUFFRMFISHBT31,BUFFRMFish2013Jun12,main,2,L,3,2,4,5,1,1,0,0,0,8.4m Gravel Bar,12/3/2018
2013,BUFFRMFISHBT31,BUFFRMFish2013Jun12,main,2,R,3,2,3,5,0,1,1,0,0,,12/3/2018
2013,BUFFRMFISHBT31,BUFFRMFish2013Jun12,main,3,L,2,2,5,5,1,1,0,0,0,11.4m Gravel Bar,12/3/2018
2013,BUFFRMFISHBT31,BUFFRMFish2013Jun12,main,3,R,3,2,3,5,1,0,1,0,0,,12/3/2018
2013,BUFFRMFISHBT31,BUFFRMFish2013Jun12,main,4,L,3,3,5,5,0,0,0,1,0,15.4m Gravel Bar,12/3/2018
2013,BUFFRMFISHBT31,BUFFRMFish2013Jun12,main,4,R,3,2,3,5,1,1,0,0,0,,12/3/2018
2013,BUFFRMFISHBT31,BUFFRMFish2013Jun12,main,5,L,3,2,4,1,1,1,0,0,0,15.1m Gravel Bar,12/3/2018
2013,BUFFRMFISHBT31,BUFFRMFish2013Jun12,main,5,R,3,2,3,5,0,1,1,0,0,2.2m Gravel Bar,12/3/2018
2013,BUFFRMFISHBT31,BUFFRMFish2013Jun12,main,6,L,2,2,5,5,1,1,0,0,0,5.0m Gravel Bar,12/3/2018
2013,BUFFRMFISHBT31,BUFFRMFish2013Jun12,main,6,R,2,1,3,5,1,0,1,0,0,6.8m Gravel Bar,12/3/2018
2013,BUFFRMFISHBT31,BUFFRMFish2013Jun12,main,7,L,2,2,5,5,0,1,1,0,0,,12/3/2018
2013,BUFFRMFISHBT31,BUFFRMFish2013Jun12,main,7,R,3,2,3,5,1,0,1,0,0,8.2m Gravel Bar,12/3/2018
2013,BUFFRMFISHBT31,BUFFRMFish2013Jun12,main,8,L,2,2,5,5,1,0,1,0,0,,12/3/2018
2013,BUFFRMFISHBT31,BUFFRMFish2013Jun12,main,8,R,3,2,2,5,1,0,1,0,0,,12/3/2018
2013,BUFFRMFISHBT31,BUFFRMFish2013Jun12,main,9,L,2,2,5,5,1,1,0,0,0,,12/3/2018
2013,BUFFRMFISHBT31,BUFFRMFish2013Jun12,main,9,R,3,2,3,5,1,0,1,0,0,6.8m Gravel Bar,12/3/2018
2013,BUFFRMFISHBT31,BUFFRMFish2013Jun12,main,10,L,3,2,4,1,1,1,0,0,0,,12/3/2018
2013,BUFFRMFISHBT31,BUFFRMFish2013Jun12,main,10,R,3,2,4,5,1,1,0,0,0,9.0m Gravel Bar,12/3/2018
2013,BUFFRMFISHBT31,BUFFRMFish2013Jun12,main,11,L,2,1,5,1,1,0,1,0,0,,12/3/2018
2013,BUFFRMFISHBT31,BUFFRMFish2013Jun12,main,11,R,3,2,4,5,1,1,0,0,0,,12/3/2018
2015,BUFFRMFISHBM01,BUFFrmfish2015Jun05,Main,1,L,2,1,2,2,1,1,0,0,0,,12/3/2018
2015,BUFFRMFISHBM01,BUFFrmfish2015Jun05,Main,1,R,1,1,1,2,1,1,0,0,0,,12/3/2018
2015,BUFFRMFISHBM01,BUFFrmfish2015Jun05,Main,2,L,2,1,2,2,1,1,0,0,0,,12/3/2018
2015,BUFFRMFISHBM01,BUFFrmfish2015Jun05,Main,2,R,1,1,1,2,1,1,0,0,0,,12/3/2018
2015,BUFFRMFISHBM01,BUFFrmfish2015Jun05,Main,3,L,1,1,2,10,1,1,0,0,0,,12/3/2018
2015,BUFFRMFISHBM01,BUFFrmfish2015Jun05,Main,3,R,1,1,1,2,1,1,0,0,0,,12/3/2018
2015,BUFFRMFISHBM01,BUFFrmfish2015Jun05,Main,4,L,1,2,1,2,1,1,0,0,0,7m cobble bar,12/3/2018
2015,BUFFRMFISHBM01,BUFFrmfish2015Jun05,Main,4,R,2,1,2,2,1,1,0,0,0,,12/3/2018
2015,BUFFRMFISHBM01,BUFFrmfish2015Jun05,Main,5,L,1,3,1,2,0,0,0,1,0,,12/3/2018
2015,BUFFRMFISHBM01,BUFFrmfish2015Jun05,Main,5,R,2,1,2,10,0,1,1,0,0,,12/3/2018
2015,BUFFRMFISHBM01,BUFFrmfish2015Jun05,Main,6,L,1,2,1,2,1,0,1,0,0,,12/3/2018
2015,BUFFRMFISHBM01,BUFFrmfish2015Jun05,Main,6,R,2,1,2,10,1,0,1,0,0,,12/3/2018
2015,BUFFRMFISHBM01,BUFFrmfish2015Jun05,Main,7,L,1,1,1,10,1,1,0,0,0,,12/3/2018
2015,BUFFRMFISHBM01,BUFFrmfish2015Jun05,Main,7,R,3,1,2,10,1,1,0,0,0,,12/3/2018
2015,BUFFRMFISHBM01,BUFFrmfish2015Jun05,Main,8,L,1,1,1,8,1,0,1,0,0,,12/3/2018
2015,BUFFRMFISHBM01,BUFFrmfish2015Jun05,Main,8,R,3,2,3,10,1,1,0,0,0,,12/3/2018
2015,BUFFRMFISHBM01,BUFFrmfish2015Jun05,Main,9,L,1,1,1,8,1,0,1,0,0,,12/3/2018
2015,BUFFRMFISHBM01,BUFFrmfish2015Jun05,Main,9,R,3,2,3,10,1,1,0,0,0,,12/3/2018
2015,BUFFRMFISHBM01,BUFFrmfish2015Jun05,Main,10,L,1,1,2,8,1,0,1,0,0,End of fish,12/3/2018
2015,BUFFRMFISHBM01,BUFFrmfish2015Jun05,Main,10,R,2,1,2,10,1,0,1,0,0,End of fish,12/3/2018
2015,BUFFRMFISHBM01,BUFFrmfish2015Jun05,Main,11,L,2,1,3,10,1,0,1,0,0,,12/3/2018
2015,BUFFRMFISHBM01,BUFFrmfish2015Jun05,Main,11,R,2,1,2,2,1,0,0,0,0,,12/3/2018
2015,BUFFRMFISHBM01,BUFFrmfish2015Jun05,Side channel,1,L,1,1,1,8,0,1,1,0,0,,12/3/2018
2015,BUFFRMFISHBM01,BUFFrmfish2015Jun05,Side channel,1,R,2,1,2,2,1,1,0,0,0,,12/3/2018
2015,BUFFRMFISHBM01,BUFFrmfish2015Jun05,Side channel,2,L,1,1,1,10,1,1,0,0,0,,12/3/2018
2015,BUFFRMFISHBM01,BUFFrmfish2015Jun05,Side channel,2,R,2,1,2,10,1,1,0,0,0,,12/3/2018
2015,BUFFRMFISHBM01,BUFFrmfish2015Jun05,Side channel,3,L,1,2,1,10,0,1,0,0,0,,12/3/2018
2015,BUFFRMFISHBM01,BUFFrmfish2015Jun05,Side channel,3,R,1,2,1,2,1,1,0,0,0,3m island,12/3/2018
2015,BUFFRMFISHBM01,BUFFrmfish2015Jun05,Side channel,4,L,1,1,2,8,1,1,0,0,0,,12/3/2018
2015,BUFFRMFISHBM01,BUFFrmfish2015Jun05,Side channel,4,R,1,2,1,2,1,1,0,0,0,13.5m island,12/3/2018
2015,BUFFRMFISHBM01,BUFFrmfish2015Jun05,Side channel,5,L,2,2,2,2,1,1,0,0,0,,12/3/2018
2015,BUFFRMFISHBM01,BUFFrmfish2015Jun05,Side channel,5,R,1,3,1,2,0,0,0,1,0,13.5m island,12/3/2018
2015,BUFFRMFISHBM02,BUFFrmfish2015Jun09,Main,1,L,3,1,5,8,1,0,1,0,0,4.5m sand bar,12/3/2018
2015,BUFFRMFISHBM02,BUFFrmfish2015Jun09,Main,1,R,2,1,3,8,1,0,1,0,0,,12/3/2018
2015,BUFFRMFISHBM02,BUFFrmfish2015Jun09,Main,2,L,3,1,3,8,1,0,0,0,0,,12/3/2018
2015,BUFFRMFISHBM02,BUFFrmfish2015Jun09,Main,2,R,2,1,2,8,1,0,1,0,0,,12/3/2018
2015,BUFFRMFISHBM02,BUFFrmfish2015Jun09,Main,3,L,3,2,3,8,0,1,1,0,0,,12/3/2018
2015,BUFFRMFISHBM02,BUFFrmfish2015Jun09,Main,3,R,2,1,2,8,0,0,1,0,0,,12/3/2018
2015,BUFFRMFISHBM02,BUFFrmfish2015Jun09,Main,4,L,3,1,2,8,0,1,0,0,0,,12/3/2018
2015,BUFFRMFISHBM02,BUFFrmfish2015Jun09,Main,4,R,3,1,3,8,0,1,1,0,0,,12/3/2018
2015,BUFFRMFISHBM02,BUFFrmfish2015Jun09,Main,5,L,2,1,2,8,0,1,0,0,0,,12/3/2018
2015,BUFFRMFISHBM02,BUFFrmfish2015Jun09,Main,5,R,2,2,2,1,1,0,1,0,0,,12/3/2018
2015,BUFFRMFISHBM02,BUFFrmfish2015Jun09,Main,6,L,2,1,2,10,0,1,0,0,0,bottom end of island,12/3/2018
2015,BUFFRMFISHBM02,BUFFrmfish2015Jun09,Main,6,R,3,1,3,8,1,0,1,0,0,1m gravel bar,12/3/2018
2015,BUFFRMFISHBM02,BUFFrmfish2015Jun09,Main,7,L,2,2,3,10,1,0,1,0,0,10m gravel bar,12/3/2018
2015,BUFFRMFISHBM02,BUFFrmfish2015Jun09,Main,7,R,3,1,3,8,0,1,0,0,0,,12/3/2018
2015,BUFFRMFISHBM02,BUFFrmfish2015Jun09,Main,8,L,1,1,3,1,0,1,0,0,0,,12/3/2018
2015,BUFFRMFISHBM02,BUFFrmfish2015Jun09,Main,8,R,3,1,3,8,1,0,0,0,0,,12/3/2018
2015,BUFFRMFISHBM02,BUFFrmfish2015Jun09,Main,9,L,3,3,5,1,0,0,0,1,0,,12/3/2018
2015,BUFFRMFISHBM02,BUFFrmfish2015Jun09,Main,9,R,3,2,5,8,0,0,1,0,0,,12/3/2018
2015,BUFFRMFISHBM02,BUFFrmfish2015Jun09,Main,10,L,3,2,3,1,0,1,0,0,0,2m undercut,12/3/2018
2015,BUFFRMFISHBM02,BUFFrmfish2015Jun09,Main,10,R,3,1,3,8,1,1,0,0,0,,12/3/2018
2015,BUFFRMFISHBM02,BUFFrmfish2015Jun09,Main,11,L,3,1,2,2,0,1,0,0,0,,12/3/2018
2015,BUFFRMFISHBM02,BUFFrmfish2015Jun09,Main,11,R,2,1,2,8,0,1,0,0,0,,12/3/2018
2015,BUFFRMFISHBM03,BUFFrmfish2015Jun30,Main,1,L,1,2,2,8,1,0,1,0,0,,12/3/2018
2015,BUFFRMFISHBM03,BUFFrmfish2015Jun30,Main,1,R,2,2,3,10,1,0,1,0,0,,12/3/2018
2015,BUFFRMFISHBM03,BUFFrmfish2015Jun30,Main,2,L,3,2,3,8,1,0,1,0,0,,12/3/2018
2015,BUFFRMFISHBM03,BUFFrmfish2015Jun30,Main,2,R,2,2,3,8,1,0,1,0,0,,12/3/2018
2015,BUFFRMFISHBM03,BUFFrmfish2015Jun30,Main,3,L,2,1,3,8,1,1,0,0,0,,12/3/2018
2015,BUFFRMFISHBM03,BUFFrmfish2015Jun30,Main,3,R,2,2,2,8,1,1,1,0,0,,12/3/2018
2015,BUFFRMFISHBM03,BUFFrmfish2015Jun30,Main,4,L,3,1,3,5,1,0,1,0,0,,12/3/2018
2015,BUFFRMFISHBM03,BUFFrmfish2015Jun30,Main,4,R,2,2,3,8,1,0,1,0,0,,12/3/2018
2015,BUFFRMFISHBM03,BUFFrmfish2015Jun30,Main,5,L,1,1,3,2,1,1,0,0,0,,12/3/2018
2015,BUFFRMFISHBM03,BUFFrmfish2015Jun30,Main,5,R,2,1,3,10,1,0,1,0,0,,12/3/2018
2015,BUFFRMFISHBM03,BUFFrmfish2015Jun30,Main,6,L,2,2,3,8,1,0,1,0,0,,12/3/2018
2015,BUFFRMFISHBM03,BUFFrmfish2015Jun30,Main,6,R,2,1,3,10,1,0,1,0,0,,12/3/2018
2015,BUFFRMFISHBM03,BUFFrmfish2015Jun30,Main,7,L,3,4,5,5,0,0,0,0,0,,12/3/2018
2015,BUFFRMFISHBM03,BUFFrmfish2015Jun30,Main,7,R,2,2,3,8,1,1,0,0,0,,12/3/2018
2015,BUFFRMFISHBM03,BUFFrmfish2015Jun30,Main,8,L,3,4,5,1,0,0,0,1,0,,12/3/2018
2015,BUFFRMFISHBM03,BUFFrmfish2015Jun30,Main,8,R,1,1,2,8,1,1,0,0,0,,12/3/2018
2015,BUFFRMFISHBM03,BUFFrmfish2015Jun30,Main,9,L,3,4,5,1,0,0,0,1,0,,12/3/2018
2015,BUFFRMFISHBM03,BUFFrmfish2015Jun30,Main,9,R,1,1,2,8,0,1,1,0,0,,12/3/2018
2015,BUFFRMFISHBM03,BUFFrmfish2015Jun30,Main,10,L,3,4,4,1,0,0,0,1,0,,12/3/2018
2015,BUFFRMFISHBM03,BUFFrmfish2015Jun30,Main,10,R,2,1,3,8,1,0,1,0,0,,12/3/2018
2015,BUFFRMFISHBM03,BUFFrmfish2015Jun30,Main,11,L,1,1,2,10,0,1,1,0,0,,12/3/2018
2015,BUFFRMFISHBM03,BUFFrmfish2015Jun30,Main,11,R,2,2,3,10,1,1,0,0,0,,12/3/2018
2015,BUFFRMFISHBM04,BUFFrmfish2015Jul01,Main,1,L,1,3,1,10,0,0,0,1,0,,12/3/2018
2015,BUFFRMFISHBM04,BUFFrmfish2015Jul01,Main,1,R,2,2,3,8,1,1,0,0,0,,12/3/2018
2015,BUFFRMFISHBM04,BUFFrmfish2015Jul01,Main,2,L,1,2,2,10,1,0,1,0,0,,12/3/2018
2015,BUFFRMFISHBM04,BUFFrmfish2015Jul01,Main,2,R,3,2,3,8,1,0,1,0,0,16m gravel bar,12/3/2018
2015,BUFFRMFISHBM04,BUFFrmfish2015Jul01,Main,3,L,1,2,2,10,1,0,1,0,0,,12/3/2018
2015,BUFFRMFISHBM04,BUFFrmfish2015Jul01,Main,3,R,3,2,3,8,1,0,1,0,0,,12/3/2018
2015,BUFFRMFISHBM04,BUFFrmfish2015Jul01,Main,4,L,2,2,2,5,1,0,1,0,0,,12/3/2018
2015,BUFFRMFISHBM04,BUFFrmfish2015Jul01,Main,4,R,3,2,3,8,1,0,1,0,0,,12/3/2018
2015,BUFFRMFISHBM04,BUFFrmfish2015Jul01,Main,5,L,2,2,3,5,1,0,1,0,0,,12/3/2018
2015,BUFFRMFISHBM04,BUFFrmfish2015Jul01,Main,5,R,3,1,3,10,1,0,1,0,0,,12/3/2018
2015,BUFFRMFISHBM04,BUFFrmfish2015Jul01,Main,6,L,2,2,3,5,1,0,1,0,0,,12/3/2018
2015,BUFFRMFISHBM04,BUFFrmfish2015Jul01,Main,6,R,3,1,4,8,1,0,1,0,0,,12/3/2018
2015,BUFFRMFISHBM04,BUFFrmfish2015Jul01,Main,7,L,2,2,3,5,0,1,1,0,0,,12/3/2018
2015,BUFFRMFISHBM04,BUFFrmfish2015Jul01,Main,7,R,3,1,4,8,1,0,1,0,0,,12/3/2018
2015,BUFFRMFISHBM04,BUFFrmfish2015Jul01,Main,8,L,2,2,3,1,0,0,0,0,0,,12/3/2018
2015,BUFFRMFISHBM04,BUFFrmfish2015Jul01,Main,8,R,2,1,4,8,1,0,1,0,0,,12/3/2018
2015,BUFFRMFISHBM04,BUFFrmfish2015Jul01,Main,9,L,3,2,4,1,1,0,1,0,0,,12/3/2018
2015,BUFFRMFISHBM04,BUFFrmfish2015Jul01,Main,9,R,2,1,3,8,1,1,0,0,0,,12/3/2018
2015,BUFFRMFISHBM04,BUFFrmfish2015Jul01,Main,10,L,2,2,4,1,1,0,1,0,0,,12/3/2018
2015,BUFFRMFISHBM04,BUFFrmfish2015Jul01,Main,10,R,3,3,4,10,0,0,0,1,0,,12/3/2018
2015,BUFFRMFISHBM04,BUFFrmfish2015Jul01,Main,11,L,2,1,5,5,1,0,1,0,0,,12/3/2018
2015,BUFFRMFISHBM04,BUFFrmfish2015Jul01,Main,11,R,3,3,5,10,0,0,0,1,0,,12/3/2018
2015,BUFFRMFISHBT05,BUFFrmfish2015Jun03,Main,1,L,1,1,2,10,1,0,1,0,0,8m cobble bar,12/3/2018
2015,BUFFRMFISHBT05,BUFFrmfish2015Jun03,Main,1,R,3,1,5,10,1,0,0,0,0,,12/3/2018
2015,BUFFRMFISHBT05,BUFFrmfish2015Jun03,Main,2,L,1,1,2,10,1,0,1,0,0,9.5m cobble bar,12/3/2018
2015,BUFFRMFISHBT05,BUFFrmfish2015Jun03,Main,2,R,3,1,4,2,1,0,0,0,0,,12/3/2018
2015,BUFFRMFISHBT05,BUFFrmfish2015Jun03,Main,3,L,1,1,2,10,1,0,1,0,0,5.5m cobble bar,12/3/2018
2015,BUFFRMFISHBT05,BUFFrmfish2015Jun03,Main,3,R,3,1,4,2,0,1,1,0,0,,12/3/2018
2015,BUFFRMFISHBT05,BUFFrmfish2015Jun03,Main,4,L,1,1,2,10,1,0,1,0,0,,12/3/2018
2015,BUFFRMFISHBT05,BUFFrmfish2015Jun03,Main,4,R,3,1,4,10,0,0,1,0,0,powerline right of way crossing bank,12/3/2018
2015,BUFFRMFISHBT05,BUFFrmfish2015Jun03,Main,5,L,1,1,2,10,0,0,1,0,0,powerline right of way crossing bank,12/3/2018
2015,BUFFRMFISHBT05,BUFFrmfish2015Jun03,Main,5,R,3,1,5,10,1,0,1,0,0,,12/3/2018
2015,BUFFRMFISHBT05,BUFFrmfish2015Jun03,Main,6,L,1,1,3,10,1,0,1,0,0,,12/3/2018
2015,BUFFRMFISHBT05,BUFFrmfish2015Jun03,Main,6,R,3,2,5,10,1,0,0,0,0,,12/3/2018
2015,BUFFRMFISHBT05,BUFFrmfish2015Jun03,Main,7,L,3,1,3,10,1,0,1,0,0,,12/3/2018
2015,BUFFRMFISHBT05,BUFFrmfish2015Jun03,Main,7,R,3,2,5,2,1,0,1,0,0,,12/3/2018
2015,BUFFRMFISHBT05,BUFFrmfish2015Jun03,Main,8,L,3,1,3,2,1,0,1,0,0,,12/3/2018
2015,BUFFRMFISHBT05,BUFFrmfish2015Jun03,Main,8,R,3,1,4,2,1,0,1,0,0,,12/3/2018
2015,BUFFRMFISHBT05,BUFFrmfish2015Jun03,Main,9,L,2,1,3,2,1,0,0,0,0,,12/3/2018
2015,BUFFRMFISHBT05,BUFFrmfish2015Jun03,Main,9,R,3,1,4,2,1,0,1,0,0,,12/3/2018
2015,BUFFRMFISHBT05,BUFFrmfish2015Jun03,Main,10,L,1,3,3,2,0,0,0,1,0,past end of transect,12/3/2018
2015,BUFFRMFISHBT05,BUFFrmfish2015Jun03,Main,10,R,3,1,5,2,1,0,0,0,0,past end of transect,12/3/2018
2015,BUFFRMFISHBT05,BUFFrmfish2015Jun03,Main,11,L,3,2,5,1,1,0,0,0,0,past end of transect; 4.5m cobble bar,12/3/2018
2015,BUFFRMFISHBT05,BUFFrmfish2015Jun03,Main,11,R,3,1,3,10,1,0,1,0,0,past end of transect,12/3/2018
2015,BUFFRMFISHBT07,BUFFrmfish2015May22,Main,1,L,1,1,1,8,1,1,0,0,0,3m gravel island,12/3/2018
2015,BUFFRMFISHBT07,BUFFrmfish2015May22,Main,1,R,3,1,3,8,0,0,1,0,0,,12/3/2018
2015,BUFFRMFISHBT07,BUFFrmfish2015May22,Main,2,L,2,1,2,10,0,1,1,0,0,,12/3/2018
2015,BUFFRMFISHBT07,BUFFrmfish2015May22,Main,2,R,3,1,3,5,1,1,1,0,0,0.5m gravel island,12/3/2018
2015,BUFFRMFISHBT07,BUFFrmfish2015May22,Main,3,L,2,1,2,10,0,1,1,0,0,,12/3/2018
2015,BUFFRMFISHBT07,BUFFrmfish2015May22,Main,3,R,3,1,2,10,0,1,1,0,0,,12/3/2018
2015,BUFFRMFISHBT07,BUFFrmfish2015May22,Main,4,L,3,1,2,5,1,1,0,0,0,,12/3/2018
2015,BUFFRMFISHBT07,BUFFrmfish2015May22,Main,4,R,3,1,2,5,1,0,1,0,0,large downed tree,12/3/2018
2015,BUFFRMFISHBT07,BUFFrmfish2015May22,Main,5,L,3,1,2,5,0,1,1,0,0,,12/3/2018
2015,BUFFRMFISHBT07,BUFFrmfish2015May22,Main,5,R,2,1,2,5,1,1,0,0,0,,12/3/2018
2015,BUFFRMFISHBT07,BUFFrmfish2015May22,Main,6,L,3,1,2,5,1,0,1,0,0,,12/3/2018
2015,BUFFRMFISHBT07,BUFFrmfish2015May22,Main,6,R,1,1,1,5,1,1,0,0,0,,12/3/2018
2015,BUFFRMFISHBT07,BUFFrmfish2015May22,Main,7,L,3,1,2,8,1,1,0,0,0,,12/3/2018
2015,BUFFRMFISHBT07,BUFFrmfish2015May22,Main,7,R,1,1,1,10,0,1,0,0,0,,12/3/2018
2015,BUFFRMFISHBT07,BUFFrmfish2015May22,Main,8,L,3,1,2,5,0,1,1,0,0,,12/3/2018
2015,BUFFRMFISHBT07,BUFFrmfish2015May22,Main,8,R,2,1,1,10,1,1,0,0,0,,12/3/2018
2015,BUFFRMFISHBT07,BUFFrmfish2015May22,Main,9,L,3,1,2,5,0,1,1,0,0,,12/3/2018
2015,BUFFRMFISHBT07,BUFFrmfish2015May22,Main,9,R,1,2,1,10,0,0,1,0,0,,12/3/2018
2015,BUFFRMFISHBT07,BUFFrmfish2015May22,Main,10,L,3,1,3,5,1,1,0,0,0,,12/3/2018
2015,BUFFRMFISHBT07,BUFFrmfish2015May22,Main,10,R,1,2,1,10,0,1,0,0,0,,12/3/2018
2015,BUFFRMFISHBT07,BUFFrmfish2015May22,Main,11,L,3,1,3,1,1,1,0,0,0,,12/3/2018
2015,BUFFRMFISHBT07,BUFFrmfish2015May22,Main,11,R,1,2,1,10,1,0,1,0,0,14.1m gravel bar,12/3/2018
2015,BUFFRMFISHBT09,BUFFrmfish2015Jun10,Main,1,L,3,2,5,1,1,1,0,0,0,,12/3/2018
2015,BUFFRMFISHBT09,BUFFrmfish2015Jun10,Main,1,R,3,1,4,5,1,0,0,0,0,6m cobble bar,12/3/2018
2015,BUFFRMFISHBT09,BUFFrmfish2015Jun10,Main,2,L,3,1,5,1,1,0,0,0,0,,12/3/2018
2015,BUFFRMFISHBT09,BUFFrmfish2015Jun10,Main,2,R,1,1,2,8,1,0,1,0,0,,12/3/2018
2015,BUFFRMFISHBT09,BUFFrmfish2015Jun10,Main,3,L,3,1,5,1,1,1,0,0,0,,12/3/2018
2015,BUFFRMFISHBT09,BUFFrmfish2015Jun10,Main,3,R,1,1,2,8,1,1,0,0,0,,12/3/2018
2015,BUFFRMFISHBT09,BUFFrmfish2015Jun10,Main,4,L,3,2,5,1,0,1,1,0,0,,12/3/2018
2015,BUFFRMFISHBT09,BUFFrmfish2015Jun10,Main,4,R,2,1,2,10,0,1,1,0,0,4m gravel bar,12/3/2018
2015,BUFFRMFISHBT09,BUFFrmfish2015Jun10,Main,5,L,3,1,4,5,0,1,0,0,0,,12/3/2018
2015,BUFFRMFISHBT09,BUFFrmfish2015Jun10,Main,5,R,2,1,2,10,1,1,0,0,0,1m sand bar,12/3/2018
2015,BUFFRMFISHBT09,BUFFrmfish2015Jun10,Main,6,L,3,1,4,8,0,1,1,0,0,,12/3/2018
2015,BUFFRMFISHBT09,BUFFrmfish2015Jun10,Main,6,R,2,1,2,8,1,1,0,0,0,8m sand bar,12/3/2018
2015,BUFFRMFISHBT09,BUFFrmfish2015Jun10,Main,7,L,3,1,4,5,0,1,1,0,0,,12/3/2018
2015,BUFFRMFISHBT09,BUFFrmfish2015Jun10,Main,7,R,2,1,2,10,0,1,0,0,0,5m sand bar,12/3/2018
2015,BUFFRMFISHBT09,BUFFrmfish2015Jun10,Main,8,L,3,1,5,1,0,1,0,0,0,,12/3/2018
2015,BUFFRMFISHBT09,BUFFrmfish2015Jun10,Main,8,R,1,1,1,8,1,1,0,0,0,4m sand bar,12/3/2018
2015,BUFFRMFISHBT09,BUFFrmfish2015Jun10,Main,9,L,3,2,5,1,1,0,1,0,0,,12/3/2018
2015,BUFFRMFISHBT09,BUFFrmfish2015Jun10,Main,9,R,1,2,2,8,0,1,1,0,0,6m gravel bar,12/3/2018
2015,BUFFRMFISHBT09,BUFFrmfish2015Jun10,Main,10,L,3,1,3,1,0,1,1,0,0,,12/3/2018
2015,BUFFRMFISHBT09,BUFFrmfish2015Jun10,Main,10,R,1,1,1,2,0,1,0,0,0,6m gravel bar,12/3/2018
2015,BUFFRMFISHBT09,BUFFrmfish2015Jun10,Main,11,L,3,2,3,1,0,1,0,0,0,,12/3/2018
2015,BUFFRMFISHBT09,BUFFrmfish2015Jun10,Main,11,R,1,1,1,2,0,1,0,0,0,10.5 gravel bar,12/3/2018
2015,BUFFRMFISHBT15,BUFFrmfish2015May28,Main,1,L,3,2,5,5,1,0,0,0,0,,12/3/2018
2015,BUFFRMFISHBT15,BUFFrmfish2015May28,Main,1,R,1,2,3,5,1,0,0,0,0,"6.9m gravel bar, hog damage",12/3/2018
2015,BUFFRMFISHBT15,BUFFrmfish2015May28,Main,2,L,3,2,4,5,1,0,1,0,0,,12/3/2018
2015,BUFFRMFISHBT15,BUFFrmfish2015May28,Main,2,R,1,2,3,5,1,0,0,0,0,"6.8m gravel bar, hog damage",12/3/2018
2015,BUFFRMFISHBT15,BUFFrmfish2015May28,Main,3,L,3,1,4,5,1,0,1,0,0,,12/3/2018
2015,BUFFRMFISHBT15,BUFFrmfish2015May28,Main,3,R,1,2,2,5,1,0,0,0,0,4.0m gravel bar,12/3/2018
2015,BUFFRMFISHBT15,BUFFrmfish2015May28,Main,4,L,3,1,4,5,1,0,1,0,0,2.4m gravel bar,12/3/2018
2015,BUFFRMFISHBT15,BUFFrmfish2015May28,Main,4,R,2,2,3,5,0,1,1,0,0,,12/3/2018
2015,BUFFRMFISHBT15,BUFFrmfish2015May28,Main,5,L,1,2,2,5,1,0,1,0,0,,12/3/2018
2015,BUFFRMFISHBT15,BUFFrmfish2015May28,Main,5,R,3,2,3,5,1,0,0,0,0,,12/3/2018
2015,BUFFRMFISHBT15,BUFFrmfish2015May28,Main,6,L,1,2,2,5,1,1,0,0,0,,12/3/2018
2015,BUFFRMFISHBT15,BUFFrmfish2015May28,Main,6,R,3,3,3,5,0,0,0,1,0,,12/3/2018
2015,BUFFRMFISHBT15,BUFFrmfish2015May28,Main,7,L,1,2,2,5,1,0,0,0,0,hog damage,12/3/2018
2015,BUFFRMFISHBT15,BUFFrmfish2015May28,Main,7,R,3,1,3,5,0,1,1,0,0,,12/3/2018
2015,BUFFRMFISHBT15,BUFFrmfish2015May28,Main,8,L,1,3,2,5,0,0,0,1,0,hog damage,12/3/2018
2015,BUFFRMFISHBT15,BUFFrmfish2015May28,Main,8,R,2,2,3,5,1,1,0,0,0,,12/3/2018
2015,BUFFRMFISHBT15,BUFFrmfish2015May28,Main,9,L,1,2,2,5,1,0,0,0,0,upstream of crossing,12/3/2018
2015,BUFFRMFISHBT15,BUFFrmfish2015May28,Main,9,R,2,2,2,5,1,0,0,0,0,,12/3/2018
2015,BUFFRMFISHBT15,BUFFrmfish2015May28,Main,10,L,2,2,3,5,1,0,0,0,0,hog damage,12/3/2018
2015,BUFFRMFISHBT15,BUFFrmfish2015May28,Main,10,R,2,2,4,5,1,1,0,0,0,,12/3/2018
2015,BUFFRMFISHBT15,BUFFrmfish2015May28,Main,11,L,2,3,2,5,0,0,0,1,0,hog damage,12/3/2018
2015,BUFFRMFISHBT15,BUFFrmfish2015May28,Main,11,R,3,3,4,5,0,0,0,1,0,2m gravel bar,12/3/2018
2015,BUFFRMFISHBT19,BUFFrmfish2015May29,Main,1,L,3,1,5,5,1,0,1,0,0,,12/3/2018
2015,BUFFRMFISHBT19,BUFFrmfish2015May29,Main,1,R,3,1,4,8,1,0,1,0,0,6.5m gravel bar,12/3/2018
2015,BUFFRMFISHBT19,BUFFrmfish2015May29,Main,2,L,3,1,5,1,1,1,0,0,0,,12/3/2018
2015,BUFFRMFISHBT19,BUFFrmfish2015May29,Main,2,R,3,1,4,8,1,1,0,0,0,10m gravel bar,12/3/2018
2015,BUFFRMFISHBT19,BUFFrmfish2015May29,Main,3,L,3,2,5,2,1,0,0,0,0,,12/3/2018
2015,BUFFRMFISHBT19,BUFFrmfish2015May29,Main,3,R,2,1,2,8,0,0,0,0,0,9m gravel bar,12/3/2018
2015,BUFFRMFISHBT19,BUFFrmfish2015May29,Main,4,L,3,2,5,2,1,0,0,0,0,,12/3/2018
2015,BUFFRMFISHBT19,BUFFrmfish2015May29,Main,4,R,1,1,2,8,1,0,1,0,0,6.5 gravel bar,12/3/2018
2015,BUFFRMFISHBT19,BUFFrmfish2015May29,Main,5,L,1,2,1,2,0,0,1,0,0,,12/3/2018
2015,BUFFRMFISHBT19,BUFFrmfish2015May29,Main,5,R,1,2,2,2,1,1,0,0,0,,12/3/2018
2015,BUFFRMFISHBT19,BUFFrmfish2015May29,Main,6,L,1,1,1,5,0,0,1,0,0,,12/3/2018
2015,BUFFRMFISHBT19,BUFFrmfish2015May29,Main,6,R,1,2,2,8,1,0,1,0,0,,12/3/2018
2015,BUFFRMFISHBT19,BUFFrmfish2015May29,Main,7,L,1,1,2,5,0,1,1,0,0,,12/3/2018
2015,BUFFRMFISHBT19,BUFFrmfish2015May29,Main,7,R,1,1,2,8,1,0,1,0,0,,12/3/2018
2015,BUFFRMFISHBT19,BUFFrmfish2015May29,Main,8,L,1,1,1,8,0,1,1,0,0,,12/3/2018
2015,BUFFRMFISHBT19,BUFFrmfish2015May29,Main,8,R,1,1,2,8,1,0,0,0,0,8m gravel bar,12/3/2018
2015,BUFFRMFISHBT19,BUFFrmfish2015May29,Main,9,L,1,2,1,8,0,1,1,0,0,,12/3/2018
2015,BUFFRMFISHBT19,BUFFrmfish2015May29,Main,9,R,3,1,3,8,1,0,1,0,0,12m gravel bar,12/3/2018
2015,BUFFRMFISHBT19,BUFFrmfish2015May29,Main,10,L,1,2,1,2,0,0,1,0,0,,12/3/2018
2015,BUFFRMFISHBT19,BUFFrmfish2015May29,Main,10,R,3,1,3,8,1,0,0,0,0,18.5 gravel bar,12/3/2018
2015,BUFFRMFISHBT19,BUFFrmfish2015May29,Main,11,L,1,2,2,2,0,0,1,0,0,,12/3/2018
2015,BUFFRMFISHBT19,BUFFrmfish2015May29,Main,11,R,3,1,3,8,0,1,1,0,0,17m gravel bar,12/3/2018
2015,BUFFRMFISHBT20,BUFFrmfish2015Jun15,Main,1,L,2,2,3,8,0,1,0,0,0,,12/3/2018
2015,BUFFRMFISHBT20,BUFFrmfish2015Jun15,Main,1,R,3,1,4,10,0,1,0,0,0,,12/3/2018
2015,BUFFRMFISHBT20,BUFFrmfish2015Jun15,Main,2,L,3,3,5,5,0,0,0,1,0,,12/3/2018
2015,BUFFRMFISHBT20,BUFFrmfish2015Jun15,Main,2,R,2,1,4,10,1,1,0,0,0,,12/3/2018
2015,BUFFRMFISHBT20,BUFFrmfish2015Jun15,Main,3,L,3,2,4,10,0,1,0,0,0,,12/3/2018
2015,BUFFRMFISHBT20,BUFFrmfish2015Jun15,Main,3,R,2,1,4,2,0,1,0,0,0,,12/3/2018
2015,BUFFRMFISHBT20,BUFFrmfish2015Jun15,Main,4,L,3,2,4,5,0,1,0,0,0,,12/3/2018
2015,BUFFRMFISHBT20,BUFFrmfish2015Jun15,Main,4,R,2,1,4,1,0,1,0,0,0,,12/3/2018
2015,BUFFRMFISHBT20,BUFFrmfish2015Jun15,Main,5,L,2,2,4,10,0,1,0,0,0,,12/3/2018
2015,BUFFRMFISHBT20,BUFFrmfish2015Jun15,Main,5,R,2,1,4,2,1,1,0,0,0,,12/3/2018
2015,BUFFRMFISHBT20,BUFFrmfish2015Jun15,Main,6,L,3,1,4,10,0,1,0,0,0,,12/3/2018
2015,BUFFRMFISHBT20,BUFFrmfish2015Jun15,Main,6,R,2,1,4,2,0,1,0,0,0,,12/3/2018
2015,BUFFRMFISHBT20,BUFFrmfish2015Jun15,Main,7,L,1,1,3,10,0,1,0,0,0,,12/3/2018
2015,BUFFRMFISHBT20,BUFFrmfish2015Jun15,Main,7,R,2,1,4,8,1,0,1,0,0,,12/3/2018
2015,BUFFRMFISHBT20,BUFFrmfish2015Jun15,Main,8,L,2,2,3,10,0,1,0,0,0,,12/3/2018
2015,BUFFRMFISHBT20,BUFFrmfish2015Jun15,Main,8,R,2,1,3,2,1,0,1,0,0,,12/3/2018
2015,BUFFRMFISHBT20,BUFFrmfish2015Jun15,Main,9,L,3,2,3,10,1,0,1,0,0,,12/3/2018
2015,BUFFRMFISHBT20,BUFFrmfish2015Jun15,Main,9,R,2,1,4,2,0,1,1,0,0,,12/3/2018
2015,BUFFRMFISHBT20,BUFFrmfish2015Jun15,Main,10,L,2,2,3,8,1,0,1,0,0,,12/3/2018
2015,BUFFRMFISHBT20,BUFFrmfish2015Jun15,Main,10,R,2,1,5,2,0,1,0,0,0,,12/3/2018
2015,BUFFRMFISHBT20,BUFFrmfish2015Jun15,Main,11,L,3,2,3,10,1,0,1,0,0,,12/3/2018
2015,BUFFRMFISHBT20,BUFFrmfish2015Jun15,Main,11,R,3,3,3,2,0,0,0,1,0,,12/3/2018
2015,BUFFRMFISHBT23,BUFFrmfish2015Jun04,Main,1,L,3,3,5,1,0,0,0,1,0,,12/3/2018
2015,BUFFRMFISHBT23,BUFFrmfish2015Jun04,Main,1,R,1,1,2,8,0,1,1,0,0,4.1m gravel bar,12/3/2018
2015,BUFFRMFISHBT23,BUFFrmfish2015Jun04,Main,2,L,3,4,5,1,0,0,0,1,0,,12/3/2018
2015,BUFFRMFISHBT23,BUFFrmfish2015Jun04,Main,2,R,2,1,3,8,0,1,1,0,0,6m gravel bar,12/3/2018
2015,BUFFRMFISHBT23,BUFFrmfish2015Jun04,Main,3,L,3,4,5,1,0,0,0,1,0,,12/3/2018
2015,BUFFRMFISHBT23,BUFFrmfish2015Jun04,Main,3,R,2,2,3,8,0,1,1,0,0,11m gravel bar,12/3/2018
2015,BUFFRMFISHBT23,BUFFrmfish2015Jun04,Main,4,L,3,2,4,2,0,1,1,0,0,,12/3/2018
2015,BUFFRMFISHBT23,BUFFrmfish2015Jun04,Main,4,R,2,1,3,8,0,1,1,0,0,11m gravel bar,12/3/2018
2015,BUFFRMFISHBT23,BUFFrmfish2015Jun04,Main,5,L,3,3,5,1,0,0,0,1,0,,12/3/2018
2015,BUFFRMFISHBT23,BUFFrmfish2015Jun04,Main,5,R,3,2,3,8,0,1,1,0,0,8m gravel bar,12/3/2018
2015,BUFFRMFISHBT23,BUFFrmfish2015Jun04,Main,6,L,3,3,5,1,0,0,0,1,0,8.1m gravel bar,12/3/2018
2015,BUFFRMFISHBT23,BUFFrmfish2015Jun04,Main,6,R,2,2,3,8,1,0,1,0,0,,12/3/2018
2015,BUFFRMFISHBT23,BUFFrmfish2015Jun04,Main,7,L,3,4,5,1,0,0,0,1,0,18.3m gravel bar,12/3/2018
2015,BUFFRMFISHBT23,BUFFrmfish2015Jun04,Main,7,R,3,2,3,8,1,1,0,0,0,,12/3/2018
2015,BUFFRMFISHBT23,BUFFrmfish2015Jun04,Main,8,L,3,4,5,1,0,0,0,1,0,22.7m gravel bar,12/3/2018
2015,BUFFRMFISHBT23,BUFFrmfish2015Jun04,Main,8,R,2,2,3,8,1,1,0,0,0,,12/3/2018
2015,BUFFRMFISHBT23,BUFFrmfish2015Jun04,Main,9,L,3,4,5,1,0,0,0,1,0,27m gravel bar,12/3/2018
2015,BUFFRMFISHBT23,BUFFrmfish2015Jun04,Main,9,R,3,3,4,5,0,0,0,1,0,,12/3/2018
2015,BUFFRMFISHBT23,BUFFrmfish2015Jun04,Main,10,L,3,2,3,8,0,1,1,0,0,24.6m gravel bar,12/3/2018
2015,BUFFRMFISHBT23,BUFFrmfish2015Jun04,Main,10,R,3,2,3,5,1,1,0,0,0,,12/3/2018
2015,BUFFRMFISHBT23,BUFFrmfish2015Jun04,Main,11,L,3,2,3,5,1,1,0,0,0,21.1m gravel bar,12/3/2018
2015,BUFFRMFISHBT23,BUFFrmfish2015Jun04,Main,11,R,3,2,3,5,1,1,0,0,0,,12/3/2018
2017,BUFFRMFISHBM01,BUFFRMFISH2017May31,Main,1,L,2,2,2,2,1,1,0,0,0,,12/3/2018
2017,BUFFRMFISHBM01,BUFFRMFISH2017May31,Main,1,R,1,1,1,2,1,1,0,0,0,,12/3/2018
2017,BUFFRMFISHBM01,BUFFRMFISH2017May31,Main,2,L,2,3,3,2,0,0,0,1,0,,12/3/2018
2017,BUFFRMFISHBM01,BUFFRMFISH2017May31,Main,2,R,1,2,1,2,1,1,0,0,0,,12/3/2018
2017,BUFFRMFISHBM01,BUFFRMFISH2017May31,Main,3,L,3,2,3,2,1,0,0,1,0,,12/3/2018
2017,BUFFRMFISHBM01,BUFFRMFISH2017May31,Main,3,R,1,2,1,2,1,1,0,0,0,,12/3/2018
2017,BUFFRMFISHBM01,BUFFRMFISH2017May31,Main,4,L,1,2,1,2,0,1,0,1,0,,12/3/2018
2017,BUFFRMFISHBM01,BUFFRMFISH2017May31,Main,4,R,2,3,2,2,0,0,0,1,0,,12/3/2018
2017,BUFFRMFISHBM01,BUFFRMFISH2017May31,Main,5,L,3,1,2,8,1,1,0,0,0,,12/3/2018
2017,BUFFRMFISHBM01,BUFFRMFISH2017May31,Main,5,R,1,3,1,2,0,0,0,1,0,,12/3/2018
2017,BUFFRMFISHBM01,BUFFRMFISH2017May31,Main,6,L,1,1,1,2,0,1,0,0,0,,12/3/2018
2017,BUFFRMFISHBM01,BUFFRMFISH2017May31,Main,6,R,3,1,3,10,1,1,0,0,0,,12/3/2018
2017,BUFFRMFISHBM01,BUFFRMFISH2017May31,Main,7,L,1,1,1,10,1,1,0,0,0,,12/3/2018
2017,BUFFRMFISHBM01,BUFFRMFISH2017May31,Main,7,R,3,1,3,10,0,1,0,0,0,,12/3/2018
2017,BUFFRMFISHBM01,BUFFRMFISH2017May31,Main,8,L,1,1,1,5,0,1,0,0,0,,12/3/2018
2017,BUFFRMFISHBM01,BUFFRMFISH2017May31,Main,8,R,3,1,2,10,0,1,0,0,0,,12/3/2018
2017,BUFFRMFISHBM01,BUFFRMFISH2017May31,Main,9,L,2,1,3,10,1,1,0,0,0,,12/3/2018
2017,BUFFRMFISHBM01,BUFFRMFISH2017May31,Main,9,R,3,1,2,10,1,1,0,0,0,,12/3/2018
2017,BUFFRMFISHBM01,BUFFRMFISH2017May31,Main,10,L,3,1,3,10,0,1,1,0,0,,12/3/2018
2017,BUFFRMFISHBM01,BUFFRMFISH2017May31,Main,10,R,2,2,3,10,1,0,0,0,0,,12/3/2018
2017,BUFFRMFISHBM01,BUFFRMFISH2017May31,Main,11,L,3,1,4,10,1,1,0,0,0,,12/3/2018
2017,BUFFRMFISHBM01,BUFFRMFISH2017May31,Main,11,R,1,1,1,5,1,1,0,0,0,,12/3/2018
2017,BUFFRMFISHBM01,BUFFRMFISH2017May31,Side channel,1,L,1,1,1,2,1,1,0,0,0,,12/3/2018
2017,BUFFRMFISHBM01,BUFFRMFISH2017May31,Side channel,1,R,2,1,1,2,1,1,0,0,0,4m gravel bar,12/3/2018
2017,BUFFRMFISHBM01,BUFFRMFISH2017May31,Side channel,2,L,1,1,1,2,1,1,0,0,0,,12/3/2018
2017,BUFFRMFISHBM01,BUFFRMFISH2017May31,Side channel,2,R,3,1,3,10,1,1,0,0,0,8.6m gravel bar,12/3/2018
2017,BUFFRMFISHBM01,BUFFRMFISH2017May31,Side channel,3,L,2,2,2,2,1,1,0,0,0,5.1m island,12/3/2018
2017,BUFFRMFISHBM01,BUFFRMFISH2017May31,Side channel,3,R,1,2,1,2,1,1,0,0,0,2.6m gravel bar,12/3/2018
2017,BUFFRMFISHBM01,BUFFRMFISH2017May31,Side channel,4,L,1,2,2,2,1,1,0,0,0,14.4m island,12/3/2018
2017,BUFFRMFISHBM01,BUFFRMFISH2017May31,Side channel,4,R,2,3,1,2,0,0,0,1,0,2.7m gravel bar,12/3/2018
2017,BUFFRMFISHBM01,BUFFRMFISH2017May31,Side channel,5,L,2,1,2,2,1,1,0,0,0,,12/3/2018
2017,BUFFRMFISHBM01,BUFFRMFISH2017May31,Side channel,5,R,1,3,1,2,0,0,0,1,0,,12/3/2018
2017,BUFFRMFISHBM02,BUFFRMFISH2017Jun01,Main,1,L,2,1,5,8,1,1,0,0,0,5m gravel bar,12/3/2018
2017,BUFFRMFISHBM02,BUFFRMFISH2017Jun01,Main,1,R,3,2,3,8,1,0,0,0,0,,12/3/2018
2017,BUFFRMFISHBM02,BUFFRMFISH2017Jun01,Main,2,L,3,2,4,8,1,1,0,0,0,17.8 rockbar,12/3/2018
2017,BUFFRMFISHBM02,BUFFRMFISH2017Jun01,Main,2,R,3,1,3,10,0,1,0,0,0,,12/3/2018
2017,BUFFRMFISHBM02,BUFFRMFISH2017Jun01,Main,3,L,3,1,4,8,1,1,0,0,0,3m rock bar,12/3/2018
2017,BUFFRMFISHBM02,BUFFRMFISH2017Jun01,Main,3,R,2,1,2,8,1,0,1,0,0,,12/3/2018
2017,BUFFRMFISHBM02,BUFFRMFISH2017Jun01,Main,4,L,3,1,3,8,0,1,0,0,0,5m rock bar,12/3/2018
2017,BUFFRMFISHBM02,BUFFRMFISH2017Jun01,Main,4,R,2,1,4,1,0,1,0,0,0,,12/3/2018
2017,BUFFRMFISHBM02,BUFFRMFISH2017Jun01,Main,5,L,3,1,4,10,1,1,0,0,0,33m rock bar,12/3/2018
2017,BUFFRMFISHBM02,BUFFRMFISH2017Jun01,Main,5,R,3,1,5,1,1,1,0,0,0,,12/3/2018
2017,BUFFRMFISHBM02,BUFFRMFISH2017Jun01,Main,6,L,3,1,3,10,1,1,0,0,0,37m rock bar,12/3/2018
2017,BUFFRMFISHBM02,BUFFRMFISH2017Jun01,Main,6,R,3,2,4,8,0,1,1,0,0,,12/3/2018
2017,BUFFRMFISHBM02,BUFFRMFISH2017Jun01,Main,7,L,3,1,5,1,0,1,0,0,0,,12/3/2018
2017,BUFFRMFISHBM02,BUFFRMFISH2017Jun01,Main,7,R,3,1,4,8,0,1,0,0,0,,12/3/2018
2017,BUFFRMFISHBM02,BUFFRMFISH2017Jun01,Main,8,L,3,1,5,1,1,0,0,0,0,,12/3/2018
2017,BUFFRMFISHBM02,BUFFRMFISH2017Jun01,Main,8,R,3,1,4,8,0,0,1,0,0,5m sand bar,12/3/2018
2017,BUFFRMFISHBM02,BUFFRMFISH2017Jun01,Main,9,L,3,1,5,1,1,1,0,0,0,,12/3/2018
2017,BUFFRMFISHBM02,BUFFRMFISH2017Jun01,Main,9,R,3,2,5,8,0,1,0,0,0,15.4m rockbar,12/3/2018
2017,BUFFRMFISHBM02,BUFFRMFISH2017Jun01,Main,10,L,3,1,5,1,1,1,0,0,0,,12/3/2018
2017,BUFFRMFISHBM02,BUFFRMFISH2017Jun01,Main,10,R,3,2,5,8,1,0,1,0,0,22.4m gravel bar,12/3/2018
2017,BUFFRMFISHBM02,BUFFRMFISH2017Jun01,Main,11,L,3,1,5,1,1,1,0,0,0,,12/3/2018
2017,BUFFRMFISHBM02,BUFFRMFISH2017Jun01,Main,11,R,3,2,5,8,1,0,1,0,0,2m rock bar,12/3/2018
2017,BUFFRMFISHBM03,BUFFRMFISH2017Jun02,Main,1,L,2,1,3,8,1,1,0,0,0,32.5m rock bar,12/3/2018
2017,BUFFRMFISHBM03,BUFFRMFISH2017Jun02,Main,1,R,3,1,5,8,1,1,0,0,0,2m rock bar,12/3/2018
2017,BUFFRMFISHBM03,BUFFRMFISH2017Jun02,Main,2,L,3,1,4,8,1,1,0,0,0,,12/3/2018
2017,BUFFRMFISHBM03,BUFFRMFISH2017Jun02,Main,2,R,3,1,5,10,1,1,0,0,0,,12/3/2018
2017,BUFFRMFISHBM03,BUFFRMFISH2017Jun02,Main,3,L,3,1,5,8,1,1,0,0,0,,12/3/2018
2017,BUFFRMFISHBM03,BUFFRMFISH2017Jun02,Main,3,R,3,1,4,8,0,1,0,0,0,,12/3/2018
2017,BUFFRMFISHBM03,BUFFRMFISH2017Jun02,Main,4,L,2,1,4,8,0,1,0,0,0,,12/3/2018
2017,BUFFRMFISHBM03,BUFFRMFISH2017Jun02,Main,4,R,3,1,5,8,1,1,0,0,0,,12/3/2018
2017,BUFFRMFISHBM03,BUFFRMFISH2017Jun02,Main,5,L,2,2,4,1,0,1,0,0,0,,12/3/2018
2017,BUFFRMFISHBM03,BUFFRMFISH2017Jun02,Main,5,R,2,1,4,8,1,0,0,0,0,3m gravel bar,12/3/2018
2017,BUFFRMFISHBM03,BUFFRMFISH2017Jun02,Main,6,L,3,1,4,8,0,1,1,0,0,,12/3/2018
2017,BUFFRMFISHBM03,BUFFRMFISH2017Jun02,Main,6,R,3,1,4,8,1,1,0,0,0,15m rock bar,12/3/2018
2017,BUFFRMFISHBM03,BUFFRMFISH2017Jun02,Main,7,L,3,2,5,1,0,0,0,1,0,,12/3/2018
2017,BUFFRMFISHBM03,BUFFRMFISH2017Jun02,Main,7,R,3,2,4,8,0,1,0,0,0,,12/3/2018
2017,BUFFRMFISHBM03,BUFFRMFISH2017Jun02,Main,8,L,3,3,5,1,0,0,0,1,0,,12/3/2018
2017,BUFFRMFISHBM03,BUFFRMFISH2017Jun02,Main,8,R,3,1,4,8,1,1,0,0,0,11.5m gravel bar,12/3/2018
2017,BUFFRMFISHBM03,BUFFRMFISH2017Jun02,Main,9,L,3,4,5,1,0,0,0,1,0,,12/3/2018
2017,BUFFRMFISHBM03,BUFFRMFISH2017Jun02,Main,9,R,2,1,3,8,1,1,0,0,0,13.5m sand bar,12/3/2018
2017,BUFFRMFISHBM03,BUFFRMFISH2017Jun02,Main,10,L,2,1,4,1,1,1,0,0,0,,12/3/2018
2017,BUFFRMFISHBM03,BUFFRMFISH2017Jun02,Main,10,R,3,1,4,8,1,1,0,0,0,13m rock bar,12/3/2018
2017,BUFFRMFISHBM03,BUFFRMFISH2017Jun02,Main,11,L,2,1,4,5,1,1,0,0,0,,12/3/2018
2017,BUFFRMFISHBM03,BUFFRMFISH2017Jun02,Main,11,R,3,1,4,10,0,1,0,0,0,,12/3/2018
2017,BUFFRMFISHBM04,BUFFRMFISH2017Jun15,Main,1,L,1,3,1,10,0,0,0,1,0,13m rockbar,12/3/2018
2017,BUFFRMFISHBM04,BUFFRMFISH2017Jun15,Main,1,R,2,2,3,8,1,1,0,0,0,,12/3/2018
2017,BUFFRMFISHBM04,BUFFRMFISH2017Jun15,Main,2,L,1,2,2,10,1,0,1,0,0,,12/3/2018
2017,BUFFRMFISHBM04,BUFFRMFISH2017Jun15,Main,2,R,3,3,4,8,1,1,0,0,0,,12/3/2018
2017,BUFFRMFISHBM04,BUFFRMFISH2017Jun15,Main,3,L,2,2,2,10,1,1,0,0,0,,12/3/2018
2017,BUFFRMFISHBM04,BUFFRMFISH2017Jun15,Main,3,R,2,2,3,10,1,0,1,0,0,,12/3/2018
2017,BUFFRMFISHBM04,BUFFRMFISH2017Jun15,Main,4,L,2,2,3,5,1,0,1,0,0,,12/3/2018
2017,BUFFRMFISHBM04,BUFFRMFISH2017Jun15,Main,4,R,3,2,3,8,1,0,1,0,0,,12/3/2018
2017,BUFFRMFISHBM04,BUFFRMFISH2017Jun15,Main,5,L,3,1,3,5,1,0,1,0,0,,12/3/2018
2017,BUFFRMFISHBM04,BUFFRMFISH2017Jun15,Main,5,R,3,2,4,8,1,0,1,0,0,,12/3/2018
2017,BUFFRMFISHBM04,BUFFRMFISH2017Jun15,Main,6,L,2,2,3,8,1,0,1,0,0,,12/3/2018
2017,BUFFRMFISHBM04,BUFFRMFISH2017Jun15,Main,6,R,3,2,4,8,1,1,0,0,0,,12/3/2018
2017,BUFFRMFISHBM04,BUFFRMFISH2017Jun15,Main,7,L,3,2,3,8,1,0,1,0,0,,12/3/2018
2017,BUFFRMFISHBM04,BUFFRMFISH2017Jun15,Main,7,R,3,3,4,8,0,0,0,1,0,,12/3/2018
2017,BUFFRMFISHBM04,BUFFRMFISH2017Jun15,Main,8,L,3,2,4,1,1,0,1,0,0,,12/3/2018
2017,BUFFRMFISHBM04,BUFFRMFISH2017Jun15,Main,8,R,2,1,3,8,1,0,1,0,0,,12/3/2018
2017,BUFFRMFISHBM04,BUFFRMFISH2017Jun15,Main,9,L,3,1,5,1,1,0,1,0,0,,12/3/2018
2017,BUFFRMFISHBM04,BUFFRMFISH2017Jun15,Main,9,R,2,2,4,8,1,0,1,0,0,,12/3/2018
2017,BUFFRMFISHBM04,BUFFRMFISH2017Jun15,Main,10,L,2,1,5,1,1,0,1,0,0,,12/3/2018
2017,BUFFRMFISHBM04,BUFFRMFISH2017Jun15,Main,10,R,3,4,5,10,0,0,0,1,0,,12/3/2018
2017,BUFFRMFISHBM04,BUFFRMFISH2017Jun15,Main,11,L,2,2,3,8,1,1,0,0,0,,12/3/2018
2017,BUFFRMFISHBM04,BUFFRMFISH2017Jun15,Main,11,R,2,4,5,10,0,0,0,1,0,,12/3/2018
2017,BUFFRMFISHBM05,BUFFRMFISH2017Jun14,Main,1,L,3,1,2,8,1,0,1,0,0,,12/3/2018
2017,BUFFRMFISHBM05,BUFFRMFISH2017Jun14,Main,1,R,2,1,4,8,1,1,0,0,0,,12/3/2018
2017,BUFFRMFISHBM05,BUFFRMFISH2017Jun14,Main,2,L,1,3,1,8,0,0,0,1,0,,12/3/2018
2017,BUFFRMFISHBM05,BUFFRMFISH2017Jun14,Main,2,R,2,1,3,8,1,1,0,0,0,,12/3/2018
2017,BUFFRMFISHBM05,BUFFRMFISH2017Jun14,Main,3,L,2,2,2,10,1,1,0,0,0,,12/3/2018
2017,BUFFRMFISHBM05,BUFFRMFISH2017Jun14,Main,3,R,2,1,4,8,1,1,0,0,0,,12/3/2018
2017,BUFFRMFISHBM05,BUFFRMFISH2017Jun14,Main,4,L,3,1,2,10,1,0,1,0,0,,12/3/2018
2017,BUFFRMFISHBM05,BUFFRMFISH2017Jun14,Main,4,R,2,1,4,2,1,1,0,0,0,6.5m gravel bar,12/3/2018
2017,BUFFRMFISHBM05,BUFFRMFISH2017Jun14,Main,5,L,2,2,3,10,1,1,0,0,0,,12/3/2018
2017,BUFFRMFISHBM05,BUFFRMFISH2017Jun14,Main,5,R,3,1,3,2,1,1,0,0,0,,12/3/2018
2017,BUFFRMFISHBM05,BUFFRMFISH2017Jun14,Main,6,L,2,2,2,10,1,0,1,0,0,,12/3/2018
2017,BUFFRMFISHBM05,BUFFRMFISH2017Jun14,Main,6,R,2,1,4,1,1,1,0,0,0,,12/3/2018
2017,BUFFRMFISHBM05,BUFFRMFISH2017Jun14,Main,7,L,1,2,1,10,0,1,1,0,0,16.5m gravel bar,12/3/2018
2017,BUFFRMFISHBM05,BUFFRMFISH2017Jun14,Main,7,R,3,2,5,1,1,1,0,0,0,,12/3/2018
2017,BUFFRMFISHBM05,BUFFRMFISH2017Jun14,Main,8,L,1,2,2,10,0,1,0,0,0,20m gravel bar,12/3/2018
2017,BUFFRMFISHBM05,BUFFRMFISH2017Jun14,Main,8,R,3,2,5,1,1,1,0,0,0,,12/3/2018
2017,BUFFRMFISHBM05,BUFFRMFISH2017Jun14,Main,9,L,1,3,1,2,0,0,0,1,0,25.5m gravel bar,12/3/2018
2017,BUFFRMFISHBM05,BUFFRMFISH2017Jun14,Main,9,R,3,2,5,1,1,1,0,0,0,,12/3/2018
2017,BUFFRMFISHBM05,BUFFRMFISH2017Jun14,Main,10,L,1,3,1,2,0,0,0,1,0,35m gravel bar,12/3/2018
2017,BUFFRMFISHBM05,BUFFRMFISH2017Jun14,Main,10,R,3,1,4,1,1,1,0,0,0,,12/3/2018
2017,BUFFRMFISHBM05,BUFFRMFISH2017Jun14,Main,11,L,2,2,4,2,1,1,0,0,0,29m gravel bar,12/3/2018
2017,BUFFRMFISHBM05,BUFFRMFISH2017Jun14,Main,11,R,3,2,5,8,1,1,0,0,0,,12/3/2018
2017,BUFFRMFISHBM06,BUFFRMFISH2017Jun21,Main,1,L,3,3,5,8,0,0,0,1,0,15.5m island,12/3/2018
2017,BUFFRMFISHBM06,BUFFRMFISH2017Jun21,Main,1,R,1,3,1,10,0,0,0,1,0,,12/3/2018
2017,BUFFRMFISHBM06,BUFFRMFISH2017Jun21,Main,2,L,2,2,4,8,1,1,0,0,0,,12/3/2018
2017,BUFFRMFISHBM06,BUFFRMFISH2017Jun21,Main,2,R,2,1,4,8,1,1,0,0,0,,12/3/2018
2017,BUFFRMFISHBM06,BUFFRMFISH2017Jun21,Main,3,L,2,3,3,8,0,0,0,1,0,,12/3/2018
2017,BUFFRMFISHBM06,BUFFRMFISH2017Jun21,Main,3,R,3,2,4,10,1,1,0,0,0,,12/3/2018
2017,BUFFRMFISHBM06,BUFFRMFISH2017Jun21,Main,4,L,2,4,4,8,0,0,0,1,0,7.5m sand bar,12/3/2018
2017,BUFFRMFISHBM06,BUFFRMFISH2017Jun21,Main,4,R,2,1,4,8,1,1,0,0,0,,12/3/2018
2017,BUFFRMFISHBM06,BUFFRMFISH2017Jun21,Main,5,L,2,4,5,8,0,0,0,1,0,21m sand bar,12/3/2018
2017,BUFFRMFISHBM06,BUFFRMFISH2017Jun21,Main,5,R,2,1,4,5,1,1,0,0,0,,12/3/2018
2017,BUFFRMFISHBM06,BUFFRMFISH2017Jun21,Main,6,L,2,4,4,8,0,0,0,1,0,24m gravel/sand bar,12/3/2018
2017,BUFFRMFISHBM06,BUFFRMFISH2017Jun21,Main,6,R,3,2,4,5,1,1,0,0,0,,12/3/2018
2017,BUFFRMFISHBM06,BUFFRMFISH2017Jun21,Main,7,L,2,2,3,8,0,0,1,0,0,15m sand bar,12/3/2018
2017,BUFFRMFISHBM06,BUFFRMFISH2017Jun21,Main,7,R,2,3,3,8,0,0,0,1,0,,12/3/2018
2017,BUFFRMFISHBM06,BUFFRMFISH2017Jun21,Main,8,L,2,2,4,8,1,0,1,0,0,21m gravel/sand bar,12/3/2018
2017,BUFFRMFISHBM06,BUFFRMFISH2017Jun21,Main,8,R,2,1,4,2,1,1,0,0,0,,12/3/2018
2017,BUFFRMFISHBM06,BUFFRMFISH2017Jun21,Main,9,L,2,2,2,10,0,1,0,0,0,,12/3/2018
2017,BUFFRMFISHBM06,BUFFRMFISH2017Jun21,Main,9,R,2,1,3,2,0,0,0,0,0,no bank cover data,12/3/2018
2017,BUFFRMFISHBM06,BUFFRMFISH2017Jun21,Main,10,L,2,2,3,8,1,0,1,0,0,20.5m gravel bar,12/3/2018
2017,BUFFRMFISHBM06,BUFFRMFISH2017Jun21,Main,10,R,3,3,5,1,0,0,0,1,0,,12/3/2018
2017,BUFFRMFISHBM06,BUFFRMFISH2017Jun21,Main,11,L,2,3,4,8,0,0,0,1,0,27.5m sand bar,12/3/2018
2017,BUFFRMFISHBM06,BUFFRMFISH2017Jun21,Main,11,R,2,2,4,2,1,0,1,0,0,,12/3/2018
2017,BUFFRMFISHBT07,BUFFRMFISH2017May24,Main,1,L,3,2,3,10,1,1,0,0,0,,12/3/2018
2017,BUFFRMFISHBT07,BUFFRMFISH2017May24,Main,1,R,2,2,2,5,1,1,0,0,0,,12/3/2018
2017,BUFFRMFISHBT07,BUFFRMFISH2017May24,Main,2,L,2,2,2,5,1,0,0,0,0,,12/3/2018
2017,BUFFRMFISHBT07,BUFFRMFISH2017May24,Main,2,R,3,2,3,5,1,0,1,0,0,,12/3/2018
2017,BUFFRMFISHBT07,BUFFRMFISH2017May24,Main,3,L,3,2,3,5,1,1,0,0,0,,12/3/2018
2017,BUFFRMFISHBT07,BUFFRMFISH2017May24,Main,3,R,3,2,3,8,1,0,1,0,0,,12/3/2018
2017,BUFFRMFISHBT07,BUFFRMFISH2017May24,Main,4,L,3,3,2,1,1,1,0,0,0,,12/3/2018
2017,BUFFRMFISHBT07,BUFFRMFISH2017May24,Main,4,R,2,2,3,8,1,0,1,0,0,,12/3/2018
2017,BUFFRMFISHBT07,BUFFRMFISH2017May24,Main,5,L,3,2,3,1,1,1,0,0,0,,12/3/2018
2017,BUFFRMFISHBT07,BUFFRMFISH2017May24,Main,5,R,2,3,2,10,0,0,0,1,0,,12/3/2018
2017,BUFFRMFISHBT07,BUFFRMFISH2017May24,Main,6,L,3,1,3,1,0,1,1,0,0,,12/3/2018
2017,BUFFRMFISHBT07,BUFFRMFISH2017May24,Main,6,R,2,2,2,10,1,0,1,0,0,11m gravel bar,12/3/2018
2017,BUFFRMFISHBT07,BUFFRMFISH2017May24,Main,7,L,3,1,3,1,1,1,0,0,0,4m gravel bar,12/3/2018
2017,BUFFRMFISHBT07,BUFFRMFISH2017May24,Main,7,R,2,2,2,10,1,0,1,0,0,13m gravel bar,12/3/2018
2017,BUFFRMFISHBT07,BUFFRMFISH2017May24,Main,8,L,3,2,3,5,1,0,1,0,0,,12/3/2018
2017,BUFFRMFISHBT07,BUFFRMFISH2017May24,Main,8,R,2,2,2,10,1,0,0,0,0,21m gravel bar,12/3/2018
2017,BUFFRMFISHBT07,BUFFRMFISH2017May24,Main,9,L,3,1,3,1,0,1,1,0,0,,12/3/2018
2017,BUFFRMFISHBT07,BUFFRMFISH2017May24,Main,9,R,1,2,2,10,1,0,1,0,0,24.5m gravel bar,12/3/2018
2017,BUFFRMFISHBT07,BUFFRMFISH2017May24,Main,10,L,3,1,3,1,1,1,0,0,0,,12/3/2018
2017,BUFFRMFISHBT07,BUFFRMFISH2017May24,Main,10,R,2,2,2,10,1,0,1,0,0,21.5m gravel bar,12/3/2018
2017,BUFFRMFISHBT07,BUFFRMFISH2017May24,Main,11,L,3,1,3,1,0,1,1,0,0,,12/3/2018
2017,BUFFRMFISHBT07,BUFFRMFISH2017May24,Main,11,R,3,2,2,8,1,0,1,0,0,"5.5m gravel point, 16m backslough*",12/3/2018
2017,BUFFRMFISHBT15,BUFFRMFISH2017May24,Main,1,L,3,4,5,5,0,0,0,1,0,,12/3/2018
2017,BUFFRMFISHBT15,BUFFRMFISH2017May24,Main,1,R,2,3,3,8,0,0,0,1,0,10m gravel bar,12/3/2018
2017,BUFFRMFISHBT15,BUFFRMFISH2017May24,Main,2,L,3,4,5,5,0,0,0,1,0,.5m island,12/3/2018
2017,BUFFRMFISHBT15,BUFFRMFISH2017May24,Main,2,R,2,4,2,8,1,0,0,1,0,4m gravel bar,12/3/2018
2017,BUFFRMFISHBT15,BUFFRMFISH2017May24,Main,3,L,3,4,5,5,0,0,0,1,0,,12/3/2018
2017,BUFFRMFISHBT15,BUFFRMFISH2017May24,Main,3,R,2,4,2,8,1,0,0,1,0,3.5m gravel bar,12/3/2018
2017,BUFFRMFISHBT15,BUFFRMFISH2017May24,Main,4,L,3,3,5,5,0,0,0,1,0,,12/3/2018
2017,BUFFRMFISHBT15,BUFFRMFISH2017May24,Main,4,R,2,2,2,5,0,1,0,0,0,5m sandbar,12/3/2018
2017,BUFFRMFISHBT15,BUFFRMFISH2017May24,Main,5,L,2,4,1,8,0,0,0,1,0,,12/3/2018
2017,BUFFRMFISHBT15,BUFFRMFISH2017May24,Main,5,R,3,2,5,8,0,1,0,1,0,,12/3/2018
2017,BUFFRMFISHBT15,BUFFRMFISH2017May24,Main,6,L,2,2,2,8,1,0,0,1,0,,12/3/2018
2017,BUFFRMFISHBT15,BUFFRMFISH2017May24,Main,6,R,3,2,3,8,0,1,0,1,0,,12/3/2018
2017,BUFFRMFISHBT15,BUFFRMFISH2017May24,Main,7,L,2,3,1,8,0,0,0,1,0,,12/3/2018
2017,BUFFRMFISHBT15,BUFFRMFISH2017May24,Main,7,R,3,2,4,5,0,1,0,1,0,,12/3/2018
2017,BUFFRMFISHBT15,BUFFRMFISH2017May24,Main,8,L,2,3,2,8,0,0,0,1,0,,12/3/2018
2017,BUFFRMFISHBT15,BUFFRMFISH2017May24,Main,8,R,3,2,3,8,0,1,0,1,0,4m gravel bar,12/3/2018
2017,BUFFRMFISHBT15,BUFFRMFISH2017May24,Main,9,L,2,3,2,8,0,0,0,1,0,,12/3/2018
2017,BUFFRMFISHBT15,BUFFRMFISH2017May24,Main,9,R,3,3,3,5,0,0,0,1,0,,12/3/2018
2017,BUFFRMFISHBT15,BUFFRMFISH2017May24,Main,10,L,3,3,2,8,0,0,0,1,0,,12/3/2018
2017,BUFFRMFISHBT15,BUFFRMFISH2017May24,Main,10,R,3,3,4,8,0,0,0,1,0,,12/3/2018
2017,BUFFRMFISHBT15,BUFFRMFISH2017May24,Main,11,L,3,3,2,8,0,0,0,1,0,,12/3/2018
2017,BUFFRMFISHBT15,BUFFRMFISH2017May24,Main,11,R,3,2,5,8,0,1,0,1,0,,12/3/2018
2017,BUFFRMFISHBT19,BUFFRMFISH2017May25,Main,1,L,3,1,5,1,0,1,0,0,0,,12/3/2018
2017,BUFFRMFISHBT19,BUFFRMFISH2017May25,Main,1,R,3,1,3,5,0,0,1,0,0,3m sandbar,12/3/2018
2017,BUFFRMFISHBT19,BUFFRMFISH2017May25,Main,2,L,3,1,5,1,0,1,0,0,0,,12/3/2018
2017,BUFFRMFISHBT19,BUFFRMFISH2017May25,Main,2,R,3,1,3,5,0,1,0,0,0,7m sandbar,12/3/2018
2017,BUFFRMFISHBT19,BUFFRMFISH2017May25,Main,3,L,3,1,5,1,0,1,0,0,0,,12/3/2018
2017,BUFFRMFISHBT19,BUFFRMFISH2017May25,Main,3,R,2,1,3,5,1,1,0,0,0,9.5m sandbar,12/3/2018
2017,BUFFRMFISHBT19,BUFFRMFISH2017May25,Main,4,L,3,1,5,5,0,1,0,0,0,,12/3/2018
2017,BUFFRMFISHBT19,BUFFRMFISH2017May25,Main,4,R,2,1,2,5,1,0,0,0,0,19m sandbar,12/3/2018
2017,BUFFRMFISHBT19,BUFFRMFISH2017May25,Main,5,L,3,1,5,1,0,1,0,0,0,,12/3/2018
2017,BUFFRMFISHBT19,BUFFRMFISH2017May25,Main,5,R,2,1,2,5,1,1,0,0,0,27m rockbar,12/3/2018
2017,BUFFRMFISHBT19,BUFFRMFISH2017May25,Main,6,L,3,1,2,10,0,1,1,0,0,,12/3/2018
2017,BUFFRMFISHBT19,BUFFRMFISH2017May25,Main,6,R,2,1,2,5,1,1,0,0,0,24.5m rockbar,12/3/2018
2017,BUFFRMFISHBT19,BUFFRMFISH2017May25,Main,7,L,3,1,2,10,1,1,0,0,0,,12/3/2018
2017,BUFFRMFISHBT19,BUFFRMFISH2017May25,Main,7,R,2,1,2,5,1,0,1,0,0,21m rockbar,12/3/2018
2017,BUFFRMFISHBT19,BUFFRMFISH2017May25,Main,8,L,2,1,2,10,0,0,1,0,0,,12/3/2018
2017,BUFFRMFISHBT19,BUFFRMFISH2017May25,Main,8,R,2,2,3,5,1,0,0,0,0,4m rockbar,12/3/2018
2017,BUFFRMFISHBT19,BUFFRMFISH2017May25,Main,9,L,1,1,1,8,0,0,1,0,0,15.5m sandbar,12/3/2018
2017,BUFFRMFISHBT19,BUFFRMFISH2017May25,Main,9,R,3,1,3,5,0,1,0,0,0,,12/3/2018
2017,BUFFRMFISHBT19,BUFFRMFISH2017May25,Main,10,L,1,1,1,8,0,0,1,0,0,18m rockbar,12/3/2018
2017,BUFFRMFISHBT19,BUFFRMFISH2017May25,Main,10,R,3,2,3,5,0,1,0,0,0,,12/3/2018
2017,BUFFRMFISHBT19,BUFFRMFISH2017May25,Main,11,L,1,1,1,8,0,0,1,0,0,17.5m rockbar,12/3/2018
2017,BUFFRMFISHBT19,BUFFRMFISH2017May25,Main,11,R,3,1,3,5,1,0,1,0,0,,12/3/2018
2017,BUFFRMFISHBT20,BUFFRMFISH2017May30,Main,1,L,3,2,4,8,0,1,0,0,0,,12/3/2018
2017,BUFFRMFISHBT20,BUFFRMFISH2017May30,Main,1,R,3,1,5,5,1,0,1,0,0,13m rock bar,12/3/2018
2017,BUFFRMFISHBT20,BUFFRMFISH2017May30,Main,2,L,3,2,4,8,0,1,0,0,0,,12/3/2018
2017,BUFFRMFISHBT20,BUFFRMFISH2017May30,Main,2,R,2,1,3,8,1,1,0,0,0,7m rock bar,12/3/2018
2017,BUFFRMFISHBT20,BUFFRMFISH2017May30,Main,3,L,3,2,5,5,1,1,0,0,0,1m rockbar/island,12/3/2018
2017,BUFFRMFISHBT20,BUFFRMFISH2017May30,Main,3,R,3,1,2,5,0,1,0,0,0,,12/3/2018
2017,BUFFRMFISHBT20,BUFFRMFISH2017May30,Main,4,L,3,2,4,8,0,1,0,0,0,,12/3/2018
2017,BUFFRMFISHBT20,BUFFRMFISH2017May30,Main,4,R,2,1,3,8,0,1,1,0,0,,12/3/2018
2017,BUFFRMFISHBT20,BUFFRMFISH2017May30,Main,5,L,3,1,4,8,0,1,0,0,0,,12/3/2018
2017,BUFFRMFISHBT20,BUFFRMFISH2017May30,Main,5,R,3,1,4,1,1,1,0,0,0,,12/3/2018
2017,BUFFRMFISHBT20,BUFFRMFISH2017May30,Main,6,L,3,1,5,5,0,1,0,0,0,6.5m rockbar,12/3/2018
2017,BUFFRMFISHBT20,BUFFRMFISH2017May30,Main,6,R,3,2,5,10,0,1,0,0,0,,12/3/2018
2017,BUFFRMFISHBT20,BUFFRMFISH2017May30,Main,7,L,2,1,3,10,0,1,1,0,0,,12/3/2018
2017,BUFFRMFISHBT20,BUFFRMFISH2017May30,Main,7,R,2,1,5,5,0,1,0,0,0,,12/3/2018
2017,BUFFRMFISHBT20,BUFFRMFISH2017May30,Main,8,L,2,1,3,8,1,1,0,0,0,10.5m sand bar,12/3/2018
2017,BUFFRMFISHBT20,BUFFRMFISH2017May30,Main,8,R,2,1,3,5,0,1,1,0,0,,12/3/2018
2017,BUFFRMFISHBT20,BUFFRMFISH2017May30,Main,9,L,3,1,4,8,1,1,0,0,0,20m rock bar,12/3/2018
2017,BUFFRMFISHBT20,BUFFRMFISH2017May30,Main,9,R,3,1,5,2,0,1,0,0,0,,12/3/2018
2017,BUFFRMFISHBT20,BUFFRMFISH2017May30,Main,10,L,3,1,4,5,1,1,0,0,0,6.5m rock bar,12/3/2018
2017,BUFFRMFISHBT20,BUFFRMFISH2017May30,Main,10,R,3,1,5,1,0,1,0,0,0,,12/3/2018
2017,BUFFRMFISHBT20,BUFFRMFISH2017May30,Main,11,L,2,1,4,5,1,1,0,0,0,17.5m rock bar,12/3/2018
2017,BUFFRMFISHBT20,BUFFRMFISH2017May30,Main,11,R,3,1,5,2,1,1,0,0,0,,12/3/2018
2017,BUFFRMFISHBT27,BUFFRMFISH2017Jun13,Main,1,L,3,2,5,2,0,1,1,0,0,7.5m rock bar,12/3/2018
2017,BUFFRMFISHBT27,BUFFRMFISH2017Jun13,Main,1,R,3,1,4,8,0,1,0,0,0,,12/3/2018
2017,BUFFRMFISHBT27,BUFFRMFISH2017Jun13,Main,2,L,3,3,5,1,0,0,0,1,0,,12/3/2018
2017,BUFFRMFISHBT27,BUFFRMFISH2017Jun13,Main,2,R,2,2,3,8,1,0,0,0,0,,12/3/2018
2017,BUFFRMFISHBT27,BUFFRMFISH2017Jun13,Main,3,L,3,3,5,1,0,0,0,1,0,,12/3/2018
2017,BUFFRMFISHBT27,BUFFRMFISH2017Jun13,Main,3,R,1,2,4,8,1,1,0,0,0,,12/3/2018
2017,BUFFRMFISHBT27,BUFFRMFISH2017Jun13,Main,4,L,3,2,5,1,0,1,0,0,0,,12/3/2018
2017,BUFFRMFISHBT27,BUFFRMFISH2017Jun13,Main,4,R,2,1,4,8,0,1,0,0,0,,12/3/2018
2017,BUFFRMFISHBT27,BUFFRMFISH2017Jun13,Main,5,L,3,1,5,1,1,0,0,0,0,,12/3/2018
2017,BUFFRMFISHBT27,BUFFRMFISH2017Jun13,Main,5,R,2,1,4,8,0,1,0,0,0,,12/3/2018
2017,BUFFRMFISHBT27,BUFFRMFISH2017Jun13,Main,6,L,3,1,5,10,0,0,1,0,0,,12/3/2018
2017,BUFFRMFISHBT27,BUFFRMFISH2017Jun13,Main,6,R,2,2,4,2,0,1,0,0,0,6m rock island,12/3/2018
2017,BUFFRMFISHBT27,BUFFRMFISH2017Jun13,Main,7,L,1,2,1,8,0,0,1,0,0,,12/3/2018
2017,BUFFRMFISHBT27,BUFFRMFISH2017Jun13,Main,7,R,2,2,3,10,0,0,1,0,0,3.5m rock island,12/3/2018
2017,BUFFRMFISHBT27,BUFFRMFISH2017Jun13,Main,8,L,1,1,1,2,0,1,0,0,0,,12/3/2018
2017,BUFFRMFISHBT27,BUFFRMFISH2017Jun13,Main,8,R,1,2,2,10,0,1,0,0,0,,12/3/2018
2017,BUFFRMFISHBT27,BUFFRMFISH2017Jun13,Main,9,L,2,1,5,10,0,1,0,0,0,,12/3/2018
2017,BUFFRMFISHBT27,BUFFRMFISH2017Jun13,Main,9,R,1,2,3,10,1,0,0,0,0,,12/3/2018
2017,BUFFRMFISHBT27,BUFFRMFISH2017Jun13,Main,10,L,1,2,5,10,0,1,0,0,0,,12/3/2018
2017,BUFFRMFISHBT27,BUFFRMFISH2017Jun13,Main,10,R,1,2,3,1,1,0,0,0,0,1m rock island,12/3/2018
2017,BUFFRMFISHBT27,BUFFRMFISH2017Jun13,Main,11,L,2,2,4,2,0,0,1,0,0,,12/3/2018
2017,BUFFRMFISHBT27,BUFFRMFISH2017Jun13,Main,11,R,3,1,4,1,1,1,0,0,0,,12/3/2018
2017,BUFFRMFISHBT30,BUFFRMFISH2017Jun22,Main,1,L,1,3,1,8,0,0,0,1,0,7.5m gravel bar,12/3/2018
2017,BUFFRMFISHBT30,BUFFRMFISH2017Jun22,Main,1,R,3,2,3,10,0,1,0,0,0,,12/3/2018
2017,BUFFRMFISHBT30,BUFFRMFISH2017Jun22,Main,2,L,2,4,1,8,0,0,0,1,0,4m sand bar,12/3/2018
2017,BUFFRMFISHBT30,BUFFRMFISH2017Jun22,Main,2,R,2,1,2,2,0,1,0,0,0,,12/3/2018
2017,BUFFRMFISHBT30,BUFFRMFISH2017Jun22,Main,3,L,2,3,2,8,0,0,0,1,0,4.5m sand bar,12/3/2018
2017,BUFFRMFISHBT30,BUFFRMFISH2017Jun22,Main,3,R,3,1,3,2,0,1,0,0,0,,12/3/2018
2017,BUFFRMFISHBT30,BUFFRMFISH2017Jun22,Main,4,L,3,3,2,8,0,0,0,1,0,3.5m island,12/3/2018
2017,BUFFRMFISHBT30,BUFFRMFISH2017Jun22,Main,4,R,3,4,5,1,0,0,0,1,0,1m gravel bar,12/3/2018
2017,BUFFRMFISHBT30,BUFFRMFISH2017Jun22,Main,5,L,3,2,4,10,0,1,0,0,0,6m island,12/3/2018
2017,BUFFRMFISHBT30,BUFFRMFISH2017Jun22,Main,5,R,3,4,5,1,0,0,0,1,0,,12/3/2018
2017,BUFFRMFISHBT30,BUFFRMFISH2017Jun22,Main,6,L,3,2,4,10,0,1,0,0,0,7m island,12/3/2018
2017,BUFFRMFISHBT30,BUFFRMFISH2017Jun22,Main,6,R,3,4,5,1,0,0,0,1,0,,12/3/2018
2017,BUFFRMFISHBT30,BUFFRMFISH2017Jun22,Main,7,L,1,2,1,10,0,1,0,0,0,1m island,12/3/2018
2017,BUFFRMFISHBT30,BUFFRMFISH2017Jun22,Main,7,R,3,4,5,1,0,0,0,1,0,,12/3/2018
2017,BUFFRMFISHBT30,BUFFRMFISH2017Jun22,Main,8,L,1,2,1,10,0,1,0,0,0,,12/3/2018
2017,BUFFRMFISHBT30,BUFFRMFISH2017Jun22,Main,8,R,3,4,5,1,0,0,0,1,0,,12/3/2018
2017,BUFFRMFISHBT30,BUFFRMFISH2017Jun22,Main,9,L,1,1,1,10,0,1,0,0,0,,12/3/2018
2017,BUFFRMFISHBT30,BUFFRMFISH2017Jun22,Main,9,R,3,1,3,2,0,1,0,0,0,,12/3/2018
2017,BUFFRMFISHBT30,BUFFRMFISH2017Jun22,Main,10,L,1,1,1,10,0,1,0,0,0,,12/3/2018
2017,BUFFRMFISHBT30,BUFFRMFISH2017Jun22,Main,10,R,2,2,4,8,0,1,0,0,0,,12/3/2018
2017,BUFFRMFISHBT30,BUFFRMFISH2017Jun22,Main,11,L,1,1,1,10,0,1,0,0,0,,12/3/2018
2017,BUFFRMFISHBT30,BUFFRMFISH2017Jun22,Main,11,R,2,3,3,10,0,0,0,1,0,,12/3/2018
2017,BUFFRMFISHBT31,BUFFRMFISH2017Jun22,Main,1,L,3,2,4,5,1,1,0,0,0,,12/3/2018
2017,BUFFRMFISHBT31,BUFFRMFISH2017Jun22,Main,1,R,3,2,2,8,1,1,0,0,0,10m gravel bar,12/3/2018
2017,BUFFRMFISHBT31,BUFFRMFISH2017Jun22,Main,2,L,3,2,4,8,1,1,0,0,0,2m gravel bar,12/3/2018
2017,BUFFRMFISHBT31,BUFFRMFISH2017Jun22,Main,2,R,3,2,2,8,1,1,0,0,0,4m gravel bar,12/3/2018
2017,BUFFRMFISHBT31,BUFFRMFISH2017Jun22,Main,3,L,3,2,5,8,1,1,0,0,0,8m sand bar,12/3/2018
2017,BUFFRMFISHBT31,BUFFRMFISH2017Jun22,Main,3,R,3,3,3,8,0,0,0,1,0,,12/3/2018
2017,BUFFRMFISHBT31,BUFFRMFISH2017Jun22,Main,4,L,3,1,5,8,1,1,0,0,0,12m sand bar,12/3/2018
2017,BUFFRMFISHBT31,BUFFRMFISH2017Jun22,Main,4,R,3,3,3,8,1,1,0,0,0,,12/3/2018
2017,BUFFRMFISHBT31,BUFFRMFISH2017Jun22,Main,5,L,3,1,4,8,1,1,0,0,0,22m gravel bar,12/3/2018
2017,BUFFRMFISHBT31,BUFFRMFISH2017Jun22,Main,5,R,3,2,3,8,1,1,0,0,0,,12/3/2018
2017,BUFFRMFISHBT31,BUFFRMFISH2017Jun22,Main,6,L,3,2,5,8,1,1,0,0,0,15m gravel bar,12/3/2018
2017,BUFFRMFISHBT31,BUFFRMFISH2017Jun22,Main,6,R,3,1,3,8,0,1,0,0,0,1m gravel bar,12/3/2018
2017,BUFFRMFISHBT31,BUFFRMFISH2017Jun22,Main,7,L,2,2,4,10,0,1,0,0,0,,12/3/2018
2017,BUFFRMFISHBT31,BUFFRMFISH2017Jun22,Main,7,R,3,2,3,8,0,1,0,0,0,6m gravel bar,12/3/2018
2017,BUFFRMFISHBT31,BUFFRMFISH2017Jun22,Main,8,L,2,3,4,8,0,0,0,1,0,,12/3/2018
2017,BUFFRMFISHBT31,BUFFRMFISH2017Jun22,Main,8,R,3,2,2,8,0,1,0,0,0,3m gravel bar,12/3/2018
2017,BUFFRMFISHBT31,BUFFRMFISH2017Jun22,Main,9,L,3,2,4,2,1,1,0,0,0,3m island,12/3/2018
2017,BUFFRMFISHBT31,BUFFRMFISH2017Jun22,Main,9,R,3,2,3,8,0,1,0,0,0,1m gravel bar,12/3/2018
2017,BUFFRMFISHBT31,BUFFRMFISH2017Jun22,Main,10,L,3,2,4,2,0,1,0,0,0,,12/3/2018
2017,BUFFRMFISHBT31,BUFFRMFISH2017Jun22,Main,10,R,3,3,3,8,0,0,0,1,0,,12/3/2018
2017,BUFFRMFISHBT31,BUFFRMFISH2017Jun22,Main,11,L,2,1,4,10,1,1,0,0,0,3m gravel bar,12/3/2018
2017,BUFFRMFISHBT31,BUFFRMFISH2017Jun22,Main,11,R,1,4,1,10,0,0,0,1,0,,12/3/2018
2019,BUFFRMFISHBM01,BUFFRMFISH2019May23,main,1,L,3,1,2,1,1,1,0,0,0,4 m gravel bar,3/27/2020
2019,BUFFRMFISHBM01,BUFFRMFISH2019May23,main,1,R,1,2,1,10,1,0,0,0,0,,3/27/2020
2019,BUFFRMFISHBM01,BUFFRMFISH2019May23,main,2,L,1,2,1,2,0,1,0,0,0,,3/27/2020
2019,BUFFRMFISHBM01,BUFFRMFISH2019May23,main,2,R,1,2,1,10,1,1,0,0,0,,3/27/2020
2019,BUFFRMFISHBM01,BUFFRMFISH2019May23,main,3,L,2,3,2,2,0,1,0,0,0,,3/27/2020
2019,BUFFRMFISHBM01,BUFFRMFISH2019May23,main,3,R,1,2,1,2,1,1,0,0,0,,3/27/2020
2019,BUFFRMFISHBM01,BUFFRMFISH2019May23,main,4,L,1,2,1,2,0,1,0,0,0,4 m gravel bar,3/27/2020
2019,BUFFRMFISHBM01,BUFFRMFISH2019May23,main,4,R,1,3,1,2,0,0,0,1,0,,3/27/2020
2019,BUFFRMFISHBM01,BUFFRMFISH2019May23,main,5,L,1,3,1,2,0,0,0,1,0,,3/27/2020
2019,BUFFRMFISHBM01,BUFFRMFISH2019May23,main,5,R,3,1,2,5,0,1,0,0,0,,3/27/2020
2019,BUFFRMFISHBM01,BUFFRMFISH2019May23,main,6,L,1,1,1,10,0,1,0,0,0,,3/27/2020
2019,BUFFRMFISHBM01,BUFFRMFISH2019May23,main,6,R,3,1,3,10,1,1,0,0,0,,3/27/2020
2019,BUFFRMFISHBM01,BUFFRMFISH2019May23,main,7,L,1,2,1,10,1,1,0,0,0,,3/27/2020
2019,BUFFRMFISHBM01,BUFFRMFISH2019May23,main,7,R,3,2,3,10,1,1,0,0,0,,3/27/2020
2019,BUFFRMFISHBM01,BUFFRMFISH2019May23,main,8,L,3,1,1,8,1,1,0,0,0,,3/27/2020
2019,BUFFRMFISHBM01,BUFFRMFISH2019May23,main,8,R,3,2,3,10,1,1,0,0,0,,3/27/2020
2019,BUFFRMFISHBM01,BUFFRMFISH2019May23,main,9,L,2,1,2,10,1,1,0,0,0,,3/27/2020
2019,BUFFRMFISHBM01,BUFFRMFISH2019May23,main,9,R,3,2,3,2,1,1,0,0,0,,3/27/2020
2019,BUFFRMFISHBM01,BUFFRMFISH2019May23,main,10,L,2,1,2,8,1,1,0,0,0,,3/27/2020
2019,BUFFRMFISHBM01,BUFFRMFISH2019May23,main,10,R,3,2,3,2,1,1,0,0,0,,3/27/2020
2019,BUFFRMFISHBM01,BUFFRMFISH2019May23,main,11,L,2,1,3,10,1,1,0,0,0,,3/27/2020
2019,BUFFRMFISHBM01,BUFFRMFISH2019May23,main,11,R,3,1,3,10,1,1,0,0,0,,3/27/2020
2019,BUFFRMFISHBM01,BUFFRMFISH2019May23,side channel,1,L,1,1,2,10,1,1,0,0,0,,3/27/2020
2019,BUFFRMFISHBM01,BUFFRMFISH2019May23,side channel,1,R,3,1,2,2,1,1,0,0,0,,3/27/2020
2019,BUFFRMFISHBM01,BUFFRMFISH2019May23,side channel,2,L,1,2,1,2,1,1,0,0,0,,3/27/2020
2019,BUFFRMFISHBM01,BUFFRMFISH2019May23,side channel,2,R,3,1,2,8,1,1,0,0,0,7.6 m gravel bar,3/27/2020
2019,BUFFRMFISHBM01,BUFFRMFISH2019May23,side channel,3,L,1,2,1,2,1,1,0,0,0,,3/27/2020
2019,BUFFRMFISHBM01,BUFFRMFISH2019May23,side channel,3,R,1,2,1,2,0,1,0,0,0,2.69 m island,3/27/2020
2019,BUFFRMFISHBM01,BUFFRMFISH2019May23,side channel,4,L,1,1,1,8,1,1,0,0,0,,3/27/2020
2019,BUFFRMFISHBM01,BUFFRMFISH2019May23,side channel,4,R,2,2,1,2,0,1,0,1,0,15.3 m island,3/27/2020
2019,BUFFRMFISHBM01,BUFFRMFISH2019May23,side channel,5,L,2,1,2,10,1,1,0,0,0,,3/27/2020
2019,BUFFRMFISHBM01,BUFFRMFISH2019May23,side channel,5,R,1,4,1,2,0,0,0,1,0,6.2 m island,3/27/2020
2019,BUFFRMFISHBM02,BUFFRMFISH2019Jun12,main,1,L,3,1,5,8,1,1,0,0,0,,3/27/2020
2019,BUFFRMFISHBM02,BUFFRMFISH2019Jun12,main,1,R,3,1,3,8,1,1,0,0,0,,3/27/2020
2019,BUFFRMFISHBM02,BUFFRMFISH2019Jun12,main,2,L,3,2,4,8,0,1,0,0,0,,3/27/2020
2019,BUFFRMFISHBM02,BUFFRMFISH2019Jun12,main,2,R,3,2,3,8,1,1,0,0,0,,3/27/2020
2019,BUFFRMFISHBM02,BUFFRMFISH2019Jun12,main,3,L,3,1,4,8,1,1,0,0,0,13.8 m gravel bar,3/27/2020
2019,BUFFRMFISHBM02,BUFFRMFISH2019Jun12,main,3,R,3,1,2,8,1,1,0,0,0,,3/27/2020
2019,BUFFRMFISHBM02,BUFFRMFISH2019Jun12,main,4,L,3,1,3,8,1,1,0,0,0,9.8 m gravel bar,3/27/2020
2019,BUFFRMFISHBM02,BUFFRMFISH2019Jun12,main,4,R,3,1,2,8,1,1,0,0,0,,3/27/2020
2019,BUFFRMFISHBM02,BUFFRMFISH2019Jun12,main,5,L,3,2,5,8,1,1,0,0,0,19.4 m gravel bar,3/27/2020
2019,BUFFRMFISHBM02,BUFFRMFISH2019Jun12,main,5,R,2,2,4,1,0,1,0,0,0,,3/27/2020
2019,BUFFRMFISHBM02,BUFFRMFISH2019Jun12,main,6,L,3,1,5,10,1,1,0,0,0,39 m gravel bar,3/27/2020
2019,BUFFRMFISHBM02,BUFFRMFISH2019Jun12,main,6,R,3,1,5,1,1,1,0,0,0,,3/27/2020
2019,BUFFRMFISHBM02,BUFFRMFISH2019Jun12,main,7,L,3,1,3,10,1,1,0,0,0,,3/27/2020
2019,BUFFRMFISHBM02,BUFFRMFISH2019Jun12,main,7,R,3,1,3,8,1,1,0,0,0,,3/27/2020
2019,BUFFRMFISHBM02,BUFFRMFISH2019Jun12,main,8,L,3,1,5,1,1,1,0,0,0,,3/27/2020
2019,BUFFRMFISHBM02,BUFFRMFISH2019Jun12,main,8,R,2,1,3,8,0,1,0,0,0,,3/27/2020
2019,BUFFRMFISHBM02,BUFFRMFISH2019Jun12,main,9,L,3,1,5,1,1,1,0,0,0,,3/27/2020
2019,BUFFRMFISHBM02,BUFFRMFISH2019Jun12,main,9,R,3,3,5,8,0,0,0,1,0,11.8 m gravel bar,3/27/2020
2019,BUFFRMFISHBM02,BUFFRMFISH2019Jun12,main,10,L,3,2,5,1,1,1,0,0,0,,3/27/2020
2019,BUFFRMFISHBM02,BUFFRMFISH2019Jun12,main,10,R,3,3,5,8,0,0,0,1,0,14.4 m gravel bar,3/27/2020
2019,BUFFRMFISHBM02,BUFFRMFISH2019Jun12,main,11,L,3,1,3,1,1,1,0,0,0,,3/27/2020
2019,BUFFRMFISHBM02,BUFFRMFISH2019Jun12,main,11,R,3,3,5,8,1,1,0,0,0,16.4 m gravel bar,3/27/2020
2019,BUFFRMFISHBM03,BUFFRMFISH2019Jun14,main,1,L,1,1,1,8,0,1,0,0,0,25 m gravel bar,3/30/2020
2019,BUFFRMFISHBM03,BUFFRMFISH2019Jun14,main,1,R,3,3,5,10,0,0,0,1,0,3 m gravel bar,3/30/2020
2019,BUFFRMFISHBM03,BUFFRMFISH2019Jun14,main,2,L,3,1,4,8,1,1,0,0,0,,3/31/2020
2019,BUFFRMFISHBM03,BUFFRMFISH2019Jun14,main,2,R,3,2,5,10,0,1,0,0,0,,3/31/2020
2019,BUFFRMFISHBM03,BUFFRMFISH2019Jun14,main,3,L,3,1,4,8,0,1,0,0,0,,3/31/2020
2019,BUFFRMFISHBM03,BUFFRMFISH2019Jun14,main,3,R,3,1,3,8,0,1,0,0,0,,3/31/2020
2019,BUFFRMFISHBM03,BUFFRMFISH2019Jun14,main,4,L,3,1,3,8,1,1,0,0,0,,3/31/2020
2019,BUFFRMFISHBM03,BUFFRMFISH2019Jun14,main,4,R,3,1,5,8,1,1,0,0,0,,3/31/2020
2019,BUFFRMFISHBM03,BUFFRMFISH2019Jun14,main,5,L,3,1,4,2,1,1,0,0,0,,3/31/2020
2019,BUFFRMFISHBM03,BUFFRMFISH2019Jun14,main,5,R,3,1,4,10,1,1,0,0,0,23.5 m gravel bar,3/31/2020
2019,BUFFRMFISHBM03,BUFFRMFISH2019Jun14,main,6,L,3,1,2,8,1,1,0,0,0,,3/31/2020
2019,BUFFRMFISHBM03,BUFFRMFISH2019Jun14,main,6,R,3,1,5,10,1,1,0,0,0,19 m gravel bar,3/31/2020
2019,BUFFRMFISHBM03,BUFFRMFISH2019Jun14,main,7,L,3,4,5,1,0,0,0,1,0,,3/31/2020
2019,BUFFRMFISHBM03,BUFFRMFISH2019Jun14,main,7,R,3,1,2,8,1,1,0,0,0,11 m sand bar,3/31/2020
2019,BUFFRMFISHBM03,BUFFRMFISH2019Jun14,main,8,L,3,4,5,1,0,0,0,1,0,,3/31/2020
2019,BUFFRMFISHBM03,BUFFRMFISH2019Jun14,main,8,R,2,1,2,8,0,1,0,0,0,6.5 m sand bar,3/31/2020
2019,BUFFRMFISHBM03,BUFFRMFISH2019Jun14,main,9,L,3,4,5,1,0,0,0,1,0,,3/31/2020
2019,BUFFRMFISHBM03,BUFFRMFISH2019Jun14,main,9,R,2,1,2,8,1,1,0,0,0,7.5 m gravel bar,3/31/2020
2019,BUFFRMFISHBM03,BUFFRMFISH2019Jun14,main,10,L,3,1,2,8,1,1,0,0,0,,3/31/2020
2019,BUFFRMFISHBM03,BUFFRMFISH2019Jun14,main,10,R,3,1,4,8,1,1,0,0,0,,3/31/2020
2019,BUFFRMFISHBM03,BUFFRMFISH2019Jun14,main,11,L,3,4,5,1,0,0,0,1,0,,3/31/2020
2019,BUFFRMFISHBM03,BUFFRMFISH2019Jun14,main,11,R,3,1,4,10,1,0,1,0,0,6.5 m sand bar,3/31/2020
2019,BUFFRMFISHBM04,BUFFRMFISH2019Jun19,main,1,L,1,3,2,2,0,0,0,1,0,13 m gravel bar,4/6/2020
2019,BUFFRMFISHBM04,BUFFRMFISH2019Jun19,main,1,R,3,2,4,8,1,0,1,0,0,,4/6/2020
2019,BUFFRMFISHBM04,BUFFRMFISH2019Jun19,main,2,L,2,1,2,10,0,1,1,0,0,,4/6/2020
2019,BUFFRMFISHBM04,BUFFRMFISH2019Jun19,main,2,R,3,1,4,8,1,0,1,0,0,,4/6/2020
2019,BUFFRMFISHBM04,BUFFRMFISH2019Jun19,main,3,L,2,1,2,10,1,1,0,0,0,,4/6/2020
2019,BUFFRMFISHBM04,BUFFRMFISH2019Jun19,main,3,R,3,1,4,8,1,0,1,0,0,,4/6/2020
2019,BUFFRMFISHBM04,BUFFRMFISH2019Jun19,main,4,L,3,1,3,8,1,1,0,0,0,,4/6/2020
2019,BUFFRMFISHBM04,BUFFRMFISH2019Jun19,main,4,R,3,1,4,10,1,0,1,0,0,,4/6/2020
2019,BUFFRMFISHBM04,BUFFRMFISH2019Jun19,main,5,L,3,1,3,8,1,1,0,0,0,,4/6/2020
2019,BUFFRMFISHBM04,BUFFRMFISH2019Jun19,main,5,R,3,1,5,10,1,0,1,0,0,,4/6/2020
2019,BUFFRMFISHBM04,BUFFRMFISH2019Jun19,main,6,L,3,1,3,10,1,1,0,0,0,,4/6/2020
2019,BUFFRMFISHBM04,BUFFRMFISH2019Jun19,main,6,R,3,1,5,8,1,0,1,0,0,,4/6/2020
2019,BUFFRMFISHBM04,BUFFRMFISH2019Jun19,main,7,L,3,1,5,8,1,0,1,0,0,,4/6/2020
2019,BUFFRMFISHBM04,BUFFRMFISH2019Jun19,main,7,R,3,1,4,8,1,0,1,0,0,8 m gravel bar,4/6/2020
2019,BUFFRMFISHBM04,BUFFRMFISH2019Jun19,main,8,L,3,1,3,10,1,1,0,0,0,,4/6/2020
2019,BUFFRMFISHBM04,BUFFRMFISH2019Jun19,main,8,R,3,1,4,8,1,0,1,0,0,10 m gravel bar,4/6/2020
2019,BUFFRMFISHBM04,BUFFRMFISH2019Jun19,main,9,L,3,1,5,10,1,1,0,0,0,,4/6/2020
2019,BUFFRMFISHBM04,BUFFRMFISH2019Jun19,main,9,R,3,3,5,10,0,0,0,1,0,20 m gravel bar,4/6/2020
2019,BUFFRMFISHBM05,BUFFRMFISH2019Jun18,main,1,L,2,2,1,10,1,0,1,0,0,,4/6/2020
2019,BUFFRMFISHBM05,BUFFRMFISH2019Jun18,main,1,R,3,1,5,8,1,1,0,0,0,,4/6/2020
2019,BUFFRMFISHBM05,BUFFRMFISH2019Jun18,main,2,L,1,2,1,2,1,1,0,0,0,,4/6/2020
2019,BUFFRMFISHBM05,BUFFRMFISH2019Jun18,main,2,R,3,1,4,8,1,1,0,0,0,,4/6/2020
2019,BUFFRMFISHBM05,BUFFRMFISH2019Jun18,main,3,L,3,2,2,10,0,1,0,0,0,,4/6/2020
2019,BUFFRMFISHBM05,BUFFRMFISH2019Jun18,main,3,R,3,1,5,8,1,1,0,0,0,6 m sand bar,4/6/2020
2019,BUFFRMFISHBM05,BUFFRMFISH2019Jun18,main,4,L,2,2,2,10,0,1,0,0,0,,4/6/2020
2019,BUFFRMFISHBM05,BUFFRMFISH2019Jun18,main,4,R,2,2,1,8,1,1,0,0,0,5 m gravel bar,4/6/2020
2019,BUFFRMFISHBM05,BUFFRMFISH2019Jun18,main,5,L,3,2,2,10,0,1,0,0,0,,4/6/2020
2019,BUFFRMFISHBM05,BUFFRMFISH2019Jun18,main,5,R,3,2,4,2,1,1,0,0,0,,4/6/2020
2019,BUFFRMFISHBM05,BUFFRMFISH2019Jun18,main,6,L,2,2,2,10,0,1,0,0,0,,4/6/2020
2019,BUFFRMFISHBM05,BUFFRMFISH2019Jun18,main,6,R,3,1,4,1,1,1,0,0,0,,4/6/2020
2019,BUFFRMFISHBM05,BUFFRMFISH2019Jun18,main,7,L,1,4,1,10,0,0,0,1,0,,4/6/2020
2019,BUFFRMFISHBM05,BUFFRMFISH2019Jun18,main,7,R,3,2,5,1,1,1,0,0,0,,4/6/2020
2019,BUFFRMFISHBM05,BUFFRMFISH2019Jun18,main,8,L,1,4,1,10,0,0,0,1,0,,4/6/2020
2019,BUFFRMFISHBM05,BUFFRMFISH2019Jun18,main,8,R,3,3,4,1,0,0,0,1,0,,4/6/2020
2019,BUFFRMFISHBM05,BUFFRMFISH2019Jun18,main,9,L,1,4,1,2,0,0,0,1,0,,4/6/2020
2019,BUFFRMFISHBM05,BUFFRMFISH2019Jun18,main,9,R,3,2,4,1,0,1,0,0,0,,4/6/2020
2019,BUFFRMFISHBM05,BUFFRMFISH2019Jun18,main,10,L,1,4,1,2,0,0,0,1,0,,4/6/2020
2019,BUFFRMFISHBM05,BUFFRMFISH2019Jun18,main,10,R,3,2,5,1,0,1,0,0,0,,4/6/2020
2019,BUFFRMFISHBM05,BUFFRMFISH2019Jun18,main,11,L,1,4,1,2,0,0,0,1,0,,4/6/2020
2019,BUFFRMFISHBM05,BUFFRMFISH2019Jun18,main,11,R,3,2,5,1,0,1,0,0,0,,4/6/2020
2019,BUFFRMFISHBM06,BUFFRMFISH2019Jun20,main,1,L,3,2,5,8,0,1,0,0,0,14 m gravel island,4/6/2020
2019,BUFFRMFISHBM06,BUFFRMFISH2019Jun20,main,1,R,1,3,1,2,0,0,0,1,0,,4/6/2020
2019,BUFFRMFISHBM06,BUFFRMFISH2019Jun20,main,2,L,2,1,2,8,1,1,0,0,0,,4/6/2020
2019,BUFFRMFISHBM06,BUFFRMFISH2019Jun20,main,2,R,3,2,4,8,1,1,0,0,0,,4/6/2020
2019,BUFFRMFISHBM06,BUFFRMFISH2019Jun20,main,3,L,1,3,1,8,0,0,0,1,0,,4/6/2020
2019,BUFFRMFISHBM06,BUFFRMFISH2019Jun20,main,3,R,3,3,4,10,0,1,0,0,0,,4/6/2020
2019,BUFFRMFISHBM06,BUFFRMFISH2019Jun20,main,4,L,3,2,5,8,0,1,0,0,0,,4/6/2020
2019,BUFFRMFISHBM06,BUFFRMFISH2019Jun20,main,4,R,3,2,5,8,0,1,0,0,0,,4/6/2020
2019,BUFFRMFISHBM06,BUFFRMFISH2019Jun20,main,5,L,1,4,1,8,0,0,0,1,0,,4/6/2020
2019,BUFFRMFISHBM06,BUFFRMFISH2019Jun20,main,5,R,3,1,5,8,1,1,0,0,0,,4/6/2020
2019,BUFFRMFISHBM06,BUFFRMFISH2019Jun20,main,6,L,1,4,1,8,0,0,0,1,0,,4/6/2020
2019,BUFFRMFISHBM06,BUFFRMFISH2019Jun20,main,6,R,3,2,5,8,0,1,0,0,0,,4/6/2020
2019,BUFFRMFISHBM06,BUFFRMFISH2019Jun20,main,7,L,1,4,1,8,0,0,0,1,0,,4/6/2020
2019,BUFFRMFISHBM06,BUFFRMFISH2019Jun20,main,7,R,2,2,4,8,1,1,0,0,0,,4/6/2020
2019,BUFFRMFISHBM06,BUFFRMFISH2019Jun20,main,8,L,2,4,2,10,0,0,0,1,0,,4/6/2020
2019,BUFFRMFISHBM06,BUFFRMFISH2019Jun20,main,8,R,2,1,4,8,1,0,1,0,0,,4/6/2020
2019,BUFFRMFISHBM06,BUFFRMFISH2019Jun20,main,9,L,3,2,2,8,0,1,0,0,0,,4/6/2020
2019,BUFFRMFISHBM06,BUFFRMFISH2019Jun20,main,9,R,2,1,4,8,0,1,0,0,0,,4/6/2020
2019,BUFFRMFISHBM06,BUFFRMFISH2019Jun20,main,10,L,2,2,2,8,0,1,0,0,0,11.5 m gravel bar,4/6/2020
2019,BUFFRMFISHBM06,BUFFRMFISH2019Jun20,main,10,R,3,1,5,8,1,1,0,0,0,,4/6/2020
2019,BUFFRMFISHBM06,BUFFRMFISH2019Jun20,main,11,L,3,2,4,8,0,1,1,0,0,,4/6/2020
2019,BUFFRMFISHBM06,BUFFRMFISH2019Jun20,main,11,R,2,2,3,2,0,1,0,0,0,,4/6/2020
2019,BUFFRMFISHBT05,BUFFRMFISH2019Jun05,main,1,L,1,1,2,2,1,1,0,0,0,12 m cobble bar,4/9/2020
2019,BUFFRMFISHBT05,BUFFRMFISH2019Jun05,main,1,R,3,2,4,1,1,1,0,0,0,4 m cobble bar,4/9/2020
2019,BUFFRMFISHBT05,BUFFRMFISH2019Jun05,main,2,L,1,1,1,2,1,1,0,0,0,15.5 m cobble bar,4/9/2020
2019,BUFFRMFISHBT05,BUFFRMFISH2019Jun05,main,2,R,3,2,3,2,1,1,0,0,0,,4/9/2020
2019,BUFFRMFISHBT05,BUFFRMFISH2019Jun05,main,3,L,1,1,1,2,1,1,0,0,0,12.5 m cobble bar,4/9/2020
2019,BUFFRMFISHBT05,BUFFRMFISH2019Jun05,main,3,R,3,1,3,5,1,1,0,0,0,,4/9/2020
2019,BUFFRMFISHBT05,BUFFRMFISH2019Jun05,main,4,L,2,1,2,5,1,1,0,0,0,6 m cobble bar,4/9/2020
2019,BUFFRMFISHBT05,BUFFRMFISH2019Jun05,main,4,R,3,1,3,5,0,0,1,0,0,,4/9/2020
2019,BUFFRMFISHBT05,BUFFRMFISH2019Jun05,main,5,L,3,1,2,5,0,0,1,0,0,6 m cobble bar,4/9/2020
2019,BUFFRMFISHBT05,BUFFRMFISH2019Jun05,main,5,R,3,1,3,5,1,0,1,0,0,,4/9/2020
2019,BUFFRMFISHBT05,BUFFRMFISH2019Jun05,main,6,L,2,1,3,2,1,1,0,0,0,,4/9/2020
2019,BUFFRMFISHBT05,BUFFRMFISH2019Jun05,main,6,R,3,2,4,2,1,1,0,0,0,,4/9/2020
2019,BUFFRMFISHBT05,BUFFRMFISH2019Jun05,main,7,L,3,2,2,2,1,0,1,0,0,,4/9/2020
2019,BUFFRMFISHBT05,BUFFRMFISH2019Jun05,main,7,R,3,2,4,2,1,1,0,0,0,9.5  m cobble bar,4/9/2020
2019,BUFFRMFISHBT05,BUFFRMFISH2019Jun05,main,8,L,3,2,3,2,1,1,0,0,0,5 m cobble bar,4/9/2020
2019,BUFFRMFISHBT05,BUFFRMFISH2019Jun05,main,8,R,3,2,3,2,1,1,0,0,0,4 m cobble bar,4/9/2020
2019,BUFFRMFISHBT05,BUFFRMFISH2019Jun05,main,9,L,3,2,3,2,1,1,0,0,0,,4/9/2020
2019,BUFFRMFISHBT05,BUFFRMFISH2019Jun05,main,9,R,3,1,4,2,1,1,0,0,0,8 m cobble bar,4/9/2020
2019,BUFFRMFISHBT05,BUFFRMFISH2019Jun05,main,10,L,2,2,2,2,1,0,0,0,0,6.5 m cobble bar,4/9/2020
2019,BUFFRMFISHBT05,BUFFRMFISH2019Jun05,main,10,R,3,2,4,2,1,1,0,0,0,,4/9/2020
2019,BUFFRMFISHBT07,BUFFRMFISH2019May22,main,1,L,2,2,2,8,1,1,0,0,0,2.5 m gravel island,4/6/2020
2019,BUFFRMFISHBT07,BUFFRMFISH2019May22,main,1,R,3,2,3,8,1,1,0,0,0,,4/6/2020
2019,BUFFRMFISHBT07,BUFFRMFISH2019May22,main,2,L,3,1,2,8,0,1,0,0,0,7 m gravel bar,4/6/2020
2019,BUFFRMFISHBT07,BUFFRMFISH2019May22,main,2,R,3,2,4,8,1,1,0,0,0,,4/6/2020
2019,BUFFRMFISHBT07,BUFFRMFISH2019May22,main,3,L,3,2,3,8,0,1,0,0,0,,4/6/2020
2019,BUFFRMFISHBT07,BUFFRMFISH2019May22,main,3,R,3,1,3,8,1,1,0,0,0,,4/6/2020
2019,BUFFRMFISHBT07,BUFFRMFISH2019May22,main,4,L,3,2,3,1,1,1,0,0,0,,4/6/2020
2019,BUFFRMFISHBT07,BUFFRMFISH2019May22,main,4,R,2,1,3,8,0,1,0,0,0,,4/6/2020
2019,BUFFRMFISHBT07,BUFFRMFISH2019May22,main,5,L,3,1,3,1,0,1,0,0,0,,4/6/2020
2019,BUFFRMFISHBT07,BUFFRMFISH2019May22,main,5,R,1,1,1,8,0,1,0,0,0,,4/6/2020
2019,BUFFRMFISHBT07,BUFFRMFISH2019May22,main,6,L,3,1,3,1,0,1,0,0,0,,4/6/2020
2019,BUFFRMFISHBT07,BUFFRMFISH2019May22,main,6,R,1,3,1,10,0,0,0,1,0,,4/6/2020
2019,BUFFRMFISHBT07,BUFFRMFISH2019May22,main,7,L,3,1,4,1,1,1,0,0,0,,4/6/2020
2019,BUFFRMFISHBT07,BUFFRMFISH2019May22,main,7,R,3,3,1,10,0,0,0,1,0,5 m gravel bar,4/6/2020
2019,BUFFRMFISHBT07,BUFFRMFISH2019May22,main,8,L,3,1,4,1,0,1,0,0,0,,4/6/2020
2019,BUFFRMFISHBT07,BUFFRMFISH2019May22,main,8,R,2,4,1,10,0,0,0,1,0,2.2 m gravel bar,4/6/2020
2019,BUFFRMFISHBT07,BUFFRMFISH2019May22,main,9,L,3,2,4,1,0,1,0,0,0,,4/6/2020
2019,BUFFRMFISHBT07,BUFFRMFISH2019May22,main,9,R,1,4,1,10,0,0,0,1,0,9.5 m gravel bar,4/6/2020
2019,BUFFRMFISHBT07,BUFFRMFISH2019May22,main,10,L,3,1,3,1,1,1,0,0,0,,4/6/2020
2019,BUFFRMFISHBT07,BUFFRMFISH2019May22,main,10,R,1,4,1,10,0,0,0,1,0,1 m gravel bar,4/6/2020
2019,BUFFRMFISHBT07,BUFFRMFISH2019May22,main,11,L,3,1,4,1,1,1,0,0,0,6.6 m gravel bar,4/6/2020
2019,BUFFRMFISHBT07,BUFFRMFISH2019May22,main,11,R,3,1,5,10,1,1,0,0,0,10 m gravel island,4/6/2020
2019,BUFFRMFISHBT09,BUFFRMFISH2019Jun12,main,1,L,3,2,5,1,1,1,0,0,0,,4/7/2020
2019,BUFFRMFISHBT09,BUFFRMFISH2019Jun12,main,1,R,3,2,4,5,1,0,1,0,0,11 m island,4/7/2020
2019,BUFFRMFISHBT09,BUFFRMFISH2019Jun12,main,2,L,3,2,5,1,1,1,0,0,0,,4/7/2020
2019,BUFFRMFISHBT09,BUFFRMFISH2019Jun12,main,2,R,2,1,3,5,1,1,0,0,0,4.5 m gravel bar,4/7/2020
2019,BUFFRMFISHBT09,BUFFRMFISH2019Jun12,main,3,L,3,2,5,1,1,1,0,0,0,,4/7/2020
2019,BUFFRMFISHBT09,BUFFRMFISH2019Jun12,main,3,R,2,1,3,8,1,1,0,0,0,,4/7/2020
2019,BUFFRMFISHBT09,BUFFRMFISH2019Jun12,main,4,L,3,2,5,1,1,1,0,0,0,,4/7/2020
2019,BUFFRMFISHBT09,BUFFRMFISH2019Jun12,main,4,R,3,1,3,8,1,1,0,0,0,,4/7/2020
2019,BUFFRMFISHBT09,BUFFRMFISH2019Jun12,main,5,L,3,2,5,1,1,1,0,0,0,,4/7/2020
2019,BUFFRMFISHBT09,BUFFRMFISH2019Jun12,main,5,R,3,2,3,8,1,1,0,0,0,,4/7/2020
2019,BUFFRMFISHBT09,BUFFRMFISH2019Jun12,main,6,L,3,2,4,5,1,1,0,0,0,,4/7/2020
2019,BUFFRMFISHBT09,BUFFRMFISH2019Jun12,main,6,R,2,2,3,10,1,1,0,0,0,,4/7/2020
2019,BUFFRMFISHBT09,BUFFRMFISH2019Jun12,main,7,L,3,2,5,1,1,1,0,0,0,,4/7/2020
2019,BUFFRMFISHBT09,BUFFRMFISH2019Jun12,main,7,R,2,1,3,10,1,1,0,0,0,,4/7/2020
2019,BUFFRMFISHBT09,BUFFRMFISH2019Jun12,main,8,L,3,2,5,1,1,1,0,0,0,,4/7/2020
2019,BUFFRMFISHBT09,BUFFRMFISH2019Jun12,main,8,R,2,1,3,8,1,1,0,0,0,4.5 m gravel bar,4/7/2020
2019,BUFFRMFISHBT09,BUFFRMFISH2019Jun12,main,9,L,3,2,5,1,1,1,0,0,0,,4/7/2020
2019,BUFFRMFISHBT09,BUFFRMFISH2019Jun12,main,9,R,1,2,3,8,1,1,0,0,0,,4/7/2020
2019,BUFFRMFISHBT09,BUFFRMFISH2019Jun12,main,10,L,3,1,4,1,1,0,1,0,0,,4/7/2020
2019,BUFFRMFISHBT09,BUFFRMFISH2019Jun12,main,10,R,1,2,2,10,1,1,0,0,0,,4/7/2020
2019,BUFFRMFISHBT09,BUFFRMFISH2019Jun12,main,11,L,3,1,4,1,1,1,0,0,0,,4/7/2020
2019,BUFFRMFISHBT09,BUFFRMFISH2019Jun12,main,11,R,1,1,1,10,1,1,0,0,0,10 m cobble bar,4/7/2020
2019,BUFFRMFISHBT15,BUFFRMFISH2019Jun06,main,1,L,3,3,5,8,1,1,0,0,0,,4/8/2020
2019,BUFFRMFISHBT15,BUFFRMFISH2019Jun06,main,1,R,2,3,3,5,1,1,0,0,0,7 m gravel bar,4/8/2020
2019,BUFFRMFISHBT15,BUFFRMFISH2019Jun06,main,2,L,3,2,4,5,0,1,0,0,0,,4/8/2020
2019,BUFFRMFISHBT15,BUFFRMFISH2019Jun06,main,2,R,2,1,2,8,1,0,0,0,0,4.5 m gravel bar,4/8/2020
2019,BUFFRMFISHBT15,BUFFRMFISH2019Jun06,main,3,L,3,1,2,8,0,1,0,0,0,,4/8/2020
2019,BUFFRMFISHBT15,BUFFRMFISH2019Jun06,main,3,R,2,1,2,8,1,1,0,0,0,9.5 m gravel bar,4/8/2020
2019,BUFFRMFISHBT15,BUFFRMFISH2019Jun06,main,4,L,3,1,4,8,1,1,0,0,0,4 m gravel bar,4/8/2020
2019,BUFFRMFISHBT15,BUFFRMFISH2019Jun06,main,4,R,3,1,3,8,0,1,0,0,0,,4/8/2020
2019,BUFFRMFISHBT15,BUFFRMFISH2019Jun06,main,5,L,2,1,4,8,0,0,0,1,0,7 m gravel bar,4/8/2020
2019,BUFFRMFISHBT15,BUFFRMFISH2019Jun06,main,5,R,3,2,3,8,1,1,0,0,0,,4/8/2020
2019,BUFFRMFISHBT15,BUFFRMFISH2019Jun06,main,6,L,3,1,1,8,1,1,0,0,0,1 m gravel bar,4/8/2020
2019,BUFFRMFISHBT15,BUFFRMFISH2019Jun06,main,6,R,3,3,4,8,0,1,0,0,0,,4/8/2020
2019,BUFFRMFISHBT15,BUFFRMFISH2019Jun06,main,7,L,2,2,2,8,1,0,0,0,0,,4/8/2020
2019,BUFFRMFISHBT15,BUFFRMFISH2019Jun06,main,7,R,3,2,3,8,1,1,0,0,0,,4/8/2020
2019,BUFFRMFISHBT15,BUFFRMFISH2019Jun06,main,8,L,3,1,2,8,1,1,0,0,0,,4/8/2020
2019,BUFFRMFISHBT15,BUFFRMFISH2019Jun06,main,8,R,3,1,3,8,1,1,0,0,0,,4/8/2020
2019,BUFFRMFISHBT15,BUFFRMFISH2019Jun06,main,9,L,1,1,4,8,0,0,0,1,0,,4/8/2020
2019,BUFFRMFISHBT15,BUFFRMFISH2019Jun06,main,9,R,1,1,4,8,0,0,0,1,0,Road crossing,4/8/2020
2019,BUFFRMFISHBT15,BUFFRMFISH2019Jun06,main,10,L,3,2,1,8,1,1,0,0,0,,4/8/2020
2019,BUFFRMFISHBT15,BUFFRMFISH2019Jun06,main,10,R,3,2,3,8,0,1,0,0,0,,4/8/2020
2019,BUFFRMFISHBT15,BUFFRMFISH2019Jun06,main,11,L,3,1,2,8,0,1,0,0,0,,4/8/2020
2019,BUFFRMFISHBT15,BUFFRMFISH2019Jun06,main,11,R,3,2,5,8,0,1,0,0,0,.5 m gravel bar,4/8/2020
2019,BUFFRMFISHBT19,BUFFRMFISH2019May24,main,1,L,3,1,5,1,1,1,0,0,0,,4/8/2020
2019,BUFFRMFISHBT19,BUFFRMFISH2019May24,main,1,R,3,1,3,8,1,1,0,0,0,7 m gravel bar,4/8/2020
2019,BUFFRMFISHBT19,BUFFRMFISH2019May24,main,2,L,3,2,5,1,1,1,0,0,0,,4/8/2020
2019,BUFFRMFISHBT19,BUFFRMFISH2019May24,main,2,R,1,1,1,10,1,1,0,0,0,65 m gravel bar,4/8/2020
2019,BUFFRMFISHBT19,BUFFRMFISH2019May24,main,3,L,2,1,5,1,0,1,0,0,0,,4/8/2020
2019,BUFFRMFISHBT19,BUFFRMFISH2019May24,main,3,R,2,1,2,10,1,1,0,0,0,10 m gravel bar,4/8/2020
2019,BUFFRMFISHBT19,BUFFRMFISH2019May24,main,4,L,2,2,5,5,1,1,0,0,0,,4/8/2020
2019,BUFFRMFISHBT19,BUFFRMFISH2019May24,main,4,R,2,1,1,10,1,1,0,0,0,18.5 m gravel bar,4/8/2020
2019,BUFFRMFISHBT19,BUFFRMFISH2019May24,main,5,L,3,1,5,8,1,1,0,0,0,,4/8/2020
2019,BUFFRMFISHBT19,BUFFRMFISH2019May24,main,5,R,1,1,1,10,1,1,0,0,0,26 m gravel bar,4/8/2020
2019,BUFFRMFISHBT19,BUFFRMFISH2019May24,main,6,L,3,2,2,10,0,1,0,0,0,,4/8/2020
2019,BUFFRMFISHBT19,BUFFRMFISH2019May24,main,6,R,1,1,1,10,1,1,0,0,0,25 m gravel bar,4/8/2020
2019,BUFFRMFISHBT19,BUFFRMFISH2019May24,main,7,L,3,2,2,10,1,1,0,0,0,,4/8/2020
2019,BUFFRMFISHBT19,BUFFRMFISH2019May24,main,7,R,1,1,1,10,1,1,0,0,0,15.5 m gravel bar,4/8/2020
2019,BUFFRMFISHBT19,BUFFRMFISH2019May24,main,8,L,3,2,2,10,0,1,0,0,0,7.5 m gravel bar,4/8/2020
2019,BUFFRMFISHBT19,BUFFRMFISH2019May24,main,8,R,2,1,2,10,1,1,0,0,0,3 m gravel bar,4/8/2020
2019,BUFFRMFISHBT19,BUFFRMFISH2019May24,main,9,L,1,1,1,8,0,1,0,0,0,15 m gravel bar,4/8/2020
2019,BUFFRMFISHBT19,BUFFRMFISH2019May24,main,9,R,3,2,3,8,1,1,0,0,0,,4/8/2020
2019,BUFFRMFISHBT19,BUFFRMFISH2019May24,main,10,L,1,1,1,8,0,1,0,0,0,24 m gravel bar,4/8/2020
2019,BUFFRMFISHBT19,BUFFRMFISH2019May24,main,10,R,3,2,3,8,1,1,0,0,0,,4/8/2020
2019,BUFFRMFISHBT19,BUFFRMFISH2019May24,main,11,L,1,1,1,8,0,1,0,0,0,25.5 m gravel bar,4/8/2020
2019,BUFFRMFISHBT19,BUFFRMFISH2019May24,main,11,R,3,2,3,8,1,1,0,0,0,,4/8/2020
2019,BUFFRMFISHBT20,BUFFRMFISH2019May28,main,1,L,3,4,5,5,0,0,0,1,0,3 m gravel bar,4/9/2020
2019,BUFFRMFISHBT20,BUFFRMFISH2019May28,main,1,R,3,1,5,5,0,1,0,0,0,17 m gravel bar,4/9/2020
2019,BUFFRMFISHBT20,BUFFRMFISH2019May28,main,2,L,3,2,5,8,0,1,0,0,0,,4/9/2020
2019,BUFFRMFISHBT20,BUFFRMFISH2019May28,main,2,R,3,1,4,8,0,1,0,0,0,3 m gravel bar,4/9/2020
2019,BUFFRMFISHBT20,BUFFRMFISH2019May28,main,3,L,3,3,5,8,1,1,0,0,0,,4/9/2020
2019,BUFFRMFISHBT20,BUFFRMFISH2019May28,main,3,R,3,1,4,1,1,1,0,0,0,,4/9/2020
2019,BUFFRMFISHBT20,BUFFRMFISH2019May28,main,4,L,3,2,5,8,1,1,0,0,0,,4/9/2020
2019,BUFFRMFISHBT20,BUFFRMFISH2019May28,main,4,R,2,2,4,1,0,1,0,0,0,,4/9/2020
2019,BUFFRMFISHBT20,BUFFRMFISH2019May28,main,5,L,3,2,5,8,0,1,0,0,0,1 m gravel bar,4/9/2020
2019,BUFFRMFISHBT20,BUFFRMFISH2019May28,main,5,R,3,2,5,2,1,1,0,0,0,,4/9/2020
2019,BUFFRMFISHBT20,BUFFRMFISH2019May28,main,6,L,3,2,5,8,1,1,0,0,0,5 m gravel bar,4/9/2020
2019,BUFFRMFISHBT20,BUFFRMFISH2019May28,main,6,R,3,1,5,8,0,1,0,0,0,,4/9/2020
2019,BUFFRMFISHBT20,BUFFRMFISH2019May28,main,7,L,2,2,3,8,1,1,0,0,0,12 m gravel bar,4/9/2020
2019,BUFFRMFISHBT20,BUFFRMFISH2019May28,main,7,R,3,1,5,8,1,1,0,0,0,,4/9/2020
2019,BUFFRMFISHBT20,BUFFRMFISH2019May28,main,8,L,3,2,5,8,1,1,0,0,0,18 m gravel bar,4/9/2020
2019,BUFFRMFISHBT20,BUFFRMFISH2019May28,main,8,R,3,1,5,2,1,1,0,0,0,,4/9/2020
2019,BUFFRMFISHBT20,BUFFRMFISH2019May28,main,9,L,3,1,3,8,0,1,1,0,0,14 m gravel bar,4/9/2020
2019,BUFFRMFISHBT20,BUFFRMFISH2019May28,main,9,R,3,1,5,2,1,1,0,0,0,,4/9/2020
2019,BUFFRMFISHBT20,BUFFRMFISH2019May28,main,10,L,3,1,2,10,1,1,0,0,0,12.5 m gravel bar,4/9/2020
2019,BUFFRMFISHBT20,BUFFRMFISH2019May28,main,10,R,3,1,5,2,1,1,0,0,0,,4/9/2020
2019,BUFFRMFISHBT20,BUFFRMFISH2019May28,main,11,L,3,1,3,10,1,1,0,0,0,12.5 m gravel bar,4/9/2020
2019,BUFFRMFISHBT20,BUFFRMFISH2019May28,main,11,R,3,1,5,2,1,1,0,0,0,,4/9/2020
2019,BUFFRMFISHBT23,BUFFRMFISH2019Jun17,main,1,L,3,1,4,2,1,1,0,0,0,9.5 m gravel bar,4/9/2020
2019,BUFFRMFISHBT23,BUFFRMFISH2019Jun17,main,1,R,2,1,3,8,1,1,0,0,0,5.5 m gravel bar,4/9/2020
2019,BUFFRMFISHBT23,BUFFRMFISH2019Jun17,main,2,L,3,4,5,1,0,0,0,1,0,,4/9/2020
2019,BUFFRMFISHBT23,BUFFRMFISH2019Jun17,main,2,R,2,1,3,8,1,1,0,0,0,9 m gravel bar,4/9/2020
2019,BUFFRMFISHBT23,BUFFRMFISH2019Jun17,main,3,L,3,4,5,1,0,0,0,1,0,,4/9/2020
2019,BUFFRMFISHBT23,BUFFRMFISH2019Jun17,main,3,R,2,1,3,8,1,1,0,0,0,8.1 m gravel bar,4/9/2020
2019,BUFFRMFISHBT23,BUFFRMFISH2019Jun17,main,4,L,3,4,5,1,0,0,0,1,0,,4/9/2020
2019,BUFFRMFISHBT23,BUFFRMFISH2019Jun17,main,4,R,2,1,4,8,1,1,0,0,0,14.4 m gravel bar,4/9/2020
2019,BUFFRMFISHBT23,BUFFRMFISH2019Jun17,main,5,L,3,2,5,2,1,1,0,0,0,,4/9/2020
2019,BUFFRMFISHBT23,BUFFRMFISH2019Jun17,main,5,R,2,1,4,8,1,1,0,0,0,10.5 m gravel bar,4/9/2020
2019,BUFFRMFISHBT23,BUFFRMFISH2019Jun17,main,6,L,3,4,5,1,0,0,0,1,0,7 m gravel bar,4/9/2020
2019,BUFFRMFISHBT23,BUFFRMFISH2019Jun17,main,6,R,3,2,4,8,1,1,0,0,0,5.6 m gravel bar,4/9/2020
2019,BUFFRMFISHBT23,BUFFRMFISH2019Jun17,main,7,L,1,3,1,10,0,0,0,1,0,3.7  m gravel bar,4/9/2020
2019,BUFFRMFISHBT23,BUFFRMFISH2019Jun17,main,7,R,3,2,4,5,1,1,0,0,0,,4/9/2020
2019,BUFFRMFISHBT23,BUFFRMFISH2019Jun17,main,8,L,1,2,1,10,1,1,0,0,0,4 m gravel bar,4/9/2020
2019,BUFFRMFISHBT23,BUFFRMFISH2019Jun17,main,8,R,3,2,4,5,1,1,0,0,0,,4/9/2020
2019,BUFFRMFISHBT23,BUFFRMFISH2019Jun17,main,9,L,1,3,1,10,0,0,0,1,0,3.9 m gravel bar,4/9/2020
2019,BUFFRMFISHBT23,BUFFRMFISH2019Jun17,main,9,R,3,3,5,5,0,0,0,1,0,,4/9/2020
2019,BUFFRMFISHBT23,BUFFRMFISH2019Jun17,main,10,L,1,3,1,10,0,0,0,1,0,7.7 m gravel bar,4/9/2020
2019,BUFFRMFISHBT23,BUFFRMFISH2019Jun17,main,10,R,3,2,5,5,0,1,1,0,0,,4/9/2020
2019,BUFFRMFISHBT23,BUFFRMFISH2019Jun17,main,11,L,1,4,1,10,0,0,0,1,0,7.5 m gravel bar,4/9/2020
2019,BUFFRMFISHBT23,BUFFRMFISH2019Jun17,main,11,R,3,2,4,5,1,1,0,0,0,,4/9/2020
2021,BUFFRMFISHBT07,BUFFRMFISH2021May18,main,1,L,2,2,2,8,1,1,0,0,0,,9/9/2021
2021,BUFFRMFISHBT07,BUFFRMFISH2021May18,main,1,R,3,2,3,8,1,1,0,0,0,,9/9/2021
2021,BUFFRMFISHBT07,BUFFRMFISH2021May18,main,2,L,3,2,3,8,0,1,0,0,0,,9/9/2021
2021,BUFFRMFISHBT07,BUFFRMFISH2021May18,main,2,R,3,2,3,8,0,1,0,0,0,,9/9/2021
2021,BUFFRMFISHBT07,BUFFRMFISH2021May18,main,3,L,3,2,3,8,0,1,0,0,0,,9/9/2021
2021,BUFFRMFISHBT07,BUFFRMFISH2021May18,main,3,R,3,2,3,8,0,1,1,0,0,,9/9/2021
2021,BUFFRMFISHBT07,BUFFRMFISH2021May18,main,4,L,3,3,4,8,1,1,0,0,0,,9/9/2021
2021,BUFFRMFISHBT07,BUFFRMFISH2021May18,main,4,R,2,2,4,8,1,0,0,0,0,,9/9/2021
2021,BUFFRMFISHBT07,BUFFRMFISH2021May18,main,5,L,3,3,4,8,0,1,0,0,0,,9/9/2021
2021,BUFFRMFISHBT07,BUFFRMFISH2021May18,main,5,R,1,2,1,10,0,1,0,0,0,3.5m gravel bar,9/9/2021
2021,BUFFRMFISHBT07,BUFFRMFISH2021May18,main,6,L,3,2,5,8,0,0,1,0,0,,9/9/2021
2021,BUFFRMFISHBT07,BUFFRMFISH2021May18,main,6,R,1,2,1,10,1,1,0,0,0,8.5 m gravel bar,9/9/2021
2021,BUFFRMFISHBT07,BUFFRMFISH2021May18,main,7,L,3,2,5,8,1,1,0,0,0,,9/9/2021
2021,BUFFRMFISHBT07,BUFFRMFISH2021May18,main,7,R,2,1,1,8,1,1,0,0,0,16 m gravel bar,9/9/2021
2021,BUFFRMFISHBT07,BUFFRMFISH2021May18,main,8,L,3,2,4,8,0,1,1,0,0,,9/9/2021
2021,BUFFRMFISHBT07,BUFFRMFISH2021May18,main,8,R,1,2,2,8,1,1,0,0,0,19 m gravel bar,9/9/2021
2021,BUFFRMFISHBT07,BUFFRMFISH2021May18,main,9,L,3,3,4,8,0,1,0,0,0,,9/9/2021
2021,BUFFRMFISHBT07,BUFFRMFISH2021May18,main,9,R,2,2,2,10,1,1,0,0,0,23.5 m gravel bar,9/9/2021
2021,BUFFRMFISHBT07,BUFFRMFISH2021May18,main,10,L,3,3,3,1,0,1,0,0,0,,9/9/2021
2021,BUFFRMFISHBT07,BUFFRMFISH2021May18,main,10,R,3,1,4,8,0,1,0,0,0,23.5 m gravel bar,9/9/2021
2021,BUFFRMFISHBT07,BUFFRMFISH2021May18,main,11,L,3,2,4,8,0,1,0,0,0,,9/9/2021
2021,BUFFRMFISHBT07,BUFFRMFISH2021May18,main,11,R,3,2,5,8,0,1,0,0,0,24 m gravel bar,9/9/2021
2021,BUFFRMFISHBT15,BUFFRMFISH2021May17,main,1,L,3,3,5,5,1,0,0,0,0,,9/3/2021
2021,BUFFRMFISHBT15,BUFFRMFISH2021May17,main,1,R,2,1,2,8,1,1,0,0,0,6.5 m gravel bar,9/3/2021
2021,BUFFRMFISHBT15,BUFFRMFISH2021May17,main,2,L,3,3,5,5,0,1,0,0,0,,9/3/2021
2021,BUFFRMFISHBT15,BUFFRMFISH2021May17,main,2,R,1,1,2,8,1,1,0,0,0,5.5 m gravel bar,9/3/2021
2021,BUFFRMFISHBT15,BUFFRMFISH2021May17,main,3,L,3,1,5,5,0,1,0,0,0,,9/3/2021
2021,BUFFRMFISHBT15,BUFFRMFISH2021May17,main,3,R,2,1,2,8,1,1,0,0,0,11.5 m gravel bar,9/3/2021
2021,BUFFRMFISHBT15,BUFFRMFISH2021May17,main,4,L,3,1,5,5,1,1,0,0,0,,9/3/2021
2021,BUFFRMFISHBT15,BUFFRMFISH2021May17,main,4,R,3,1,3,8,0,1,0,0,0,4.5 m gravel bar,9/3/2021
2021,BUFFRMFISHBT15,BUFFRMFISH2021May17,main,5,L,2,3,2,8,1,1,0,0,0,4 m sand bar,9/3/2021
2021,BUFFRMFISHBT15,BUFFRMFISH2021May17,main,5,R,3,2,5,5,1,1,0,0,0,,9/3/2021
2021,BUFFRMFISHBT15,BUFFRMFISH2021May17,main,6,L,2,1,2,8,1,1,0,0,0,,9/3/2021
2021,BUFFRMFISHBT15,BUFFRMFISH2021May17,main,6,R,3,2,5,8,1,1,0,0,0,,9/3/2021
2021,BUFFRMFISHBT15,BUFFRMFISH2021May17,main,7,L,2,1,2,8,1,1,0,0,0,,9/3/2021
2021,BUFFRMFISHBT15,BUFFRMFISH2021May17,main,7,R,3,2,5,8,0,1,0,0,0,,9/3/2021
2021,BUFFRMFISHBT15,BUFFRMFISH2021May17,main,8,L,3,1,2,8,1,1,0,0,0,,9/3/2021
2021,BUFFRMFISHBT15,BUFFRMFISH2021May17,main,8,R,3,2,4,8,1,1,0,0,0,,9/3/2021
2021,BUFFRMFISHBT15,BUFFRMFISH2021May17,main,9,L,3,1,2,8,1,1,0,0,0,,9/3/2021
2021,BUFFRMFISHBT15,BUFFRMFISH2021May17,main,9,R,3,3,4,8,1,0,0,0,0,,9/3/2021
2021,BUFFRMFISHBT15,BUFFRMFISH2021May17,main,10,L,3,3,3,8,0,1,0,0,0,2 m gravel island,9/3/2021
2021,BUFFRMFISHBT15,BUFFRMFISH2021May17,main,10,R,3,4,5,8,1,0,0,0,0,,9/3/2021
2021,BUFFRMFISHBT15,BUFFRMFISH2021May17,main,11,L,3,3,2,8,1,0,0,0,0,,9/3/2021
2021,BUFFRMFISHBT15,BUFFRMFISH2021May17,main,11,R,3,4,5,8,1,0,0,0,0,,9/3/2021
2021,BUFFRMFISHBT19,BUFFRMFISH2021Jun09,main,1,L,3,3,5,8,0,0,0,1,0,,9/3/2021
2021,BUFFRMFISHBT19,BUFFRMFISH2021Jun09,main,1,R,3,3,5,8,0,0,0,1,0,7.5 m gravel bar,9/3/2021
2021,BUFFRMFISHBT19,BUFFRMFISH2021Jun09,main,2,L,3,4,5,1,0,0,0,1,0,,9/3/2021
2021,BUFFRMFISHBT19,BUFFRMFISH2021Jun09,main,2,R,3,2,3,8,0,1,0,0,0,7 m gravel bar,9/3/2021
2021,BUFFRMFISHBT19,BUFFRMFISH2021Jun09,main,3,L,3,4,5,8,0,0,0,1,0,,9/3/2021
2021,BUFFRMFISHBT19,BUFFRMFISH2021Jun09,main,3,R,3,3,4,5,0,0,0,1,0,14 m gravel bar,9/3/2021
2021,BUFFRMFISHBT19,BUFFRMFISH2021Jun09,main,4,L,3,1,5,5,0,1,0,0,0,,9/3/2021
2021,BUFFRMFISHBT19,BUFFRMFISH2021Jun09,main,4,R,3,4,5,5,0,0,0,1,0,5 m sand bar,9/3/2021
2021,BUFFRMFISHBT19,BUFFRMFISH2021Jun09,main,5,L,3,2,5,5,0,1,0,0,0,22 m sand bar,9/3/2021
2021,BUFFRMFISHBT19,BUFFRMFISH2021Jun09,main,5,R,3,4,5,5,0,0,0,1,0,10 m gravel island,9/3/2021
2021,BUFFRMFISHBT19,BUFFRMFISH2021Jun09,main,6,L,3,2,3,8,0,1,0,0,0,25 m gravel bar,9/3/2021
2021,BUFFRMFISHBT19,BUFFRMFISH2021Jun09,main,6,R,3,4,5,5,0,0,0,1,0,7 m gravel island,9/3/2021
2021,BUFFRMFISHBT19,BUFFRMFISH2021Jun09,main,7,L,2,1,1,8,0,0,1,0,0,20 m gravel bar,9/3/2021
2021,BUFFRMFISHBT19,BUFFRMFISH2021Jun09,main,7,R,3,4,5,5,0,0,0,1,0,7 m gravel island,9/3/2021
2021,BUFFRMFISHBT19,BUFFRMFISH2021Jun09,main,8,L,3,4,5,5,0,0,0,1,0,5 m gravel island,9/3/2021
2021,BUFFRMFISHBT19,BUFFRMFISH2021Jun09,main,8,R,1,1,1,8,0,0,1,0,0,36 m gravel bar,9/3/2021
2021,BUFFRMFISHBT19,BUFFRMFISH2021Jun09,main,9,L,1,1,1,8,0,0,1,0,0,32.5 m gravel bar,9/3/2021
2021,BUFFRMFISHBT19,BUFFRMFISH2021Jun09,main,9,R,3,4,4,5,0,0,0,1,0,,9/3/2021
2021,BUFFRMFISHBT19,BUFFRMFISH2021Jun09,main,10,L,1,1,1,8,0,0,1,0,0,18.5 m gravel bar,9/3/2021
2021,BUFFRMFISHBT19,BUFFRMFISH2021Jun09,main,10,R,3,4,4,5,0,0,0,1,0,4 m gravel island,9/3/2021
2021,BUFFRMFISHBT19,BUFFRMFISH2021Jun09,main,11,L,1,2,1,8,0,0,1,0,0,8 m gravel bar,9/3/2021
2021,BUFFRMFISHBT19,BUFFRMFISH2021Jun09,main,11,R,3,4,5,5,0,0,0,1,0,15 m gravel island,9/3/2021
2021,BUFFRMFISHBT20,BUFFRMFISH2021Jun16,main,1,L,3,2,3,5,1,1,0,0,0,,9/3/2021
2021,BUFFRMFISHBT20,BUFFRMFISH2021Jun16,main,1,R,3,2,4,5,1,1,0,0,0,12 m gravel bar,9/3/2021
2021,BUFFRMFISHBT20,BUFFRMFISH2021Jun16,main,2,L,2,1,4,5,0,1,1,0,0,,9/3/2021
2021,BUFFRMFISHBT20,BUFFRMFISH2021Jun16,main,2,R,2,1,4,5,0,1,1,0,0,3.5 m gravel bar,9/3/2021
2021,BUFFRMFISHBT20,BUFFRMFISH2021Jun16,main,3,L,3,3,5,5,0,0,0,1,0,,9/3/2021
2021,BUFFRMFISHBT20,BUFFRMFISH2021Jun16,main,3,R,2,1,4,5,1,1,0,0,0,,9/3/2021
2021,BUFFRMFISHBT20,BUFFRMFISH2021Jun16,main,4,L,3,2,5,5,1,0,1,0,0,,9/3/2021
2021,BUFFRMFISHBT20,BUFFRMFISH2021Jun16,main,4,R,2,1,4,1,1,0,1,0,0,,9/3/2021
2021,BUFFRMFISHBT20,BUFFRMFISH2021Jun16,main,5,L,2,1,4,5,1,1,1,0,0,4 m gravel bar,9/3/2021
2021,BUFFRMFISHBT20,BUFFRMFISH2021Jun16,main,5,R,2,1,4,2,1,1,0,0,0,,9/3/2021
2021,BUFFRMFISHBT20,BUFFRMFISH2021Jun16,main,6,L,2,3,4,5,0,0,0,1,0,,9/3/2021
2021,BUFFRMFISHBT20,BUFFRMFISH2021Jun16,main,6,R,2,1,4,5,1,0,1,0,0,,9/3/2021
2021,BUFFRMFISHBT20,BUFFRMFISH2021Jun16,main,7,L,2,2,3,8,1,1,0,0,0,7 m gravel/sand bar,9/3/2021
2021,BUFFRMFISHBT20,BUFFRMFISH2021Jun16,main,7,R,2,1,4,5,1,0,1,0,0,,9/3/2021
2021,BUFFRMFISHBT20,BUFFRMFISH2021Jun16,main,8,L,2,1,3,8,1,1,0,0,0,22.5 m gravel bar,9/3/2021
2021,BUFFRMFISHBT20,BUFFRMFISH2021Jun16,main,8,R,2,1,4,2,1,1,0,0,0,,9/3/2021
2021,BUFFRMFISHBT20,BUFFRMFISH2021Jun16,main,9,L,2,1,3,8,1,1,0,0,0,14 m gravel bar,9/3/2021
2021,BUFFRMFISHBT20,BUFFRMFISH2021Jun16,main,9,R,2,1,4,2,1,1,1,0,0,,9/3/2021
2021,BUFFRMFISHBT20,BUFFRMFISH2021Jun16,main,10,L,2,1,3,8,1,0,1,0,0,13 m gravel bar,9/3/2021
2021,BUFFRMFISHBT20,BUFFRMFISH2021Jun16,main,10,R,2,2,5,1,1,0,1,0,0,,9/3/2021
2021,BUFFRMFISHBT20,BUFFRMFISH2021Jun16,main,11,L,2,1,3,10,1,0,1,0,0,12 m gravel bar,9/3/2021
2021,BUFFRMFISHBT20,BUFFRMFISH2021Jun16,main,11,R,2,1,5,2,1,1,0,0,0,,9/3/2021
2021,BUFFRMFISHBT27,BUFFRMFISH2021May24,main,1,L,3,2,5,1,0,1,1,0,0,,9/7/2021
2021,BUFFRMFISHBT27,BUFFRMFISH2021May24,main,1,R,3,1,4,5,1,1,0,0,0,,9/7/2021
2021,BUFFRMFISHBT27,BUFFRMFISH2021May24,main,2,L,3,4,5,1,0,0,0,1,0,,9/7/2021
2021,BUFFRMFISHBT27,BUFFRMFISH2021May24,main,2,R,2,2,4,5,1,0,1,0,0,,9/7/2021
2021,BUFFRMFISHBT27,BUFFRMFISH2021May24,main,3,L,3,3,5,1,0,0,0,1,0,,9/7/2021
2021,BUFFRMFISHBT27,BUFFRMFISH2021May24,main,3,R,1,2,3,8,1,0,1,0,0,,9/7/2021
2021,BUFFRMFISHBT27,BUFFRMFISH2021May24,main,4,L,3,2,5,1,0,1,1,0,0,,9/7/2021
2021,BUFFRMFISHBT27,BUFFRMFISH2021May24,main,4,R,2,2,4,8,0,1,1,0,0,,9/7/2021
2021,BUFFRMFISHBT27,BUFFRMFISH2021May24,main,5,L,3,2,5,1,1,0,1,0,0,,9/7/2021
2021,BUFFRMFISHBT27,BUFFRMFISH2021May24,main,5,R,1,1,3,8,0,1,1,0,0,4 m gravel bar,9/7/2021
2021,BUFFRMFISHBT27,BUFFRMFISH2021May24,main,6,L,3,2,5,1,0,1,1,0,0,,9/7/2021
2021,BUFFRMFISHBT27,BUFFRMFISH2021May24,main,6,R,2,2,3,8,1,0,1,0,0,8.5 m gravel bar,9/7/2021
2021,BUFFRMFISHBT27,BUFFRMFISH2021May24,main,7,L,3,3,5,1,0,0,0,1,0,,9/7/2021
2021,BUFFRMFISHBT27,BUFFRMFISH2021May24,main,7,R,2,2,2,10,0,1,1,0,0,,9/7/2021
2021,BUFFRMFISHBT27,BUFFRMFISH2021May24,main,8,L,2,2,3,8,0,1,1,0,0,small spring comes in at transect,9/7/2021
2021,BUFFRMFISHBT27,BUFFRMFISH2021May24,main,8,R,3,3,3,1,0,0,0,1,0,,9/7/2021
2021,BUFFRMFISHBT27,BUFFRMFISH2021May24,main,9,L,3,2,5,1,1,0,0,0,0,,9/7/2021
2021,BUFFRMFISHBT27,BUFFRMFISH2021May24,main,9,R,3,2,4,1,1,0,0,0,0,,9/7/2021
2021,BUFFRMFISHBT27,BUFFRMFISH2021May24,main,10,L,3,2,5,1,1,0,1,0,0,,9/7/2021
2021,BUFFRMFISHBT27,BUFFRMFISH2021May24,main,10,R,2,2,3,1,1,1,0,0,0,,9/7/2021
2021,BUFFRMFISHBT27,BUFFRMFISH2021May24,main,11,L,2,3,3,2,0,0,0,1,0,,9/7/2021
2021,BUFFRMFISHBT27,BUFFRMFISH2021May24,main,11,R,2,3,4,1,0,0,0,1,0,,9/7/2021
2021,BUFFRMFISHBT30,BUFFRMFISH2021Jun10,main,1,L,1,3,2,8,0,0,0,1,0,,9/2/2021
2021,BUFFRMFISHBT30,BUFFRMFISH2021Jun10,main,1,R,2,1,2,5,1,1,0,0,0,,9/2/2021
2021,BUFFRMFISHBT30,BUFFRMFISH2021Jun10,main,2,L,1,2,2,8,1,1,0,0,0,,9/2/2021
2021,BUFFRMFISHBT30,BUFFRMFISH2021Jun10,main,2,R,2,1,4,10,1,1,0,0,0,,9/2/2021
2021,BUFFRMFISHBT30,BUFFRMFISH2021Jun10,main,3,L,2,1,2,8,1,1,0,0,0,6.5 m gravel bar,9/2/2021
2021,BUFFRMFISHBT30,BUFFRMFISH2021Jun10,main,3,R,3,2,5,1,0,1,1,0,0,,9/2/2021
2021,BUFFRMFISHBT30,BUFFRMFISH2021Jun10,main,4,L,2,2,3,8,1,0,1,0,0,,9/2/2021
2021,BUFFRMFISHBT30,BUFFRMFISH2021Jun10,main,4,R,3,2,5,8,1,0,1,0,0,,9/2/2021
2021,BUFFRMFISHBT30,BUFFRMFISH2021Jun10,main,5,L,3,2,4,5,0,1,1,0,0,,9/2/2021
2021,BUFFRMFISHBT30,BUFFRMFISH2021Jun10,main,5,R,3,4,5,1,0,0,0,1,0,,9/2/2021
2021,BUFFRMFISHBT30,BUFFRMFISH2021Jun10,main,6,L,3,3,4,2,0,1,1,0,0,,9/2/2021
2021,BUFFRMFISHBT30,BUFFRMFISH2021Jun10,main,6,R,3,4,5,1,0,0,0,1,0,14 m island,9/2/2021
2021,BUFFRMFISHBT30,BUFFRMFISH2021Jun10,main,7,L,2,1,2,8,0,1,1,0,0,,9/2/2021
2021,BUFFRMFISHBT30,BUFFRMFISH2021Jun10,main,7,R,3,4,5,1,0,0,0,1,0,,9/2/2021
2021,BUFFRMFISHBT30,BUFFRMFISH2021Jun10,main,8,L,1,1,2,10,0,0,1,0,0,,9/2/2021
2021,BUFFRMFISHBT30,BUFFRMFISH2021Jun10,main,8,R,3,4,5,1,0,0,0,1,0,,9/2/2021
2021,BUFFRMFISHBT30,BUFFRMFISH2021Jun10,main,9,L,1,1,2,10,1,0,1,0,0,,9/2/2021
2021,BUFFRMFISHBT30,BUFFRMFISH2021Jun10,main,9,R,3,1,5,5,1,0,1,0,0,,9/2/2021
2021,BUFFRMFISHBT30,BUFFRMFISH2021Jun10,main,10,L,1,1,2,8,1,0,1,0,0,,9/2/2021
2021,BUFFRMFISHBT30,BUFFRMFISH2021Jun10,main,10,R,3,3,4,5,0,0,0,1,0,,9/2/2021
2021,BUFFRMFISHBT30,BUFFRMFISH2021Jun10,main,11,L,1,1,2,8,0,1,1,0,0,,9/2/2021
2021,BUFFRMFISHBT30,BUFFRMFISH2021Jun10,main,11,R,3,3,4,5,0,0,0,1,0,,9/2/2021
2021,BUFFRMFISHBT31,BUFFRMFISH2021Jun11,main,1,L,3,3,5,5,0,0,0,1,0,,9/9/2021
2021,BUFFRMFISHBT31,BUFFRMFISH2021Jun11,main,1,R,3,2,3,5,1,0,1,0,0,,9/9/2021
2021,BUFFRMFISHBT31,BUFFRMFISH2021Jun11,main,2,L,3,2,5,5,0,1,0,0,0,,9/9/2021
2021,BUFFRMFISHBT31,BUFFRMFISH2021Jun11,main,2,R,3,2,3,5,0,1,1,0,0,,9/9/2021
2021,BUFFRMFISHBT31,BUFFRMFISH2021Jun11,main,3,L,1,2,1,8,1,1,0,0,0,,9/9/2021
2021,BUFFRMFISHBT31,BUFFRMFISH2021Jun11,main,3,R,3,2,3,5,1,0,1,0,0,,9/9/2021
2021,BUFFRMFISHBT31,BUFFRMFISH2021Jun11,main,4,L,1,2,1,10,1,1,0,0,0,,9/9/2021
2021,BUFFRMFISHBT31,BUFFRMFISH2021Jun11,main,4,R,3,2,3,5,1,0,1,0,0,,9/9/2021
2021,BUFFRMFISHBT31,BUFFRMFISH2021Jun11,main,5,L,1,1,1,10,1,1,0,0,0,,9/9/2021
2021,BUFFRMFISHBT31,BUFFRMFISH2021Jun11,main,5,R,3,1,4,5,1,0,1,0,0,,9/9/2021
2021,BUFFRMFISHBT31,BUFFRMFISH2021Jun11,main,6,L,2,2,3,10,1,1,0,0,0,,9/9/2021
2021,BUFFRMFISHBT31,BUFFRMFISH2021Jun11,main,6,R,3,2,3,5,0,1,1,0,0,7 m sand bar,9/9/2021
2021,BUFFRMFISHBT31,BUFFRMFISH2021Jun11,main,7,L,2,1,4,5,0,0,1,0,0,,9/9/2021
2021,BUFFRMFISHBT31,BUFFRMFISH2021Jun11,main,7,R,3,2,3,5,1,0,1,0,0,10 m gravel bar,9/9/2021
2021,BUFFRMFISHBT31,BUFFRMFISH2021Jun11,main,8,L,2,2,5,10,0,1,1,0,0,,9/9/2021
2021,BUFFRMFISHBT31,BUFFRMFISH2021Jun11,main,8,R,3,2,3,5,1,0,1,0,0,7.5 m gravel island,9/9/2021
2021,BUFFRMFISHBT31,BUFFRMFISH2021Jun11,main,9,L,3,3,4,5,0,0,0,1,0,,9/9/2021
2021,BUFFRMFISHBT31,BUFFRMFISH2021Jun11,main,9,R,3,2,4,10,1,0,0,0,0,6 m island,9/9/2021
2021,BUFFRMFISHBT31,BUFFRMFISH2021Jun11,main,10,L,3,2,5,1,0,1,1,0,0,,9/9/2021
2021,BUFFRMFISHBT31,BUFFRMFISH2021Jun11,main,10,R,2,2,4,5,1,0,1,0,0,4 m island,9/9/2021
2021,BUFFRMFISHBT31,BUFFRMFISH2021Jun11,main,11,L,2,1,4,1,1,0,1,0,0,,9/9/2021
2021,BUFFRMFISHBT31,BUFFRMFISH2021Jun11,main,11,R,2,2,4,5,1,0,1,0,0,,9/9/2021
2023,BUFFRMFISHBM01,BUFFRMFISH2023May24,main,1,L,2,1,3,2,1,1,1,0,0,,6/29/2023
2023,BUFFRMFISHBM01,BUFFRMFISH2023May24,main,1,R,1,2,1,2,1,0,1,0,0,10M gravel bar,6/29/2023
2023,BUFFRMFISHBM01,BUFFRMFISH2023May24,main,2,L,2,1,3,2,1,1,1,0,0,,6/29/2023
2023,BUFFRMFISHBM01,BUFFRMFISH2023May24,main,2,R,1,2,1,2,1,1,1,0,0,8.5M gravel bar,6/29/2023
2023,BUFFRMFISHBM01,BUFFRMFISH2023May24,main,3,L,1,1,2,2,1,1,1,0,0,,6/29/2023
2023,BUFFRMFISHBM01,BUFFRMFISH2023May24,main,3,R,1,1,1,2,1,1,0,0,0,,6/29/2023
2023,BUFFRMFISHBM01,BUFFRMFISH2023May24,main,4,L,1,4,1,2,0,0,0,1,0,,6/29/2023
2023,BUFFRMFISHBM01,BUFFRMFISH2023May24,main,4,R,2,1,2,8,1,0,1,0,0,7M gravel bar,6/29/2023
2023,BUFFRMFISHBM01,BUFFRMFISH2023May24,main,5,L,1,4,1,2,0,0,0,1,0,,6/29/2023
2023,BUFFRMFISHBM01,BUFFRMFISH2023May24,main,5,R,3,1,2,8,0,1,1,0,0,,6/29/2023
2023,BUFFRMFISHBM01,BUFFRMFISH2023May24,main,6,L,1,1,1,2,1,1,0,0,0,,6/29/2023
2023,BUFFRMFISHBM01,BUFFRMFISH2023May24,main,6,R,3,1,3,10,1,0,1,0,0,,6/29/2023
2023,BUFFRMFISHBM01,BUFFRMFISH2023May24,main,7,L,1,1,1,2,1,1,0,0,0,,6/29/2023
2023,BUFFRMFISHBM01,BUFFRMFISH2023May24,main,7,R,3,2,3,2,1,1,0,0,0,,6/29/2023
2023,BUFFRMFISHBM01,BUFFRMFISH2023May24,main,8,L,1,1,1,10,1,1,0,0,0,,6/29/2023
2023,BUFFRMFISHBM01,BUFFRMFISH2023May24,main,8,R,3,2,3,2,1,1,0,0,0,,6/29/2023
2023,BUFFRMFISHBM01,BUFFRMFISH2023May24,main,9,L,2,1,2,5,1,1,0,0,0,,6/29/2023
2023,BUFFRMFISHBM01,BUFFRMFISH2023May24,main,9,R,3,2,3,2,1,1,0,0,0,,6/29/2023
2023,BUFFRMFISHBM01,BUFFRMFISH2023May24,main,10,L,3,1,3,5,1,1,0,0,0,,6/29/2023
2023,BUFFRMFISHBM01,BUFFRMFISH2023May24,main,10,R,3,1,2,2,1,1,0,0,0,,6/29/2023
2023,BUFFRMFISHBM01,BUFFRMFISH2023May24,main,11,L,3,1,4,5,1,0,1,0,0,,6/29/2023
2023,BUFFRMFISHBM01,BUFFRMFISH2023May24,main,11,R,3,2,3,2,1,0,1,0,0,,6/29/2023
2023,BUFFRMFISHBM01,BUFFRMFISH2023May24,side channel,1,L,1,1,1,2,1,1,1,0,0,,6/29/2023
2023,BUFFRMFISHBM01,BUFFRMFISH2023May24,side channel,1,R,2,1,2,2,1,1,0,0,0,,6/29/2023
2023,BUFFRMFISHBM01,BUFFRMFISH2023May24,side channel,2,L,1,1,1,10,1,1,1,0,0,,6/29/2023
2023,BUFFRMFISHBM01,BUFFRMFISH2023May24,side channel,2,R,2,2,3,2,1,1,0,1,0,,6/29/2023
2023,BUFFRMFISHBM01,BUFFRMFISH2023May24,side channel,3,L,1,2,1,2,1,1,0,1,0,10.2M gravel bar-width,6/29/2023
2023,BUFFRMFISHBM01,BUFFRMFISH2023May24,side channel,3,R,2,1,3,10,1,1,1,1,0,7.5 m gravel bar width,6/29/2023
2023,BUFFRMFISHBM01,BUFFRMFISH2023May24,side channel,4,L,2,1,2,10,1,1,0,0,0,5 m gravel bar width,6/29/2023
2023,BUFFRMFISHBM01,BUFFRMFISH2023May24,side channel,4,R,1,1,1,2,1,1,0,0,0,14 m gravel bar width,6/29/2023
2023,BUFFRMFISHBM01,BUFFRMFISH2023May24,side channel,5,L,2,1,2,10,1,0,1,0,0,,6/29/2023
2023,BUFFRMFISHBM01,BUFFRMFISH2023May24,side channel,5,R,2,1,2,10,1,1,0,0,0,17.2 m gravel bar width,6/29/2023
2023,BUFFRMFISHBM01,BUFFRMFISH2023May24,side channel,6,L,1,1,1,5,1,1,0,0,0,10.2 m gravel bar width,6/29/2023
2023,BUFFRMFISHBM01,BUFFRMFISH2023May24,side channel,6,R,1,4,1,2,0,0,0,1,0,,6/29/2023
2023,BUFFRMFISHBM03,BUFFRMFISH2023May25,main,1,L,2,1,3,10,1,1,0,0,0,40 m gravel bar,6/29/2023
2023,BUFFRMFISHBM03,BUFFRMFISH2023May25,main,1,R,3,4,5,8,0,0,0,1,0,12 m gravel bar,6/29/2023
2023,BUFFRMFISHBM03,BUFFRMFISH2023May25,main,2,L,3,1,5,10,1,1,0,0,0,,6/29/2023
2023,BUFFRMFISHBM03,BUFFRMFISH2023May25,main,2,R,3,1,5,5,1,1,0,0,0,,6/29/2023
2023,BUFFRMFISHBM03,BUFFRMFISH2023May25,main,3,L,3,1,4,8,1,1,0,0,0,,6/29/2023
2023,BUFFRMFISHBM03,BUFFRMFISH2023May25,main,3,R,3,1,5,8,1,1,0,0,0,,6/29/2023
2023,BUFFRMFISHBM03,BUFFRMFISH2023May25,main,4,L,3,1,5,2,1,1,0,0,0,,6/29/2023
2023,BUFFRMFISHBM03,BUFFRMFISH2023May25,main,4,R,3,1,4,10,1,1,0,0,0,,6/29/2023
2023,BUFFRMFISHBM03,BUFFRMFISH2023May25,main,5,L,3,1,5,8,1,1,0,0,0,,6/29/2023
2023,BUFFRMFISHBM03,BUFFRMFISH2023May25,main,5,R,3,1,5,10,1,1,0,0,0,,6/29/2023
2023,BUFFRMFISHBM03,BUFFRMFISH2023May25,main,6,L,3,3,5,1,0,0,0,1,0,,6/29/2023
2023,BUFFRMFISHBM03,BUFFRMFISH2023May25,main,6,R,3,2,5,8,1,1,0,0,0,,6/29/2023
2023,BUFFRMFISHBM03,BUFFRMFISH2023May25,main,7,L,3,4,5,1,0,0,0,1,0,,6/29/2023
2023,BUFFRMFISHBM03,BUFFRMFISH2023May25,main,7,R,2,1,3,8,1,1,0,0,0,13 m gravel bar,6/29/2023
2023,BUFFRMFISHBM03,BUFFRMFISH2023May25,main,8,L,3,4,5,1,0,0,0,1,0,,6/29/2023
2023,BUFFRMFISHBM03,BUFFRMFISH2023May25,main,8,R,3,1,3,8,1,1,0,0,0,,6/29/2023
2023,BUFFRMFISHBM03,BUFFRMFISH2023May25,main,9,L,3,3,5,1,0,0,0,1,0,,6/29/2023
2023,BUFFRMFISHBM03,BUFFRMFISH2023May25,main,9,R,3,1,3,10,1,1,0,0,0,10 m gravel bar,6/29/2023
2023,BUFFRMFISHBM03,BUFFRMFISH2023May25,main,10,L,3,1,5,8,1,1,0,0,0,,6/29/2023
2023,BUFFRMFISHBM03,BUFFRMFISH2023May25,main,10,R,3,2,3,10,1,1,0,0,0,,6/29/2023
2023,BUFFRMFISHBM03,BUFFRMFISH2023May25,main,11,L,3,1,5,8,0,1,0,0,0,,6/29/2023
2023,BUFFRMFISHBM03,BUFFRMFISH2023May25,main,11,R,3,2,4,10,1,1,0,0,0,,6/29/2023
2023,BUFFRMFISHBM04,BUFFRMFISH2023Jun01,main,1,L,2,1,2,10,1,1,0,0,0,34.8m gravel bar,6/29/2023
2023,BUFFRMFISHBM04,BUFFRMFISH2023Jun01,main,1,R,3,2,4,8,1,1,1,0,0,,6/29/2023
2023,BUFFRMFISHBM04,BUFFRMFISH2023Jun01,main,2,L,2,1,2,10,1,0,1,0,0,10 m gravel bar,6/29/2023
2023,BUFFRMFISHBM04,BUFFRMFISH2023Jun01,main,2,R,3,1,5,10,1,0,1,0,0,12 m gravel bar,6/29/2023
2023,BUFFRMFISHBM04,BUFFRMFISH2023Jun01,main,3,L,3,1,3,10,1,0,1,0,0,12.6 m gravel bar,6/29/2023
2023,BUFFRMFISHBM04,BUFFRMFISH2023Jun01,main,3,R,3,2,5,8,1,1,0,0,0,2.8 m gravel bar,6/29/2023
2023,BUFFRMFISHBM04,BUFFRMFISH2023Jun01,main,4,L,3,2,5,10,1,1,1,0,0,,6/29/2023
2023,BUFFRMFISHBM04,BUFFRMFISH2023Jun01,main,4,R,3,2,5,8,1,1,0,0,0,,6/29/2023
2023,BUFFRMFISHBM04,BUFFRMFISH2023Jun01,main,5,L,3,1,5,10,1,1,0,0,0,5.4 m gravel bar,6/29/2023
2023,BUFFRMFISHBM04,BUFFRMFISH2023Jun01,main,5,R,3,2,5,10,1,1,1,0,0,,6/29/2023
2023,BUFFRMFISHBM04,BUFFRMFISH2023Jun01,main,6,L,3,2,5,8,1,1,1,0,0,,6/29/2023
2023,BUFFRMFISHBM04,BUFFRMFISH2023Jun01,main,6,R,3,1,5,8,1,0,1,0,0,,6/29/2023
2023,BUFFRMFISHBM04,BUFFRMFISH2023Jun01,main,7,L,3,2,5,10,1,1,0,0,0,,6/29/2023
2023,BUFFRMFISHBM04,BUFFRMFISH2023Jun01,main,7,R,3,2,5,10,1,1,0,0,0,,6/29/2023
2023,BUFFRMFISHBM04,BUFFRMFISH2023Jun01,main,8,L,3,1,5,1,1,1,0,0,0,,6/29/2023
2023,BUFFRMFISHBM04,BUFFRMFISH2023Jun01,main,8,R,3,1,5,8,1,1,0,0,0,,6/29/2023
2023,BUFFRMFISHBM04,BUFFRMFISH2023Jun01,main,9,L,3,1,5,1,1,1,0,0,0,,6/29/2023
2023,BUFFRMFISHBM04,BUFFRMFISH2023Jun01,main,9,R,3,4,5,10,0,0,0,1,0,,6/29/2023
2023,BUFFRMFISHBM05,BUFFRMFISH2023Jun07,main,1,L,2,1,2,10,1,1,0,0,0,5.3 m gravel bar,6/30/2023
2023,BUFFRMFISHBM05,BUFFRMFISH2023Jun07,main,1,R,3,1,4,5,1,0,1,0,0,,6/30/2023
2023,BUFFRMFISHBM05,BUFFRMFISH2023Jun07,main,2,L,2,1,3,10,1,1,0,0,0,,6/30/2023
2023,BUFFRMFISHBM05,BUFFRMFISH2023Jun07,main,2,R,3,1,4,8,1,0,1,0,0,,6/30/2023
2023,BUFFRMFISHBM05,BUFFRMFISH2023Jun07,main,3,L,3,1,3,10,1,1,0,0,0,,6/30/2023
2023,BUFFRMFISHBM05,BUFFRMFISH2023Jun07,main,3,R,3,1,5,8,1,1,0,0,0,,6/30/2023
2023,BUFFRMFISHBM05,BUFFRMFISH2023Jun07,main,4,L,3,1,3,10,1,1,0,0,0,,6/30/2023
2023,BUFFRMFISHBM05,BUFFRMFISH2023Jun07,main,4,R,3,2,5,10,1,1,0,0,0,,6/30/2023
2023,BUFFRMFISHBM05,BUFFRMFISH2023Jun07,main,5,L,3,1,3,10,0,1,0,0,0,,6/30/2023
2023,BUFFRMFISHBM05,BUFFRMFISH2023Jun07,main,5,R,3,1,5,8,1,1,0,0,0,8.3m peninsula,6/30/2023
2023,BUFFRMFISHBM05,BUFFRMFISH2023Jun07,main,6,L,3,1,3,2,1,0,1,0,0,,6/30/2023
2023,BUFFRMFISHBM05,BUFFRMFISH2023Jun07,main,6,R,3,1,5,2,0,1,0,0,0,,6/30/2023
2023,BUFFRMFISHBM05,BUFFRMFISH2023Jun07,main,7,L,2,2,2,10,0,1,1,0,0,,6/30/2023
2023,BUFFRMFISHBM05,BUFFRMFISH2023Jun07,main,7,R,3,1,5,1,1,1,1,0,0,,6/30/2023
2023,BUFFRMFISHBM05,BUFFRMFISH2023Jun07,main,8,L,1,3,1,2,0,0,0,1,0,,6/30/2023
2023,BUFFRMFISHBM05,BUFFRMFISH2023Jun07,main,8,R,3,3,5,1,0,0,0,1,0,,6/30/2023
2023,BUFFRMFISHBM05,BUFFRMFISH2023Jun07,main,9,L,1,4,1,2,0,0,0,1,0,,6/30/2023
2023,BUFFRMFISHBM05,BUFFRMFISH2023Jun07,main,9,R,3,2,5,1,0,1,1,1,0,,6/30/2023
2023,BUFFRMFISHBM05,BUFFRMFISH2023Jun07,main,10,L,1,4,1,2,0,0,0,1,0,,6/30/2023
2023,BUFFRMFISHBM05,BUFFRMFISH2023Jun07,main,10,R,3,2,5,1,1,1,0,0,0,,6/30/2023
2023,BUFFRMFISHBM05,BUFFRMFISH2023Jun07,main,11,L,1,4,1,2,0,0,0,1,0,,6/30/2023
2023,BUFFRMFISHBM05,BUFFRMFISH2023Jun07,main,11,R,3,2,5,1,1,1,0,0,0,,6/30/2023
2023,BUFFRMFISHBM06,BUFFRMFISH2023Jun14,main,1,L,3,2,5,5,1,1,0,0,0,24 m gravel bar,6/30/2023
2023,BUFFRMFISHBM06,BUFFRMFISH2023Jun14,main,1,R,3,1,5,2,1,1,0,0,0,19.6 m gravel bar,6/30/2023
2023,BUFFRMFISHBM06,BUFFRMFISH2023Jun14,main,2,L,3,2,5,8,1,1,1,0,0,,6/30/2023
2023,BUFFRMFISHBM06,BUFFRMFISH2023Jun14,main,2,R,3,2,5,5,1,0,1,0,0,,6/30/2023
2023,BUFFRMFISHBM06,BUFFRMFISH2023Jun14,main,3,L,3,2,5,5,1,1,0,0,0,12 m gravel bar,6/30/2023
2023,BUFFRMFISHBM06,BUFFRMFISH2023Jun14,main,3,R,3,1,5,10,1,1,1,0,0,,6/30/2023
2023,BUFFRMFISHBM06,BUFFRMFISH2023Jun14,main,4,L,3,1,5,8,1,1,1,0,0,16 m gravel bar,6/30/2023
2023,BUFFRMFISHBM06,BUFFRMFISH2023Jun14,main,4,R,3,1,5,5,1,0,1,0,0,,6/30/2023
2023,BUFFRMFISHBM06,BUFFRMFISH2023Jun14,main,5,L,3,1,5,8,0,1,1,0,0,18.7 m gravel bar,6/30/2023
2023,BUFFRMFISHBM06,BUFFRMFISH2023Jun14,main,5,R,3,1,5,2,1,0,1,0,0,,6/30/2023
2023,BUFFRMFISHBM06,BUFFRMFISH2023Jun14,main,6,L,2,3,3,8,0,0,0,1,0,,6/30/2023
2023,BUFFRMFISHBM06,BUFFRMFISH2023Jun14,main,6,R,3,1,5,8,1,1,0,0,0,,6/30/2023
2023,BUFFRMFISHBM06,BUFFRMFISH2023Jun14,main,7,L,2,1,5,8,1,1,1,0,0,23 m gravel bar,6/30/2023
2023,BUFFRMFISHBM06,BUFFRMFISH2023Jun14,main,7,R,3,2,5,5,1,0,0,0,0,,6/30/2023
2023,BUFFRMFISHBM06,BUFFRMFISH2023Jun14,main,8,L,3,1,5,10,1,0,1,0,0,40.5 m gravel bar,6/30/2023
2023,BUFFRMFISHBM06,BUFFRMFISH2023Jun14,main,8,R,3,1,5,5,1,1,0,0,0,,6/30/2023
2023,BUFFRMFISHBM06,BUFFRMFISH2023Jun14,main,9,L,3,1,5,10,1,1,1,0,0,34.5 m gravel bar,6/30/2023
2023,BUFFRMFISHBM06,BUFFRMFISH2023Jun14,main,9,R,3,2,5,2,1,0,1,0,0,,6/30/2023
2023,BUFFRMFISHBM06,BUFFRMFISH2023Jun14,main,10,L,2,1,4,8,1,0,1,0,0,,6/30/2023
2023,BUFFRMFISHBM06,BUFFRMFISH2023Jun14,main,10,R,3,3,5,2,0,0,0,1,0,,6/30/2023
2023,BUFFRMFISHBM06,BUFFRMFISH2023Jun14,main,11,L,3,1,5,8,1,1,1,0,0,11.5 m gravel bar,6/30/2023
2023,BUFFRMFISHBM06,BUFFRMFISH2023Jun14,main,11,R,3,2,5,2,1,0,1,0,0,,6/30/2023
2023,BUFFRMFISHBT05,BUFFRMFISH2023Jun02,main,1,L,1,1,1,8,0,1,1,0,0,3.9 m gravel bar,7/5/2023
2023,BUFFRMFISHBT05,BUFFRMFISH2023Jun02,main,1,R,3,3,5,5,0,0,0,1,0,2.5 m bedrock slab -needs aquatic lead confimation,7/5/2023
2023,BUFFRMFISHBT05,BUFFRMFISH2023Jun02,main,2,L,1,1,1,10,1,0,1,0,0,15 m gravel bar,7/5/2023
2023,BUFFRMFISHBT05,BUFFRMFISH2023Jun02,main,2,R,3,2,3,5,1,1,0,0,0,1.4 m gravel bar,7/5/2023
2023,BUFFRMFISHBT05,BUFFRMFISH2023Jun02,main,3,L,1,1,1,10,1,0,1,0,0,12.5 m gravel bar,7/5/2023
2023,BUFFRMFISHBT05,BUFFRMFISH2023Jun02,main,3,R,3,1,3,10,1,1,1,0,0,,7/5/2023
2023,BUFFRMFISHBT05,BUFFRMFISH2023Jun02,main,4,L,1,1,1,8,1,1,1,0,0,5.2 m gravel bar,7/5/2023
2023,BUFFRMFISHBT05,BUFFRMFISH2023Jun02,main,4,R,3,1,3,10,0,1,0,0,0,,7/5/2023
2023,BUFFRMFISHBT05,BUFFRMFISH2023Jun02,main,5,L,2,1,2,8,0,1,1,0,0,Utility line right away,7/5/2023
2023,BUFFRMFISHBT05,BUFFRMFISH2023Jun02,main,5,R,3,1,3,8,1,1,1,0,0,,7/5/2023
2023,BUFFRMFISHBT05,BUFFRMFISH2023Jun02,main,6,L,2,1,2,8,1,1,1,0,0,,7/5/2023
2023,BUFFRMFISHBT05,BUFFRMFISH2023Jun02,main,6,R,3,1,4,10,1,1,1,0,0,,7/5/2023
2023,BUFFRMFISHBT05,BUFFRMFISH2023Jun02,main,7,L,2,1,2,10,1,1,1,0,0,,7/5/2023
2023,BUFFRMFISHBT05,BUFFRMFISH2023Jun02,main,7,R,3,1,4,10,1,0,1,0,0,,7/5/2023
2023,BUFFRMFISHBT05,BUFFRMFISH2023Jun02,main,8,L,2,1,2,10,1,0,1,0,0,,7/5/2023
2023,BUFFRMFISHBT05,BUFFRMFISH2023Jun02,main,8,R,3,1,3,10,1,0,1,0,0,8.2 m gravel bar,7/5/2023
2023,BUFFRMFISHBT05,BUFFRMFISH2023Jun02,main,9,L,3,2,2,10,1,1,1,0,0,,7/5/2023
2023,BUFFRMFISHBT05,BUFFRMFISH2023Jun02,main,9,R,3,1,3,10,1,1,1,0,0,11 m gravel bar,7/5/2023
2023,BUFFRMFISHBT07,BUFFRMFISH2023May23,main,1,L,2,1,3,5,1,0,1,0,0,,7/5/2023
2023,BUFFRMFISHBT07,BUFFRMFISH2023May23,main,1,R,3,2,4,5,1,1,1,0,0,,7/5/2023
2023,BUFFRMFISHBT07,BUFFRMFISH2023May23,main,2,L,3,1,4,8,1,1,1,0,0,6.5 m gravel bar,7/5/2023
2023,BUFFRMFISHBT07,BUFFRMFISH2023May23,main,2,R,3,1,4,5,1,1,1,0,0,,7/5/2023
2023,BUFFRMFISHBT07,BUFFRMFISH2023May23,main,3,L,3,1,4,5,1,1,0,0,0,3.8 m gravel bar,7/5/2023
2023,BUFFRMFISHBT07,BUFFRMFISH2023May23,main,3,R,3,1,3,5,1,1,1,0,0,,7/5/2023
2023,BUFFRMFISHBT07,BUFFRMFISH2023May23,main,4,L,3,1,4,5,1,1,1,0,0,,7/5/2023
2023,BUFFRMFISHBT07,BUFFRMFISH2023May23,main,4,R,2,2,4,5,1,0,1,0,0,,7/5/2023
2023,BUFFRMFISHBT07,BUFFRMFISH2023May23,main,5,L,3,1,4,2,1,1,1,0,0,,7/5/2023
2023,BUFFRMFISHBT07,BUFFRMFISH2023May23,main,5,R,2,1,2,10,1,0,1,0,0,7.5 m gravel bar,7/5/2023
2023,BUFFRMFISHBT07,BUFFRMFISH2023May23,main,6,L,3,1,4,2,1,1,1,0,0,,7/5/2023
2023,BUFFRMFISHBT07,BUFFRMFISH2023May23,main,6,R,1,1,1,10,1,1,1,0,0,8.5 m gravel bar,7/5/2023
2023,BUFFRMFISHBT07,BUFFRMFISH2023May23,main,7,L,3,1,4,2,1,1,1,0,0,,7/5/2023
2023,BUFFRMFISHBT07,BUFFRMFISH2023May23,main,7,R,1,1,1,10,1,1,1,0,0,19.2 m gravel bar,7/5/2023
2023,BUFFRMFISHBT07,BUFFRMFISH2023May23,main,8,L,3,2,4,2,1,1,1,0,0,,7/5/2023
2023,BUFFRMFISHBT07,BUFFRMFISH2023May23,main,8,R,1,1,2,10,1,1,1,0,0,,7/5/2023
2023,BUFFRMFISHBT07,BUFFRMFISH2023May23,main,9,L,3,1,3,5,0,0,1,0,0,,7/5/2023
2023,BUFFRMFISHBT07,BUFFRMFISH2023May23,main,9,R,1,1,2,10,1,1,1,0,0,22.6 m gravel bar,7/5/2023
2023,BUFFRMFISHBT07,BUFFRMFISH2023May23,main,10,L,3,2,3,2,1,1,0,0,0,,7/5/2023
2023,BUFFRMFISHBT07,BUFFRMFISH2023May23,main,10,R,1,1,2,8,1,0,1,0,0,22.9 gravel bar,7/5/2023
2023,BUFFRMFISHBT07,BUFFRMFISH2023May23,main,11,L,3,2,4,2,1,0,1,0,0,,7/5/2023
2023,BUFFRMFISHBT07,BUFFRMFISH2023May23,main,11,R,3,1,5,8,1,1,1,0,0,21.3 m gravel bar,7/5/2023
2023,BUFFRMFISHBT15,BUFFRMFISH2023May26,main,1,L,3,3,5,5,0,0,0,1,0,,7/5/2023
2023,BUFFRMFISHBT15,BUFFRMFISH2023May26,main,1,R,2,1,2,8,1,1,0,0,0,6.3 m gravel bar,7/5/2023
2023,BUFFRMFISHBT15,BUFFRMFISH2023May26,main,2,L,3,1,5,5,1,0,1,0,0,,7/5/2023
2023,BUFFRMFISHBT15,BUFFRMFISH2023May26,main,2,R,2,1,2,5,1,1,0,0,0,7.8 m gravel bar,7/5/2023
2023,BUFFRMFISHBT15,BUFFRMFISH2023May26,main,3,L,3,1,5,5,1,0,1,0,0,,7/5/2023
2023,BUFFRMFISHBT15,BUFFRMFISH2023May26,main,3,R,2,1,3,8,1,1,0,0,0,3.5 m gravel bar,7/5/2023
2023,BUFFRMFISHBT15,BUFFRMFISH2023May26,main,4,L,3,1,5,5,1,0,1,0,0,4.1 m gravel bar,7/5/2023
2023,BUFFRMFISHBT15,BUFFRMFISH2023May26,main,4,R,3,1,3,8,1,1,0,0,0,1.5 m gravel bar,7/5/2023
2023,BUFFRMFISHBT15,BUFFRMFISH2023May26,main,5,L,3,2,5,5,1,1,0,0,0,5.1 m gravel bar,7/5/2023
2023,BUFFRMFISHBT15,BUFFRMFISH2023May26,main,5,R,3,2,5,5,1,0,1,0,0,,7/5/2023
2023,BUFFRMFISHBT15,BUFFRMFISH2023May26,main,6,L,2,1,1,8,1,1,0,0,0,8.7 m gravel bar,7/5/2023
2023,BUFFRMFISHBT15,BUFFRMFISH2023May26,main,6,R,3,2,5,8,1,0,1,0,0,,7/5/2023
2023,BUFFRMFISHBT15,BUFFRMFISH2023May26,main,7,L,2,1,1,5,1,0,1,0,0,,7/5/2023
2023,BUFFRMFISHBT15,BUFFRMFISH2023May26,main,7,R,3,2,5,5,1,1,1,0,0,,7/5/2023
2023,BUFFRMFISHBT15,BUFFRMFISH2023May26,main,8,L,2,1,3,5,1,0,1,0,0,,7/5/2023
2023,BUFFRMFISHBT15,BUFFRMFISH2023May26,main,8,R,3,2,5,5,1,0,1,0,0,,7/5/2023
2023,BUFFRMFISHBT15,BUFFRMFISH2023May26,main,9,L,2,2,3,8,1,0,1,0,0,,7/5/2023
2023,BUFFRMFISHBT15,BUFFRMFISH2023May26,main,9,R,3,2,5,10,1,1,0,0,0,,7/5/2023
2023,BUFFRMFISHBT15,BUFFRMFISH2023May26,main,10,L,2,1,3,8,1,1,1,0,0,,7/5/2023
2023,BUFFRMFISHBT15,BUFFRMFISH2023May26,main,10,R,3,2,5,8,1,1,1,0,0,6.7 m gravel bar,7/5/2023
2023,BUFFRMFISHBT15,BUFFRMFISH2023May26,main,11,L,3,1,3,8,1,0,1,0,0,,7/5/2023
2023,BUFFRMFISHBT15,BUFFRMFISH2023May26,main,11,R,3,1,5,5,0,1,1,0,0,5.1 m gravel bar,7/5/2023
2023,BUFFRMFISHBT19,BUFFRMFISH2023May30,main,1,L,3,2,5,10,1,0,1,0,0,,7/5/2023
2023,BUFFRMFISHBT19,BUFFRMFISH2023May30,main,1,R,3,2,3,8,0,1,0,0,0,14.2 m gravel bar,7/5/2023
2023,BUFFRMFISHBT19,BUFFRMFISH2023May30,main,2,L,3,1,5,10,1,1,1,0,0,,7/5/2023
2023,BUFFRMFISHBT19,BUFFRMFISH2023May30,main,2,R,2,1,2,5,1,0,1,0,0,14.5 m gravel bar,7/5/2023
2023,BUFFRMFISHBT19,BUFFRMFISH2023May30,main,3,L,3,3,5,2,0,0,0,1,0,,7/5/2023
2023,BUFFRMFISHBT19,BUFFRMFISH2023May30,main,3,R,3,2,4,5,1,1,1,0,0,6.5 m gravel bar,7/5/2023
2023,BUFFRMFISHBT19,BUFFRMFISH2023May30,main,4,L,3,2,5,2,1,0,1,0,0,,7/5/2023
2023,BUFFRMFISHBT19,BUFFRMFISH2023May30,main,4,R,3,2,4,5,0,1,0,0,0,,7/5/2023
2023,BUFFRMFISHBT19,BUFFRMFISH2023May30,main,5,L,1,1,2,5,0,0,1,0,0,34.2 m gravel bar,7/5/2023
2023,BUFFRMFISHBT19,BUFFRMFISH2023May30,main,5,R,3,3,4,5,0,0,0,1,0,,7/5/2023
2023,BUFFRMFISHBT19,BUFFRMFISH2023May30,main,6,L,2,1,2,5,1,1,0,0,0,50.7 m gravel bar,7/5/2023
2023,BUFFRMFISHBT19,BUFFRMFISH2023May30,main,6,R,3,3,5,5,0,0,0,1,0,,7/5/2023
2023,BUFFRMFISHBT19,BUFFRMFISH2023May30,main,7,L,2,1,2,5,1,1,0,0,0,48.5 m gravel bar,7/5/2023
2023,BUFFRMFISHBT19,BUFFRMFISH2023May30,main,7,R,3,3,5,5,0,0,0,1,0,,7/5/2023
2023,BUFFRMFISHBT19,BUFFRMFISH2023May30,main,8,L,1,1,1,5,0,0,1,0,0,50 m gravel bar,7/5/2023
2023,BUFFRMFISHBT19,BUFFRMFISH2023May30,main,8,R,3,2,4,5,1,0,1,0,0,,7/5/2023
2023,BUFFRMFISHBT19,BUFFRMFISH2023May30,main,9,L,1,1,1,5,0,0,1,0,0,47.6 m gravel bar,7/5/2023
2023,BUFFRMFISHBT19,BUFFRMFISH2023May30,main,9,R,3,2,4,5,1,1,0,0,0,,7/5/2023
2023,BUFFRMFISHBT19,BUFFRMFISH2023May30,main,10,L,1,1,1,5,0,0,1,0,0,43 m gravel bar,7/5/2023
2023,BUFFRMFISHBT19,BUFFRMFISH2023May30,main,10,R,3,2,4,5,1,0,1,0,0,,7/5/2023
2023,BUFFRMFISHBT19,BUFFRMFISH2023May30,main,11,L,1,1,2,5,0,0,1,0,0,34 m gravel bar,7/5/2023
2023,BUFFRMFISHBT19,BUFFRMFISH2023May30,main,11,R,3,2,4,5,1,0,1,0,0,,7/5/2023
2023,BUFFRMFISHBT20,BUFFRMFISH2023May31,main,1,L,3,2,5,5,1,1,0,0,0,,7/5/2023
2023,BUFFRMFISHBT20,BUFFRMFISH2023May31,main,1,R,3,1,4,5,1,1,0,0,0,13 m gravel bar,7/5/2023
2023,BUFFRMFISHBT20,BUFFRMFISH2023May31,main,2,L,3,2,5,5,1,1,0,0,0,,7/5/2023
2023,BUFFRMFISHBT20,BUFFRMFISH2023May31,main,2,R,3,1,5,5,1,1,0,0,0,3.5 m gravel bar,7/5/2023
2023,BUFFRMFISHBT20,BUFFRMFISH2023May31,main,3,L,3,1,5,10,1,0,1,0,0,4.0 m gravel bar,7/5/2023
2023,BUFFRMFISHBT20,BUFFRMFISH2023May31,main,3,R,3,1,5,5,1,0,1,0,0,,7/5/2023
2023,BUFFRMFISHBT20,BUFFRMFISH2023May31,main,4,L,3,2,5,10,1,0,1,0,0,,7/5/2023
2023,BUFFRMFISHBT20,BUFFRMFISH2023May31,main,4,R,3,1,5,10,1,1,1,0,0,,7/5/2023
2023,BUFFRMFISHBT20,BUFFRMFISH2023May31,main,5,L,3,1,5,8,1,1,0,0,0,3.5 m gravel bar,7/5/2023
2023,BUFFRMFISHBT20,BUFFRMFISH2023May31,main,5,R,3,1,5,1,1,1,0,0,0,,7/5/2023
2023,BUFFRMFISHBT20,BUFFRMFISH2023May31,main,6,L,3,1,4,8,1,0,1,0,0,,7/5/2023
2023,BUFFRMFISHBT20,BUFFRMFISH2023May31,main,6,R,3,1,5,2,1,0,1,0,0,,7/5/2023
2023,BUFFRMFISHBT20,BUFFRMFISH2023May31,main,7,L,3,2,5,10,1,0,1,0,0,13 m gravel bar,7/5/2023
2023,BUFFRMFISHBT20,BUFFRMFISH2023May31,main,7,R,3,1,5,5,1,1,1,0,0,,7/5/2023
2023,BUFFRMFISHBT20,BUFFRMFISH2023May31,main,8,L,3,1,4,5,1,1,0,0,0,16.5 m gravel bar,7/5/2023
2023,BUFFRMFISHBT20,BUFFRMFISH2023May31,main,8,R,3,1,5,2,1,1,0,0,0,,7/5/2023
2023,BUFFRMFISHBT20,BUFFRMFISH2023May31,main,9,L,3,1,4,5,1,1,0,0,0,13.0 m gravel bar,7/5/2023
2023,BUFFRMFISHBT20,BUFFRMFISH2023May31,main,9,R,3,1,5,2,1,1,0,0,0,,7/5/2023
2023,BUFFRMFISHBT20,BUFFRMFISH2023May31,main,10,L,3,1,4,10,1,1,0,0,0,13.0 m gravel bar,7/5/2023
2023,BUFFRMFISHBT20,BUFFRMFISH2023May31,main,10,R,3,1,5,2,0,1,1,0,0,,7/5/2023
2023,BUFFRMFISHBT20,BUFFRMFISH2023May31,main,11,L,3,1,3,5,1,1,0,0,0,21.0 m gravel bar,7/5/2023
2023,BUFFRMFISHBT20,BUFFRMFISH2023May31,main,11,R,3,1,5,2,1,1,0,0,0,,7/5/2023
2023,BUFFRMFISHBT23,BUFFRMFISH2023Jun06,main,1,L,3,3,5,1,0,0,0,1,0,2.3 m gravel bar,7/6/2023
2023,BUFFRMFISHBT23,BUFFRMFISH2023Jun06,main,1,R,3,1,4,8,1,1,0,0,0,6.8 m gravel bar,7/6/2023
2023,BUFFRMFISHBT23,BUFFRMFISH2023Jun06,main,2,L,3,3,5,1,0,0,0,1,0,,7/6/2023
2023,BUFFRMFISHBT23,BUFFRMFISH2023Jun06,main,2,R,3,1,2,8,1,1,1,0,0,7.1 m gravel bar,7/6/2023
2023,BUFFRMFISHBT23,BUFFRMFISH2023Jun06,main,3,L,3,3,5,1,0,0,0,1,0,,7/6/2023
2023,BUFFRMFISHBT23,BUFFRMFISH2023Jun06,main,3,R,3,1,3,8,1,1,1,0,0,5.2 m gravel bar,7/6/2023
2023,BUFFRMFISHBT23,BUFFRMFISH2023Jun06,main,4,L,3,3,5,1,0,0,0,1,0,,7/6/2023
2023,BUFFRMFISHBT23,BUFFRMFISH2023Jun06,main,4,R,3,1,3,8,1,1,1,0,0,16.5 m gravel bar,7/6/2023
2023,BUFFRMFISHBT23,BUFFRMFISH2023Jun06,main,5,L,3,2,3,1,0,1,1,0,0,1.9 m gravel bar,7/6/2023
2023,BUFFRMFISHBT23,BUFFRMFISH2023Jun06,main,5,R,3,1,3,8,1,1,1,0,0,16 m gravel bar,7/6/2023
2023,BUFFRMFISHBT23,BUFFRMFISH2023Jun06,main,6,L,3,3,5,1,0,0,0,1,0,,7/6/2023
2023,BUFFRMFISHBT23,BUFFRMFISH2023Jun06,main,6,R,3,1,4,5,1,1,1,0,0,10.5 m gravel bar,7/6/2023
2023,BUFFRMFISHBT23,BUFFRMFISH2023Jun06,main,7,L,3,3,5,1,0,0,0,1,0,,7/6/2023
2023,BUFFRMFISHBT23,BUFFRMFISH2023Jun06,main,7,R,3,1,3,8,1,0,1,0,0,7.1 m gravel bar,7/6/2023
2023,BUFFRMFISHBT23,BUFFRMFISH2023Jun06,main,8,L,3,3,5,1,0,0,0,1,0,,7/6/2023
2023,BUFFRMFISHBT23,BUFFRMFISH2023Jun06,main,8,R,3,1,3,10,1,1,0,0,0,6.8 m gravel bar,7/6/2023
2023,BUFFRMFISHBT23,BUFFRMFISH2023Jun06,main,9,L,3,3,5,1,0,0,0,1,0,,7/6/2023
2023,BUFFRMFISHBT23,BUFFRMFISH2023Jun06,main,9,R,3,3,5,8,0,0,0,1,0,,7/6/2023
2023,BUFFRMFISHBT23,BUFFRMFISH2023Jun06,main,10,L,3,3,5,1,0,0,0,1,0,,7/6/2023
2023,BUFFRMFISHBT23,BUFFRMFISH2023Jun06,main,10,R,3,1,4,8,1,1,0,0,0,,7/6/2023
2023,BUFFRMFISHBT23,BUFFRMFISH2023Jun06,main,11,L,3,1,5,8,1,0,1,0,0,,7/6/2023
2023,BUFFRMFISHBT23,BUFFRMFISH2023Jun06,main,11,R,3,2,4,8,1,1,0,0,0,,7/6/2023
